customer_id,date_of_customer_visit,number_of_days_to_deliver_Product,fiter_Name,glass_distributor_name,time_spend_by_customer_in_shop
1,2025-01-11,4,"Fitter 3","Distributor 3",10
3,2025-06-25,2,"Fitter 3","Distributor 3",20
4,2025-07-11,2,"Fitter 4","Distributor 1",18
7,2025-03-01,5,"Fitter 5","Distributor 2",24
10,2025-01-17,5,"Fitter 4","Distributor 2",22
15,2025-02-03,4,"Fitter 2","Distributor 3",41
17,2025-01-23,2,"Fitter 1","Distributor 3",19
21,2025-10-01,3,"Fitter 2","Distributor 1",19
23,2026-01-05,4,"Fitter 2","Distributor 1",19
24,2025-07-28,1,"Fitter 4","Distributor 1",10
25,2025-10-25,6,"Fitter 1","Distributor 2",35
29,2025-04-25,5,"Fitter 2","Distributor 2",17
30,2025-12-02,5,"Fitter 3","Distributor 3",37
32,2025-12-19,7,"Fitter 5","Distributor 3",11
33,2025-03-26,1,"Fitter 1","Distributor 2",11
34,2025-08-06,2,"Fitter 2","Distributor 1",14
37,2025-07-25,3,"Fitter 3","Distributor 3",46
38,2025-12-29,5,"Fitter 5","Distributor 2",48
40,2025-10-26,2,"Fitter 3","Distributor 3",16
41,2025-11-06,3,"Fitter 1","Distributor 3",30
42,2025-10-10,4,"Fitter 3","Distributor 3",49
44,2025-04-16,5,"Fitter 4","Distributor 1",15
47,2025-08-21,1,"Fitter 5","Distributor 2",46
49,2025-08-27,2,"Fitter 3","Distributor 3",10
51,2026-01-04,5,"Fitter 3","Distributor 3",28
53,2025-11-30,6,"Fitter 2","Distributor 3",35
54,2025-11-08,4,"Fitter 5","Distributor 2",30
56,2025-02-20,7,"Fitter 1","Distributor 3",10
58,2025-10-07,7,"Fitter 3","Distributor 1",27
59,2025-10-26,4,"Fitter 3","Distributor 2",46
60,2025-12-21,7,"Fitter 5","Distributor 1",38
61,2025-04-18,7,"Fitter 2","Distributor 1",12
62,2025-09-11,5,"Fitter 5","Distributor 2",24
64,2025-05-09,3,"Fitter 1","Distributor 3",19
66,2025-07-28,6,"Fitter 4","Distributor 2",27
67,2025-12-11,1,"Fitter 3","Distributor 3",31
69,2025-10-23,6,"Fitter 3","Distributor 3",31
70,2025-06-12,7,"Fitter 2","Distributor 2",13
71,2025-12-28,2,"Fitter 3","Distributor 3",32
72,2025-02-27,4,"Fitter 3","Distributor 1",38
73,2025-01-21,3,"Fitter 2","Distributor 1",23
74,2025-10-25,4,"Fitter 5","Distributor 1",28
77,2025-10-03,1,"Fitter 5","Distributor 3",31
82,2025-09-22,7,"Fitter 3","Distributor 2",28
85,2025-01-23,2,"Fitter 5","Distributor 1",50
87,2025-01-26,6,"Fitter 5","Distributor 2",45
89,2025-10-08,3,"Fitter 2","Distributor 2",25
90,2025-04-11,4,"Fitter 4","Distributor 3",46
94,2025-06-13,1,"Fitter 1","Distributor 1",22
95,2025-06-17,5,"Fitter 1","Distributor 3",17
96,2025-05-20,5,"Fitter 1","Distributor 2",32
97,2025-05-14,1,"Fitter 5","Distributor 2",36
99,2025-11-12,4,"Fitter 4","Distributor 1",31
100,2025-07-31,3,"Fitter 2","Distributor 1",27
101,2025-06-10,6,"Fitter 2","Distributor 2",12
102,2025-04-06,6,"Fitter 2","Distributor 2",20
104,2026-01-06,4,"Fitter 1","Distributor 3",12
109,2025-03-01,2,"Fitter 1","Distributor 2",42
111,2025-12-03,7,"Fitter 3","Distributor 1",10
112,2025-02-19,3,"Fitter 4","Distributor 2",48
113,2025-06-01,2,"Fitter 2","Distributor 1",28
115,2025-01-21,1,"Fitter 5","Distributor 2",20
117,2025-10-04,5,"Fitter 5","Distributor 3",37
118,2025-01-22,7,"Fitter 5","Distributor 2",48
120,2025-09-20,4,"Fitter 4","Distributor 1",27
124,2025-02-01,2,"Fitter 2","Distributor 2",26
125,2025-10-22,3,"Fitter 4","Distributor 1",31
126,2025-09-26,6,"Fitter 3","Distributor 2",24
128,2025-07-20,6,"Fitter 3","Distributor 2",41
134,2025-09-13,7,"Fitter 5","Distributor 2",34
135,2026-01-11,6,"Fitter 4","Distributor 1",47
139,2025-05-29,7,"Fitter 2","Distributor 1",43
142,2025-11-01,2,"Fitter 3","Distributor 3",19
144,2025-07-21,7,"Fitter 4","Distributor 2",25
145,2025-08-08,3,"Fitter 4","Distributor 3",16
146,2025-12-07,1,"Fitter 3","Distributor 3",41
150,2025-09-07,7,"Fitter 3","Distributor 3",22
151,2025-08-15,3,"Fitter 1","Distributor 3",44
154,2025-03-06,4,"Fitter 5","Distributor 1",50
155,2025-11-30,2,"Fitter 1","Distributor 3",19
156,2025-05-17,4,"Fitter 1","Distributor 2",19
157,2025-08-28,2,"Fitter 2","Distributor 1",36
158,2025-03-24,7,"Fitter 3","Distributor 2",18
162,2025-06-17,6,"Fitter 3","Distributor 3",45
164,2025-04-28,3,"Fitter 2","Distributor 2",25
165,2025-09-10,5,"Fitter 1","Distributor 2",46
167,2025-04-26,2,"Fitter 3","Distributor 1",29
168,2025-02-09,7,"Fitter 2","Distributor 3",34
171,2025-06-01,6,"Fitter 2","Distributor 1",48
173,2025-06-21,5,"Fitter 5","Distributor 2",19
175,2025-03-16,1,"Fitter 5","Distributor 3",22
176,2025-03-28,2,"Fitter 4","Distributor 3",23
177,2025-04-03,2,"Fitter 3","Distributor 1",26
178,2025-05-10,1,"Fitter 3","Distributor 1",13
180,2025-04-18,2,"Fitter 5","Distributor 2",41
181,2025-06-23,2,"Fitter 5","Distributor 2",21
185,2025-09-13,6,"Fitter 1","Distributor 1",14
186,2025-07-10,6,"Fitter 5","Distributor 1",12
187,2025-07-28,6,"Fitter 2","Distributor 2",26
188,2025-05-10,4,"Fitter 5","Distributor 1",35
192,2025-01-25,7,"Fitter 3","Distributor 2",31
194,2025-02-25,2,"Fitter 2","Distributor 3",41
195,2025-03-26,5,"Fitter 2","Distributor 2",23
201,2025-02-23,5,"Fitter 4","Distributor 3",37
202,2025-06-19,5,"Fitter 5","Distributor 3",38
205,2025-07-15,5,"Fitter 5","Distributor 1",29
207,2025-01-22,3,"Fitter 5","Distributor 2",28
209,2025-07-19,3,"Fitter 4","Distributor 1",15
210,2025-08-17,1,"Fitter 4","Distributor 3",23
214,2025-03-12,1,"Fitter 4","Distributor 1",36
217,2025-11-25,6,"Fitter 1","Distributor 2",49
220,2025-06-25,2,"Fitter 4","Distributor 2",35
225,2025-01-22,4,"Fitter 2","Distributor 1",29
226,2025-11-12,2,"Fitter 1","Distributor 1",28
229,2025-05-18,5,"Fitter 4","Distributor 3",25
230,2025-12-18,7,"Fitter 5","Distributor 3",28
233,2026-01-06,5,"Fitter 2","Distributor 2",38
234,2025-02-25,2,"Fitter 2","Distributor 3",33
239,2025-07-30,2,"Fitter 2","Distributor 2",46
241,2025-04-06,7,"Fitter 1","Distributor 3",33
242,2025-09-06,3,"Fitter 4","Distributor 2",48
243,2025-07-30,1,"Fitter 1","Distributor 3",46
244,2025-05-13,2,"Fitter 5","Distributor 2",31
245,2025-12-18,4,"Fitter 1","Distributor 1",46
247,2025-01-22,6,"Fitter 1","Distributor 1",38
249,2025-01-14,4,"Fitter 3","Distributor 1",50
255,2025-09-22,3,"Fitter 2","Distributor 2",29
258,2025-03-23,3,"Fitter 2","Distributor 2",38
265,2025-09-04,1,"Fitter 1","Distributor 3",20
267,2025-02-04,1,"Fitter 3","Distributor 1",10
269,2025-12-16,1,"Fitter 5","Distributor 2",25
271,2025-09-14,5,"Fitter 5","Distributor 2",18
273,2025-06-09,5,"Fitter 3","Distributor 3",10
277,2025-01-15,5,"Fitter 5","Distributor 1",28
281,2025-09-05,1,"Fitter 2","Distributor 2",50
282,2025-11-15,6,"Fitter 4","Distributor 3",22
283,2025-02-10,4,"Fitter 2","Distributor 3",47
286,2025-01-17,4,"Fitter 4","Distributor 1",42
290,2026-01-03,7,"Fitter 2","Distributor 2",35
291,2025-05-20,1,"Fitter 1","Distributor 1",18
292,2025-02-14,5,"Fitter 1","Distributor 2",30
296,2025-12-12,5,"Fitter 4","Distributor 3",31
300,2025-12-14,7,"Fitter 1","Distributor 3",19
302,2025-08-17,7,"Fitter 2","Distributor 1",10
303,2025-10-04,7,"Fitter 2","Distributor 2",10
305,2025-03-04,2,"Fitter 2","Distributor 3",30
308,2025-07-18,3,"Fitter 3","Distributor 3",26
316,2025-11-05,4,"Fitter 3","Distributor 3",29
318,2025-05-17,2,"Fitter 2","Distributor 3",49
320,2025-08-02,2,"Fitter 5","Distributor 2",25
322,2025-07-14,1,"Fitter 2","Distributor 3",42
323,2025-04-02,6,"Fitter 1","Distributor 1",33
324,2025-02-13,7,"Fitter 5","Distributor 3",43
329,2025-12-07,1,"Fitter 5","Distributor 2",26
330,2025-03-19,4,"Fitter 2","Distributor 2",34
339,2025-06-06,7,"Fitter 1","Distributor 3",21
340,2025-12-07,1,"Fitter 5","Distributor 3",19
342,2025-06-28,5,"Fitter 1","Distributor 2",32
344,2025-02-01,2,"Fitter 5","Distributor 2",20
347,2025-08-02,7,"Fitter 1","Distributor 3",20
350,2025-10-30,6,"Fitter 2","Distributor 3",29
352,2025-06-10,7,"Fitter 5","Distributor 3",19
354,2025-04-18,6,"Fitter 5","Distributor 3",20
355,2025-06-30,2,"Fitter 4","Distributor 2",16
356,2025-09-10,4,"Fitter 2","Distributor 2",25
359,2025-03-04,4,"Fitter 5","Distributor 3",19
360,2025-05-07,2,"Fitter 5","Distributor 3",48
362,2025-02-02,4,"Fitter 4","Distributor 3",29
363,2025-02-10,1,"Fitter 3","Distributor 1",25
369,2025-04-12,6,"Fitter 5","Distributor 3",17
371,2025-01-20,7,"Fitter 3","Distributor 3",19
372,2025-08-06,4,"Fitter 4","Distributor 3",15
373,2025-12-04,5,"Fitter 2","Distributor 1",25
375,2025-04-26,2,"Fitter 2","Distributor 1",26
376,2025-01-15,1,"Fitter 3","Distributor 3",50
378,2025-07-01,2,"Fitter 2","Distributor 2",28
381,2025-04-26,1,"Fitter 5","Distributor 1",17
382,2025-01-18,2,"Fitter 1","Distributor 2",21
385,2025-03-15,1,"Fitter 2","Distributor 3",17
390,2025-10-22,3,"Fitter 5","Distributor 1",41
392,2025-02-09,5,"Fitter 4","Distributor 1",42
396,2025-05-22,3,"Fitter 4","Distributor 2",42
402,2025-10-12,3,"Fitter 1","Distributor 3",46
403,2025-03-16,2,"Fitter 3","Distributor 1",11
404,2025-04-09,7,"Fitter 4","Distributor 3",47
405,2025-07-19,2,"Fitter 5","Distributor 1",40
407,2025-06-29,3,"Fitter 4","Distributor 2",35
408,2025-12-14,1,"Fitter 1","Distributor 2",43
409,2025-10-12,1,"Fitter 4","Distributor 3",20
410,2025-03-06,7,"Fitter 1","Distributor 3",33
412,2025-12-26,5,"Fitter 3","Distributor 2",47
419,2025-06-25,4,"Fitter 2","Distributor 3",43
421,2025-05-09,5,"Fitter 5","Distributor 1",31
423,2025-01-22,1,"Fitter 5","Distributor 1",28
425,2025-10-24,3,"Fitter 4","Distributor 2",39
427,2025-04-12,2,"Fitter 4","Distributor 3",11
428,2025-07-23,4,"Fitter 4","Distributor 1",30
430,2025-08-04,4,"Fitter 1","Distributor 3",45
431,2025-07-20,4,"Fitter 4","Distributor 1",29
432,2025-11-30,6,"Fitter 3","Distributor 3",22
433,2026-01-04,6,"Fitter 1","Distributor 3",49
434,2025-02-16,2,"Fitter 2","Distributor 3",15
440,2025-06-10,7,"Fitter 5","Distributor 2",37
441,2025-04-04,7,"Fitter 5","Distributor 3",33
444,2025-06-03,3,"Fitter 4","Distributor 2",18
447,2025-05-07,7,"Fitter 2","Distributor 3",35
448,2025-07-20,4,"Fitter 2","Distributor 3",10
449,2025-04-27,1,"Fitter 1","Distributor 3",44
451,2025-03-07,5,"Fitter 4","Distributor 2",15
452,2025-04-01,3,"Fitter 2","Distributor 2",44
453,2025-10-17,3,"Fitter 3","Distributor 2",43
454,2025-08-07,5,"Fitter 4","Distributor 3",23
456,2025-11-13,2,"Fitter 5","Distributor 1",47
458,2025-08-20,7,"Fitter 4","Distributor 2",23
459,2025-05-17,4,"Fitter 2","Distributor 1",25
460,2026-01-06,4,"Fitter 2","Distributor 2",13
461,2025-12-08,3,"Fitter 3","Distributor 2",21
463,2025-03-23,3,"Fitter 1","Distributor 3",38
465,2025-08-02,5,"Fitter 1","Distributor 3",50
468,2025-05-12,4,"Fitter 4","Distributor 3",48
469,2025-10-20,5,"Fitter 5","Distributor 2",17
474,2025-07-20,3,"Fitter 5","Distributor 3",35
476,2025-10-11,4,"Fitter 3","Distributor 2",45
477,2025-11-24,1,"Fitter 4","Distributor 2",17
478,2025-03-22,3,"Fitter 3","Distributor 3",45
479,2025-07-17,4,"Fitter 1","Distributor 1",37
480,2025-05-22,1,"Fitter 5","Distributor 3",45
483,2025-05-06,1,"Fitter 1","Distributor 3",37
484,2025-08-19,2,"Fitter 1","Distributor 3",17
489,2025-07-21,2,"Fitter 1","Distributor 3",21
490,2025-08-24,7,"Fitter 3","Distributor 1",11
495,2025-05-10,6,"Fitter 1","Distributor 3",48
497,2025-01-26,3,"Fitter 4","Distributor 3",18
498,2025-04-16,4,"Fitter 5","Distributor 1",32
500,2025-01-15,5,"Fitter 5","Distributor 2",14
502,2025-01-16,5,"Fitter 2","Distributor 2",21
503,2025-07-30,5,"Fitter 2","Distributor 2",10
504,2025-12-15,2,"Fitter 4","Distributor 3",22
505,2025-05-28,2,"Fitter 2","Distributor 3",23
506,2025-03-16,7,"Fitter 3","Distributor 2",43
508,2025-09-27,1,"Fitter 2","Distributor 2",12
509,2025-10-27,1,"Fitter 5","Distributor 3",38
511,2025-12-01,6,"Fitter 3","Distributor 3",12
513,2025-07-27,3,"Fitter 2","Distributor 2",12
515,2025-07-24,5,"Fitter 2","Distributor 3",29
516,2025-02-23,4,"Fitter 4","Distributor 3",23
518,2025-05-14,4,"Fitter 5","Distributor 3",10
519,2025-04-29,7,"Fitter 1","Distributor 2",30
520,2025-07-10,5,"Fitter 4","Distributor 2",17
522,2025-02-18,6,"Fitter 4","Distributor 1",37
523,2025-12-02,1,"Fitter 4","Distributor 2",15
524,2025-09-05,2,"Fitter 5","Distributor 2",41
525,2025-09-12,2,"Fitter 1","Distributor 3",30
526,2025-06-30,3,"Fitter 3","Distributor 2",37
527,2025-09-26,2,"Fitter 1","Distributor 2",44
528,2025-11-14,3,"Fitter 5","Distributor 1",23
531,2025-08-23,1,"Fitter 4","Distributor 1",37
535,2025-06-22,3,"Fitter 5","Distributor 3",17
539,2025-01-27,4,"Fitter 5","Distributor 2",25
540,2025-04-29,7,"Fitter 3","Distributor 1",15
543,2025-06-25,1,"Fitter 5","Distributor 2",37
544,2025-08-11,6,"Fitter 4","Distributor 2",43
546,2025-07-21,7,"Fitter 1","Distributor 1",40
548,2025-09-29,6,"Fitter 2","Distributor 3",22
549,2025-07-08,3,"Fitter 4","Distributor 1",14
550,2025-04-07,2,"Fitter 2","Distributor 3",39
551,2025-06-13,6,"Fitter 2","Distributor 1",28
552,2025-05-10,6,"Fitter 1","Distributor 1",38
555,2025-09-30,1,"Fitter 1","Distributor 2",45
557,2025-11-21,7,"Fitter 5","Distributor 2",37
560,2025-09-15,1,"Fitter 2","Distributor 3",41
561,2025-11-15,4,"Fitter 3","Distributor 1",33
563,2025-11-28,2,"Fitter 1","Distributor 1",38
564,2025-10-25,7,"Fitter 5","Distributor 2",34
569,2025-10-24,5,"Fitter 2","Distributor 3",10
571,2025-11-16,4,"Fitter 1","Distributor 1",23
572,2025-01-26,3,"Fitter 5","Distributor 1",12
574,2025-06-28,6,"Fitter 4","Distributor 3",24
575,2025-09-19,5,"Fitter 2","Distributor 3",25
576,2025-12-24,1,"Fitter 5","Distributor 1",28
577,2025-01-19,4,"Fitter 2","Distributor 1",26
581,2025-04-02,5,"Fitter 2","Distributor 2",26
586,2025-12-16,3,"Fitter 4","Distributor 2",38
587,2025-04-24,6,"Fitter 2","Distributor 2",27
592,2025-11-13,3,"Fitter 4","Distributor 3",22
593,2025-08-24,7,"Fitter 3","Distributor 1",34
595,2025-07-21,1,"Fitter 1","Distributor 2",27
596,2025-02-03,2,"Fitter 1","Distributor 2",40
597,2025-10-12,6,"Fitter 3","Distributor 1",38
599,2025-02-24,4,"Fitter 2","Distributor 3",24
603,2025-09-29,6,"Fitter 5","Distributor 1",40
608,2025-05-23,3,"Fitter 3","Distributor 1",25
609,2025-02-23,4,"Fitter 4","Distributor 1",47
612,2025-07-07,3,"Fitter 4","Distributor 3",43
613,2025-10-28,6,"Fitter 3","Distributor 1",34
614,2025-03-01,7,"Fitter 4","Distributor 1",11
615,2025-11-03,6,"Fitter 4","Distributor 3",28
617,2025-06-28,4,"Fitter 1","Distributor 3",21
619,2025-09-09,7,"Fitter 5","Distributor 2",33
620,2025-11-06,7,"Fitter 1","Distributor 2",30
622,2026-01-01,1,"Fitter 1","Distributor 3",28
625,2025-11-09,5,"Fitter 5","Distributor 2",19
628,2025-06-04,2,"Fitter 2","Distributor 2",46
630,2025-07-21,6,"Fitter 4","Distributor 1",41
632,2025-12-06,4,"Fitter 4","Distributor 2",18
635,2025-11-26,4,"Fitter 2","Distributor 3",24
637,2025-04-30,5,"Fitter 2","Distributor 3",42
639,2025-06-23,6,"Fitter 3","Distributor 1",22
640,2025-11-13,6,"Fitter 2","Distributor 1",20
642,2025-09-07,5,"Fitter 5","Distributor 1",30
646,2025-10-17,7,"Fitter 2","Distributor 3",45
647,2025-01-30,7,"Fitter 2","Distributor 2",20
649,2025-07-14,4,"Fitter 1","Distributor 2",50
650,2025-09-06,2,"Fitter 2","Distributor 1",16
652,2025-12-10,5,"Fitter 1","Distributor 1",30
653,2025-10-14,7,"Fitter 1","Distributor 1",18
654,2025-01-18,6,"Fitter 5","Distributor 2",34
655,2025-05-17,5,"Fitter 1","Distributor 1",48
657,2025-12-02,3,"Fitter 2","Distributor 1",31
658,2025-12-29,5,"Fitter 2","Distributor 3",23
659,2025-02-12,5,"Fitter 5","Distributor 2",18
661,2025-06-23,5,"Fitter 2","Distributor 3",35
662,2025-05-29,1,"Fitter 1","Distributor 1",44
665,2025-01-22,6,"Fitter 3","Distributor 1",13
666,2025-07-11,1,"Fitter 5","Distributor 1",24
668,2025-08-17,1,"Fitter 2","Distributor 3",29
669,2025-11-27,7,"Fitter 2","Distributor 1",44
671,2025-11-21,3,"Fitter 1","Distributor 2",11
672,2025-01-27,2,"Fitter 4","Distributor 1",21
675,2025-06-19,4,"Fitter 3","Distributor 2",13
676,2025-04-15,1,"Fitter 2","Distributor 1",11
677,2025-04-09,6,"Fitter 3","Distributor 1",32
678,2025-05-27,3,"Fitter 3","Distributor 3",47
679,2025-11-20,6,"Fitter 2","Distributor 3",11
682,2025-05-28,1,"Fitter 2","Distributor 1",31
684,2025-03-04,2,"Fitter 4","Distributor 2",28
686,2025-12-19,1,"Fitter 1","Distributor 2",43
687,2025-11-26,5,"Fitter 5","Distributor 3",19
690,2025-09-16,1,"Fitter 5","Distributor 2",33
691,2025-09-10,5,"Fitter 5","Distributor 1",42
692,2025-12-16,2,"Fitter 1","Distributor 3",21
697,2025-04-02,1,"Fitter 4","Distributor 1",40
699,2025-03-21,3,"Fitter 1","Distributor 3",13
700,2025-04-29,3,"Fitter 5","Distributor 2",27
702,2025-06-10,4,"Fitter 2","Distributor 2",14
703,2025-04-25,6,"Fitter 3","Distributor 3",29
704,2025-01-31,1,"Fitter 1","Distributor 1",24
706,2025-03-11,3,"Fitter 4","Distributor 1",14
707,2025-08-11,6,"Fitter 5","Distributor 3",10
708,2025-07-02,7,"Fitter 2","Distributor 2",36
712,2025-12-31,1,"Fitter 4","Distributor 3",12
714,2025-04-18,5,"Fitter 3","Distributor 3",19
715,2025-10-14,6,"Fitter 3","Distributor 3",31
716,2025-04-18,5,"Fitter 5","Distributor 3",17
717,2025-05-29,3,"Fitter 5","Distributor 2",29
718,2025-11-08,3,"Fitter 3","Distributor 1",31
719,2025-09-09,1,"Fitter 2","Distributor 3",44
722,2025-12-24,4,"Fitter 4","Distributor 3",32
724,2025-12-29,7,"Fitter 5","Distributor 3",47
726,2025-08-27,6,"Fitter 5","Distributor 1",45
728,2025-08-20,7,"Fitter 2","Distributor 3",27
729,2025-05-20,6,"Fitter 4","Distributor 1",39
730,2025-11-07,4,"Fitter 5","Distributor 3",47
731,2025-10-27,3,"Fitter 3","Distributor 3",11
733,2025-12-06,4,"Fitter 1","Distributor 1",25
734,2025-08-30,5,"Fitter 1","Distributor 3",43
736,2025-05-11,7,"Fitter 5","Distributor 3",43
737,2025-05-14,4,"Fitter 5","Distributor 1",41
738,2025-05-11,6,"Fitter 4","Distributor 1",34
739,2025-12-04,2,"Fitter 4","Distributor 2",15
740,2025-05-17,3,"Fitter 5","Distributor 2",14
742,2025-07-26,6,"Fitter 4","Distributor 3",18
743,2025-02-23,7,"Fitter 5","Distributor 3",16
747,2025-10-08,3,"Fitter 1","Distributor 1",16
748,2025-01-18,5,"Fitter 5","Distributor 3",43
750,2025-07-04,5,"Fitter 3","Distributor 3",26
754,2025-10-26,5,"Fitter 3","Distributor 3",40
755,2025-03-01,4,"Fitter 1","Distributor 2",17
757,2025-10-14,3,"Fitter 2","Distributor 2",22
760,2025-05-16,2,"Fitter 5","Distributor 3",48
762,2025-03-28,7,"Fitter 2","Distributor 2",37
764,2025-12-01,7,"Fitter 2","Distributor 1",49
766,2025-09-27,6,"Fitter 2","Distributor 2",29
767,2025-04-18,1,"Fitter 5","Distributor 2",20
768,2025-02-18,7,"Fitter 1","Distributor 1",47
769,2025-08-02,1,"Fitter 2","Distributor 1",46
770,2025-03-10,7,"Fitter 3","Distributor 3",43
774,2025-07-27,5,"Fitter 2","Distributor 2",15
776,2025-12-07,4,"Fitter 4","Distributor 2",41
778,2025-12-18,4,"Fitter 3","Distributor 3",24
781,2025-08-05,6,"Fitter 5","Distributor 1",33
783,2025-11-11,6,"Fitter 4","Distributor 2",36
786,2025-05-05,2,"Fitter 3","Distributor 3",42
789,2025-03-27,2,"Fitter 5","Distributor 1",50
791,2025-02-19,7,"Fitter 3","Distributor 1",19
792,2025-04-09,4,"Fitter 4","Distributor 1",34
793,2025-06-24,2,"Fitter 4","Distributor 3",39
796,2025-08-11,5,"Fitter 1","Distributor 2",50
797,2025-05-05,1,"Fitter 2","Distributor 3",13
806,2025-01-30,3,"Fitter 4","Distributor 3",28
807,2025-09-10,6,"Fitter 2","Distributor 2",27
809,2026-01-01,1,"Fitter 3","Distributor 1",47
811,2025-08-20,1,"Fitter 3","Distributor 1",36
812,2025-03-31,2,"Fitter 4","Distributor 3",28
813,2025-12-29,1,"Fitter 1","Distributor 1",49
815,2025-06-20,2,"Fitter 5","Distributor 1",41
818,2025-02-23,7,"Fitter 5","Distributor 3",50
819,2025-12-05,7,"Fitter 2","Distributor 3",21
822,2025-06-05,4,"Fitter 1","Distributor 2",39
823,2025-09-15,1,"Fitter 3","Distributor 2",14
825,2025-07-13,1,"Fitter 3","Distributor 1",39
826,2025-05-28,3,"Fitter 2","Distributor 3",36
830,2025-11-19,7,"Fitter 3","Distributor 2",48
831,2025-08-26,4,"Fitter 4","Distributor 1",19
832,2025-02-22,4,"Fitter 5","Distributor 2",13
833,2025-12-25,5,"Fitter 4","Distributor 1",22
834,2025-04-15,5,"Fitter 4","Distributor 1",48
835,2025-02-13,2,"Fitter 3","Distributor 3",19
837,2025-12-01,3,"Fitter 5","Distributor 2",23
838,2025-03-01,5,"Fitter 4","Distributor 1",20
839,2025-04-30,7,"Fitter 2","Distributor 1",13
840,2026-01-07,5,"Fitter 2","Distributor 3",48
841,2025-02-20,7,"Fitter 1","Distributor 1",47
843,2025-10-23,7,"Fitter 3","Distributor 1",11
845,2025-11-10,6,"Fitter 3","Distributor 1",35
847,2025-08-30,1,"Fitter 1","Distributor 2",27
848,2025-06-04,6,"Fitter 2","Distributor 2",21
849,2025-05-17,5,"Fitter 3","Distributor 1",24
850,2025-07-05,7,"Fitter 1","Distributor 2",18
851,2025-10-01,2,"Fitter 3","Distributor 3",38
852,2025-04-28,5,"Fitter 1","Distributor 2",12
862,2025-08-09,2,"Fitter 3","Distributor 3",29
863,2025-09-21,7,"Fitter 2","Distributor 2",15
864,2025-07-06,3,"Fitter 5","Distributor 1",11
865,2025-03-29,7,"Fitter 4","Distributor 3",31
866,2025-03-23,6,"Fitter 3","Distributor 2",16
871,2025-03-22,6,"Fitter 4","Distributor 3",41
872,2025-02-11,7,"Fitter 1","Distributor 2",38
874,2025-09-26,4,"Fitter 1","Distributor 2",11
875,2025-10-20,1,"Fitter 2","Distributor 1",44
876,2025-07-05,4,"Fitter 2","Distributor 1",32
880,2025-05-08,1,"Fitter 2","Distributor 3",24
881,2025-11-11,2,"Fitter 4","Distributor 1",44
884,2025-06-12,5,"Fitter 2","Distributor 1",44
886,2025-12-11,2,"Fitter 2","Distributor 1",41
887,2025-02-13,2,"Fitter 3","Distributor 2",28
890,2025-11-16,2,"Fitter 5","Distributor 1",26
893,2025-04-07,3,"Fitter 2","Distributor 3",16
894,2025-07-25,7,"Fitter 4","Distributor 1",12
896,2026-01-08,7,"Fitter 2","Distributor 1",49
897,2025-03-06,5,"Fitter 2","Distributor 3",50
898,2025-03-12,3,"Fitter 4","Distributor 3",20
901,2025-09-25,3,"Fitter 1","Distributor 3",14
902,2025-10-31,5,"Fitter 1","Distributor 2",42
904,2025-12-20,7,"Fitter 5","Distributor 1",23
905,2025-10-16,7,"Fitter 5","Distributor 3",21
906,2025-06-23,2,"Fitter 5","Distributor 3",44
907,2025-03-03,2,"Fitter 2","Distributor 1",10
909,2025-04-08,5,"Fitter 1","Distributor 1",16
911,2025-05-04,6,"Fitter 4","Distributor 2",42
912,2025-10-19,4,"Fitter 5","Distributor 3",45
913,2025-02-15,6,"Fitter 2","Distributor 1",25
914,2025-03-11,7,"Fitter 1","Distributor 1",18
917,2025-06-26,7,"Fitter 3","Distributor 1",16
919,2025-10-08,2,"Fitter 4","Distributor 1",49
920,2025-02-09,3,"Fitter 4","Distributor 2",17
922,2025-06-13,1,"Fitter 5","Distributor 2",26
923,2025-12-06,7,"Fitter 1","Distributor 1",48
925,2025-11-23,5,"Fitter 5","Distributor 3",35
926,2025-03-24,2,"Fitter 4","Distributor 2",38
931,2025-03-25,3,"Fitter 4","Distributor 1",46
935,2025-05-26,4,"Fitter 4","Distributor 2",16
939,2025-04-02,1,"Fitter 1","Distributor 2",22
940,2025-01-21,4,"Fitter 5","Distributor 1",24
942,2025-12-05,3,"Fitter 3","Distributor 2",47
943,2025-07-03,6,"Fitter 1","Distributor 3",18
944,2025-05-27,4,"Fitter 4","Distributor 2",38
945,2025-07-18,1,"Fitter 2","Distributor 2",34
947,2025-12-13,2,"Fitter 1","Distributor 2",10
948,2025-07-03,4,"Fitter 4","Distributor 2",42
950,2025-10-13,4,"Fitter 3","Distributor 1",16
952,2025-02-05,1,"Fitter 2","Distributor 2",32
954,2025-04-21,2,"Fitter 1","Distributor 1",23
955,2025-06-19,2,"Fitter 2","Distributor 3",26
957,2025-08-30,3,"Fitter 3","Distributor 1",24
958,2025-10-11,3,"Fitter 2","Distributor 3",15
961,2025-05-13,4,"Fitter 5","Distributor 2",32
963,2025-02-17,6,"Fitter 5","Distributor 3",45
964,2025-12-08,4,"Fitter 3","Distributor 3",42
972,2025-06-08,3,"Fitter 5","Distributor 2",49
976,2025-12-03,6,"Fitter 4","Distributor 3",40
980,2025-04-11,3,"Fitter 4","Distributor 1",39
982,2025-06-27,4,"Fitter 4","Distributor 3",26
983,2025-08-10,5,"Fitter 2","Distributor 1",49
984,2025-10-23,3,"Fitter 4","Distributor 2",26
986,2025-12-04,6,"Fitter 1","Distributor 2",29
989,2025-04-29,5,"Fitter 4","Distributor 3",49
990,2025-04-11,2,"Fitter 2","Distributor 3",19
992,2025-03-06,5,"Fitter 2","Distributor 2",25
994,2025-01-14,6,"Fitter 3","Distributor 2",11
996,2025-02-11,7,"Fitter 1","Distributor 2",14
997,2025-12-18,7,"Fitter 3","Distributor 1",40
1000,2025-02-15,3,"Fitter 2","Distributor 2",34
1002,2025-04-14,7,"Fitter 2","Distributor 3",45
1003,2025-05-11,5,"Fitter 4","Distributor 1",24
1004,2025-09-20,6,"Fitter 5","Distributor 1",48
1006,2025-06-26,3,"Fitter 5","Distributor 2",27
1011,2025-12-06,2,"Fitter 2","Distributor 3",33
1012,2025-11-22,2,"Fitter 4","Distributor 1",45
1014,2025-03-02,7,"Fitter 4","Distributor 3",20
1015,2025-02-25,1,"Fitter 4","Distributor 3",18
1017,2025-06-19,6,"Fitter 5","Distributor 1",36
1018,2025-12-12,5,"Fitter 2","Distributor 3",11
1019,2025-07-07,3,"Fitter 3","Distributor 2",18
1021,2025-07-24,4,"Fitter 1","Distributor 1",10
1022,2025-09-06,6,"Fitter 2","Distributor 2",33
1025,2025-08-21,4,"Fitter 2","Distributor 2",38
1031,2025-04-18,4,"Fitter 4","Distributor 3",27
1037,2025-01-17,7,"Fitter 3","Distributor 3",42
1038,2025-10-10,1,"Fitter 2","Distributor 3",44
1040,2025-09-04,7,"Fitter 1","Distributor 1",13
1041,2025-08-31,5,"Fitter 4","Distributor 2",22
1046,2025-12-01,3,"Fitter 4","Distributor 1",11
1050,2025-07-09,4,"Fitter 4","Distributor 3",41
1056,2025-10-16,6,"Fitter 3","Distributor 3",27
1057,2025-03-04,6,"Fitter 3","Distributor 1",39
1058,2025-09-09,2,"Fitter 4","Distributor 3",48
1059,2025-02-14,2,"Fitter 3","Distributor 1",43
1063,2025-10-18,6,"Fitter 2","Distributor 3",20
1067,2025-08-17,4,"Fitter 3","Distributor 1",14
1068,2025-06-22,4,"Fitter 5","Distributor 3",43
1069,2025-10-10,1,"Fitter 1","Distributor 1",21
1070,2025-12-24,5,"Fitter 4","Distributor 1",41
1071,2025-10-29,3,"Fitter 5","Distributor 1",40
1074,2025-05-06,3,"Fitter 1","Distributor 1",13
1076,2025-11-07,4,"Fitter 1","Distributor 3",42
1077,2025-11-27,7,"Fitter 5","Distributor 1",34
1079,2025-06-21,6,"Fitter 2","Distributor 1",18
1080,2025-10-28,4,"Fitter 5","Distributor 1",15
1083,2025-09-17,7,"Fitter 3","Distributor 2",36
1085,2025-05-22,4,"Fitter 1","Distributor 3",39
1087,2025-09-23,2,"Fitter 4","Distributor 3",41
1089,2025-08-01,7,"Fitter 4","Distributor 1",20
1090,2025-11-23,7,"Fitter 3","Distributor 2",42
1091,2025-08-09,7,"Fitter 3","Distributor 3",32
1092,2025-08-20,1,"Fitter 5","Distributor 2",21
1093,2025-05-26,4,"Fitter 5","Distributor 1",35
1094,2025-04-15,1,"Fitter 1","Distributor 3",12
1096,2025-10-23,5,"Fitter 1","Distributor 3",49
1097,2025-04-04,4,"Fitter 5","Distributor 3",42
1098,2025-02-21,1,"Fitter 1","Distributor 2",13
1102,2025-12-08,6,"Fitter 1","Distributor 3",30
1104,2025-08-02,6,"Fitter 3","Distributor 1",30
1105,2025-03-12,4,"Fitter 1","Distributor 3",11
1106,2025-12-09,1,"Fitter 5","Distributor 1",10
1108,2025-10-23,1,"Fitter 1","Distributor 3",48
1111,2025-01-18,4,"Fitter 1","Distributor 2",20
1112,2025-09-03,5,"Fitter 5","Distributor 3",14
1113,2025-10-03,1,"Fitter 5","Distributor 1",44
1114,2025-09-26,4,"Fitter 2","Distributor 2",29
1115,2025-06-12,6,"Fitter 3","Distributor 1",42
1117,2025-04-07,2,"Fitter 5","Distributor 3",33
1119,2025-06-08,5,"Fitter 4","Distributor 2",23
1120,2025-07-09,1,"Fitter 1","Distributor 2",45
1123,2025-05-24,4,"Fitter 2","Distributor 2",40
1124,2025-05-28,4,"Fitter 3","Distributor 3",39
1126,2025-03-16,5,"Fitter 4","Distributor 2",45
1127,2025-04-05,7,"Fitter 1","Distributor 2",47
1128,2025-10-31,6,"Fitter 4","Distributor 3",18
1129,2025-09-14,4,"Fitter 4","Distributor 1",16
1130,2025-02-06,7,"Fitter 3","Distributor 3",10
1135,2025-08-12,4,"Fitter 1","Distributor 2",24
1136,2025-09-05,7,"Fitter 2","Distributor 3",20
1139,2025-04-27,1,"Fitter 4","Distributor 3",44
1140,2025-03-08,5,"Fitter 3","Distributor 2",30
1143,2025-12-04,7,"Fitter 5","Distributor 1",11
1145,2025-08-28,2,"Fitter 2","Distributor 2",35
1146,2026-01-02,6,"Fitter 2","Distributor 2",23
1147,2025-03-13,3,"Fitter 2","Distributor 2",36
1149,2025-08-04,4,"Fitter 3","Distributor 2",35
1150,2025-03-29,2,"Fitter 3","Distributor 2",26
1151,2025-04-01,2,"Fitter 2","Distributor 3",15
1152,2025-06-21,5,"Fitter 4","Distributor 3",28
1153,2025-11-29,1,"Fitter 2","Distributor 2",28
1154,2025-02-21,7,"Fitter 2","Distributor 2",10
1157,2025-06-10,2,"Fitter 2","Distributor 1",14
1159,2025-04-16,2,"Fitter 5","Distributor 1",26
1160,2025-08-21,2,"Fitter 1","Distributor 1",48
1161,2025-01-24,5,"Fitter 1","Distributor 1",42
1162,2025-07-27,6,"Fitter 4","Distributor 3",38
1163,2025-09-04,6,"Fitter 5","Distributor 1",45
1165,2025-02-13,3,"Fitter 2","Distributor 3",29
1166,2025-01-26,1,"Fitter 1","Distributor 2",46
1167,2025-04-15,2,"Fitter 5","Distributor 2",39
1168,2025-05-07,7,"Fitter 2","Distributor 3",44
1172,2025-12-19,3,"Fitter 2","Distributor 1",16
1173,2025-11-07,3,"Fitter 4","Distributor 2",20
1175,2025-05-07,5,"Fitter 3","Distributor 1",33
1176,2025-12-11,3,"Fitter 5","Distributor 3",29
1177,2025-05-08,7,"Fitter 4","Distributor 1",15
1180,2025-10-03,6,"Fitter 1","Distributor 3",16
1181,2025-05-28,5,"Fitter 4","Distributor 1",28
1185,2025-06-18,3,"Fitter 2","Distributor 1",30
1190,2025-09-19,2,"Fitter 5","Distributor 1",24
1191,2025-03-05,6,"Fitter 1","Distributor 2",13
1192,2025-12-09,6,"Fitter 4","Distributor 3",50
1194,2025-10-27,5,"Fitter 1","Distributor 1",27
1195,2025-06-19,1,"Fitter 4","Distributor 1",11
1197,2025-07-18,3,"Fitter 5","Distributor 2",24
1199,2025-01-26,5,"Fitter 3","Distributor 1",43
1200,2025-05-29,3,"Fitter 4","Distributor 1",41
1201,2025-02-07,5,"Fitter 5","Distributor 2",44
1202,2025-12-07,6,"Fitter 5","Distributor 1",19
1204,2025-06-22,3,"Fitter 3","Distributor 3",40
1206,2025-03-31,4,"Fitter 4","Distributor 3",44
1207,2025-12-23,6,"Fitter 1","Distributor 2",34
1209,2025-09-17,2,"Fitter 1","Distributor 2",14
1210,2025-04-06,4,"Fitter 4","Distributor 3",44
1211,2025-02-28,4,"Fitter 5","Distributor 2",10
1212,2025-08-12,5,"Fitter 1","Distributor 3",43
1215,2025-07-05,4,"Fitter 3","Distributor 2",45
1219,2025-04-01,3,"Fitter 4","Distributor 2",47
1220,2025-07-14,7,"Fitter 2","Distributor 2",47
1221,2025-12-20,1,"Fitter 3","Distributor 3",13
1224,2025-06-27,4,"Fitter 1","Distributor 1",27
1226,2025-07-18,6,"Fitter 3","Distributor 2",19
1227,2025-06-18,7,"Fitter 1","Distributor 3",15
1228,2025-01-23,1,"Fitter 3","Distributor 3",25
1231,2025-01-12,7,"Fitter 5","Distributor 1",48
1237,2025-07-16,2,"Fitter 1","Distributor 2",47
1238,2025-08-20,2,"Fitter 4","Distributor 1",35
1239,2025-08-12,4,"Fitter 4","Distributor 2",34
1240,2025-02-25,2,"Fitter 3","Distributor 2",37
1243,2025-04-18,2,"Fitter 5","Distributor 1",50
1244,2025-05-04,4,"Fitter 1","Distributor 3",45
1246,2025-10-23,2,"Fitter 4","Distributor 1",22
1247,2025-05-07,5,"Fitter 4","Distributor 2",41
1248,2025-06-10,2,"Fitter 4","Distributor 1",18
1250,2025-05-25,6,"Fitter 1","Distributor 2",45
1251,2025-02-25,2,"Fitter 1","Distributor 2",31
1252,2025-12-09,6,"Fitter 2","Distributor 3",11
1254,2025-07-29,1,"Fitter 2","Distributor 3",29
1257,2025-01-29,2,"Fitter 1","Distributor 2",19
1258,2025-12-08,2,"Fitter 3","Distributor 2",44
1260,2025-10-12,1,"Fitter 1","Distributor 1",23
1262,2025-09-27,6,"Fitter 2","Distributor 3",38
1263,2025-03-11,4,"Fitter 2","Distributor 2",14
1264,2025-08-15,7,"Fitter 4","Distributor 3",24
1265,2025-01-27,7,"Fitter 4","Distributor 3",22
1267,2025-01-20,3,"Fitter 3","Distributor 3",46
1268,2025-04-17,5,"Fitter 1","Distributor 3",46
1269,2025-06-22,6,"Fitter 5","Distributor 2",33
1270,2025-08-06,7,"Fitter 4","Distributor 1",35
1273,2025-04-18,6,"Fitter 3","Distributor 1",31
1278,2025-09-18,1,"Fitter 5","Distributor 1",32
1280,2026-01-05,2,"Fitter 3","Distributor 3",48
1284,2025-09-08,3,"Fitter 1","Distributor 1",13
1285,2025-09-21,4,"Fitter 3","Distributor 3",38
1286,2025-07-21,4,"Fitter 4","Distributor 1",10
1287,2025-06-04,2,"Fitter 2","Distributor 3",11
1292,2025-08-14,1,"Fitter 4","Distributor 1",11
1293,2025-09-27,5,"Fitter 5","Distributor 3",31
1294,2025-05-22,3,"Fitter 3","Distributor 2",49
1295,2025-09-02,5,"Fitter 2","Distributor 2",12
1299,2025-10-25,5,"Fitter 2","Distributor 1",12
1306,2025-07-19,6,"Fitter 2","Distributor 2",19
1307,2025-08-29,2,"Fitter 4","Distributor 2",41
1309,2025-12-05,6,"Fitter 2","Distributor 3",16
1310,2026-01-02,5,"Fitter 3","Distributor 3",28
1313,2025-06-28,7,"Fitter 2","Distributor 1",41
1317,2025-07-02,4,"Fitter 4","Distributor 1",41
1318,2025-06-20,5,"Fitter 3","Distributor 2",25
1322,2025-11-04,7,"Fitter 5","Distributor 1",32
1326,2025-09-02,2,"Fitter 5","Distributor 3",13
1327,2025-08-12,4,"Fitter 1","Distributor 2",49
1335,2026-01-11,3,"Fitter 5","Distributor 1",18
1337,2025-06-17,6,"Fitter 3","Distributor 2",22
1339,2025-03-03,6,"Fitter 2","Distributor 3",11
1341,2025-05-11,7,"Fitter 2","Distributor 3",23
1343,2025-01-19,2,"Fitter 2","Distributor 3",17
1344,2025-01-18,1,"Fitter 3","Distributor 1",10
1346,2025-09-12,3,"Fitter 5","Distributor 2",50
1348,2025-05-03,4,"Fitter 3","Distributor 3",38
1349,2025-05-01,4,"Fitter 1","Distributor 3",39
1350,2025-12-05,4,"Fitter 2","Distributor 2",45
1351,2025-11-13,4,"Fitter 2","Distributor 3",12
1353,2025-05-07,6,"Fitter 5","Distributor 3",47
1355,2025-12-31,3,"Fitter 1","Distributor 2",13
1357,2025-03-29,7,"Fitter 2","Distributor 2",11
1358,2025-02-01,3,"Fitter 2","Distributor 2",26
1359,2025-04-09,2,"Fitter 3","Distributor 2",43
1360,2025-12-09,2,"Fitter 3","Distributor 1",33
1362,2025-06-16,4,"Fitter 5","Distributor 2",41
1364,2025-05-25,3,"Fitter 1","Distributor 3",30
1368,2025-09-17,4,"Fitter 2","Distributor 2",10
1373,2025-10-01,1,"Fitter 3","Distributor 1",32
1375,2025-03-21,4,"Fitter 2","Distributor 1",23
1376,2025-12-02,5,"Fitter 2","Distributor 3",31
1377,2025-09-18,3,"Fitter 5","Distributor 1",45
1379,2025-03-11,4,"Fitter 2","Distributor 3",30
1381,2025-01-28,5,"Fitter 3","Distributor 1",42
1382,2025-04-01,3,"Fitter 1","Distributor 2",19
1385,2025-08-26,1,"Fitter 5","Distributor 2",32
1386,2025-02-11,4,"Fitter 1","Distributor 1",27
1390,2025-10-26,2,"Fitter 1","Distributor 1",41
1393,2025-04-17,2,"Fitter 3","Distributor 1",22
1394,2025-07-09,1,"Fitter 1","Distributor 3",30
1395,2025-08-03,5,"Fitter 3","Distributor 2",22
1400,2025-07-18,1,"Fitter 2","Distributor 3",26
1402,2026-01-10,4,"Fitter 2","Distributor 1",22
1409,2025-06-10,7,"Fitter 1","Distributor 2",50
1411,2025-12-10,1,"Fitter 5","Distributor 2",14
1412,2025-11-13,7,"Fitter 2","Distributor 1",35
1417,2025-12-13,1,"Fitter 2","Distributor 2",22
1421,2025-12-07,6,"Fitter 5","Distributor 2",24
1424,2025-12-15,3,"Fitter 3","Distributor 2",18
1425,2025-05-18,3,"Fitter 2","Distributor 3",38
1427,2025-01-20,6,"Fitter 4","Distributor 1",16
1429,2025-08-08,6,"Fitter 1","Distributor 3",43
1434,2025-06-11,5,"Fitter 5","Distributor 3",21
1436,2025-07-01,5,"Fitter 2","Distributor 3",33
1437,2025-05-07,7,"Fitter 1","Distributor 3",45
1438,2025-02-14,5,"Fitter 2","Distributor 2",10
1439,2025-09-16,3,"Fitter 1","Distributor 2",22
1445,2025-09-02,7,"Fitter 5","Distributor 3",48
1446,2025-09-15,5,"Fitter 1","Distributor 3",42
1448,2025-09-04,5,"Fitter 3","Distributor 3",20
1449,2025-02-03,6,"Fitter 3","Distributor 1",41
1450,2025-08-20,5,"Fitter 3","Distributor 1",17
1451,2025-10-25,2,"Fitter 5","Distributor 2",10
1453,2025-05-19,3,"Fitter 1","Distributor 3",43
1458,2025-08-06,4,"Fitter 3","Distributor 1",41
1459,2025-06-07,3,"Fitter 3","Distributor 1",30
1461,2025-10-09,4,"Fitter 5","Distributor 2",44
1465,2025-06-15,3,"Fitter 5","Distributor 3",38
1468,2025-03-22,4,"Fitter 3","Distributor 2",38
1473,2025-01-30,1,"Fitter 2","Distributor 3",13
1475,2025-05-17,5,"Fitter 5","Distributor 2",17
1477,2025-11-10,5,"Fitter 5","Distributor 1",14
1478,2025-08-08,5,"Fitter 5","Distributor 1",21
1479,2025-08-23,1,"Fitter 3","Distributor 3",25
1480,2025-09-30,4,"Fitter 4","Distributor 2",32
1481,2025-03-26,6,"Fitter 5","Distributor 1",16
1482,2025-02-15,7,"Fitter 3","Distributor 2",30
1485,2025-08-10,5,"Fitter 2","Distributor 1",16
1487,2025-06-10,3,"Fitter 2","Distributor 2",27
1488,2025-03-20,5,"Fitter 4","Distributor 2",30
1489,2025-09-09,3,"Fitter 2","Distributor 1",17
1491,2025-01-21,6,"Fitter 4","Distributor 1",15
1492,2025-08-27,4,"Fitter 5","Distributor 2",20
1494,2025-12-17,2,"Fitter 1","Distributor 1",21
1498,2025-04-22,4,"Fitter 1","Distributor 1",27
1501,2025-12-15,6,"Fitter 3","Distributor 2",35
1505,2025-07-23,2,"Fitter 4","Distributor 3",13
1510,2025-07-02,1,"Fitter 5","Distributor 1",17
1513,2025-02-14,4,"Fitter 3","Distributor 1",33
1515,2025-04-14,1,"Fitter 4","Distributor 3",31
1517,2025-10-09,1,"Fitter 4","Distributor 3",27
1521,2025-07-11,6,"Fitter 5","Distributor 1",50
1523,2025-06-18,3,"Fitter 4","Distributor 1",48
1525,2025-05-13,2,"Fitter 2","Distributor 2",31
1526,2025-04-05,4,"Fitter 2","Distributor 1",43
1527,2025-12-07,2,"Fitter 2","Distributor 3",28
1528,2025-08-20,2,"Fitter 3","Distributor 3",27
1531,2025-12-28,1,"Fitter 4","Distributor 1",35
1532,2025-08-19,3,"Fitter 4","Distributor 1",43
1534,2025-07-22,3,"Fitter 4","Distributor 3",40
1541,2025-11-22,3,"Fitter 2","Distributor 2",15
1544,2025-10-08,1,"Fitter 5","Distributor 1",18
1546,2025-09-15,7,"Fitter 4","Distributor 2",47
1548,2026-01-07,1,"Fitter 4","Distributor 1",47
1549,2025-07-03,7,"Fitter 1","Distributor 3",35
1551,2025-11-26,2,"Fitter 5","Distributor 3",43
1552,2026-01-05,2,"Fitter 2","Distributor 2",11
1553,2025-07-25,6,"Fitter 5","Distributor 3",14
1554,2025-06-17,2,"Fitter 1","Distributor 2",26
1556,2025-10-17,3,"Fitter 4","Distributor 1",46
1557,2025-01-21,6,"Fitter 5","Distributor 2",31
1558,2025-03-08,5,"Fitter 4","Distributor 3",23
1559,2025-08-30,1,"Fitter 2","Distributor 3",25
1560,2025-05-04,1,"Fitter 3","Distributor 2",16
1561,2025-12-10,3,"Fitter 1","Distributor 2",13
1563,2025-07-25,7,"Fitter 2","Distributor 1",35
1564,2025-02-10,7,"Fitter 5","Distributor 1",24
1566,2025-08-07,7,"Fitter 2","Distributor 2",14
1568,2026-01-07,5,"Fitter 5","Distributor 2",46
1569,2025-02-15,1,"Fitter 5","Distributor 3",25
1570,2025-10-11,7,"Fitter 4","Distributor 2",44
1571,2025-09-30,3,"Fitter 5","Distributor 3",18
1572,2025-02-16,1,"Fitter 5","Distributor 3",28
1573,2025-10-13,2,"Fitter 4","Distributor 2",15
1581,2025-01-24,7,"Fitter 5","Distributor 3",36
1585,2025-12-19,5,"Fitter 1","Distributor 2",35
1587,2025-09-24,5,"Fitter 2","Distributor 3",36
1593,2025-10-02,5,"Fitter 5","Distributor 2",36
1600,2025-07-02,2,"Fitter 1","Distributor 1",49
1602,2025-06-08,6,"Fitter 5","Distributor 3",24
1606,2025-08-25,3,"Fitter 1","Distributor 3",25
1607,2025-05-03,3,"Fitter 3","Distributor 1",28
1614,2025-05-07,3,"Fitter 1","Distributor 3",10
1616,2025-05-03,5,"Fitter 4","Distributor 3",19
1619,2025-05-24,1,"Fitter 5","Distributor 1",39
1622,2025-08-08,1,"Fitter 1","Distributor 3",16
1626,2025-07-02,5,"Fitter 2","Distributor 3",17
1629,2025-01-28,2,"Fitter 1","Distributor 2",27
1630,2025-12-19,3,"Fitter 5","Distributor 2",33
1631,2025-07-30,6,"Fitter 1","Distributor 3",25
1634,2025-07-08,5,"Fitter 3","Distributor 2",36
1635,2025-06-08,7,"Fitter 1","Distributor 2",15
1636,2025-01-17,7,"Fitter 5","Distributor 2",10
1638,2025-10-14,1,"Fitter 2","Distributor 2",20
1639,2025-08-17,2,"Fitter 1","Distributor 1",31
1641,2025-09-22,4,"Fitter 4","Distributor 3",33
1643,2025-12-08,7,"Fitter 1","Distributor 2",32
1648,2025-01-24,4,"Fitter 2","Distributor 1",14
1651,2025-07-29,4,"Fitter 2","Distributor 2",17
1652,2026-01-07,5,"Fitter 5","Distributor 2",42
1654,2025-11-21,6,"Fitter 5","Distributor 3",12
1655,2025-05-06,2,"Fitter 5","Distributor 2",39
1657,2025-03-23,5,"Fitter 1","Distributor 2",10
1659,2025-03-23,4,"Fitter 1","Distributor 2",24
1661,2025-06-28,6,"Fitter 4","Distributor 3",19
1662,2025-02-23,7,"Fitter 3","Distributor 2",39
1668,2025-05-31,4,"Fitter 4","Distributor 1",18
1669,2025-06-25,1,"Fitter 3","Distributor 1",42
1670,2025-10-27,2,"Fitter 5","Distributor 2",40
1674,2025-12-18,6,"Fitter 2","Distributor 2",20
1675,2025-09-30,1,"Fitter 5","Distributor 1",35
1676,2025-02-27,6,"Fitter 1","Distributor 3",40
1678,2025-02-19,2,"Fitter 5","Distributor 3",26
1680,2025-03-28,2,"Fitter 2","Distributor 2",17
1681,2025-06-13,4,"Fitter 5","Distributor 2",18
1683,2025-02-02,4,"Fitter 4","Distributor 1",27
1687,2025-09-07,6,"Fitter 2","Distributor 2",26
1688,2025-06-21,5,"Fitter 2","Distributor 2",19
1690,2025-06-18,7,"Fitter 3","Distributor 3",21
1692,2025-07-06,5,"Fitter 1","Distributor 3",21
1696,2025-06-30,6,"Fitter 5","Distributor 3",27
1697,2025-04-10,7,"Fitter 2","Distributor 2",38
1698,2025-06-12,5,"Fitter 3","Distributor 3",10
1701,2025-12-20,5,"Fitter 4","Distributor 1",33
1703,2025-11-29,2,"Fitter 5","Distributor 2",21
1707,2025-06-12,6,"Fitter 5","Distributor 3",15
1711,2025-08-19,4,"Fitter 3","Distributor 2",34
1717,2025-03-13,7,"Fitter 4","Distributor 3",30
1718,2025-09-27,5,"Fitter 3","Distributor 1",41
1720,2025-07-14,2,"Fitter 3","Distributor 1",15
1721,2025-06-09,5,"Fitter 2","Distributor 2",14
1722,2025-03-01,6,"Fitter 1","Distributor 3",36
1725,2025-04-16,4,"Fitter 2","Distributor 1",40
1727,2025-04-20,1,"Fitter 5","Distributor 2",47
1731,2025-12-25,1,"Fitter 4","Distributor 1",39
1733,2025-04-08,2,"Fitter 4","Distributor 3",21
1736,2025-08-31,6,"Fitter 2","Distributor 2",22
1738,2025-08-26,4,"Fitter 4","Distributor 3",16
1740,2025-10-02,4,"Fitter 3","Distributor 1",36
1743,2025-10-06,1,"Fitter 1","Distributor 1",50
1744,2025-12-24,6,"Fitter 5","Distributor 2",41
1745,2025-08-09,3,"Fitter 4","Distributor 1",46
1746,2025-11-24,6,"Fitter 4","Distributor 3",24
1750,2025-10-02,1,"Fitter 5","Distributor 3",14
1751,2025-11-28,5,"Fitter 2","Distributor 3",31
1752,2025-09-14,7,"Fitter 4","Distributor 2",11
1753,2025-07-18,1,"Fitter 3","Distributor 1",40
1756,2025-11-09,6,"Fitter 3","Distributor 3",24
1757,2025-09-15,6,"Fitter 2","Distributor 3",21
1759,2025-02-16,1,"Fitter 5","Distributor 3",44
1762,2025-12-30,5,"Fitter 3","Distributor 2",18
1763,2025-12-02,1,"Fitter 4","Distributor 2",32
1764,2025-02-26,6,"Fitter 4","Distributor 2",27
1771,2025-10-19,3,"Fitter 3","Distributor 1",48
1777,2025-07-16,1,"Fitter 4","Distributor 1",49
1779,2025-09-17,2,"Fitter 1","Distributor 2",21
1782,2025-04-05,1,"Fitter 3","Distributor 2",43
1783,2025-11-29,1,"Fitter 2","Distributor 1",45
1786,2025-09-17,4,"Fitter 5","Distributor 2",33
1787,2025-04-05,2,"Fitter 4","Distributor 2",33
1788,2025-08-03,5,"Fitter 2","Distributor 1",29
1789,2025-09-22,7,"Fitter 3","Distributor 2",24
1790,2025-11-09,1,"Fitter 3","Distributor 3",46
1791,2025-04-26,4,"Fitter 1","Distributor 2",40
1792,2025-08-11,2,"Fitter 1","Distributor 3",36
1793,2025-06-05,4,"Fitter 4","Distributor 2",13
1794,2025-04-26,7,"Fitter 3","Distributor 1",49
1795,2025-02-01,4,"Fitter 5","Distributor 1",12
1798,2025-03-25,5,"Fitter 2","Distributor 1",38
1799,2025-05-06,7,"Fitter 3","Distributor 3",16
1800,2025-11-26,1,"Fitter 2","Distributor 3",49
1801,2025-08-28,4,"Fitter 3","Distributor 2",39
1802,2025-09-07,5,"Fitter 3","Distributor 2",28
1804,2025-02-26,1,"Fitter 3","Distributor 3",28
1805,2025-03-28,2,"Fitter 1","Distributor 2",40
1807,2025-05-12,6,"Fitter 2","Distributor 2",17
1809,2025-01-17,5,"Fitter 3","Distributor 2",50
1810,2025-10-24,4,"Fitter 1","Distributor 2",30
1812,2025-03-15,4,"Fitter 3","Distributor 1",24
1813,2026-01-02,1,"Fitter 2","Distributor 1",38
1814,2025-09-10,3,"Fitter 4","Distributor 3",25
1818,2025-06-06,5,"Fitter 1","Distributor 3",18
1820,2025-05-13,6,"Fitter 4","Distributor 2",39
1824,2025-01-23,7,"Fitter 5","Distributor 3",48
1831,2025-08-03,5,"Fitter 4","Distributor 1",16
1833,2025-07-17,6,"Fitter 5","Distributor 1",43
1834,2025-11-03,6,"Fitter 2","Distributor 1",28
1837,2025-04-26,5,"Fitter 5","Distributor 1",49
1838,2025-07-10,7,"Fitter 4","Distributor 3",31
1843,2025-02-05,3,"Fitter 4","Distributor 1",25
1844,2025-11-28,3,"Fitter 3","Distributor 3",48
1848,2025-10-18,4,"Fitter 4","Distributor 3",46
1849,2025-09-27,4,"Fitter 5","Distributor 1",31
1853,2025-03-20,2,"Fitter 3","Distributor 2",43
1857,2026-01-08,6,"Fitter 1","Distributor 1",33
1858,2025-12-24,5,"Fitter 5","Distributor 1",13
1859,2025-11-28,6,"Fitter 2","Distributor 3",45
1860,2025-05-21,2,"Fitter 3","Distributor 2",22
1862,2026-01-02,4,"Fitter 2","Distributor 3",30
1863,2025-07-12,5,"Fitter 2","Distributor 1",29
1867,2025-02-17,1,"Fitter 2","Distributor 3",50
1869,2025-07-26,5,"Fitter 5","Distributor 1",10
1872,2025-05-19,3,"Fitter 2","Distributor 1",40
1875,2025-09-10,1,"Fitter 4","Distributor 1",44
1880,2025-03-22,7,"Fitter 2","Distributor 1",30
1884,2025-06-30,4,"Fitter 1","Distributor 2",20
1885,2025-01-26,5,"Fitter 3","Distributor 3",24
1887,2025-03-16,4,"Fitter 4","Distributor 2",12
1888,2025-12-06,6,"Fitter 4","Distributor 3",14
1889,2025-01-20,3,"Fitter 2","Distributor 3",47
1892,2025-06-14,4,"Fitter 3","Distributor 2",21
1893,2025-11-06,5,"Fitter 2","Distributor 1",33
1894,2025-07-07,5,"Fitter 5","Distributor 1",47
1897,2025-03-13,6,"Fitter 1","Distributor 1",16
1899,2025-11-15,3,"Fitter 3","Distributor 1",11
1900,2025-07-04,6,"Fitter 1","Distributor 1",19
1901,2025-09-20,1,"Fitter 1","Distributor 3",38
1907,2025-04-23,2,"Fitter 2","Distributor 3",20
1908,2025-12-10,3,"Fitter 4","Distributor 1",25
1910,2025-04-18,1,"Fitter 2","Distributor 2",42
1911,2025-07-22,4,"Fitter 5","Distributor 3",27
1916,2025-04-26,2,"Fitter 5","Distributor 2",30
1917,2025-12-02,3,"Fitter 2","Distributor 1",17
1922,2025-12-08,1,"Fitter 3","Distributor 2",35
1924,2025-05-26,7,"Fitter 4","Distributor 1",10
1927,2026-01-07,1,"Fitter 4","Distributor 3",26
1931,2025-07-12,3,"Fitter 1","Distributor 1",13
1935,2025-11-09,4,"Fitter 1","Distributor 3",34
1939,2025-11-09,4,"Fitter 5","Distributor 2",28
1940,2025-10-02,3,"Fitter 1","Distributor 2",35
1941,2025-07-19,3,"Fitter 1","Distributor 1",18
1945,2025-03-23,3,"Fitter 3","Distributor 3",17
1946,2025-05-15,1,"Fitter 4","Distributor 2",22
1948,2025-03-21,6,"Fitter 1","Distributor 3",37
1950,2025-01-27,7,"Fitter 3","Distributor 1",12
1951,2025-08-19,2,"Fitter 1","Distributor 1",18
1952,2025-05-05,7,"Fitter 1","Distributor 1",41
1953,2025-12-21,7,"Fitter 5","Distributor 1",13
1954,2025-08-25,3,"Fitter 5","Distributor 3",23
1956,2025-05-01,7,"Fitter 3","Distributor 2",14
1957,2025-11-19,4,"Fitter 2","Distributor 1",20
1961,2025-06-20,7,"Fitter 4","Distributor 1",38
1963,2025-10-29,6,"Fitter 4","Distributor 2",43
1967,2025-08-12,6,"Fitter 4","Distributor 1",38
1968,2025-10-22,6,"Fitter 1","Distributor 2",23
1970,2025-07-10,4,"Fitter 2","Distributor 1",44
1973,2025-12-03,5,"Fitter 1","Distributor 1",29
1974,2025-07-27,2,"Fitter 1","Distributor 3",12
1975,2025-11-15,6,"Fitter 1","Distributor 3",48
1976,2025-10-23,6,"Fitter 2","Distributor 1",35
1977,2025-11-20,5,"Fitter 4","Distributor 2",22
1979,2025-09-01,4,"Fitter 1","Distributor 1",10
1981,2025-02-16,1,"Fitter 5","Distributor 3",50
1982,2025-09-17,4,"Fitter 5","Distributor 2",35
1984,2025-11-30,4,"Fitter 3","Distributor 3",26
1985,2025-10-15,5,"Fitter 1","Distributor 2",34
1989,2025-03-28,3,"Fitter 2","Distributor 3",42
1991,2025-02-07,6,"Fitter 3","Distributor 1",26
1992,2025-11-07,7,"Fitter 3","Distributor 3",23
1994,2025-01-16,5,"Fitter 2","Distributor 2",28
1995,2025-05-15,3,"Fitter 5","Distributor 3",24
1998,2025-05-16,4,"Fitter 5","Distributor 1",49
1999,2025-04-06,1,"Fitter 5","Distributor 3",31
2003,2025-10-28,2,"Fitter 2","Distributor 2",39
2006,2025-01-15,2,"Fitter 5","Distributor 2",19
2008,2025-01-16,1,"Fitter 2","Distributor 1",37
2010,2025-03-23,2,"Fitter 5","Distributor 3",15
2012,2025-03-14,4,"Fitter 5","Distributor 2",18
2014,2025-12-03,1,"Fitter 4","Distributor 1",27
2015,2025-09-01,7,"Fitter 2","Distributor 3",36
2018,2025-12-01,7,"Fitter 1","Distributor 2",41
2022,2025-03-29,5,"Fitter 3","Distributor 2",25
2027,2025-07-17,4,"Fitter 3","Distributor 1",28
2028,2025-02-02,3,"Fitter 2","Distributor 1",29
2030,2025-08-21,6,"Fitter 2","Distributor 3",18
2032,2025-04-09,6,"Fitter 2","Distributor 3",15
2033,2025-05-18,7,"Fitter 5","Distributor 1",26
2036,2025-02-13,7,"Fitter 1","Distributor 3",43
2038,2025-11-16,2,"Fitter 3","Distributor 1",48
2044,2025-07-03,4,"Fitter 5","Distributor 3",49
2045,2025-12-03,1,"Fitter 1","Distributor 3",25
2047,2025-11-20,7,"Fitter 4","Distributor 3",17
2048,2025-10-27,5,"Fitter 2","Distributor 1",16
2049,2025-03-11,2,"Fitter 1","Distributor 3",25
2051,2025-11-19,1,"Fitter 5","Distributor 2",45
2058,2025-06-19,1,"Fitter 5","Distributor 2",37
2059,2025-06-18,4,"Fitter 4","Distributor 2",40
2062,2026-01-05,3,"Fitter 5","Distributor 3",11
2063,2025-06-06,1,"Fitter 2","Distributor 3",19
2066,2025-09-10,3,"Fitter 4","Distributor 1",22
2067,2025-12-06,4,"Fitter 5","Distributor 1",29
2071,2025-06-27,7,"Fitter 2","Distributor 2",48
2074,2025-06-02,1,"Fitter 4","Distributor 2",35
2075,2025-05-22,4,"Fitter 2","Distributor 2",10
2077,2025-09-12,4,"Fitter 5","Distributor 3",30
2078,2025-05-05,5,"Fitter 4","Distributor 2",42
2079,2025-01-31,7,"Fitter 2","Distributor 3",42
2080,2025-09-04,4,"Fitter 3","Distributor 3",37
2082,2025-11-05,5,"Fitter 1","Distributor 2",20
2086,2025-01-22,1,"Fitter 3","Distributor 3",19
2087,2025-11-12,2,"Fitter 3","Distributor 1",16
2089,2025-06-28,2,"Fitter 3","Distributor 3",16
2092,2025-03-11,1,"Fitter 1","Distributor 3",14
2093,2025-05-29,1,"Fitter 2","Distributor 2",10
2094,2025-05-11,7,"Fitter 2","Distributor 3",40
2100,2025-01-11,1,"Fitter 2","Distributor 1",27
2102,2025-08-20,5,"Fitter 3","Distributor 2",43
2105,2025-11-14,6,"Fitter 3","Distributor 2",47
2106,2025-02-02,5,"Fitter 3","Distributor 2",28
2107,2025-08-09,5,"Fitter 1","Distributor 3",29
2108,2025-01-24,6,"Fitter 1","Distributor 1",47
2115,2025-04-19,1,"Fitter 1","Distributor 3",44
2116,2025-10-22,2,"Fitter 4","Distributor 2",43
2120,2025-10-10,5,"Fitter 1","Distributor 1",21
2121,2025-06-06,1,"Fitter 3","Distributor 1",18
2122,2026-01-03,7,"Fitter 2","Distributor 3",37
2127,2025-08-29,1,"Fitter 5","Distributor 3",41
2129,2025-04-25,4,"Fitter 4","Distributor 1",18
2132,2025-08-28,3,"Fitter 1","Distributor 2",33
2134,2025-06-23,6,"Fitter 1","Distributor 2",47
2136,2025-04-27,7,"Fitter 3","Distributor 1",11
2137,2025-10-06,2,"Fitter 3","Distributor 2",37
2139,2025-01-27,4,"Fitter 3","Distributor 3",16
2141,2025-01-30,6,"Fitter 4","Distributor 1",32
2144,2025-07-11,3,"Fitter 3","Distributor 1",44
2148,2025-12-18,4,"Fitter 5","Distributor 1",50
2149,2025-12-03,5,"Fitter 5","Distributor 1",12
2154,2025-05-06,6,"Fitter 2","Distributor 1",12
2156,2025-02-21,6,"Fitter 3","Distributor 1",30
2157,2025-09-10,1,"Fitter 5","Distributor 1",40
2158,2025-03-25,1,"Fitter 4","Distributor 2",25
2159,2025-05-08,7,"Fitter 3","Distributor 3",25
2160,2025-09-16,2,"Fitter 3","Distributor 2",49
2162,2025-11-20,6,"Fitter 5","Distributor 1",46
2167,2025-09-10,5,"Fitter 2","Distributor 1",23
2168,2025-10-19,4,"Fitter 5","Distributor 2",47
2169,2025-09-09,1,"Fitter 3","Distributor 3",38
2170,2025-05-21,1,"Fitter 2","Distributor 2",28
2173,2025-04-25,1,"Fitter 5","Distributor 2",11
2176,2025-07-20,3,"Fitter 1","Distributor 2",10
2177,2025-01-31,5,"Fitter 5","Distributor 2",14
2180,2025-05-26,6,"Fitter 2","Distributor 3",44
2182,2025-07-13,1,"Fitter 2","Distributor 3",50
2186,2025-03-01,6,"Fitter 3","Distributor 1",25
2187,2025-03-31,4,"Fitter 3","Distributor 3",39
2188,2025-12-22,7,"Fitter 2","Distributor 1",28
2189,2025-08-27,1,"Fitter 5","Distributor 1",21
2191,2025-07-22,5,"Fitter 4","Distributor 3",19
2194,2025-03-13,3,"Fitter 5","Distributor 1",10
2195,2025-06-14,4,"Fitter 1","Distributor 2",48
2196,2025-10-01,4,"Fitter 4","Distributor 2",49
2198,2025-09-13,5,"Fitter 5","Distributor 1",13
2200,2025-10-27,1,"Fitter 4","Distributor 2",12
2201,2025-08-17,6,"Fitter 1","Distributor 2",28
2204,2025-05-09,7,"Fitter 3","Distributor 2",43
2205,2025-07-14,3,"Fitter 5","Distributor 3",47
2206,2025-03-19,5,"Fitter 3","Distributor 2",20
2208,2025-05-30,6,"Fitter 3","Distributor 3",11
2213,2025-04-03,1,"Fitter 5","Distributor 1",14
2215,2025-01-17,5,"Fitter 3","Distributor 3",33
2216,2025-05-29,1,"Fitter 5","Distributor 1",41
2217,2025-02-26,5,"Fitter 5","Distributor 2",14
2218,2025-05-02,3,"Fitter 1","Distributor 1",25
2220,2025-03-15,7,"Fitter 5","Distributor 2",49
2221,2025-02-05,5,"Fitter 5","Distributor 3",34
2227,2025-07-20,3,"Fitter 4","Distributor 3",42
2229,2025-02-22,6,"Fitter 1","Distributor 3",22
2231,2025-06-02,4,"Fitter 4","Distributor 1",39
2234,2025-08-08,7,"Fitter 5","Distributor 2",44
2237,2025-04-21,4,"Fitter 2","Distributor 3",21
2238,2025-06-04,5,"Fitter 5","Distributor 2",46
2239,2025-07-27,4,"Fitter 3","Distributor 3",15
2244,2025-12-04,6,"Fitter 2","Distributor 3",17
2245,2026-01-02,6,"Fitter 1","Distributor 3",18
2247,2025-12-04,6,"Fitter 5","Distributor 3",35
2250,2025-12-31,3,"Fitter 4","Distributor 2",49
2253,2025-12-17,7,"Fitter 5","Distributor 3",12
2256,2025-10-05,6,"Fitter 1","Distributor 3",50
2258,2025-05-21,4,"Fitter 1","Distributor 2",30
2259,2025-11-12,7,"Fitter 5","Distributor 3",12
2260,2025-01-16,5,"Fitter 1","Distributor 2",33
2265,2025-09-24,4,"Fitter 3","Distributor 3",15
2269,2025-12-12,7,"Fitter 4","Distributor 3",25
2270,2025-03-24,2,"Fitter 5","Distributor 1",25
2271,2025-12-20,5,"Fitter 2","Distributor 3",31
2272,2025-03-27,1,"Fitter 1","Distributor 2",23
2273,2025-01-13,5,"Fitter 3","Distributor 2",27
2277,2025-03-30,1,"Fitter 4","Distributor 3",19
2280,2025-10-18,7,"Fitter 3","Distributor 3",50
2283,2025-11-21,3,"Fitter 1","Distributor 1",28
2285,2025-02-20,6,"Fitter 1","Distributor 3",20
2289,2025-08-23,1,"Fitter 4","Distributor 1",23
2291,2025-02-07,7,"Fitter 1","Distributor 1",12
2292,2025-12-17,5,"Fitter 2","Distributor 3",17
2294,2025-05-17,7,"Fitter 5","Distributor 1",26
2296,2025-04-23,2,"Fitter 1","Distributor 3",18
2297,2025-06-20,2,"Fitter 1","Distributor 2",39
2298,2025-02-03,3,"Fitter 3","Distributor 2",11
2303,2026-01-02,7,"Fitter 1","Distributor 1",37
2304,2025-02-16,4,"Fitter 4","Distributor 2",28
2307,2025-09-19,4,"Fitter 2","Distributor 1",21
2308,2025-09-15,4,"Fitter 3","Distributor 3",26
2309,2025-08-09,4,"Fitter 1","Distributor 3",37
2310,2025-05-05,3,"Fitter 5","Distributor 3",15
2315,2025-07-18,6,"Fitter 1","Distributor 2",43
2316,2025-09-09,6,"Fitter 3","Distributor 1",20
2318,2025-02-24,7,"Fitter 1","Distributor 2",36
2319,2025-11-07,6,"Fitter 5","Distributor 1",26
2320,2025-01-31,2,"Fitter 4","Distributor 2",10
2321,2025-03-08,4,"Fitter 1","Distributor 1",27
2322,2025-09-17,5,"Fitter 2","Distributor 3",16
2324,2025-11-09,4,"Fitter 4","Distributor 2",39
2325,2025-02-24,3,"Fitter 3","Distributor 1",14
2326,2025-08-02,6,"Fitter 4","Distributor 3",13
2329,2025-11-11,1,"Fitter 1","Distributor 2",21
2330,2025-11-10,2,"Fitter 5","Distributor 3",48
2331,2025-08-18,1,"Fitter 3","Distributor 2",21
2333,2025-08-10,7,"Fitter 4","Distributor 2",21
2334,2025-03-06,6,"Fitter 3","Distributor 2",25
2337,2025-03-14,2,"Fitter 2","Distributor 3",47
2340,2025-07-20,4,"Fitter 1","Distributor 3",49
2343,2025-10-04,3,"Fitter 3","Distributor 1",50
2348,2025-08-29,2,"Fitter 2","Distributor 3",39
2352,2025-07-05,4,"Fitter 3","Distributor 1",20
2354,2025-04-25,4,"Fitter 4","Distributor 2",42
2357,2025-05-19,3,"Fitter 1","Distributor 1",37
2359,2025-12-15,1,"Fitter 1","Distributor 2",15
2360,2025-06-23,4,"Fitter 1","Distributor 2",15
2361,2025-08-01,2,"Fitter 3","Distributor 3",26
2363,2025-12-23,2,"Fitter 3","Distributor 3",28
2365,2025-08-17,4,"Fitter 5","Distributor 3",38
2366,2025-07-02,6,"Fitter 4","Distributor 2",49
2371,2025-04-21,1,"Fitter 1","Distributor 1",44
2372,2025-05-21,1,"Fitter 3","Distributor 2",29
2374,2025-10-15,3,"Fitter 5","Distributor 1",21
2375,2025-04-23,4,"Fitter 4","Distributor 1",20
2378,2025-12-05,5,"Fitter 5","Distributor 2",41
2381,2025-08-11,5,"Fitter 2","Distributor 2",16
2382,2025-10-16,6,"Fitter 3","Distributor 1",26
2388,2025-04-29,3,"Fitter 3","Distributor 1",45
2393,2025-07-16,7,"Fitter 3","Distributor 2",36
2395,2025-12-12,7,"Fitter 2","Distributor 1",22
2396,2025-08-30,1,"Fitter 4","Distributor 2",19
2398,2025-08-29,2,"Fitter 1","Distributor 3",10
2401,2025-04-25,2,"Fitter 5","Distributor 2",46
2405,2025-08-31,6,"Fitter 4","Distributor 1",15
2406,2025-11-12,6,"Fitter 3","Distributor 3",41
2410,2025-10-28,7,"Fitter 2","Distributor 3",41
2415,2025-12-18,1,"Fitter 3","Distributor 3",32
2417,2025-12-04,1,"Fitter 1","Distributor 2",45
2418,2025-10-29,7,"Fitter 3","Distributor 2",12
2421,2025-11-04,3,"Fitter 1","Distributor 2",10
2426,2025-09-27,1,"Fitter 4","Distributor 1",34
2427,2025-02-12,6,"Fitter 5","Distributor 2",13
2429,2025-06-19,3,"Fitter 2","Distributor 3",38
2431,2025-06-20,2,"Fitter 2","Distributor 1",25
2433,2025-09-12,2,"Fitter 3","Distributor 2",24
2434,2025-04-24,2,"Fitter 1","Distributor 3",44
2435,2025-08-26,7,"Fitter 3","Distributor 2",33
2437,2025-07-27,1,"Fitter 5","Distributor 3",23
2440,2025-11-19,3,"Fitter 5","Distributor 2",46
2445,2025-05-15,5,"Fitter 5","Distributor 1",44
2446,2025-04-05,7,"Fitter 4","Distributor 3",12
2451,2025-06-26,4,"Fitter 1","Distributor 2",44
2452,2025-11-03,1,"Fitter 1","Distributor 1",39
2454,2025-05-28,4,"Fitter 5","Distributor 1",13
2460,2025-10-29,7,"Fitter 2","Distributor 3",44
2462,2025-03-22,3,"Fitter 4","Distributor 3",46
2464,2025-08-28,3,"Fitter 5","Distributor 3",44
2466,2025-09-21,7,"Fitter 2","Distributor 2",28
2468,2025-12-26,2,"Fitter 5","Distributor 2",49
2479,2025-06-22,7,"Fitter 5","Distributor 3",17
2481,2025-11-25,3,"Fitter 5","Distributor 2",24
2487,2025-04-05,1,"Fitter 2","Distributor 2",33
2489,2025-09-02,6,"Fitter 4","Distributor 2",36
2490,2025-10-07,5,"Fitter 1","Distributor 2",15
2491,2025-04-26,6,"Fitter 4","Distributor 1",22
2495,2025-05-18,4,"Fitter 2","Distributor 3",35
2497,2025-02-18,5,"Fitter 5","Distributor 1",38
2498,2025-01-15,7,"Fitter 4","Distributor 2",12
2500,2025-05-28,5,"Fitter 5","Distributor 1",30
2501,2025-08-20,7,"Fitter 1","Distributor 3",49
2504,2025-07-29,6,"Fitter 4","Distributor 3",44
2508,2025-04-21,6,"Fitter 1","Distributor 2",41
2509,2025-06-10,5,"Fitter 5","Distributor 2",22
2510,2025-01-12,5,"Fitter 2","Distributor 1",21
2511,2025-03-29,2,"Fitter 5","Distributor 2",19
2512,2025-06-01,3,"Fitter 1","Distributor 3",42
2513,2025-03-03,7,"Fitter 5","Distributor 3",28
2514,2025-11-28,5,"Fitter 2","Distributor 3",34
2515,2025-09-19,7,"Fitter 3","Distributor 1",11
2517,2025-05-30,5,"Fitter 2","Distributor 2",16
2519,2025-02-23,7,"Fitter 5","Distributor 1",19
2520,2025-09-26,4,"Fitter 2","Distributor 3",41
2525,2026-01-08,6,"Fitter 3","Distributor 2",47
2526,2025-10-25,4,"Fitter 1","Distributor 1",39
2528,2025-02-18,2,"Fitter 5","Distributor 3",48
2531,2025-06-08,3,"Fitter 5","Distributor 2",10
2532,2025-05-09,5,"Fitter 5","Distributor 2",44
2535,2026-01-02,2,"Fitter 4","Distributor 1",46
2536,2025-08-08,6,"Fitter 3","Distributor 3",10
2538,2025-07-23,1,"Fitter 2","Distributor 3",19
2539,2025-06-27,4,"Fitter 1","Distributor 1",50
2541,2025-04-13,4,"Fitter 4","Distributor 2",21
2542,2025-03-01,5,"Fitter 1","Distributor 2",37
2545,2025-04-17,4,"Fitter 4","Distributor 2",42
2548,2025-04-24,7,"Fitter 3","Distributor 1",38
2550,2025-11-25,7,"Fitter 2","Distributor 1",27
2555,2025-09-28,4,"Fitter 4","Distributor 1",16
2562,2025-10-21,5,"Fitter 3","Distributor 3",45
2563,2025-05-02,5,"Fitter 5","Distributor 3",40
2564,2025-03-10,7,"Fitter 2","Distributor 1",19
2570,2025-03-31,7,"Fitter 3","Distributor 2",27
2572,2025-03-17,7,"Fitter 1","Distributor 1",43
2573,2025-12-05,5,"Fitter 4","Distributor 3",30
2574,2025-04-26,5,"Fitter 3","Distributor 2",26
2576,2025-01-29,2,"Fitter 4","Distributor 1",44
2577,2025-08-24,6,"Fitter 5","Distributor 2",26
2578,2025-07-13,4,"Fitter 5","Distributor 1",13
2580,2025-05-28,1,"Fitter 2","Distributor 3",24
2581,2025-05-16,1,"Fitter 5","Distributor 3",35
2582,2025-07-25,2,"Fitter 5","Distributor 1",18
2586,2025-04-06,2,"Fitter 1","Distributor 2",11
2587,2025-10-11,1,"Fitter 3","Distributor 1",39
2589,2025-02-18,3,"Fitter 1","Distributor 3",42
2590,2025-07-31,1,"Fitter 2","Distributor 3",20
2592,2025-03-26,5,"Fitter 2","Distributor 2",24
2593,2025-12-28,5,"Fitter 3","Distributor 1",15
2594,2025-12-12,1,"Fitter 2","Distributor 2",47
2597,2025-03-29,7,"Fitter 2","Distributor 2",15
2602,2025-08-13,5,"Fitter 3","Distributor 3",20
2603,2025-04-14,6,"Fitter 2","Distributor 1",30
2606,2025-03-31,3,"Fitter 5","Distributor 2",15
2611,2026-01-04,4,"Fitter 5","Distributor 2",35
2613,2025-12-19,4,"Fitter 1","Distributor 1",24
2615,2025-05-09,6,"Fitter 4","Distributor 2",23
2616,2025-08-18,6,"Fitter 4","Distributor 2",37
2622,2025-01-25,1,"Fitter 4","Distributor 3",26
2623,2025-08-02,1,"Fitter 2","Distributor 3",31
2625,2025-06-07,6,"Fitter 2","Distributor 3",20
2627,2025-02-16,6,"Fitter 2","Distributor 3",35
2635,2025-02-18,6,"Fitter 1","Distributor 1",44
2636,2025-09-27,3,"Fitter 3","Distributor 1",36
2639,2025-12-21,2,"Fitter 3","Distributor 3",15
2640,2025-07-23,7,"Fitter 1","Distributor 1",41
2645,2025-11-24,1,"Fitter 3","Distributor 2",43
2652,2025-08-05,1,"Fitter 3","Distributor 1",19
2654,2025-04-29,7,"Fitter 1","Distributor 2",49
2655,2025-05-06,5,"Fitter 5","Distributor 3",40
2656,2025-11-19,7,"Fitter 4","Distributor 2",50
2659,2025-09-25,2,"Fitter 2","Distributor 3",15
2661,2026-01-08,6,"Fitter 2","Distributor 2",30
2666,2025-04-05,6,"Fitter 2","Distributor 2",49
2667,2026-01-08,4,"Fitter 4","Distributor 2",45
2670,2025-12-30,7,"Fitter 4","Distributor 2",37
2672,2025-01-16,5,"Fitter 3","Distributor 1",21
2673,2025-07-01,6,"Fitter 3","Distributor 1",42
2674,2025-03-18,4,"Fitter 3","Distributor 2",15
2675,2025-09-02,5,"Fitter 5","Distributor 3",21
2676,2025-09-17,4,"Fitter 3","Distributor 3",42
2679,2025-12-17,2,"Fitter 1","Distributor 3",48
2683,2025-04-30,2,"Fitter 5","Distributor 1",49
2684,2025-09-07,4,"Fitter 2","Distributor 1",22
2686,2025-07-24,7,"Fitter 3","Distributor 2",15
2687,2025-04-16,6,"Fitter 2","Distributor 3",45
2692,2025-07-09,2,"Fitter 3","Distributor 2",14
2693,2025-12-04,6,"Fitter 5","Distributor 3",37
2694,2025-10-31,4,"Fitter 2","Distributor 1",41
2698,2025-04-03,7,"Fitter 1","Distributor 2",40
2699,2025-02-21,1,"Fitter 5","Distributor 3",33
2703,2025-02-09,4,"Fitter 1","Distributor 1",24
2704,2025-04-23,5,"Fitter 5","Distributor 2",47
2711,2025-10-17,6,"Fitter 5","Distributor 3",44
2713,2025-10-04,5,"Fitter 1","Distributor 2",46
2714,2025-08-30,4,"Fitter 5","Distributor 2",28
2716,2025-08-14,1,"Fitter 4","Distributor 2",32
2721,2025-07-29,6,"Fitter 5","Distributor 2",28
2723,2025-12-24,3,"Fitter 5","Distributor 3",46
2724,2025-12-25,1,"Fitter 2","Distributor 1",10
2725,2025-07-13,3,"Fitter 1","Distributor 3",41
2726,2025-07-03,1,"Fitter 5","Distributor 1",28
2727,2025-01-20,7,"Fitter 5","Distributor 3",41
2728,2025-01-18,7,"Fitter 4","Distributor 2",31
2732,2025-05-08,4,"Fitter 1","Distributor 2",14
2733,2025-12-02,2,"Fitter 1","Distributor 3",34
2735,2025-08-25,2,"Fitter 1","Distributor 2",29
2737,2025-10-26,3,"Fitter 2","Distributor 2",14
2738,2025-06-04,7,"Fitter 4","Distributor 3",35
2740,2025-08-20,4,"Fitter 4","Distributor 1",25
2743,2025-12-19,6,"Fitter 4","Distributor 1",38
2744,2025-10-10,7,"Fitter 2","Distributor 2",30
2745,2025-12-01,6,"Fitter 4","Distributor 1",31
2747,2025-05-04,4,"Fitter 1","Distributor 2",47
2749,2026-01-08,1,"Fitter 2","Distributor 1",25
2750,2025-06-28,3,"Fitter 2","Distributor 3",40
2752,2025-04-21,3,"Fitter 4","Distributor 1",37
2753,2025-10-07,7,"Fitter 3","Distributor 2",35
2754,2025-04-24,6,"Fitter 4","Distributor 2",37
2757,2025-07-25,1,"Fitter 5","Distributor 3",43
2758,2025-11-30,3,"Fitter 1","Distributor 2",32
2760,2025-04-06,6,"Fitter 5","Distributor 3",21
2761,2025-09-06,5,"Fitter 5","Distributor 2",47
2764,2025-02-27,6,"Fitter 5","Distributor 1",44
2767,2025-10-28,4,"Fitter 1","Distributor 3",16
2768,2025-07-13,6,"Fitter 5","Distributor 1",26
2769,2025-04-10,3,"Fitter 1","Distributor 2",21
2771,2025-05-07,4,"Fitter 5","Distributor 1",50
2773,2025-03-17,1,"Fitter 1","Distributor 3",17
2775,2025-08-18,6,"Fitter 5","Distributor 3",19
2776,2025-06-09,3,"Fitter 2","Distributor 2",48
2777,2025-08-08,2,"Fitter 2","Distributor 3",44
2778,2026-01-04,4,"Fitter 1","Distributor 1",12
2779,2025-10-13,6,"Fitter 1","Distributor 3",26
2782,2025-02-16,5,"Fitter 4","Distributor 3",48
2785,2025-12-16,5,"Fitter 3","Distributor 2",26
2788,2025-05-15,2,"Fitter 2","Distributor 3",27
2790,2025-03-30,7,"Fitter 3","Distributor 3",11
2792,2025-07-07,3,"Fitter 2","Distributor 2",24
2795,2025-01-16,3,"Fitter 2","Distributor 1",12
2798,2025-11-16,3,"Fitter 4","Distributor 3",27
2800,2025-05-01,6,"Fitter 3","Distributor 2",45
2802,2025-10-05,3,"Fitter 1","Distributor 1",39
2806,2025-09-05,6,"Fitter 1","Distributor 2",37
2808,2025-02-19,6,"Fitter 5","Distributor 1",27
2809,2025-02-04,4,"Fitter 5","Distributor 2",31
2810,2025-12-23,1,"Fitter 4","Distributor 2",23
2811,2025-04-20,3,"Fitter 4","Distributor 3",10
2813,2025-10-29,1,"Fitter 5","Distributor 2",17
2815,2025-07-16,1,"Fitter 4","Distributor 1",16
2817,2025-11-04,2,"Fitter 3","Distributor 2",27
2818,2025-12-08,7,"Fitter 1","Distributor 1",19
2821,2025-08-15,5,"Fitter 5","Distributor 1",11
2822,2025-06-27,6,"Fitter 2","Distributor 2",15
2823,2025-08-26,6,"Fitter 2","Distributor 3",31
2824,2025-12-31,7,"Fitter 5","Distributor 3",42
2828,2025-06-15,5,"Fitter 1","Distributor 2",45
2832,2025-02-09,5,"Fitter 5","Distributor 1",23
2834,2025-03-28,7,"Fitter 1","Distributor 2",46
2835,2025-11-12,4,"Fitter 4","Distributor 1",41
2836,2025-06-05,7,"Fitter 5","Distributor 2",20
2837,2025-02-20,3,"Fitter 1","Distributor 1",47
2838,2026-01-07,4,"Fitter 1","Distributor 3",25
2839,2025-10-17,2,"Fitter 4","Distributor 3",47
2842,2025-04-14,1,"Fitter 1","Distributor 2",38
2843,2025-02-19,1,"Fitter 2","Distributor 1",26
2846,2025-01-21,7,"Fitter 1","Distributor 1",44
2848,2025-07-13,2,"Fitter 4","Distributor 1",20
2849,2025-07-29,3,"Fitter 4","Distributor 1",31
2850,2025-08-15,5,"Fitter 1","Distributor 2",35
2851,2025-05-17,7,"Fitter 4","Distributor 1",11
2852,2025-02-11,2,"Fitter 1","Distributor 3",49
2859,2025-01-31,1,"Fitter 2","Distributor 2",34
2862,2025-07-17,3,"Fitter 2","Distributor 3",48
2863,2025-06-22,2,"Fitter 1","Distributor 1",30
2866,2025-01-22,5,"Fitter 3","Distributor 3",17
2869,2026-01-10,1,"Fitter 5","Distributor 3",21
2871,2025-07-11,1,"Fitter 5","Distributor 3",12
2874,2025-08-04,5,"Fitter 5","Distributor 1",43
2876,2025-06-12,3,"Fitter 2","Distributor 3",50
2878,2026-01-06,4,"Fitter 5","Distributor 3",12
2881,2025-03-17,2,"Fitter 2","Distributor 2",14
2882,2025-12-31,6,"Fitter 3","Distributor 3",17
2888,2025-03-15,5,"Fitter 5","Distributor 3",39
2889,2025-09-16,4,"Fitter 1","Distributor 1",33
2892,2025-11-23,5,"Fitter 5","Distributor 1",48
2893,2025-06-30,3,"Fitter 5","Distributor 1",26
2894,2025-07-01,6,"Fitter 5","Distributor 2",28
2895,2025-04-09,3,"Fitter 2","Distributor 1",41
2896,2025-10-12,3,"Fitter 5","Distributor 2",46
2897,2025-03-03,1,"Fitter 5","Distributor 3",13
2898,2025-06-28,5,"Fitter 3","Distributor 2",39
2899,2025-02-23,1,"Fitter 4","Distributor 3",46
2900,2025-08-23,5,"Fitter 2","Distributor 1",13
2903,2025-12-14,3,"Fitter 4","Distributor 1",44
2904,2025-03-02,2,"Fitter 3","Distributor 3",36
2907,2025-04-12,1,"Fitter 1","Distributor 2",38
2908,2025-03-06,1,"Fitter 3","Distributor 3",49
2912,2025-08-08,3,"Fitter 4","Distributor 3",21
2913,2025-08-11,7,"Fitter 1","Distributor 3",20
2914,2025-03-05,3,"Fitter 3","Distributor 3",33
2915,2025-08-07,5,"Fitter 5","Distributor 2",32
2920,2025-04-20,2,"Fitter 4","Distributor 1",25
2922,2025-09-11,3,"Fitter 1","Distributor 2",33
2923,2025-05-04,4,"Fitter 3","Distributor 1",32
2924,2025-08-02,5,"Fitter 5","Distributor 3",46
2926,2025-06-11,7,"Fitter 5","Distributor 3",41
2927,2025-03-24,4,"Fitter 3","Distributor 3",43
2929,2025-03-22,7,"Fitter 2","Distributor 2",28
2931,2025-04-10,7,"Fitter 4","Distributor 3",44
2932,2025-09-16,7,"Fitter 1","Distributor 1",16
2935,2025-04-14,5,"Fitter 1","Distributor 1",16
2937,2025-09-20,3,"Fitter 3","Distributor 2",45
2940,2025-05-13,1,"Fitter 1","Distributor 3",16
2947,2025-09-22,3,"Fitter 5","Distributor 3",49
2948,2025-10-24,3,"Fitter 3","Distributor 1",42
2949,2025-06-21,5,"Fitter 2","Distributor 1",37
2953,2025-01-23,6,"Fitter 1","Distributor 2",36
2956,2025-06-29,2,"Fitter 5","Distributor 2",39
2957,2025-02-12,2,"Fitter 3","Distributor 1",25
2958,2025-04-28,2,"Fitter 4","Distributor 1",47
2959,2025-06-03,7,"Fitter 4","Distributor 3",12
2960,2025-03-07,3,"Fitter 5","Distributor 2",44
2963,2025-02-21,7,"Fitter 1","Distributor 3",10
2964,2025-12-12,2,"Fitter 3","Distributor 2",37
2965,2026-01-02,5,"Fitter 4","Distributor 3",27
2966,2025-10-01,4,"Fitter 2","Distributor 3",47
2968,2025-06-04,5,"Fitter 1","Distributor 1",22
2969,2025-10-31,6,"Fitter 5","Distributor 3",46
2970,2025-05-07,1,"Fitter 1","Distributor 3",24
2971,2025-02-02,2,"Fitter 5","Distributor 1",33
2973,2025-10-18,7,"Fitter 3","Distributor 1",10
2978,2025-05-24,5,"Fitter 5","Distributor 1",21
2982,2025-05-30,2,"Fitter 3","Distributor 1",42
2983,2025-05-13,7,"Fitter 3","Distributor 3",10
2984,2025-05-30,7,"Fitter 4","Distributor 1",35
2985,2025-03-02,6,"Fitter 5","Distributor 3",45
2991,2025-10-12,7,"Fitter 3","Distributor 2",22
2993,2025-04-01,6,"Fitter 3","Distributor 1",43
2996,2025-08-11,7,"Fitter 1","Distributor 1",44
3004,2025-04-29,1,"Fitter 4","Distributor 1",29
3005,2025-07-25,5,"Fitter 5","Distributor 2",45
3006,2025-12-02,7,"Fitter 2","Distributor 1",42
3008,2025-10-31,7,"Fitter 2","Distributor 1",28
3009,2025-07-20,5,"Fitter 5","Distributor 1",34
3010,2025-08-24,7,"Fitter 5","Distributor 3",18
3014,2025-03-16,4,"Fitter 2","Distributor 1",16
3018,2025-11-17,7,"Fitter 2","Distributor 2",33
3021,2025-05-11,6,"Fitter 4","Distributor 2",32
3022,2025-05-13,1,"Fitter 4","Distributor 3",32
3023,2025-02-09,6,"Fitter 1","Distributor 3",21
3024,2025-03-16,5,"Fitter 5","Distributor 2",31
3026,2025-08-02,2,"Fitter 5","Distributor 2",45
3029,2025-11-15,2,"Fitter 5","Distributor 2",30
3035,2025-05-30,2,"Fitter 3","Distributor 2",18
3037,2026-01-03,1,"Fitter 2","Distributor 1",44
3038,2025-11-14,2,"Fitter 3","Distributor 3",34
3039,2025-10-17,3,"Fitter 5","Distributor 1",36
3040,2025-06-16,3,"Fitter 3","Distributor 2",28
3042,2025-05-13,4,"Fitter 5","Distributor 1",24
3043,2025-11-15,4,"Fitter 4","Distributor 3",43
3046,2025-03-22,3,"Fitter 2","Distributor 1",23
3051,2025-02-25,7,"Fitter 1","Distributor 1",13
3053,2025-02-23,4,"Fitter 5","Distributor 3",37
3055,2025-12-20,5,"Fitter 1","Distributor 3",38
3057,2025-07-17,2,"Fitter 5","Distributor 3",50
3058,2025-03-13,3,"Fitter 4","Distributor 3",35
3059,2025-09-30,1,"Fitter 2","Distributor 1",34
3062,2025-10-01,6,"Fitter 5","Distributor 2",11
3067,2025-11-13,2,"Fitter 2","Distributor 1",42
3071,2025-11-09,3,"Fitter 2","Distributor 3",17
3076,2025-06-26,4,"Fitter 4","Distributor 3",21
3079,2025-05-16,4,"Fitter 1","Distributor 3",16
3080,2025-08-06,2,"Fitter 3","Distributor 2",25
3081,2025-09-16,6,"Fitter 4","Distributor 2",44
3083,2025-10-12,2,"Fitter 4","Distributor 2",32
3084,2025-08-24,1,"Fitter 2","Distributor 2",37
3086,2025-04-17,4,"Fitter 3","Distributor 2",46
3087,2025-06-19,3,"Fitter 3","Distributor 1",38
3089,2025-10-18,4,"Fitter 4","Distributor 2",35
3091,2025-05-30,7,"Fitter 4","Distributor 3",15
3093,2025-02-27,1,"Fitter 3","Distributor 2",22
3097,2025-05-31,5,"Fitter 4","Distributor 1",38
3098,2025-06-13,3,"Fitter 2","Distributor 1",19
3100,2025-08-27,4,"Fitter 2","Distributor 1",40
3101,2025-06-07,5,"Fitter 5","Distributor 3",22
3102,2025-07-05,7,"Fitter 3","Distributor 1",32
3105,2025-11-12,5,"Fitter 2","Distributor 2",38
3107,2025-04-24,7,"Fitter 2","Distributor 2",13
3114,2025-04-04,1,"Fitter 5","Distributor 1",37
3116,2025-02-24,1,"Fitter 3","Distributor 1",44
3119,2025-10-04,4,"Fitter 3","Distributor 2",22
3120,2025-07-13,7,"Fitter 5","Distributor 3",36
3122,2025-06-03,4,"Fitter 2","Distributor 1",32
3125,2025-12-28,3,"Fitter 2","Distributor 1",49
3127,2025-09-06,4,"Fitter 4","Distributor 2",31
3128,2025-01-15,3,"Fitter 5","Distributor 3",38
3129,2025-08-01,6,"Fitter 2","Distributor 2",20
3130,2025-07-26,6,"Fitter 1","Distributor 3",41
3132,2025-10-04,6,"Fitter 2","Distributor 3",15
3133,2025-03-13,6,"Fitter 1","Distributor 1",44
3135,2025-04-19,3,"Fitter 2","Distributor 3",44
3136,2025-08-27,1,"Fitter 2","Distributor 1",22
3138,2025-11-28,1,"Fitter 5","Distributor 3",42
3139,2025-08-28,7,"Fitter 5","Distributor 2",16
3141,2025-10-05,2,"Fitter 2","Distributor 2",25
3142,2025-10-09,4,"Fitter 4","Distributor 2",49
3145,2025-06-01,5,"Fitter 4","Distributor 2",34
3148,2025-11-17,3,"Fitter 2","Distributor 3",45
3149,2025-02-01,1,"Fitter 5","Distributor 3",19
3150,2025-12-05,1,"Fitter 2","Distributor 1",44
3153,2025-11-18,1,"Fitter 3","Distributor 1",49
3154,2025-04-27,4,"Fitter 1","Distributor 1",38
3156,2025-05-02,6,"Fitter 3","Distributor 2",10
3158,2025-09-16,5,"Fitter 5","Distributor 2",50
3165,2025-04-15,6,"Fitter 2","Distributor 1",11
3169,2025-01-19,1,"Fitter 4","Distributor 1",16
3170,2025-06-15,7,"Fitter 5","Distributor 2",11
3173,2025-09-05,7,"Fitter 5","Distributor 3",42
3174,2025-02-21,4,"Fitter 1","Distributor 2",13
3175,2025-07-21,1,"Fitter 2","Distributor 1",28
3179,2025-05-22,4,"Fitter 3","Distributor 3",43
3180,2025-01-17,7,"Fitter 5","Distributor 3",32
3182,2025-03-09,6,"Fitter 4","Distributor 3",44
3187,2025-04-29,2,"Fitter 1","Distributor 3",44
3188,2025-05-13,2,"Fitter 4","Distributor 2",25
3189,2025-05-30,6,"Fitter 4","Distributor 3",17
3191,2025-09-01,4,"Fitter 1","Distributor 2",43
3194,2025-03-13,1,"Fitter 3","Distributor 3",49
3196,2025-03-03,1,"Fitter 5","Distributor 2",19
3198,2025-09-19,4,"Fitter 5","Distributor 2",30
3199,2025-09-29,2,"Fitter 3","Distributor 1",49
3200,2025-02-06,6,"Fitter 5","Distributor 1",15
3203,2025-02-13,3,"Fitter 4","Distributor 2",41
3205,2025-10-22,2,"Fitter 4","Distributor 1",25
3208,2025-11-11,2,"Fitter 2","Distributor 1",33
3212,2025-12-26,1,"Fitter 1","Distributor 2",34
3214,2025-02-09,6,"Fitter 2","Distributor 1",23
3216,2025-12-15,7,"Fitter 1","Distributor 3",33
3218,2025-05-19,4,"Fitter 4","Distributor 1",47
3219,2025-12-15,4,"Fitter 2","Distributor 2",21
3221,2025-01-15,1,"Fitter 3","Distributor 1",31
3225,2025-10-19,3,"Fitter 5","Distributor 1",41
3233,2025-12-19,4,"Fitter 1","Distributor 1",17
3236,2025-05-19,4,"Fitter 5","Distributor 1",47
3238,2025-08-12,5,"Fitter 2","Distributor 2",24
3240,2025-06-08,2,"Fitter 1","Distributor 3",15
3242,2025-03-15,2,"Fitter 5","Distributor 2",11
3246,2025-09-26,4,"Fitter 1","Distributor 1",28
3247,2025-02-23,7,"Fitter 2","Distributor 1",25
3248,2025-04-18,5,"Fitter 5","Distributor 1",26
3253,2025-01-23,6,"Fitter 3","Distributor 3",23
3256,2025-11-02,7,"Fitter 2","Distributor 2",40
3258,2025-08-15,3,"Fitter 2","Distributor 2",20
3261,2025-06-30,6,"Fitter 4","Distributor 3",10
3265,2025-03-06,2,"Fitter 2","Distributor 2",13
3267,2025-12-16,3,"Fitter 2","Distributor 1",35
3270,2025-03-15,7,"Fitter 3","Distributor 3",12
3274,2025-02-22,7,"Fitter 5","Distributor 2",45
3275,2025-01-20,7,"Fitter 3","Distributor 1",22
3280,2026-01-11,2,"Fitter 1","Distributor 2",19
3281,2025-10-30,4,"Fitter 4","Distributor 1",31
3282,2025-06-13,4,"Fitter 3","Distributor 3",47
3283,2025-11-26,4,"Fitter 2","Distributor 3",33
3286,2025-08-18,6,"Fitter 2","Distributor 3",24
3287,2025-07-17,6,"Fitter 4","Distributor 3",44
3288,2025-05-09,7,"Fitter 2","Distributor 2",38
3290,2025-06-11,6,"Fitter 1","Distributor 2",19
3291,2025-09-13,5,"Fitter 5","Distributor 3",21
3292,2025-07-06,2,"Fitter 3","Distributor 2",36
3293,2025-02-06,6,"Fitter 1","Distributor 3",29
3294,2025-10-11,7,"Fitter 3","Distributor 2",10
3298,2025-04-08,2,"Fitter 1","Distributor 1",37
3299,2025-09-25,1,"Fitter 4","Distributor 3",36
3300,2025-10-06,4,"Fitter 5","Distributor 3",21
3302,2025-03-12,6,"Fitter 1","Distributor 1",27
3303,2025-11-19,5,"Fitter 5","Distributor 2",41
3304,2025-12-05,5,"Fitter 2","Distributor 2",10
3305,2025-03-17,3,"Fitter 5","Distributor 1",44
3309,2025-08-11,3,"Fitter 4","Distributor 2",49
3311,2025-12-16,7,"Fitter 1","Distributor 1",29
3317,2025-02-19,2,"Fitter 5","Distributor 2",11
3318,2025-12-15,4,"Fitter 2","Distributor 1",34
3320,2025-11-02,3,"Fitter 2","Distributor 3",28
3321,2026-01-01,5,"Fitter 1","Distributor 1",23
3322,2025-07-31,6,"Fitter 3","Distributor 2",22
3324,2025-12-21,2,"Fitter 3","Distributor 1",15
3327,2025-05-18,3,"Fitter 3","Distributor 1",25
3330,2025-08-21,6,"Fitter 3","Distributor 3",49
3331,2025-12-09,4,"Fitter 2","Distributor 3",28
3335,2025-08-17,7,"Fitter 3","Distributor 2",42
3336,2025-08-16,4,"Fitter 4","Distributor 2",25
3341,2025-11-01,7,"Fitter 4","Distributor 3",40
3350,2025-05-31,3,"Fitter 3","Distributor 1",37
3355,2025-02-04,6,"Fitter 3","Distributor 1",37
3356,2025-02-04,5,"Fitter 1","Distributor 2",13
3359,2025-12-14,5,"Fitter 3","Distributor 2",38
3363,2025-02-08,5,"Fitter 2","Distributor 3",17
3369,2025-09-22,7,"Fitter 3","Distributor 1",50
3374,2025-04-29,3,"Fitter 2","Distributor 3",18
3378,2025-03-21,4,"Fitter 5","Distributor 2",21
3379,2025-04-04,7,"Fitter 3","Distributor 1",27
3383,2025-05-28,4,"Fitter 4","Distributor 3",47
3384,2025-08-25,2,"Fitter 1","Distributor 1",17
3387,2025-05-07,6,"Fitter 4","Distributor 2",26
3388,2025-03-29,1,"Fitter 4","Distributor 3",25
3389,2025-10-20,4,"Fitter 3","Distributor 2",29
3390,2025-04-05,1,"Fitter 4","Distributor 3",41
3393,2025-02-02,2,"Fitter 5","Distributor 3",50
3394,2025-02-17,2,"Fitter 5","Distributor 3",22
3396,2025-04-06,4,"Fitter 5","Distributor 1",39
3398,2025-01-21,3,"Fitter 5","Distributor 3",44
3402,2025-12-09,5,"Fitter 2","Distributor 3",37
3403,2026-01-08,7,"Fitter 3","Distributor 3",18
3409,2025-12-26,4,"Fitter 4","Distributor 3",44
3411,2025-03-06,5,"Fitter 1","Distributor 3",27
3412,2025-04-18,2,"Fitter 1","Distributor 2",33
3419,2025-04-11,4,"Fitter 1","Distributor 2",36
3421,2025-11-30,1,"Fitter 2","Distributor 3",26
3423,2025-10-22,4,"Fitter 5","Distributor 1",12
3424,2025-04-21,2,"Fitter 1","Distributor 1",16
3428,2025-06-10,3,"Fitter 3","Distributor 1",14
3429,2025-01-29,1,"Fitter 5","Distributor 1",15
3432,2025-01-18,4,"Fitter 1","Distributor 3",17
3434,2025-10-15,3,"Fitter 5","Distributor 1",36
3435,2025-11-12,7,"Fitter 3","Distributor 3",39
3436,2025-10-27,4,"Fitter 5","Distributor 2",20
3441,2025-05-14,6,"Fitter 1","Distributor 1",16
3447,2025-07-02,5,"Fitter 2","Distributor 1",35
3448,2025-06-09,6,"Fitter 1","Distributor 2",37
3449,2025-01-29,7,"Fitter 5","Distributor 2",46
3452,2025-10-07,6,"Fitter 5","Distributor 1",25
3453,2025-07-10,4,"Fitter 2","Distributor 1",24
3455,2025-03-20,3,"Fitter 4","Distributor 3",18
3456,2025-01-18,1,"Fitter 4","Distributor 3",36
3457,2025-08-28,5,"Fitter 2","Distributor 3",45
3458,2025-12-13,4,"Fitter 4","Distributor 2",47
3459,2025-04-19,2,"Fitter 4","Distributor 3",11
3460,2025-05-06,7,"Fitter 5","Distributor 1",29
3462,2025-12-29,2,"Fitter 3","Distributor 3",24
3467,2025-12-03,3,"Fitter 1","Distributor 1",18
3470,2026-01-01,3,"Fitter 5","Distributor 2",15
3476,2025-09-06,4,"Fitter 3","Distributor 3",43
3478,2025-08-01,6,"Fitter 3","Distributor 3",13
3479,2025-11-06,5,"Fitter 4","Distributor 1",39
3481,2025-10-23,6,"Fitter 4","Distributor 2",11
3482,2025-08-14,3,"Fitter 1","Distributor 1",50
3484,2025-11-18,6,"Fitter 1","Distributor 1",19
3487,2025-07-25,3,"Fitter 1","Distributor 2",13
3492,2025-03-27,7,"Fitter 2","Distributor 1",16
3494,2025-07-15,2,"Fitter 3","Distributor 1",36
3495,2025-08-30,6,"Fitter 4","Distributor 2",22
3501,2025-09-05,3,"Fitter 3","Distributor 2",25
3503,2025-01-24,4,"Fitter 2","Distributor 3",31
3508,2025-01-11,1,"Fitter 4","Distributor 3",39
3511,2025-05-09,4,"Fitter 1","Distributor 2",44
3513,2025-08-23,3,"Fitter 2","Distributor 2",39
3515,2025-06-09,1,"Fitter 3","Distributor 2",12
3520,2025-12-18,1,"Fitter 4","Distributor 2",13
3522,2025-11-18,5,"Fitter 5","Distributor 3",15
3523,2025-12-17,6,"Fitter 2","Distributor 3",16
3524,2025-03-17,5,"Fitter 1","Distributor 3",36
3525,2025-07-25,6,"Fitter 4","Distributor 2",48
3526,2025-01-15,6,"Fitter 2","Distributor 3",14
3527,2025-03-03,7,"Fitter 4","Distributor 3",25
3528,2025-06-16,7,"Fitter 4","Distributor 2",30
3535,2025-04-15,1,"Fitter 1","Distributor 1",20
3537,2025-11-01,3,"Fitter 1","Distributor 3",24
3539,2025-07-19,4,"Fitter 3","Distributor 2",22
3542,2025-03-09,5,"Fitter 3","Distributor 3",33
3543,2025-08-21,3,"Fitter 5","Distributor 3",40
3546,2025-06-21,4,"Fitter 5","Distributor 1",48
3550,2025-09-24,4,"Fitter 4","Distributor 3",40
3551,2025-06-20,5,"Fitter 2","Distributor 2",25
3552,2025-12-15,3,"Fitter 2","Distributor 1",23
3554,2026-01-01,7,"Fitter 2","Distributor 3",40
3556,2025-03-21,2,"Fitter 2","Distributor 1",21
3560,2025-07-05,1,"Fitter 1","Distributor 2",50
3564,2025-10-25,6,"Fitter 4","Distributor 2",11
3566,2025-08-12,6,"Fitter 5","Distributor 2",12
3568,2025-12-24,4,"Fitter 3","Distributor 2",39
3569,2025-07-29,3,"Fitter 4","Distributor 3",12
3571,2025-01-20,4,"Fitter 4","Distributor 1",36
3573,2025-10-08,1,"Fitter 3","Distributor 3",12
3574,2025-08-16,4,"Fitter 4","Distributor 1",30
3575,2025-09-22,2,"Fitter 2","Distributor 3",46
3576,2025-03-27,7,"Fitter 2","Distributor 2",50
3581,2025-12-11,3,"Fitter 5","Distributor 1",34
3582,2025-10-20,6,"Fitter 3","Distributor 3",14
3583,2025-09-24,4,"Fitter 5","Distributor 1",35
3584,2025-11-22,1,"Fitter 4","Distributor 2",41
3587,2025-04-30,1,"Fitter 4","Distributor 3",45
3589,2025-10-23,6,"Fitter 2","Distributor 2",31
3593,2025-09-18,7,"Fitter 4","Distributor 1",46
3594,2025-07-05,3,"Fitter 4","Distributor 2",29
3596,2025-11-06,5,"Fitter 1","Distributor 1",37
3598,2025-01-27,4,"Fitter 1","Distributor 1",33
3601,2025-07-22,6,"Fitter 5","Distributor 1",43
3604,2025-10-15,1,"Fitter 2","Distributor 1",33
3607,2025-07-31,5,"Fitter 5","Distributor 3",28
3608,2025-12-13,1,"Fitter 1","Distributor 1",45
3612,2025-12-02,1,"Fitter 1","Distributor 1",49
3613,2025-11-17,1,"Fitter 3","Distributor 2",43
3614,2025-11-05,5,"Fitter 2","Distributor 3",41
3618,2025-01-27,3,"Fitter 4","Distributor 2",16
3619,2025-11-08,4,"Fitter 5","Distributor 3",15
3620,2025-04-26,4,"Fitter 4","Distributor 1",16
3621,2025-03-02,1,"Fitter 1","Distributor 1",43
3622,2025-01-22,6,"Fitter 3","Distributor 3",28
3623,2025-02-21,2,"Fitter 3","Distributor 2",48
3625,2025-09-26,4,"Fitter 1","Distributor 1",24
3626,2025-11-05,5,"Fitter 1","Distributor 2",45
3628,2025-02-26,4,"Fitter 2","Distributor 3",12
3630,2025-11-11,2,"Fitter 4","Distributor 3",46
3635,2025-03-01,1,"Fitter 5","Distributor 2",29
3639,2025-07-11,3,"Fitter 4","Distributor 3",29
3644,2025-07-28,2,"Fitter 1","Distributor 2",39
3648,2026-01-04,2,"Fitter 1","Distributor 3",45
3650,2025-12-26,4,"Fitter 3","Distributor 1",29
3652,2025-08-14,6,"Fitter 4","Distributor 2",36
3658,2025-03-05,1,"Fitter 5","Distributor 1",20
3659,2025-06-01,7,"Fitter 5","Distributor 1",49
3660,2025-05-14,5,"Fitter 4","Distributor 2",35
3662,2025-03-15,4,"Fitter 2","Distributor 3",34
3663,2025-05-22,5,"Fitter 1","Distributor 2",11
3665,2025-06-22,5,"Fitter 4","Distributor 2",49
3667,2025-06-24,2,"Fitter 1","Distributor 2",45
3673,2025-01-23,7,"Fitter 5","Distributor 2",29
3676,2025-03-21,3,"Fitter 2","Distributor 3",25
3677,2025-12-18,1,"Fitter 5","Distributor 3",41
3678,2025-03-31,2,"Fitter 1","Distributor 1",18
3679,2025-04-21,5,"Fitter 2","Distributor 2",50
3681,2025-08-17,2,"Fitter 2","Distributor 2",46
3682,2025-02-05,7,"Fitter 1","Distributor 1",36
3690,2025-07-11,2,"Fitter 5","Distributor 2",15
3691,2025-10-24,1,"Fitter 2","Distributor 1",44
3692,2025-10-15,5,"Fitter 4","Distributor 2",18
3694,2025-12-31,7,"Fitter 5","Distributor 3",43
3695,2025-06-29,1,"Fitter 5","Distributor 2",34
3702,2025-07-01,4,"Fitter 5","Distributor 2",21
3703,2025-11-03,5,"Fitter 1","Distributor 2",37
3704,2025-05-26,7,"Fitter 4","Distributor 3",36
3711,2025-11-27,2,"Fitter 2","Distributor 1",31
3712,2025-04-30,1,"Fitter 1","Distributor 3",30
3714,2025-02-25,5,"Fitter 5","Distributor 3",22
3715,2025-01-17,2,"Fitter 5","Distributor 3",33
3716,2025-10-17,6,"Fitter 2","Distributor 1",40
3719,2025-06-06,7,"Fitter 2","Distributor 2",48
3721,2025-05-11,7,"Fitter 3","Distributor 1",10
3725,2025-04-21,4,"Fitter 4","Distributor 1",16
3727,2025-08-12,6,"Fitter 1","Distributor 3",10
3728,2025-06-12,2,"Fitter 2","Distributor 3",44
3731,2026-01-07,7,"Fitter 2","Distributor 2",37
3734,2025-08-23,1,"Fitter 3","Distributor 3",45
3736,2025-10-02,3,"Fitter 1","Distributor 2",29
3737,2025-08-17,7,"Fitter 2","Distributor 2",41
3742,2025-04-18,3,"Fitter 2","Distributor 3",11
3743,2025-08-11,5,"Fitter 5","Distributor 3",10
3750,2025-09-17,4,"Fitter 4","Distributor 2",11
3751,2025-12-19,5,"Fitter 5","Distributor 1",29
3752,2025-09-12,3,"Fitter 4","Distributor 2",31
3757,2025-12-31,3,"Fitter 2","Distributor 1",44
3758,2025-08-06,3,"Fitter 4","Distributor 3",43
3764,2025-12-06,5,"Fitter 2","Distributor 1",31
3765,2025-10-30,2,"Fitter 4","Distributor 1",23
3771,2025-06-05,4,"Fitter 3","Distributor 3",22
3773,2025-11-15,5,"Fitter 2","Distributor 3",18
3775,2025-04-07,4,"Fitter 2","Distributor 3",18
3778,2025-01-27,4,"Fitter 3","Distributor 2",37
3781,2025-01-13,7,"Fitter 2","Distributor 1",28
3784,2025-06-30,5,"Fitter 1","Distributor 2",34
3785,2025-05-08,2,"Fitter 2","Distributor 1",13
3787,2025-10-20,4,"Fitter 4","Distributor 1",19
3788,2025-03-30,5,"Fitter 5","Distributor 3",14
3789,2025-02-23,3,"Fitter 3","Distributor 2",28
3790,2025-12-08,6,"Fitter 1","Distributor 1",41
3791,2025-01-20,1,"Fitter 2","Distributor 1",11
3800,2025-08-29,4,"Fitter 3","Distributor 1",12
3801,2025-02-04,6,"Fitter 3","Distributor 3",40
3805,2025-12-27,6,"Fitter 2","Distributor 2",17
3806,2025-12-15,2,"Fitter 2","Distributor 1",32
3808,2025-07-21,4,"Fitter 1","Distributor 1",38
3809,2025-02-11,5,"Fitter 1","Distributor 1",10
3814,2025-07-27,3,"Fitter 4","Distributor 3",49
3815,2025-11-16,7,"Fitter 4","Distributor 3",16
3824,2025-03-07,4,"Fitter 5","Distributor 1",22
3826,2025-03-17,2,"Fitter 4","Distributor 1",35
3827,2025-07-10,4,"Fitter 4","Distributor 3",48
3829,2025-02-09,2,"Fitter 1","Distributor 2",21
3831,2025-10-11,4,"Fitter 2","Distributor 1",35
3833,2025-03-25,7,"Fitter 5","Distributor 3",31
3834,2025-01-11,5,"Fitter 5","Distributor 2",44
3836,2025-12-12,7,"Fitter 3","Distributor 2",13
3838,2025-12-08,1,"Fitter 1","Distributor 3",37
3841,2025-07-08,1,"Fitter 2","Distributor 3",39
3842,2025-02-06,6,"Fitter 2","Distributor 2",26
3844,2025-04-04,5,"Fitter 4","Distributor 1",22
3846,2025-10-23,2,"Fitter 3","Distributor 2",18
3848,2025-08-29,2,"Fitter 1","Distributor 1",32
3850,2025-08-25,6,"Fitter 1","Distributor 3",37
3851,2025-08-08,1,"Fitter 3","Distributor 2",11
3852,2025-07-18,1,"Fitter 3","Distributor 1",42
3853,2025-07-14,3,"Fitter 2","Distributor 1",31
3858,2025-09-14,3,"Fitter 5","Distributor 1",12
3860,2025-05-12,4,"Fitter 3","Distributor 2",28
3863,2025-08-05,3,"Fitter 5","Distributor 1",50
3869,2025-09-04,6,"Fitter 2","Distributor 2",23
3871,2025-08-25,4,"Fitter 5","Distributor 2",47
3872,2025-06-26,7,"Fitter 1","Distributor 3",39
3874,2025-03-09,3,"Fitter 5","Distributor 1",45
3875,2025-02-17,5,"Fitter 5","Distributor 3",14
3876,2025-07-21,3,"Fitter 1","Distributor 1",31
3881,2025-02-28,3,"Fitter 2","Distributor 2",32
3882,2025-07-03,3,"Fitter 1","Distributor 3",10
3885,2025-01-17,6,"Fitter 1","Distributor 2",40
3890,2025-04-17,6,"Fitter 4","Distributor 3",49
3891,2025-04-03,3,"Fitter 3","Distributor 2",38
3893,2025-12-26,4,"Fitter 1","Distributor 1",28
3897,2025-05-19,4,"Fitter 5","Distributor 1",16
3898,2025-11-19,1,"Fitter 4","Distributor 1",33
3899,2025-09-27,5,"Fitter 4","Distributor 1",27
3900,2025-05-02,1,"Fitter 3","Distributor 2",35
3901,2025-03-31,2,"Fitter 4","Distributor 2",24
3904,2025-08-26,2,"Fitter 3","Distributor 2",26
3906,2025-11-11,2,"Fitter 2","Distributor 1",38
3910,2025-03-21,7,"Fitter 4","Distributor 2",32
3911,2025-09-22,1,"Fitter 2","Distributor 2",12
3914,2025-02-15,6,"Fitter 3","Distributor 3",14
3916,2025-06-10,4,"Fitter 5","Distributor 3",47
3917,2025-10-09,1,"Fitter 5","Distributor 1",43
3918,2025-09-03,4,"Fitter 1","Distributor 3",33
3919,2025-09-25,4,"Fitter 4","Distributor 1",24
3922,2025-12-05,6,"Fitter 4","Distributor 2",28
3925,2025-07-23,2,"Fitter 2","Distributor 2",49
3926,2025-10-17,3,"Fitter 3","Distributor 1",23
3933,2025-11-15,3,"Fitter 2","Distributor 3",15
3934,2025-02-09,1,"Fitter 5","Distributor 3",14
3935,2025-10-20,2,"Fitter 5","Distributor 1",40
3938,2025-04-21,4,"Fitter 2","Distributor 2",24
3939,2025-04-16,1,"Fitter 5","Distributor 3",10
3940,2025-03-30,2,"Fitter 4","Distributor 3",11
3942,2025-12-21,4,"Fitter 5","Distributor 3",41
3943,2025-11-22,6,"Fitter 5","Distributor 1",12
3944,2025-02-10,2,"Fitter 3","Distributor 2",30
3949,2025-04-15,6,"Fitter 2","Distributor 1",16
3953,2025-07-18,2,"Fitter 5","Distributor 3",32
3954,2025-11-25,5,"Fitter 4","Distributor 2",43
3956,2025-01-18,5,"Fitter 5","Distributor 2",23
3960,2025-07-21,4,"Fitter 1","Distributor 3",22
3966,2025-10-03,3,"Fitter 5","Distributor 2",25
3969,2025-04-09,6,"Fitter 4","Distributor 2",17
3973,2025-12-21,2,"Fitter 2","Distributor 2",33
3975,2025-04-16,2,"Fitter 5","Distributor 2",48
3977,2025-09-13,7,"Fitter 3","Distributor 3",50
3979,2025-01-22,7,"Fitter 4","Distributor 3",46
3986,2025-02-11,3,"Fitter 3","Distributor 3",37
3987,2025-05-03,1,"Fitter 5","Distributor 2",27
3991,2025-10-21,7,"Fitter 1","Distributor 1",18
3992,2025-01-13,5,"Fitter 4","Distributor 3",32
3994,2025-07-07,1,"Fitter 4","Distributor 3",37
3995,2025-03-12,6,"Fitter 5","Distributor 2",21
3996,2025-04-03,1,"Fitter 3","Distributor 1",16
3997,2025-03-28,6,"Fitter 5","Distributor 3",50
3998,2025-04-22,7,"Fitter 4","Distributor 2",16
4000,2025-01-16,4,"Fitter 4","Distributor 1",41
4003,2025-11-07,2,"Fitter 4","Distributor 3",48
4008,2025-04-07,6,"Fitter 3","Distributor 2",18
4011,2025-03-01,2,"Fitter 5","Distributor 2",30
4012,2025-02-23,3,"Fitter 2","Distributor 1",29
4013,2025-02-13,2,"Fitter 1","Distributor 2",42
4014,2025-10-10,7,"Fitter 1","Distributor 2",45
4019,2025-08-16,5,"Fitter 4","Distributor 3",28
4021,2025-02-01,7,"Fitter 5","Distributor 3",14
4022,2025-03-06,2,"Fitter 4","Distributor 3",46
4025,2025-02-02,2,"Fitter 4","Distributor 2",22
4026,2025-12-08,1,"Fitter 1","Distributor 1",14
4028,2025-05-22,2,"Fitter 2","Distributor 1",45
4032,2025-03-02,1,"Fitter 2","Distributor 3",47
4033,2025-06-12,2,"Fitter 1","Distributor 1",24
4041,2025-09-19,1,"Fitter 2","Distributor 2",37
4042,2025-12-16,4,"Fitter 2","Distributor 3",44
4043,2025-03-31,4,"Fitter 3","Distributor 1",45
4045,2025-04-04,6,"Fitter 4","Distributor 2",39
4051,2025-10-17,3,"Fitter 3","Distributor 2",25
4052,2025-06-10,4,"Fitter 5","Distributor 1",25
4054,2025-08-14,4,"Fitter 2","Distributor 1",40
4055,2025-08-23,2,"Fitter 1","Distributor 3",16
4060,2025-05-27,3,"Fitter 2","Distributor 1",49
4062,2025-08-15,3,"Fitter 4","Distributor 3",17
4067,2025-03-31,6,"Fitter 2","Distributor 3",26
4068,2025-03-21,2,"Fitter 5","Distributor 1",31
4069,2025-06-23,3,"Fitter 5","Distributor 1",38
4070,2025-04-12,5,"Fitter 2","Distributor 2",13
4072,2025-08-24,1,"Fitter 4","Distributor 1",39
4073,2025-06-16,5,"Fitter 4","Distributor 1",20
4074,2025-06-06,3,"Fitter 2","Distributor 3",26
4079,2025-08-12,7,"Fitter 4","Distributor 2",11
4080,2025-10-07,3,"Fitter 1","Distributor 3",30
4081,2025-11-08,7,"Fitter 2","Distributor 2",26
4082,2025-08-18,1,"Fitter 4","Distributor 3",13
4089,2025-08-07,6,"Fitter 3","Distributor 3",28
4092,2025-03-12,7,"Fitter 3","Distributor 3",35
4093,2025-03-02,3,"Fitter 1","Distributor 3",37
4096,2026-01-08,1,"Fitter 2","Distributor 1",49
4099,2025-12-23,3,"Fitter 1","Distributor 2",49
4100,2025-09-29,4,"Fitter 2","Distributor 1",44
4102,2025-08-18,2,"Fitter 3","Distributor 1",21
4108,2025-08-28,3,"Fitter 1","Distributor 3",22
4110,2025-03-20,2,"Fitter 4","Distributor 3",17
4112,2025-07-05,6,"Fitter 5","Distributor 2",21
4114,2025-08-27,1,"Fitter 1","Distributor 2",12
4119,2025-03-16,1,"Fitter 2","Distributor 1",44
4120,2025-03-13,6,"Fitter 3","Distributor 3",41
4121,2025-11-13,3,"Fitter 1","Distributor 2",15
4122,2025-11-25,1,"Fitter 5","Distributor 3",18
4123,2025-08-18,7,"Fitter 1","Distributor 1",50
4130,2025-07-08,2,"Fitter 4","Distributor 2",25
4132,2026-01-05,3,"Fitter 3","Distributor 1",49
4135,2025-03-01,2,"Fitter 3","Distributor 3",38
4136,2025-03-24,3,"Fitter 1","Distributor 1",18
4137,2025-05-04,3,"Fitter 5","Distributor 1",33
4138,2025-01-11,7,"Fitter 1","Distributor 2",10
4139,2025-09-16,6,"Fitter 4","Distributor 3",28
4142,2025-12-14,1,"Fitter 3","Distributor 2",35
4143,2025-04-21,6,"Fitter 3","Distributor 2",14
4144,2025-05-07,1,"Fitter 4","Distributor 3",18
4145,2025-07-19,6,"Fitter 1","Distributor 2",43
4146,2025-08-29,7,"Fitter 1","Distributor 3",35
4148,2025-12-24,2,"Fitter 1","Distributor 1",48
4150,2025-03-08,6,"Fitter 2","Distributor 1",31
4153,2026-01-09,3,"Fitter 1","Distributor 1",30
4154,2025-12-12,1,"Fitter 1","Distributor 3",45
4156,2025-12-14,5,"Fitter 3","Distributor 3",40
4158,2025-07-24,3,"Fitter 1","Distributor 2",39
4159,2025-11-18,2,"Fitter 5","Distributor 1",20
4160,2025-09-20,5,"Fitter 1","Distributor 2",46
4163,2025-12-23,3,"Fitter 1","Distributor 3",37
4164,2025-11-13,5,"Fitter 3","Distributor 2",15
4167,2025-12-09,1,"Fitter 2","Distributor 1",31
4169,2025-01-22,1,"Fitter 5","Distributor 3",39
4170,2025-09-14,6,"Fitter 5","Distributor 3",21
4180,2025-08-18,4,"Fitter 4","Distributor 1",10
4181,2025-11-06,6,"Fitter 5","Distributor 3",43
4183,2025-08-30,6,"Fitter 4","Distributor 1",13
4184,2025-12-09,1,"Fitter 3","Distributor 2",38
4185,2025-05-10,5,"Fitter 3","Distributor 1",13
4186,2025-11-09,5,"Fitter 2","Distributor 1",43
4188,2025-04-03,7,"Fitter 3","Distributor 2",27
4193,2025-12-23,1,"Fitter 2","Distributor 3",36
4194,2025-07-22,5,"Fitter 1","Distributor 1",35
4197,2025-05-07,7,"Fitter 1","Distributor 3",15
4199,2025-04-07,4,"Fitter 1","Distributor 1",18
4200,2025-03-07,6,"Fitter 4","Distributor 1",16
4202,2025-03-12,6,"Fitter 2","Distributor 1",48
4203,2025-05-18,4,"Fitter 1","Distributor 1",23
4204,2025-01-15,4,"Fitter 4","Distributor 3",32
4205,2025-12-11,1,"Fitter 4","Distributor 2",12
4206,2025-04-17,1,"Fitter 1","Distributor 2",27
4207,2025-04-10,2,"Fitter 4","Distributor 1",27
4208,2025-11-19,3,"Fitter 5","Distributor 1",50
4209,2025-11-27,5,"Fitter 4","Distributor 1",37
4211,2025-03-15,4,"Fitter 2","Distributor 3",50
4215,2025-09-04,3,"Fitter 1","Distributor 1",28
4216,2025-12-03,6,"Fitter 5","Distributor 2",49
4219,2025-09-17,4,"Fitter 3","Distributor 1",24
4220,2025-02-27,4,"Fitter 4","Distributor 1",40
4222,2025-07-04,5,"Fitter 2","Distributor 2",29
4223,2025-03-10,2,"Fitter 1","Distributor 3",25
4227,2025-11-09,1,"Fitter 4","Distributor 2",47
4228,2025-07-10,6,"Fitter 3","Distributor 3",12
4230,2025-12-31,4,"Fitter 3","Distributor 1",29
4231,2025-04-20,2,"Fitter 4","Distributor 3",30
4233,2025-04-04,7,"Fitter 5","Distributor 2",15
4235,2025-01-31,6,"Fitter 1","Distributor 2",35
4236,2025-04-27,2,"Fitter 5","Distributor 3",45
4239,2025-09-22,7,"Fitter 2","Distributor 3",25
4241,2025-03-27,3,"Fitter 1","Distributor 2",39
4242,2025-10-15,4,"Fitter 5","Distributor 2",11
4243,2025-03-27,5,"Fitter 1","Distributor 1",27
4244,2025-06-05,5,"Fitter 5","Distributor 2",14
4247,2025-02-13,3,"Fitter 3","Distributor 2",14
4248,2025-03-21,4,"Fitter 2","Distributor 1",28
4251,2025-06-20,1,"Fitter 4","Distributor 2",11
4253,2025-02-26,4,"Fitter 4","Distributor 3",45
4254,2025-08-31,4,"Fitter 1","Distributor 3",42
4256,2025-12-28,6,"Fitter 4","Distributor 2",47
4257,2025-10-11,1,"Fitter 5","Distributor 1",41
4258,2025-03-01,5,"Fitter 1","Distributor 2",33
4260,2025-03-16,6,"Fitter 3","Distributor 2",13
4263,2025-03-20,3,"Fitter 5","Distributor 2",34
4266,2025-03-23,1,"Fitter 4","Distributor 3",26
4270,2025-12-31,1,"Fitter 3","Distributor 2",31
4274,2025-02-19,3,"Fitter 4","Distributor 3",35
4278,2025-12-20,6,"Fitter 4","Distributor 1",24
4280,2025-06-23,4,"Fitter 1","Distributor 1",21
4283,2025-12-15,5,"Fitter 3","Distributor 1",22
4284,2025-11-16,1,"Fitter 3","Distributor 2",47
4287,2025-10-13,3,"Fitter 5","Distributor 2",21
4289,2025-09-11,5,"Fitter 5","Distributor 1",29
4292,2025-02-06,1,"Fitter 4","Distributor 1",42
4295,2025-08-30,4,"Fitter 3","Distributor 2",34
4299,2025-07-19,1,"Fitter 4","Distributor 3",45
4300,2025-12-02,7,"Fitter 3","Distributor 2",30
4301,2025-03-29,5,"Fitter 2","Distributor 2",30
4304,2025-07-12,1,"Fitter 5","Distributor 3",18
4305,2025-01-31,5,"Fitter 2","Distributor 1",28
4306,2025-11-07,4,"Fitter 1","Distributor 2",23
4307,2025-01-25,2,"Fitter 4","Distributor 3",41
4309,2025-03-06,2,"Fitter 3","Distributor 1",38
4310,2025-02-08,3,"Fitter 3","Distributor 3",45
4313,2025-03-05,5,"Fitter 3","Distributor 3",13
4314,2025-08-28,4,"Fitter 3","Distributor 3",46
4317,2025-11-04,3,"Fitter 3","Distributor 2",24
4318,2025-05-28,2,"Fitter 4","Distributor 2",44
4319,2025-02-28,4,"Fitter 2","Distributor 2",13
4322,2025-10-08,3,"Fitter 4","Distributor 3",27
4323,2025-06-23,3,"Fitter 1","Distributor 3",42
4325,2025-11-02,1,"Fitter 4","Distributor 1",48
4327,2025-06-10,4,"Fitter 1","Distributor 2",50
4329,2025-10-26,7,"Fitter 2","Distributor 2",36
4330,2025-12-10,1,"Fitter 3","Distributor 1",27
4334,2025-06-12,2,"Fitter 1","Distributor 1",49
4337,2025-09-03,6,"Fitter 1","Distributor 1",14
4347,2025-03-28,4,"Fitter 2","Distributor 1",32
4354,2025-06-27,5,"Fitter 2","Distributor 3",24
4355,2025-09-30,1,"Fitter 2","Distributor 2",21
4356,2025-02-19,7,"Fitter 4","Distributor 3",17
4357,2025-08-16,6,"Fitter 1","Distributor 2",41
4359,2025-05-16,4,"Fitter 3","Distributor 2",45
4365,2025-05-07,4,"Fitter 4","Distributor 3",16
4366,2025-01-31,1,"Fitter 1","Distributor 2",42
4367,2025-07-03,5,"Fitter 1","Distributor 3",25
4368,2025-02-03,5,"Fitter 2","Distributor 2",23
4370,2025-08-03,4,"Fitter 4","Distributor 3",41
4371,2025-04-29,4,"Fitter 2","Distributor 2",46
4374,2025-02-01,5,"Fitter 1","Distributor 2",40
4375,2025-04-01,3,"Fitter 1","Distributor 1",50
4377,2025-09-23,3,"Fitter 2","Distributor 3",19
4378,2026-01-06,2,"Fitter 4","Distributor 3",22
4380,2025-08-17,4,"Fitter 3","Distributor 1",18
4383,2025-09-18,2,"Fitter 2","Distributor 3",34
4391,2025-05-16,6,"Fitter 1","Distributor 1",44
4393,2025-02-26,7,"Fitter 4","Distributor 1",33
4395,2025-01-30,3,"Fitter 1","Distributor 2",47
4396,2025-08-05,4,"Fitter 1","Distributor 1",48
4397,2025-01-30,4,"Fitter 3","Distributor 1",10
4399,2025-04-05,1,"Fitter 5","Distributor 3",35
4400,2025-09-10,2,"Fitter 2","Distributor 2",43
4402,2025-09-23,6,"Fitter 3","Distributor 3",13
4404,2025-08-10,6,"Fitter 3","Distributor 3",40
4406,2025-09-02,6,"Fitter 1","Distributor 1",43
4414,2025-04-08,6,"Fitter 1","Distributor 1",18
4415,2025-08-23,7,"Fitter 5","Distributor 3",39
4416,2025-04-12,5,"Fitter 2","Distributor 1",47
4419,2025-05-29,5,"Fitter 5","Distributor 2",49
4421,2025-10-08,1,"Fitter 5","Distributor 3",18
4425,2025-09-01,2,"Fitter 5","Distributor 1",34
4426,2025-04-13,6,"Fitter 3","Distributor 3",13
4432,2025-10-02,4,"Fitter 2","Distributor 1",49
4433,2025-12-21,1,"Fitter 2","Distributor 1",31
4435,2025-03-01,5,"Fitter 4","Distributor 2",39
4436,2025-05-10,1,"Fitter 2","Distributor 3",35
4437,2025-01-17,2,"Fitter 5","Distributor 2",26
4440,2025-12-15,1,"Fitter 2","Distributor 2",35
4441,2025-08-18,1,"Fitter 4","Distributor 1",23
4443,2026-01-07,4,"Fitter 1","Distributor 1",38
4446,2026-01-08,1,"Fitter 3","Distributor 3",50
4448,2025-01-31,4,"Fitter 1","Distributor 1",29
4451,2025-06-10,7,"Fitter 3","Distributor 3",13
4452,2025-12-08,3,"Fitter 1","Distributor 2",49
4454,2025-09-19,6,"Fitter 3","Distributor 1",35
4457,2025-04-11,7,"Fitter 1","Distributor 1",12
4459,2025-05-05,7,"Fitter 1","Distributor 3",24
4461,2025-04-21,5,"Fitter 3","Distributor 3",44
4462,2025-11-11,5,"Fitter 3","Distributor 2",48
4464,2025-05-28,1,"Fitter 4","Distributor 2",46
4468,2025-11-24,6,"Fitter 5","Distributor 2",17
4470,2025-03-04,3,"Fitter 5","Distributor 1",28
4471,2025-12-19,2,"Fitter 2","Distributor 3",33
4475,2025-03-14,5,"Fitter 4","Distributor 3",33
4476,2025-11-02,3,"Fitter 3","Distributor 3",15
4478,2025-06-30,7,"Fitter 3","Distributor 3",21
4481,2025-11-12,4,"Fitter 3","Distributor 1",39
4482,2025-05-27,5,"Fitter 3","Distributor 2",15
4484,2025-01-19,7,"Fitter 5","Distributor 3",29
4486,2025-02-23,2,"Fitter 2","Distributor 1",13
4488,2025-02-05,1,"Fitter 2","Distributor 2",38
4489,2025-07-29,4,"Fitter 2","Distributor 3",39
4490,2025-11-24,2,"Fitter 2","Distributor 1",48
4491,2025-02-25,1,"Fitter 2","Distributor 1",27
4493,2025-05-16,7,"Fitter 4","Distributor 2",37
4495,2025-11-16,6,"Fitter 3","Distributor 2",12
4500,2025-02-27,7,"Fitter 1","Distributor 2",48
4507,2025-05-03,4,"Fitter 2","Distributor 1",41
4508,2025-02-06,1,"Fitter 5","Distributor 2",33
4509,2025-03-19,7,"Fitter 3","Distributor 2",17
4514,2025-01-16,7,"Fitter 2","Distributor 2",25
4516,2025-10-10,3,"Fitter 4","Distributor 2",18
4517,2025-01-25,3,"Fitter 4","Distributor 3",11
4518,2025-11-17,1,"Fitter 4","Distributor 3",15
4522,2025-08-14,6,"Fitter 3","Distributor 2",17
4523,2025-02-23,7,"Fitter 1","Distributor 1",50
4524,2025-04-21,3,"Fitter 5","Distributor 3",16
4525,2025-11-03,6,"Fitter 1","Distributor 1",21
4526,2025-06-25,1,"Fitter 2","Distributor 1",31
4528,2025-12-29,6,"Fitter 5","Distributor 3",32
4529,2025-12-09,2,"Fitter 3","Distributor 2",13
4530,2025-02-24,6,"Fitter 3","Distributor 2",44
4532,2025-02-12,7,"Fitter 5","Distributor 1",25
4533,2025-06-24,6,"Fitter 2","Distributor 2",39
4534,2025-04-23,1,"Fitter 4","Distributor 3",31
4537,2025-05-05,1,"Fitter 3","Distributor 3",26
4538,2025-08-16,2,"Fitter 5","Distributor 1",42
4542,2025-12-12,4,"Fitter 2","Distributor 3",22
4544,2025-05-15,3,"Fitter 5","Distributor 2",40
4545,2025-10-13,2,"Fitter 1","Distributor 1",36
4546,2025-06-19,4,"Fitter 1","Distributor 3",49
4547,2025-10-01,3,"Fitter 1","Distributor 2",28
4548,2025-07-22,1,"Fitter 2","Distributor 2",40
4549,2025-03-31,5,"Fitter 5","Distributor 3",21
4554,2025-10-31,3,"Fitter 1","Distributor 2",37
4557,2025-03-21,7,"Fitter 4","Distributor 2",31
4560,2025-05-18,4,"Fitter 2","Distributor 2",12
4561,2025-06-02,1,"Fitter 5","Distributor 1",39
4562,2025-06-21,2,"Fitter 1","Distributor 3",12
4563,2025-03-07,5,"Fitter 3","Distributor 2",22
4568,2025-02-02,7,"Fitter 3","Distributor 3",30
4569,2025-01-25,3,"Fitter 3","Distributor 1",19
4571,2025-06-04,2,"Fitter 4","Distributor 2",33
4572,2025-08-28,7,"Fitter 1","Distributor 2",48
4573,2025-05-06,2,"Fitter 4","Distributor 1",48
4575,2025-09-28,7,"Fitter 2","Distributor 1",20
4576,2025-10-12,3,"Fitter 2","Distributor 1",24
4578,2025-04-10,2,"Fitter 3","Distributor 3",27
4579,2025-02-28,2,"Fitter 1","Distributor 3",42
4580,2025-12-27,6,"Fitter 2","Distributor 2",45
4582,2025-04-25,7,"Fitter 3","Distributor 3",44
4583,2025-05-09,6,"Fitter 5","Distributor 2",35
4586,2025-04-22,2,"Fitter 5","Distributor 3",46
4587,2025-12-02,7,"Fitter 5","Distributor 3",43
4588,2025-04-09,6,"Fitter 4","Distributor 1",35
4589,2025-04-23,6,"Fitter 1","Distributor 2",30
4590,2025-06-18,5,"Fitter 3","Distributor 1",15
4591,2025-08-01,4,"Fitter 1","Distributor 2",20
4594,2025-12-04,4,"Fitter 2","Distributor 3",23
4602,2025-12-11,2,"Fitter 5","Distributor 3",16
4604,2025-10-21,5,"Fitter 4","Distributor 1",35
4605,2025-05-23,4,"Fitter 4","Distributor 1",44
4606,2025-08-13,7,"Fitter 2","Distributor 1",37
4608,2025-02-17,2,"Fitter 3","Distributor 2",36
4610,2025-05-11,7,"Fitter 5","Distributor 2",12
4611,2025-04-10,2,"Fitter 3","Distributor 2",22
4620,2025-11-06,3,"Fitter 3","Distributor 1",12
4621,2025-05-24,1,"Fitter 1","Distributor 1",28
4625,2025-08-27,5,"Fitter 2","Distributor 2",34
4626,2025-10-08,2,"Fitter 3","Distributor 2",41
4627,2025-10-08,4,"Fitter 1","Distributor 2",48
4629,2025-02-06,4,"Fitter 3","Distributor 2",35
4631,2025-12-23,6,"Fitter 2","Distributor 2",13
4633,2025-04-17,1,"Fitter 2","Distributor 3",48
4635,2025-07-14,2,"Fitter 2","Distributor 2",47
4636,2025-08-31,4,"Fitter 2","Distributor 2",25
4637,2025-09-10,4,"Fitter 1","Distributor 3",42
4644,2025-04-10,4,"Fitter 5","Distributor 2",16
4648,2025-03-09,7,"Fitter 3","Distributor 2",32
4650,2025-06-18,2,"Fitter 2","Distributor 2",12
4651,2025-12-21,5,"Fitter 4","Distributor 3",38
4652,2025-02-28,7,"Fitter 3","Distributor 2",15
4653,2025-02-06,6,"Fitter 1","Distributor 2",30
4654,2025-01-11,3,"Fitter 4","Distributor 1",49
4656,2025-02-03,6,"Fitter 5","Distributor 1",17
4659,2025-11-27,4,"Fitter 3","Distributor 3",32
4660,2025-12-17,3,"Fitter 2","Distributor 2",15
4661,2025-11-30,1,"Fitter 4","Distributor 3",23
4664,2025-01-30,3,"Fitter 2","Distributor 3",35
4665,2025-05-02,1,"Fitter 5","Distributor 1",30
4667,2025-10-02,1,"Fitter 3","Distributor 3",14
4668,2025-01-14,5,"Fitter 2","Distributor 3",35
4673,2025-09-25,4,"Fitter 1","Distributor 3",23
4679,2025-05-24,7,"Fitter 3","Distributor 1",49
4680,2025-11-28,2,"Fitter 3","Distributor 3",23
4687,2025-12-23,4,"Fitter 5","Distributor 3",22
4688,2025-04-10,7,"Fitter 4","Distributor 1",41
4690,2025-03-25,3,"Fitter 4","Distributor 1",21
4692,2025-05-06,4,"Fitter 3","Distributor 1",49
4693,2025-02-06,4,"Fitter 1","Distributor 1",15
4694,2025-09-07,3,"Fitter 2","Distributor 2",46
4696,2025-04-22,5,"Fitter 3","Distributor 1",44
4697,2025-01-29,2,"Fitter 2","Distributor 1",26
4698,2026-01-03,2,"Fitter 3","Distributor 1",38
4700,2025-11-13,1,"Fitter 5","Distributor 1",10
4701,2025-03-17,1,"Fitter 2","Distributor 3",27
4704,2025-12-22,2,"Fitter 2","Distributor 1",30
4709,2025-05-04,4,"Fitter 2","Distributor 1",31
4711,2025-05-18,1,"Fitter 2","Distributor 1",32
4714,2025-01-28,2,"Fitter 5","Distributor 2",24
4715,2025-10-19,1,"Fitter 5","Distributor 3",28
4716,2025-09-06,2,"Fitter 1","Distributor 2",46
4721,2025-01-23,4,"Fitter 2","Distributor 1",35
4723,2025-04-03,3,"Fitter 5","Distributor 2",21
4724,2025-05-26,3,"Fitter 4","Distributor 3",26
4726,2025-03-29,2,"Fitter 5","Distributor 2",45
4728,2025-09-04,5,"Fitter 2","Distributor 3",45
4729,2025-01-28,6,"Fitter 1","Distributor 1",15
4730,2025-10-02,5,"Fitter 2","Distributor 3",35
4735,2025-11-23,2,"Fitter 1","Distributor 3",44
4738,2025-11-18,3,"Fitter 3","Distributor 3",32
4739,2025-03-12,2,"Fitter 4","Distributor 1",17
4740,2025-05-22,6,"Fitter 5","Distributor 3",47
4741,2025-08-09,7,"Fitter 3","Distributor 1",37
4742,2025-11-16,1,"Fitter 2","Distributor 2",10
4743,2025-09-17,2,"Fitter 2","Distributor 2",45
4745,2025-01-20,4,"Fitter 3","Distributor 1",32
4746,2025-12-17,4,"Fitter 2","Distributor 1",25
4747,2025-10-19,5,"Fitter 5","Distributor 1",12
4748,2025-04-17,2,"Fitter 1","Distributor 1",22
4749,2025-11-24,2,"Fitter 5","Distributor 1",48
4750,2025-03-29,1,"Fitter 1","Distributor 1",18
4751,2025-05-02,7,"Fitter 4","Distributor 3",47
4754,2025-12-01,5,"Fitter 2","Distributor 1",44
4756,2025-10-22,2,"Fitter 5","Distributor 2",31
4760,2025-05-28,7,"Fitter 2","Distributor 2",24
4766,2025-05-27,6,"Fitter 1","Distributor 2",50
4767,2025-09-23,4,"Fitter 4","Distributor 3",40
4769,2025-07-28,7,"Fitter 5","Distributor 1",39
4770,2025-11-10,6,"Fitter 3","Distributor 2",28
4778,2025-05-17,1,"Fitter 2","Distributor 1",17
4781,2025-06-17,1,"Fitter 4","Distributor 2",48
4782,2025-06-28,5,"Fitter 1","Distributor 2",21
4785,2025-07-25,7,"Fitter 2","Distributor 3",27
4786,2025-06-16,5,"Fitter 4","Distributor 1",35
4789,2025-05-20,4,"Fitter 1","Distributor 1",10
4791,2025-07-09,7,"Fitter 2","Distributor 2",15
4792,2025-12-10,7,"Fitter 4","Distributor 1",47
4794,2025-10-14,3,"Fitter 1","Distributor 3",46
4797,2025-12-05,7,"Fitter 3","Distributor 1",46
4798,2025-08-12,2,"Fitter 1","Distributor 2",45
4799,2025-10-26,2,"Fitter 3","Distributor 2",40
4800,2025-08-27,1,"Fitter 4","Distributor 3",13
4801,2025-04-07,6,"Fitter 5","Distributor 1",30
4802,2025-02-15,4,"Fitter 5","Distributor 1",46
4803,2025-04-07,1,"Fitter 5","Distributor 3",23
4804,2025-11-30,5,"Fitter 1","Distributor 3",31
4809,2025-09-17,6,"Fitter 4","Distributor 3",28
4810,2025-05-26,6,"Fitter 4","Distributor 2",47
4816,2025-12-17,7,"Fitter 2","Distributor 3",10
4821,2025-04-25,3,"Fitter 4","Distributor 3",38
4822,2025-12-01,3,"Fitter 3","Distributor 2",34
4825,2025-09-06,1,"Fitter 2","Distributor 3",39
4826,2025-04-19,6,"Fitter 1","Distributor 1",38
4827,2025-12-28,6,"Fitter 4","Distributor 2",37
4831,2025-06-22,2,"Fitter 5","Distributor 1",39
4833,2025-12-05,7,"Fitter 4","Distributor 3",22
4834,2025-04-19,1,"Fitter 2","Distributor 2",20
4838,2025-05-22,5,"Fitter 4","Distributor 1",16
4842,2025-10-24,6,"Fitter 5","Distributor 1",49
4843,2025-10-01,1,"Fitter 5","Distributor 3",39
4844,2025-07-09,7,"Fitter 1","Distributor 3",25
4845,2025-02-26,3,"Fitter 2","Distributor 1",46
4847,2025-06-26,2,"Fitter 1","Distributor 2",17
4848,2025-10-04,3,"Fitter 3","Distributor 1",24
4849,2025-10-23,3,"Fitter 4","Distributor 1",31
4850,2025-04-15,5,"Fitter 3","Distributor 1",13
4852,2025-10-12,6,"Fitter 3","Distributor 2",39
4855,2025-03-27,3,"Fitter 3","Distributor 3",33
4856,2025-09-01,6,"Fitter 1","Distributor 1",21
4858,2025-12-16,2,"Fitter 2","Distributor 1",23
4859,2025-03-17,7,"Fitter 5","Distributor 3",35
4860,2025-12-16,2,"Fitter 4","Distributor 3",11
4861,2025-11-02,7,"Fitter 4","Distributor 1",26
4864,2025-04-12,6,"Fitter 2","Distributor 3",50
4865,2025-05-31,6,"Fitter 4","Distributor 2",22
4867,2025-01-13,4,"Fitter 3","Distributor 1",50
4868,2025-05-06,5,"Fitter 2","Distributor 1",28
4869,2025-03-26,3,"Fitter 2","Distributor 1",41
4870,2025-12-29,6,"Fitter 1","Distributor 2",17
4875,2025-11-08,2,"Fitter 3","Distributor 2",22
4878,2025-06-17,3,"Fitter 5","Distributor 1",43
4881,2025-03-23,3,"Fitter 1","Distributor 2",49
4888,2025-08-07,5,"Fitter 2","Distributor 3",49
4889,2025-03-31,7,"Fitter 3","Distributor 2",29
4890,2025-07-04,3,"Fitter 5","Distributor 2",40
4893,2025-02-12,3,"Fitter 5","Distributor 3",37
4894,2025-07-30,4,"Fitter 4","Distributor 1",18
4895,2025-07-17,7,"Fitter 4","Distributor 3",36
4899,2025-07-17,7,"Fitter 3","Distributor 2",48
4900,2025-10-27,1,"Fitter 1","Distributor 3",36
4901,2025-02-04,2,"Fitter 5","Distributor 2",25
4905,2025-10-07,2,"Fitter 2","Distributor 2",17
4906,2025-03-10,3,"Fitter 2","Distributor 3",50
4910,2025-08-21,3,"Fitter 2","Distributor 2",16
4913,2025-05-13,3,"Fitter 1","Distributor 3",50
4914,2025-01-23,6,"Fitter 5","Distributor 3",45
4915,2026-01-09,4,"Fitter 1","Distributor 2",13
4916,2025-12-18,5,"Fitter 4","Distributor 1",19
4919,2025-02-05,4,"Fitter 5","Distributor 2",39
4920,2025-07-26,3,"Fitter 3","Distributor 2",18
4921,2025-12-26,3,"Fitter 4","Distributor 1",26
4922,2025-11-14,2,"Fitter 3","Distributor 2",22
4923,2025-06-15,4,"Fitter 4","Distributor 1",37
4926,2025-12-28,4,"Fitter 3","Distributor 3",17
4927,2025-08-01,5,"Fitter 5","Distributor 1",49
4930,2025-06-22,1,"Fitter 4","Distributor 3",29
4931,2025-01-26,3,"Fitter 5","Distributor 2",23
4932,2025-06-10,4,"Fitter 5","Distributor 3",42
4933,2025-10-31,7,"Fitter 2","Distributor 2",17
4935,2025-07-17,4,"Fitter 3","Distributor 1",45
4936,2025-03-31,4,"Fitter 3","Distributor 2",48
4937,2025-11-18,4,"Fitter 3","Distributor 3",34
4939,2025-04-15,2,"Fitter 1","Distributor 1",22
4940,2025-03-29,2,"Fitter 5","Distributor 3",32
4941,2025-04-20,6,"Fitter 4","Distributor 1",31
4942,2025-02-22,3,"Fitter 4","Distributor 2",31
4943,2025-05-12,1,"Fitter 5","Distributor 2",23
4948,2025-07-01,7,"Fitter 2","Distributor 1",13
4949,2025-04-23,3,"Fitter 3","Distributor 3",12
4952,2025-11-15,4,"Fitter 5","Distributor 1",35
4953,2025-02-26,2,"Fitter 5","Distributor 3",46
4955,2025-03-23,4,"Fitter 1","Distributor 1",23
4957,2025-10-14,7,"Fitter 2","Distributor 1",37
4958,2025-05-10,3,"Fitter 3","Distributor 2",15
4959,2025-12-26,5,"Fitter 2","Distributor 1",15
4961,2025-10-07,4,"Fitter 5","Distributor 1",43
4968,2025-02-15,2,"Fitter 4","Distributor 2",11
4970,2025-01-19,5,"Fitter 5","Distributor 1",17
4973,2026-01-03,3,"Fitter 4","Distributor 2",44
4975,2025-05-08,5,"Fitter 2","Distributor 3",47
4977,2025-09-21,1,"Fitter 2","Distributor 1",48
4978,2025-12-25,1,"Fitter 3","Distributor 2",29
4979,2026-01-07,6,"Fitter 2","Distributor 2",28
4981,2025-05-11,7,"Fitter 5","Distributor 2",15
4982,2025-10-24,1,"Fitter 3","Distributor 3",14
4988,2025-03-26,6,"Fitter 5","Distributor 3",42
4995,2025-07-25,7,"Fitter 3","Distributor 3",10
4996,2025-09-19,1,"Fitter 1","Distributor 3",49
5001,2025-04-23,7,"Fitter 5","Distributor 2",37
5002,2026-01-08,1,"Fitter 3","Distributor 2",29
5007,2026-01-09,2,"Fitter 3","Distributor 3",15
5011,2025-01-19,6,"Fitter 4","Distributor 3",28
5012,2025-06-25,1,"Fitter 5","Distributor 2",35
5019,2025-05-03,2,"Fitter 5","Distributor 3",42
5020,2025-01-19,5,"Fitter 4","Distributor 1",16
5024,2025-11-17,7,"Fitter 1","Distributor 3",41
5025,2025-01-23,7,"Fitter 3","Distributor 2",28
5026,2025-06-27,6,"Fitter 3","Distributor 1",40
5030,2025-10-21,5,"Fitter 3","Distributor 3",41
5031,2025-09-29,7,"Fitter 2","Distributor 1",50
5033,2025-04-27,6,"Fitter 5","Distributor 2",47
5034,2025-07-06,1,"Fitter 2","Distributor 1",40
5036,2025-03-10,1,"Fitter 1","Distributor 3",14
5037,2025-03-01,3,"Fitter 2","Distributor 3",18
5040,2025-06-04,4,"Fitter 4","Distributor 1",14
5041,2025-02-16,3,"Fitter 2","Distributor 1",19
5047,2025-09-10,1,"Fitter 4","Distributor 1",32
5049,2025-12-11,4,"Fitter 4","Distributor 2",25
5050,2025-09-17,7,"Fitter 2","Distributor 1",32
5052,2026-01-06,2,"Fitter 5","Distributor 1",24
5054,2025-05-07,6,"Fitter 1","Distributor 3",32
5056,2026-01-07,4,"Fitter 2","Distributor 2",29
5062,2025-04-20,3,"Fitter 5","Distributor 2",36
5065,2025-04-29,1,"Fitter 1","Distributor 2",33
5067,2025-03-21,1,"Fitter 5","Distributor 2",23
5069,2025-06-24,5,"Fitter 3","Distributor 1",27
5070,2025-11-13,5,"Fitter 4","Distributor 3",41
5074,2025-06-01,7,"Fitter 3","Distributor 3",43
5078,2025-02-16,3,"Fitter 5","Distributor 3",32
5080,2025-12-09,5,"Fitter 5","Distributor 2",39
5085,2025-05-11,4,"Fitter 1","Distributor 2",47
5087,2025-02-09,3,"Fitter 2","Distributor 2",33
5088,2025-07-08,6,"Fitter 5","Distributor 2",14
5089,2025-07-27,3,"Fitter 5","Distributor 1",16
5097,2025-10-16,5,"Fitter 3","Distributor 2",45
5102,2025-12-25,5,"Fitter 2","Distributor 3",46
5104,2025-09-07,1,"Fitter 5","Distributor 2",13
5105,2025-06-19,3,"Fitter 4","Distributor 2",32
5106,2025-02-08,7,"Fitter 1","Distributor 2",37
5107,2026-01-10,7,"Fitter 2","Distributor 3",39
5109,2025-08-11,4,"Fitter 5","Distributor 3",13
5112,2025-02-23,3,"Fitter 4","Distributor 2",21
5117,2026-01-11,6,"Fitter 3","Distributor 3",49
5118,2025-03-21,7,"Fitter 4","Distributor 1",10
5119,2025-04-28,4,"Fitter 5","Distributor 3",16
5121,2025-11-29,7,"Fitter 5","Distributor 3",26
5123,2025-02-11,6,"Fitter 2","Distributor 1",17
5124,2025-09-24,2,"Fitter 1","Distributor 3",20
5126,2025-10-01,6,"Fitter 1","Distributor 1",16
5128,2025-12-05,5,"Fitter 3","Distributor 3",45
5130,2025-06-14,1,"Fitter 3","Distributor 1",24
5135,2026-01-01,7,"Fitter 5","Distributor 3",17
5137,2025-12-17,5,"Fitter 5","Distributor 1",43
5140,2025-10-22,2,"Fitter 1","Distributor 3",35
5145,2025-11-11,6,"Fitter 1","Distributor 3",43
5146,2026-01-10,1,"Fitter 2","Distributor 1",19
5149,2025-01-23,5,"Fitter 5","Distributor 2",47
5152,2025-01-12,2,"Fitter 1","Distributor 3",17
5157,2025-11-10,7,"Fitter 2","Distributor 1",15
5158,2025-06-02,3,"Fitter 1","Distributor 1",31
5159,2025-10-09,2,"Fitter 3","Distributor 1",37
5160,2025-11-02,6,"Fitter 1","Distributor 3",47
5161,2025-10-16,5,"Fitter 4","Distributor 3",43
5162,2025-12-07,3,"Fitter 5","Distributor 1",41
5164,2025-09-24,1,"Fitter 5","Distributor 3",15
5165,2025-02-21,3,"Fitter 5","Distributor 3",13
5166,2025-08-16,1,"Fitter 2","Distributor 3",40
5168,2025-02-02,7,"Fitter 1","Distributor 2",18
5172,2025-10-16,2,"Fitter 2","Distributor 2",33
5173,2025-06-07,1,"Fitter 3","Distributor 2",18
5174,2025-03-30,7,"Fitter 4","Distributor 3",22
5176,2025-05-18,2,"Fitter 5","Distributor 1",41
5177,2025-05-27,5,"Fitter 5","Distributor 3",20
5179,2025-10-28,7,"Fitter 3","Distributor 2",14
5182,2025-08-31,4,"Fitter 1","Distributor 2",27
5185,2025-05-14,2,"Fitter 5","Distributor 1",29
5186,2025-04-11,1,"Fitter 3","Distributor 3",32
5189,2025-03-21,3,"Fitter 2","Distributor 3",19
5191,2025-06-17,2,"Fitter 4","Distributor 2",28
5192,2025-12-18,3,"Fitter 3","Distributor 3",25
5193,2025-09-26,7,"Fitter 2","Distributor 1",46
5194,2025-03-25,6,"Fitter 1","Distributor 3",33
5195,2025-02-03,3,"Fitter 3","Distributor 1",16
5196,2025-06-10,1,"Fitter 3","Distributor 3",49
5197,2025-09-14,3,"Fitter 1","Distributor 3",19
5198,2025-10-01,2,"Fitter 2","Distributor 1",22
5199,2025-11-17,6,"Fitter 1","Distributor 3",21
5202,2025-02-27,6,"Fitter 1","Distributor 2",46
5203,2025-06-17,7,"Fitter 1","Distributor 2",33
5205,2025-01-12,7,"Fitter 2","Distributor 2",13
5212,2025-01-18,5,"Fitter 3","Distributor 2",13
5215,2025-12-07,6,"Fitter 1","Distributor 1",35
5216,2025-04-05,2,"Fitter 3","Distributor 2",44
5221,2025-09-23,3,"Fitter 5","Distributor 3",38
5222,2025-03-30,5,"Fitter 2","Distributor 1",37
5223,2025-06-22,4,"Fitter 5","Distributor 3",11
5224,2025-08-27,1,"Fitter 1","Distributor 2",47
5225,2025-08-03,5,"Fitter 3","Distributor 2",46
5226,2025-03-16,1,"Fitter 1","Distributor 1",26
5229,2025-12-04,3,"Fitter 4","Distributor 3",12
5230,2025-03-29,6,"Fitter 3","Distributor 2",49
5232,2025-07-22,5,"Fitter 3","Distributor 3",20
5233,2025-01-17,2,"Fitter 5","Distributor 2",20
5237,2025-04-14,1,"Fitter 3","Distributor 1",50
5238,2025-07-07,3,"Fitter 4","Distributor 1",24
5244,2025-03-12,7,"Fitter 4","Distributor 2",44
5247,2025-07-18,3,"Fitter 3","Distributor 1",31
5250,2025-05-18,6,"Fitter 1","Distributor 1",30
5251,2025-06-01,5,"Fitter 3","Distributor 1",21
5254,2025-05-29,6,"Fitter 1","Distributor 2",29
5259,2025-11-30,7,"Fitter 2","Distributor 3",46
5263,2025-07-07,2,"Fitter 2","Distributor 2",39
5265,2025-09-13,4,"Fitter 3","Distributor 2",23
5269,2025-10-23,1,"Fitter 3","Distributor 2",40
5271,2025-02-13,7,"Fitter 4","Distributor 3",24
5272,2025-06-06,2,"Fitter 2","Distributor 2",19
5273,2025-08-30,2,"Fitter 4","Distributor 3",41
5275,2025-11-09,5,"Fitter 4","Distributor 1",40
5276,2025-12-25,3,"Fitter 2","Distributor 1",46
5277,2025-09-05,3,"Fitter 5","Distributor 3",34
5278,2025-02-15,1,"Fitter 4","Distributor 3",41
5281,2025-04-26,5,"Fitter 3","Distributor 1",34
5282,2025-09-25,5,"Fitter 1","Distributor 1",13
5283,2025-12-20,5,"Fitter 3","Distributor 1",20
5284,2025-07-23,6,"Fitter 2","Distributor 2",12
5286,2025-11-10,5,"Fitter 2","Distributor 1",33
5287,2025-11-08,2,"Fitter 1","Distributor 3",11
5288,2025-07-31,2,"Fitter 1","Distributor 2",30
5289,2025-05-25,7,"Fitter 4","Distributor 1",36
5290,2025-11-03,6,"Fitter 1","Distributor 1",50
5292,2025-05-04,2,"Fitter 1","Distributor 3",32
5295,2025-11-23,2,"Fitter 1","Distributor 3",22
5300,2025-11-10,7,"Fitter 4","Distributor 2",35
5301,2025-12-20,7,"Fitter 2","Distributor 1",45
5304,2025-04-17,1,"Fitter 1","Distributor 2",33
5305,2025-05-07,3,"Fitter 4","Distributor 1",25
5306,2025-02-06,3,"Fitter 4","Distributor 1",10
5308,2025-05-27,7,"Fitter 1","Distributor 1",19
5309,2025-10-21,2,"Fitter 2","Distributor 3",37
5310,2025-02-01,7,"Fitter 1","Distributor 2",45
5312,2025-11-11,2,"Fitter 1","Distributor 1",15
5314,2025-04-02,1,"Fitter 4","Distributor 2",22
5315,2025-12-24,1,"Fitter 4","Distributor 1",24
5318,2025-01-19,7,"Fitter 1","Distributor 2",17
5320,2025-03-18,2,"Fitter 2","Distributor 2",19
5321,2026-01-02,3,"Fitter 4","Distributor 3",37
5323,2025-03-05,6,"Fitter 5","Distributor 2",11
5326,2025-08-22,4,"Fitter 3","Distributor 3",46
5329,2025-01-30,2,"Fitter 1","Distributor 2",40
5331,2025-06-29,6,"Fitter 3","Distributor 2",49
5332,2025-04-02,4,"Fitter 5","Distributor 2",45
5333,2025-11-10,3,"Fitter 1","Distributor 1",44
5335,2025-06-18,1,"Fitter 3","Distributor 2",38
5338,2025-10-06,6,"Fitter 5","Distributor 2",12
5340,2025-11-29,5,"Fitter 4","Distributor 1",40
5341,2025-03-27,4,"Fitter 3","Distributor 1",33
5342,2025-01-21,7,"Fitter 5","Distributor 2",39
5345,2025-05-13,1,"Fitter 5","Distributor 3",12
5347,2025-05-25,6,"Fitter 4","Distributor 2",10
5348,2025-05-21,6,"Fitter 3","Distributor 3",22
5355,2025-03-28,2,"Fitter 3","Distributor 3",42
5356,2025-07-02,5,"Fitter 1","Distributor 1",15
5357,2025-11-22,7,"Fitter 2","Distributor 1",47
5358,2025-03-04,3,"Fitter 2","Distributor 1",50
5359,2025-06-22,7,"Fitter 3","Distributor 1",42
5362,2025-06-09,5,"Fitter 2","Distributor 2",24
5363,2025-07-26,6,"Fitter 3","Distributor 2",37
5365,2025-03-31,7,"Fitter 3","Distributor 2",42
5368,2025-03-20,5,"Fitter 5","Distributor 3",40
5370,2025-12-30,2,"Fitter 4","Distributor 2",15
5371,2025-06-04,5,"Fitter 1","Distributor 2",30
5377,2025-08-24,5,"Fitter 2","Distributor 1",22
5378,2025-06-03,4,"Fitter 2","Distributor 2",46
5379,2025-05-31,7,"Fitter 4","Distributor 1",39
5380,2025-11-01,6,"Fitter 1","Distributor 2",48
5381,2025-06-07,1,"Fitter 4","Distributor 2",14
5382,2025-06-25,1,"Fitter 4","Distributor 2",33
5383,2025-12-28,4,"Fitter 1","Distributor 3",44
5385,2025-05-20,2,"Fitter 2","Distributor 1",37
5386,2025-04-17,1,"Fitter 5","Distributor 2",43
5387,2025-01-13,7,"Fitter 4","Distributor 3",17
5389,2025-02-07,1,"Fitter 3","Distributor 3",18
5391,2025-11-27,6,"Fitter 1","Distributor 2",15
5392,2025-09-21,5,"Fitter 5","Distributor 1",46
5396,2025-08-16,2,"Fitter 3","Distributor 1",34
5397,2025-10-12,1,"Fitter 1","Distributor 3",23
5401,2025-08-11,6,"Fitter 5","Distributor 1",26
5404,2025-01-25,1,"Fitter 5","Distributor 2",25
5408,2025-08-17,2,"Fitter 2","Distributor 1",35
5409,2025-09-30,1,"Fitter 1","Distributor 2",39
5410,2025-11-08,1,"Fitter 3","Distributor 3",19
5411,2025-01-18,2,"Fitter 5","Distributor 2",13
5412,2025-05-13,5,"Fitter 5","Distributor 2",41
5416,2025-07-11,7,"Fitter 1","Distributor 2",21
5417,2025-06-01,2,"Fitter 1","Distributor 3",28
5418,2025-02-16,5,"Fitter 2","Distributor 2",42
5420,2025-02-27,2,"Fitter 2","Distributor 1",48
5423,2025-10-16,1,"Fitter 3","Distributor 3",19
5427,2025-07-19,5,"Fitter 2","Distributor 1",25
5428,2025-10-19,5,"Fitter 5","Distributor 1",15
5430,2025-09-02,2,"Fitter 5","Distributor 2",34
5434,2025-07-14,7,"Fitter 2","Distributor 1",22
5436,2025-09-18,3,"Fitter 1","Distributor 2",39
5437,2025-09-08,4,"Fitter 3","Distributor 2",48
5438,2025-09-08,1,"Fitter 5","Distributor 3",31
5446,2025-06-09,6,"Fitter 1","Distributor 2",29
5449,2025-02-15,5,"Fitter 3","Distributor 1",19
5450,2025-01-13,3,"Fitter 5","Distributor 1",11
5451,2025-12-17,3,"Fitter 2","Distributor 1",37
5452,2025-03-20,7,"Fitter 5","Distributor 1",36
5455,2025-11-16,3,"Fitter 3","Distributor 3",12
5457,2025-05-19,6,"Fitter 3","Distributor 2",29
5463,2025-03-06,7,"Fitter 3","Distributor 3",42
5465,2025-05-04,7,"Fitter 1","Distributor 1",49
5467,2025-12-10,7,"Fitter 5","Distributor 3",24
5468,2025-09-23,2,"Fitter 5","Distributor 1",13
5472,2025-09-13,7,"Fitter 3","Distributor 2",41
5474,2025-08-27,6,"Fitter 1","Distributor 2",27
5475,2025-07-02,5,"Fitter 1","Distributor 1",46
5476,2025-02-04,1,"Fitter 1","Distributor 3",28
5479,2025-11-30,5,"Fitter 1","Distributor 3",11
5480,2025-02-03,1,"Fitter 4","Distributor 2",44
5481,2025-11-02,4,"Fitter 2","Distributor 1",41
5486,2025-12-14,3,"Fitter 1","Distributor 2",11
5487,2025-03-19,2,"Fitter 5","Distributor 1",48
5489,2025-04-05,2,"Fitter 2","Distributor 3",13
5492,2025-09-15,1,"Fitter 5","Distributor 1",46
5493,2025-06-17,5,"Fitter 1","Distributor 3",35
5494,2026-01-06,1,"Fitter 3","Distributor 1",13
5495,2025-11-23,4,"Fitter 3","Distributor 3",29
5497,2025-02-24,1,"Fitter 4","Distributor 3",24
5498,2025-07-29,4,"Fitter 4","Distributor 1",25
5499,2025-12-28,4,"Fitter 4","Distributor 2",43
5500,2025-05-14,1,"Fitter 1","Distributor 2",22
5502,2025-05-13,7,"Fitter 3","Distributor 2",43
5505,2025-09-12,7,"Fitter 4","Distributor 3",14
5506,2025-12-06,6,"Fitter 1","Distributor 2",49
5507,2025-03-11,7,"Fitter 1","Distributor 3",50
5509,2025-01-12,2,"Fitter 2","Distributor 2",41
5513,2025-11-01,6,"Fitter 2","Distributor 2",35
5515,2025-02-27,5,"Fitter 4","Distributor 3",24
5517,2025-12-31,3,"Fitter 3","Distributor 1",47
5520,2025-02-27,7,"Fitter 1","Distributor 1",22
5527,2026-01-11,1,"Fitter 4","Distributor 3",31
5529,2025-06-30,7,"Fitter 3","Distributor 2",37
5536,2025-05-17,6,"Fitter 5","Distributor 2",39
5537,2025-06-29,4,"Fitter 2","Distributor 1",29
5538,2025-04-23,7,"Fitter 2","Distributor 1",16
5540,2025-09-28,6,"Fitter 5","Distributor 3",34
5541,2025-12-24,2,"Fitter 1","Distributor 2",41
5544,2025-09-17,3,"Fitter 2","Distributor 3",32
5548,2025-05-11,3,"Fitter 1","Distributor 2",28
5549,2025-03-19,6,"Fitter 2","Distributor 1",12
5552,2025-04-04,1,"Fitter 4","Distributor 2",50
5554,2025-06-06,2,"Fitter 2","Distributor 2",30
5556,2025-12-27,7,"Fitter 3","Distributor 1",38
5558,2025-10-30,4,"Fitter 1","Distributor 3",36
5559,2025-05-25,3,"Fitter 2","Distributor 2",38
5561,2025-02-01,2,"Fitter 5","Distributor 2",17
5562,2025-11-10,6,"Fitter 2","Distributor 2",37
5564,2025-12-20,1,"Fitter 4","Distributor 3",41
5565,2025-09-24,6,"Fitter 5","Distributor 2",50
5568,2025-10-09,1,"Fitter 5","Distributor 2",38
5573,2025-06-13,5,"Fitter 3","Distributor 1",22
5575,2025-12-23,7,"Fitter 2","Distributor 2",35
5577,2025-07-27,1,"Fitter 4","Distributor 1",36
5578,2025-11-19,1,"Fitter 1","Distributor 1",32
5581,2025-05-11,7,"Fitter 3","Distributor 3",21
5582,2025-01-27,4,"Fitter 4","Distributor 3",14
5586,2025-09-03,6,"Fitter 3","Distributor 1",47
5588,2025-01-19,1,"Fitter 4","Distributor 1",42
5591,2025-02-13,3,"Fitter 2","Distributor 3",25
5595,2025-07-20,2,"Fitter 5","Distributor 3",22
5599,2025-10-21,7,"Fitter 1","Distributor 2",13
5600,2025-11-23,6,"Fitter 5","Distributor 1",27
5602,2025-06-02,5,"Fitter 3","Distributor 1",34
5604,2025-01-22,2,"Fitter 1","Distributor 1",48
5606,2025-05-11,1,"Fitter 4","Distributor 2",17
5607,2025-05-13,3,"Fitter 2","Distributor 2",28
5608,2025-04-20,6,"Fitter 3","Distributor 1",26
5611,2025-06-02,1,"Fitter 1","Distributor 3",26
5616,2025-07-08,7,"Fitter 2","Distributor 3",19
5618,2025-08-17,4,"Fitter 1","Distributor 2",40
5619,2025-06-07,6,"Fitter 3","Distributor 2",50
5622,2025-12-10,7,"Fitter 1","Distributor 3",36
5623,2025-03-08,5,"Fitter 4","Distributor 1",21
5624,2025-04-07,2,"Fitter 5","Distributor 2",12
5625,2025-05-27,5,"Fitter 2","Distributor 3",14
5626,2025-02-16,1,"Fitter 3","Distributor 1",29
5627,2025-04-23,4,"Fitter 5","Distributor 3",29
5628,2025-10-04,3,"Fitter 4","Distributor 3",43
5629,2025-12-05,2,"Fitter 4","Distributor 3",36
5630,2025-10-06,4,"Fitter 3","Distributor 1",22
5632,2025-04-24,7,"Fitter 5","Distributor 3",19
5633,2025-05-10,6,"Fitter 1","Distributor 3",37
5634,2025-12-24,7,"Fitter 1","Distributor 3",29
5636,2025-02-11,2,"Fitter 5","Distributor 2",29
5637,2025-09-05,7,"Fitter 2","Distributor 3",50
5640,2025-09-26,6,"Fitter 4","Distributor 3",39
5644,2025-03-11,1,"Fitter 2","Distributor 1",35
5646,2025-03-19,5,"Fitter 5","Distributor 2",31
5647,2025-09-21,3,"Fitter 3","Distributor 2",11
5650,2025-11-07,6,"Fitter 4","Distributor 1",22
5651,2025-05-05,5,"Fitter 2","Distributor 1",31
5652,2025-08-01,2,"Fitter 1","Distributor 1",43
5653,2025-12-01,5,"Fitter 3","Distributor 3",21
5656,2025-03-22,7,"Fitter 3","Distributor 1",43
5658,2025-05-01,7,"Fitter 3","Distributor 2",30
5659,2025-01-26,4,"Fitter 3","Distributor 2",31
5662,2025-05-26,1,"Fitter 5","Distributor 3",30
5665,2025-11-15,5,"Fitter 1","Distributor 1",44
5666,2025-03-05,3,"Fitter 3","Distributor 3",16
5668,2025-11-27,4,"Fitter 2","Distributor 3",11
5669,2025-12-14,6,"Fitter 3","Distributor 1",30
5671,2025-07-12,3,"Fitter 2","Distributor 3",50
5672,2025-02-19,6,"Fitter 2","Distributor 2",12
5673,2025-11-03,5,"Fitter 1","Distributor 3",35
5674,2025-05-15,7,"Fitter 4","Distributor 3",44
5675,2025-05-30,7,"Fitter 5","Distributor 2",38
5676,2025-03-03,2,"Fitter 3","Distributor 2",20
5677,2025-03-07,6,"Fitter 2","Distributor 2",41
5679,2025-07-14,6,"Fitter 2","Distributor 3",11
5680,2025-05-16,6,"Fitter 5","Distributor 2",30
5683,2025-03-25,6,"Fitter 3","Distributor 3",12
5686,2025-08-06,6,"Fitter 2","Distributor 3",35
5687,2025-02-15,3,"Fitter 2","Distributor 3",38
5688,2025-10-03,1,"Fitter 4","Distributor 1",37
5689,2025-10-09,2,"Fitter 2","Distributor 2",31
5690,2025-08-08,5,"Fitter 5","Distributor 1",12
5692,2025-09-21,4,"Fitter 2","Distributor 1",39
5696,2025-10-14,2,"Fitter 5","Distributor 2",42
5698,2025-01-27,4,"Fitter 1","Distributor 3",28
5700,2025-02-13,5,"Fitter 3","Distributor 2",27
5701,2025-05-13,2,"Fitter 5","Distributor 2",41
5704,2025-05-21,6,"Fitter 4","Distributor 1",47
5705,2025-02-15,3,"Fitter 2","Distributor 1",34
5707,2025-03-18,7,"Fitter 1","Distributor 2",18
5714,2025-10-02,7,"Fitter 1","Distributor 2",33
5717,2025-08-10,2,"Fitter 2","Distributor 3",30
5721,2025-07-13,2,"Fitter 5","Distributor 1",35
5723,2025-10-28,5,"Fitter 2","Distributor 2",36
5726,2025-04-18,7,"Fitter 4","Distributor 1",41
5736,2025-04-22,5,"Fitter 4","Distributor 3",24
5737,2025-11-27,7,"Fitter 1","Distributor 2",41
5740,2025-09-14,1,"Fitter 4","Distributor 3",44
5743,2025-10-18,5,"Fitter 4","Distributor 1",11
5745,2025-01-16,7,"Fitter 1","Distributor 3",39
5747,2025-02-21,6,"Fitter 2","Distributor 1",13
5749,2025-06-03,2,"Fitter 2","Distributor 3",50
5752,2025-12-13,4,"Fitter 1","Distributor 2",16
5758,2025-11-12,3,"Fitter 4","Distributor 1",29
5759,2025-06-06,5,"Fitter 2","Distributor 3",14
5763,2025-10-17,3,"Fitter 3","Distributor 2",23
5764,2025-02-23,6,"Fitter 2","Distributor 3",10
5765,2025-01-16,5,"Fitter 1","Distributor 2",26
5766,2026-01-03,7,"Fitter 3","Distributor 3",44
5768,2025-10-31,7,"Fitter 1","Distributor 1",40
5769,2025-07-02,4,"Fitter 4","Distributor 3",45
5770,2025-05-03,5,"Fitter 5","Distributor 2",34
5771,2025-07-26,6,"Fitter 4","Distributor 2",27
5776,2025-03-21,7,"Fitter 4","Distributor 3",32
5777,2025-09-11,6,"Fitter 3","Distributor 3",38
5778,2025-03-13,5,"Fitter 5","Distributor 2",31
5779,2025-07-01,6,"Fitter 5","Distributor 1",50
5780,2025-03-15,5,"Fitter 5","Distributor 1",12
5784,2025-08-23,3,"Fitter 3","Distributor 3",45
5787,2025-10-19,4,"Fitter 2","Distributor 3",20
5788,2025-08-20,3,"Fitter 1","Distributor 3",16
5789,2025-10-22,7,"Fitter 1","Distributor 2",29
5794,2025-03-07,3,"Fitter 1","Distributor 3",27
5795,2025-04-27,5,"Fitter 1","Distributor 2",49
5796,2025-11-12,4,"Fitter 1","Distributor 1",40
5797,2025-03-09,4,"Fitter 1","Distributor 1",11
5798,2025-05-19,1,"Fitter 3","Distributor 3",46
5801,2025-12-15,2,"Fitter 2","Distributor 3",45
5802,2026-01-10,5,"Fitter 3","Distributor 1",30
5803,2025-03-11,4,"Fitter 5","Distributor 1",15
5805,2025-12-09,4,"Fitter 4","Distributor 3",38
5813,2025-09-06,1,"Fitter 1","Distributor 1",43
5817,2025-03-23,6,"Fitter 4","Distributor 1",15
5819,2025-04-14,2,"Fitter 4","Distributor 3",45
5822,2025-12-20,1,"Fitter 1","Distributor 1",14
5823,2025-01-23,7,"Fitter 3","Distributor 2",48
5827,2025-12-30,7,"Fitter 2","Distributor 3",17
5830,2025-11-10,3,"Fitter 4","Distributor 1",13
5831,2025-10-21,7,"Fitter 2","Distributor 2",36
5833,2025-12-19,6,"Fitter 3","Distributor 2",45
5834,2025-01-16,1,"Fitter 4","Distributor 2",25
5835,2025-04-12,4,"Fitter 1","Distributor 2",20
5838,2025-05-29,2,"Fitter 2","Distributor 3",12
5842,2025-10-11,6,"Fitter 1","Distributor 3",47
5845,2025-02-25,4,"Fitter 2","Distributor 2",29
5848,2025-05-31,7,"Fitter 1","Distributor 1",24
5851,2025-03-10,3,"Fitter 2","Distributor 2",48
5852,2025-07-30,6,"Fitter 3","Distributor 1",26
5857,2025-11-05,5,"Fitter 5","Distributor 2",38
5858,2025-10-22,4,"Fitter 5","Distributor 1",50
5859,2026-01-11,7,"Fitter 5","Distributor 1",23
5861,2025-11-17,2,"Fitter 4","Distributor 2",50
5864,2025-03-07,2,"Fitter 3","Distributor 1",43
5866,2025-07-23,1,"Fitter 2","Distributor 3",23
5872,2025-10-29,7,"Fitter 5","Distributor 3",22
5875,2025-07-02,6,"Fitter 2","Distributor 2",25
5877,2025-10-31,4,"Fitter 5","Distributor 1",36
5879,2025-07-08,3,"Fitter 1","Distributor 3",40
5881,2025-02-07,5,"Fitter 1","Distributor 1",34
5883,2025-07-10,5,"Fitter 2","Distributor 1",50
5884,2025-07-24,3,"Fitter 1","Distributor 1",44
5885,2025-07-05,3,"Fitter 3","Distributor 1",18
5887,2025-09-18,4,"Fitter 3","Distributor 3",21
5891,2025-06-16,7,"Fitter 3","Distributor 1",14
5892,2025-07-05,3,"Fitter 5","Distributor 2",18
5894,2025-10-03,2,"Fitter 4","Distributor 1",23
5896,2025-10-30,1,"Fitter 2","Distributor 1",23
5897,2025-10-11,6,"Fitter 2","Distributor 2",39
5900,2025-10-12,2,"Fitter 3","Distributor 3",16
5901,2025-05-29,2,"Fitter 4","Distributor 3",15
5905,2025-02-24,4,"Fitter 5","Distributor 3",41
5906,2025-09-03,7,"Fitter 2","Distributor 2",30
5908,2025-05-12,1,"Fitter 5","Distributor 2",15
5915,2025-03-05,7,"Fitter 4","Distributor 2",22
5916,2025-03-18,4,"Fitter 2","Distributor 1",33
5919,2025-10-03,3,"Fitter 2","Distributor 1",39
5920,2025-03-25,6,"Fitter 4","Distributor 3",17
5921,2025-12-20,1,"Fitter 4","Distributor 1",35
5922,2025-10-29,2,"Fitter 4","Distributor 1",39
5923,2025-09-09,5,"Fitter 5","Distributor 1",15
5924,2025-02-02,3,"Fitter 3","Distributor 2",28
5925,2025-12-22,6,"Fitter 1","Distributor 3",36
5930,2025-03-09,7,"Fitter 1","Distributor 2",16
5931,2025-11-21,5,"Fitter 2","Distributor 2",34
5935,2025-10-07,2,"Fitter 3","Distributor 2",10
5936,2025-04-27,3,"Fitter 5","Distributor 1",28
5940,2025-05-01,6,"Fitter 5","Distributor 2",22
5942,2025-05-15,5,"Fitter 4","Distributor 3",30
5943,2025-01-13,6,"Fitter 5","Distributor 1",42
5950,2025-11-17,4,"Fitter 3","Distributor 3",38
5955,2025-10-17,4,"Fitter 3","Distributor 2",13
5956,2025-07-14,4,"Fitter 3","Distributor 3",10
5957,2025-08-01,6,"Fitter 5","Distributor 1",18
5958,2025-05-02,7,"Fitter 1","Distributor 1",39
5959,2025-06-17,1,"Fitter 1","Distributor 1",37
5961,2025-12-29,3,"Fitter 4","Distributor 2",11
5963,2025-05-29,5,"Fitter 2","Distributor 3",25
5965,2025-04-01,1,"Fitter 5","Distributor 1",17
5968,2025-05-20,2,"Fitter 4","Distributor 2",43
5971,2025-06-13,7,"Fitter 3","Distributor 3",32
5974,2025-02-13,3,"Fitter 5","Distributor 2",29
5975,2025-11-16,1,"Fitter 2","Distributor 2",22
5978,2025-04-16,6,"Fitter 2","Distributor 1",45
5983,2025-07-12,4,"Fitter 1","Distributor 2",48
5984,2025-10-05,2,"Fitter 1","Distributor 2",10
5987,2025-08-17,7,"Fitter 5","Distributor 2",40
5989,2025-03-17,3,"Fitter 5","Distributor 1",24
5990,2025-10-24,7,"Fitter 1","Distributor 2",19
5992,2025-01-15,5,"Fitter 4","Distributor 2",43
5994,2025-03-13,2,"Fitter 4","Distributor 1",34
5995,2025-05-14,1,"Fitter 4","Distributor 2",21
5997,2025-10-23,1,"Fitter 2","Distributor 2",24
5999,2025-05-09,2,"Fitter 5","Distributor 2",28
6000,2025-07-10,5,"Fitter 2","Distributor 2",23
6003,2025-07-01,3,"Fitter 5","Distributor 1",49
6011,2025-07-22,5,"Fitter 4","Distributor 1",39
6012,2025-05-04,4,"Fitter 3","Distributor 1",44
6013,2025-02-17,4,"Fitter 3","Distributor 3",49
6017,2025-02-01,1,"Fitter 4","Distributor 1",34
6019,2025-02-10,4,"Fitter 3","Distributor 2",45
6023,2025-03-29,3,"Fitter 3","Distributor 1",32
6024,2025-03-30,6,"Fitter 5","Distributor 2",17
6026,2025-02-27,7,"Fitter 3","Distributor 2",11
6035,2025-01-27,5,"Fitter 3","Distributor 3",21
6038,2025-06-21,1,"Fitter 2","Distributor 3",32
6040,2025-03-04,3,"Fitter 1","Distributor 3",18
6042,2025-11-28,3,"Fitter 4","Distributor 2",20
6044,2025-10-22,2,"Fitter 3","Distributor 1",12
6045,2025-04-30,3,"Fitter 1","Distributor 1",14
6048,2025-09-13,7,"Fitter 5","Distributor 2",10
6049,2025-09-10,7,"Fitter 1","Distributor 1",25
6050,2025-03-12,5,"Fitter 3","Distributor 2",14
6052,2025-03-24,4,"Fitter 4","Distributor 3",11
6056,2025-08-02,5,"Fitter 2","Distributor 1",34
6057,2025-05-17,1,"Fitter 2","Distributor 2",38
6061,2025-07-18,2,"Fitter 4","Distributor 2",23
6064,2025-11-09,4,"Fitter 3","Distributor 1",47
6065,2025-12-07,1,"Fitter 3","Distributor 2",46
6069,2025-11-12,6,"Fitter 2","Distributor 2",37
6070,2025-07-13,3,"Fitter 3","Distributor 2",12
6071,2025-05-31,5,"Fitter 4","Distributor 1",30
6073,2025-12-26,3,"Fitter 1","Distributor 3",11
6077,2025-06-23,7,"Fitter 5","Distributor 1",43
6078,2025-02-16,1,"Fitter 3","Distributor 1",31
6080,2025-11-08,6,"Fitter 2","Distributor 1",44
6081,2025-06-14,1,"Fitter 1","Distributor 2",38
6084,2025-12-31,2,"Fitter 4","Distributor 3",15
6087,2025-07-11,5,"Fitter 3","Distributor 2",44
6088,2025-09-20,4,"Fitter 4","Distributor 3",22
6090,2025-02-18,5,"Fitter 5","Distributor 3",26
6091,2025-01-15,3,"Fitter 1","Distributor 3",45
6092,2025-07-11,1,"Fitter 4","Distributor 1",48
6097,2026-01-05,1,"Fitter 5","Distributor 2",39
6098,2025-07-08,5,"Fitter 1","Distributor 2",22
6100,2025-05-23,4,"Fitter 1","Distributor 3",31
6101,2025-01-14,2,"Fitter 2","Distributor 3",46
6102,2025-04-10,5,"Fitter 1","Distributor 3",38
6104,2025-09-13,2,"Fitter 3","Distributor 3",16
6106,2025-02-02,6,"Fitter 4","Distributor 3",18
6107,2025-12-24,1,"Fitter 2","Distributor 2",37
6111,2025-06-19,7,"Fitter 3","Distributor 2",21
6113,2025-11-24,4,"Fitter 1","Distributor 1",49
6114,2025-10-21,2,"Fitter 4","Distributor 3",28
6117,2025-04-06,6,"Fitter 4","Distributor 2",33
6118,2025-08-24,3,"Fitter 3","Distributor 2",19
6119,2025-09-14,4,"Fitter 5","Distributor 2",23
6121,2025-08-02,7,"Fitter 1","Distributor 3",14
6122,2025-09-16,1,"Fitter 3","Distributor 1",32
6124,2025-06-02,2,"Fitter 4","Distributor 3",12
6126,2025-02-19,6,"Fitter 3","Distributor 3",19
6128,2026-01-04,5,"Fitter 4","Distributor 2",21
6132,2025-10-22,6,"Fitter 5","Distributor 2",23
6134,2025-04-21,7,"Fitter 5","Distributor 1",36
6136,2025-05-06,1,"Fitter 1","Distributor 1",22
6139,2025-03-10,3,"Fitter 4","Distributor 2",47
6142,2025-07-07,7,"Fitter 5","Distributor 3",23
6146,2025-05-11,7,"Fitter 1","Distributor 1",26
6147,2025-08-29,2,"Fitter 2","Distributor 2",26
6149,2025-11-30,4,"Fitter 1","Distributor 1",24
6150,2025-05-30,1,"Fitter 5","Distributor 2",22
6152,2025-04-21,3,"Fitter 1","Distributor 2",17
6154,2025-12-26,1,"Fitter 3","Distributor 2",26
6158,2025-07-03,2,"Fitter 4","Distributor 3",37
6161,2025-01-17,4,"Fitter 4","Distributor 2",32
6162,2025-04-11,6,"Fitter 3","Distributor 1",27
6163,2025-07-17,6,"Fitter 2","Distributor 2",16
6165,2025-09-01,4,"Fitter 3","Distributor 2",47
6166,2025-12-18,6,"Fitter 4","Distributor 3",41
6167,2025-08-12,7,"Fitter 2","Distributor 3",34
6170,2025-09-02,5,"Fitter 2","Distributor 3",42
6172,2025-06-12,3,"Fitter 5","Distributor 1",10
6178,2025-01-19,4,"Fitter 1","Distributor 1",40
6181,2026-01-06,3,"Fitter 2","Distributor 1",14
6182,2025-01-12,7,"Fitter 4","Distributor 1",28
6184,2025-02-22,2,"Fitter 4","Distributor 1",30
6186,2025-08-11,4,"Fitter 2","Distributor 2",44
6188,2025-10-10,4,"Fitter 1","Distributor 2",45
6189,2025-03-07,2,"Fitter 4","Distributor 2",49
6191,2025-02-19,5,"Fitter 4","Distributor 1",34
6193,2025-02-13,5,"Fitter 2","Distributor 1",35
6195,2025-08-14,6,"Fitter 1","Distributor 1",47
6199,2025-08-11,5,"Fitter 4","Distributor 1",18
6200,2025-06-10,7,"Fitter 2","Distributor 1",16
6202,2025-09-06,1,"Fitter 1","Distributor 2",43
6205,2025-09-14,2,"Fitter 4","Distributor 3",18
6206,2025-05-30,1,"Fitter 4","Distributor 2",39
6207,2025-08-17,7,"Fitter 1","Distributor 1",34
6209,2025-11-18,1,"Fitter 1","Distributor 1",29
6211,2025-02-08,7,"Fitter 1","Distributor 1",30
6212,2025-11-15,6,"Fitter 1","Distributor 2",27
6216,2025-01-14,6,"Fitter 1","Distributor 1",25
6217,2025-07-24,4,"Fitter 2","Distributor 1",27
6219,2025-07-31,4,"Fitter 5","Distributor 2",10
6220,2025-06-22,2,"Fitter 2","Distributor 1",17
6221,2025-08-06,4,"Fitter 4","Distributor 1",38
6222,2025-02-27,5,"Fitter 3","Distributor 2",49
6226,2025-08-05,2,"Fitter 4","Distributor 2",28
6229,2025-10-30,7,"Fitter 5","Distributor 1",46
6231,2025-11-29,6,"Fitter 3","Distributor 2",26
6233,2025-10-26,5,"Fitter 1","Distributor 2",46
6234,2025-02-17,6,"Fitter 4","Distributor 1",12
6235,2025-01-16,4,"Fitter 5","Distributor 3",37
6249,2026-01-03,4,"Fitter 4","Distributor 2",42
6253,2025-07-19,1,"Fitter 3","Distributor 1",26
6255,2025-03-30,5,"Fitter 3","Distributor 3",13
6256,2025-04-11,6,"Fitter 1","Distributor 2",23
6258,2025-06-26,5,"Fitter 2","Distributor 1",10
6263,2025-03-14,5,"Fitter 1","Distributor 2",33
6264,2025-10-26,7,"Fitter 1","Distributor 3",33
6266,2025-02-13,1,"Fitter 1","Distributor 1",46
6268,2025-06-24,6,"Fitter 2","Distributor 3",12
6270,2025-10-29,1,"Fitter 4","Distributor 3",21
6272,2025-07-29,3,"Fitter 2","Distributor 2",35
6273,2026-01-07,5,"Fitter 5","Distributor 1",20
6274,2025-04-22,3,"Fitter 5","Distributor 1",41
6275,2025-11-04,4,"Fitter 2","Distributor 1",39
6276,2025-02-13,1,"Fitter 3","Distributor 1",14
6277,2025-04-05,2,"Fitter 2","Distributor 2",50
6279,2025-06-12,5,"Fitter 1","Distributor 3",23
6280,2025-12-27,6,"Fitter 5","Distributor 3",26
6283,2025-07-30,2,"Fitter 3","Distributor 3",15
6284,2025-11-28,2,"Fitter 2","Distributor 1",32
6285,2025-10-01,6,"Fitter 5","Distributor 2",49
6287,2025-01-27,5,"Fitter 3","Distributor 3",20
6288,2025-05-07,6,"Fitter 3","Distributor 1",35
6293,2026-01-03,6,"Fitter 4","Distributor 3",20
6294,2025-09-18,2,"Fitter 1","Distributor 3",39
6299,2025-01-13,2,"Fitter 2","Distributor 3",33
6300,2025-08-14,2,"Fitter 2","Distributor 3",38
6302,2025-07-20,5,"Fitter 4","Distributor 2",42
6304,2025-02-24,2,"Fitter 1","Distributor 1",44
6306,2025-04-14,1,"Fitter 5","Distributor 2",19
6307,2025-07-12,3,"Fitter 5","Distributor 2",38
6308,2025-10-31,7,"Fitter 2","Distributor 3",26
6310,2025-08-05,1,"Fitter 5","Distributor 1",12
6313,2025-10-13,4,"Fitter 5","Distributor 3",26
6314,2025-11-25,3,"Fitter 1","Distributor 2",11
6315,2025-01-14,4,"Fitter 5","Distributor 3",31
6316,2026-01-08,7,"Fitter 3","Distributor 1",36
6317,2025-02-23,2,"Fitter 1","Distributor 1",49
6322,2025-10-14,2,"Fitter 2","Distributor 1",22
6323,2025-09-06,6,"Fitter 1","Distributor 2",16
6326,2025-09-23,4,"Fitter 5","Distributor 2",49
6332,2025-12-05,7,"Fitter 4","Distributor 2",36
6333,2025-03-07,5,"Fitter 1","Distributor 3",19
6335,2025-10-16,3,"Fitter 1","Distributor 2",49
6336,2025-07-14,2,"Fitter 3","Distributor 2",45
6338,2025-11-29,4,"Fitter 2","Distributor 1",13
6340,2025-09-15,7,"Fitter 4","Distributor 3",45
6341,2025-08-21,3,"Fitter 3","Distributor 1",23
6343,2025-10-28,3,"Fitter 1","Distributor 1",20
6346,2025-09-25,6,"Fitter 2","Distributor 2",42
6347,2025-06-16,3,"Fitter 3","Distributor 1",33
6348,2025-03-10,5,"Fitter 3","Distributor 1",10
6349,2025-08-25,5,"Fitter 3","Distributor 1",22
6350,2025-12-23,7,"Fitter 1","Distributor 3",45
6354,2026-01-01,5,"Fitter 2","Distributor 2",14
6355,2025-04-15,3,"Fitter 1","Distributor 3",46
6356,2025-02-12,1,"Fitter 5","Distributor 1",18
6359,2025-11-03,3,"Fitter 2","Distributor 1",42
6360,2025-10-09,7,"Fitter 1","Distributor 3",30
6362,2025-05-31,4,"Fitter 4","Distributor 1",33
6363,2025-04-07,3,"Fitter 3","Distributor 3",20
6364,2025-08-17,2,"Fitter 4","Distributor 3",14
6365,2025-07-02,5,"Fitter 3","Distributor 1",17
6367,2025-09-29,4,"Fitter 1","Distributor 1",45
6368,2025-02-01,3,"Fitter 3","Distributor 3",48
6373,2025-02-18,2,"Fitter 5","Distributor 2",39
6374,2025-09-05,2,"Fitter 3","Distributor 1",37
6375,2025-09-16,7,"Fitter 1","Distributor 1",14
6378,2025-11-13,6,"Fitter 4","Distributor 1",38
6381,2025-11-09,2,"Fitter 2","Distributor 2",38
6382,2025-05-23,4,"Fitter 3","Distributor 1",42
6383,2025-05-17,5,"Fitter 5","Distributor 3",16
6384,2025-06-19,6,"Fitter 5","Distributor 2",18
6385,2025-07-22,4,"Fitter 5","Distributor 2",43
6390,2025-08-03,6,"Fitter 4","Distributor 1",30
6392,2025-01-14,7,"Fitter 2","Distributor 2",47
6393,2025-10-08,6,"Fitter 3","Distributor 3",26
6398,2025-01-22,4,"Fitter 5","Distributor 1",29
6401,2025-01-23,6,"Fitter 4","Distributor 3",18
6403,2025-10-23,5,"Fitter 4","Distributor 1",14
6406,2025-04-17,2,"Fitter 4","Distributor 3",27
6407,2025-03-21,2,"Fitter 1","Distributor 2",14
6412,2025-03-14,2,"Fitter 3","Distributor 2",42
6413,2025-07-05,5,"Fitter 2","Distributor 3",19
6415,2025-02-04,6,"Fitter 4","Distributor 2",30
6418,2025-06-06,1,"Fitter 5","Distributor 1",12
6419,2025-07-11,6,"Fitter 2","Distributor 3",26
6420,2025-02-11,1,"Fitter 4","Distributor 2",31
6421,2025-10-04,2,"Fitter 3","Distributor 1",36
6423,2025-03-18,4,"Fitter 5","Distributor 2",36
6427,2025-09-23,3,"Fitter 4","Distributor 2",49
6435,2025-02-12,3,"Fitter 2","Distributor 2",34
6436,2025-06-27,5,"Fitter 2","Distributor 1",37
6437,2025-04-22,6,"Fitter 1","Distributor 1",39
6439,2025-05-30,5,"Fitter 2","Distributor 1",43
6442,2025-08-25,5,"Fitter 5","Distributor 2",33
6443,2025-09-01,6,"Fitter 5","Distributor 3",34
6445,2025-10-17,3,"Fitter 5","Distributor 3",30
6446,2025-11-02,5,"Fitter 2","Distributor 1",46
6447,2025-03-02,7,"Fitter 4","Distributor 3",42
6449,2025-07-31,3,"Fitter 5","Distributor 2",49
6450,2025-11-19,2,"Fitter 5","Distributor 2",31
6452,2025-05-12,1,"Fitter 3","Distributor 2",27
6453,2025-04-27,5,"Fitter 3","Distributor 1",21
6456,2025-11-01,5,"Fitter 5","Distributor 3",16
6457,2025-08-04,7,"Fitter 2","Distributor 1",49
6461,2025-05-27,2,"Fitter 4","Distributor 3",24
6463,2025-04-02,4,"Fitter 4","Distributor 1",45
6466,2025-07-21,4,"Fitter 4","Distributor 1",50
6470,2025-01-18,5,"Fitter 2","Distributor 3",40
6473,2025-04-14,4,"Fitter 4","Distributor 1",25
6475,2025-01-24,6,"Fitter 4","Distributor 1",19
6478,2025-04-22,2,"Fitter 2","Distributor 1",42
6480,2025-11-24,6,"Fitter 5","Distributor 1",13
6481,2025-07-18,5,"Fitter 4","Distributor 1",24
6482,2025-06-18,6,"Fitter 1","Distributor 1",12
6485,2025-11-18,1,"Fitter 3","Distributor 2",49
6492,2025-05-10,1,"Fitter 1","Distributor 1",10
6495,2025-10-14,7,"Fitter 5","Distributor 2",50
6498,2025-03-21,4,"Fitter 2","Distributor 3",12
6500,2025-03-26,5,"Fitter 2","Distributor 1",42
6502,2026-01-02,4,"Fitter 5","Distributor 3",23
6504,2025-09-23,1,"Fitter 4","Distributor 2",48
6508,2025-11-20,2,"Fitter 2","Distributor 3",23
6509,2025-07-31,2,"Fitter 1","Distributor 1",35
6510,2025-02-11,4,"Fitter 1","Distributor 3",24
6513,2025-03-24,6,"Fitter 3","Distributor 1",27
6516,2026-01-05,5,"Fitter 1","Distributor 2",30
6519,2025-11-26,1,"Fitter 3","Distributor 1",45
6523,2026-01-09,3,"Fitter 2","Distributor 3",11
6526,2025-09-03,1,"Fitter 2","Distributor 3",18
6527,2025-07-31,6,"Fitter 5","Distributor 1",35
6532,2025-05-16,7,"Fitter 5","Distributor 1",24
6535,2025-12-18,6,"Fitter 4","Distributor 1",20
6539,2025-08-13,1,"Fitter 1","Distributor 3",10
6543,2025-09-12,5,"Fitter 2","Distributor 1",45
6547,2025-06-28,2,"Fitter 4","Distributor 3",35
6552,2025-08-26,4,"Fitter 1","Distributor 1",27
6553,2025-02-18,2,"Fitter 4","Distributor 1",18
6554,2025-10-12,7,"Fitter 4","Distributor 3",20
6555,2025-07-03,6,"Fitter 1","Distributor 3",49
6559,2025-03-28,2,"Fitter 3","Distributor 2",13
6560,2025-02-14,7,"Fitter 1","Distributor 3",23
6563,2025-05-30,3,"Fitter 4","Distributor 3",32
6566,2025-03-16,4,"Fitter 5","Distributor 2",28
6570,2025-11-08,7,"Fitter 5","Distributor 2",12
6574,2025-05-13,2,"Fitter 3","Distributor 1",49
6575,2025-09-09,2,"Fitter 1","Distributor 2",38
6577,2025-03-26,2,"Fitter 4","Distributor 3",49
6578,2025-12-31,7,"Fitter 2","Distributor 3",49
6580,2025-03-29,1,"Fitter 5","Distributor 1",41
6581,2025-12-05,7,"Fitter 3","Distributor 2",15
6585,2025-12-31,1,"Fitter 1","Distributor 2",20
6586,2025-09-01,5,"Fitter 1","Distributor 2",44
6587,2025-04-06,1,"Fitter 2","Distributor 2",11
6591,2026-01-09,2,"Fitter 4","Distributor 2",43
6592,2025-05-22,7,"Fitter 4","Distributor 3",23
6594,2026-01-11,4,"Fitter 1","Distributor 2",34
6596,2025-12-19,1,"Fitter 3","Distributor 2",39
6603,2025-11-04,1,"Fitter 2","Distributor 1",34
6604,2025-07-18,5,"Fitter 2","Distributor 3",50
6605,2025-11-23,3,"Fitter 2","Distributor 1",48
6606,2026-01-09,3,"Fitter 5","Distributor 3",21
6610,2025-12-18,1,"Fitter 4","Distributor 2",42
6611,2025-10-21,1,"Fitter 5","Distributor 2",42
6612,2025-12-12,1,"Fitter 1","Distributor 3",17
6615,2025-03-17,3,"Fitter 2","Distributor 3",36
6616,2025-02-08,4,"Fitter 2","Distributor 2",32
6618,2025-03-01,1,"Fitter 2","Distributor 2",16
6621,2025-02-21,2,"Fitter 2","Distributor 3",47
6622,2025-09-30,3,"Fitter 5","Distributor 2",45
6623,2025-10-23,1,"Fitter 3","Distributor 1",16
6625,2025-06-23,2,"Fitter 3","Distributor 1",16
6626,2025-04-27,6,"Fitter 3","Distributor 3",20
6632,2025-07-14,6,"Fitter 2","Distributor 3",26
6641,2025-05-06,5,"Fitter 5","Distributor 3",22
6642,2025-07-13,2,"Fitter 3","Distributor 2",31
6647,2025-02-26,4,"Fitter 5","Distributor 3",29
6655,2025-02-10,3,"Fitter 3","Distributor 3",10
6656,2025-04-21,4,"Fitter 5","Distributor 2",37
6660,2025-08-19,2,"Fitter 1","Distributor 3",12
6661,2025-04-01,7,"Fitter 5","Distributor 1",26
6663,2025-01-26,4,"Fitter 4","Distributor 2",17
6665,2025-03-16,3,"Fitter 5","Distributor 2",26
6667,2026-01-09,7,"Fitter 4","Distributor 3",37
6668,2025-12-07,1,"Fitter 4","Distributor 2",48
6669,2025-03-13,3,"Fitter 4","Distributor 2",49
6670,2025-09-07,6,"Fitter 3","Distributor 1",21
6671,2025-06-12,7,"Fitter 4","Distributor 3",25
6672,2025-11-03,6,"Fitter 4","Distributor 1",40
6674,2025-05-02,3,"Fitter 1","Distributor 1",22
6675,2025-02-17,3,"Fitter 5","Distributor 2",43
6676,2025-12-16,6,"Fitter 2","Distributor 2",38
6677,2025-10-10,1,"Fitter 2","Distributor 1",20
6681,2025-03-30,3,"Fitter 3","Distributor 3",26
6684,2025-07-09,5,"Fitter 1","Distributor 2",12
6687,2025-04-12,4,"Fitter 2","Distributor 3",34
6688,2025-11-10,5,"Fitter 2","Distributor 3",50
6690,2025-10-12,3,"Fitter 4","Distributor 3",44
6693,2026-01-06,7,"Fitter 1","Distributor 3",33
6695,2025-04-18,1,"Fitter 2","Distributor 3",47
6697,2025-04-04,6,"Fitter 2","Distributor 2",19
6698,2025-04-17,6,"Fitter 3","Distributor 3",30
6700,2025-12-02,7,"Fitter 5","Distributor 2",27
6703,2025-05-24,3,"Fitter 2","Distributor 1",38
6704,2025-01-31,1,"Fitter 3","Distributor 3",26
6707,2025-07-23,3,"Fitter 2","Distributor 1",18
6708,2025-02-17,2,"Fitter 4","Distributor 1",26
6711,2025-03-18,2,"Fitter 3","Distributor 2",30
6712,2025-09-22,7,"Fitter 1","Distributor 1",20
6713,2025-11-15,5,"Fitter 4","Distributor 1",25
6718,2025-02-19,6,"Fitter 3","Distributor 2",40
6723,2025-11-05,2,"Fitter 1","Distributor 1",21
6725,2025-04-17,3,"Fitter 2","Distributor 3",42
6727,2025-07-20,3,"Fitter 4","Distributor 1",39
6729,2025-12-03,6,"Fitter 5","Distributor 3",16
6731,2025-07-05,6,"Fitter 5","Distributor 1",20
6732,2025-09-28,2,"Fitter 2","Distributor 1",30
6735,2025-01-17,1,"Fitter 1","Distributor 2",34
6737,2025-07-28,1,"Fitter 4","Distributor 1",37
6738,2025-07-27,1,"Fitter 4","Distributor 1",40
6740,2025-08-21,1,"Fitter 3","Distributor 3",40
6741,2025-05-09,6,"Fitter 3","Distributor 2",14
6742,2025-03-18,7,"Fitter 1","Distributor 3",14
6743,2025-09-01,3,"Fitter 1","Distributor 2",38
6744,2026-01-01,4,"Fitter 2","Distributor 2",41
6748,2025-05-11,6,"Fitter 1","Distributor 2",40
6749,2025-01-16,3,"Fitter 4","Distributor 2",27
6751,2025-10-09,3,"Fitter 4","Distributor 2",38
6753,2025-09-11,4,"Fitter 3","Distributor 1",17
6755,2025-10-18,7,"Fitter 3","Distributor 2",39
6757,2025-05-08,4,"Fitter 3","Distributor 1",16
6758,2025-07-23,3,"Fitter 1","Distributor 1",30
6761,2025-04-14,3,"Fitter 4","Distributor 3",10
6763,2025-10-04,5,"Fitter 2","Distributor 2",32
6764,2025-06-20,2,"Fitter 3","Distributor 2",30
6765,2025-12-29,2,"Fitter 3","Distributor 3",17
6767,2025-08-01,5,"Fitter 5","Distributor 1",15
6769,2025-10-10,4,"Fitter 3","Distributor 1",23
6771,2026-01-07,5,"Fitter 1","Distributor 3",40
6773,2025-02-08,1,"Fitter 2","Distributor 2",15
6775,2025-08-18,5,"Fitter 1","Distributor 3",26
6776,2025-11-16,5,"Fitter 2","Distributor 1",18
6777,2025-05-02,2,"Fitter 5","Distributor 2",17
6778,2025-08-16,3,"Fitter 2","Distributor 1",49
6782,2025-11-25,2,"Fitter 4","Distributor 2",25
6784,2025-05-07,1,"Fitter 3","Distributor 1",15
6785,2025-07-30,4,"Fitter 4","Distributor 3",17
6786,2025-12-06,1,"Fitter 3","Distributor 2",35
6791,2025-08-25,5,"Fitter 4","Distributor 3",46
6795,2025-11-03,6,"Fitter 4","Distributor 1",25
6796,2025-04-29,4,"Fitter 4","Distributor 3",31
6798,2025-08-10,1,"Fitter 5","Distributor 1",50
6800,2025-09-02,4,"Fitter 2","Distributor 1",46
6801,2025-11-07,3,"Fitter 1","Distributor 2",44
6802,2025-06-28,3,"Fitter 3","Distributor 2",16
6805,2025-07-09,5,"Fitter 3","Distributor 1",26
6807,2025-10-03,2,"Fitter 2","Distributor 2",41
6809,2025-03-21,3,"Fitter 4","Distributor 1",23
6811,2025-10-31,5,"Fitter 1","Distributor 1",29
6812,2025-02-08,4,"Fitter 4","Distributor 1",36
6816,2025-06-26,3,"Fitter 5","Distributor 3",28
6817,2025-02-24,1,"Fitter 4","Distributor 1",47
6818,2026-01-11,7,"Fitter 5","Distributor 3",42
6822,2025-01-30,3,"Fitter 1","Distributor 3",28
6824,2025-07-15,3,"Fitter 1","Distributor 3",41
6825,2025-07-26,4,"Fitter 4","Distributor 2",23
6826,2025-02-19,7,"Fitter 5","Distributor 1",36
6827,2025-10-14,3,"Fitter 4","Distributor 3",46
6830,2025-04-13,7,"Fitter 5","Distributor 1",16
6831,2025-11-02,6,"Fitter 3","Distributor 1",18
6833,2025-06-06,6,"Fitter 4","Distributor 2",11
6839,2025-03-27,2,"Fitter 1","Distributor 1",49
6841,2025-07-26,6,"Fitter 3","Distributor 3",11
6842,2025-06-25,1,"Fitter 5","Distributor 2",16
6843,2025-11-29,7,"Fitter 2","Distributor 2",16
6844,2025-05-03,2,"Fitter 2","Distributor 3",28
6845,2025-03-05,5,"Fitter 2","Distributor 1",26
6846,2025-07-09,7,"Fitter 2","Distributor 2",38
6849,2025-08-28,1,"Fitter 4","Distributor 2",12
6851,2025-12-04,4,"Fitter 4","Distributor 3",34
6854,2025-05-17,7,"Fitter 3","Distributor 2",50
6855,2025-02-03,4,"Fitter 1","Distributor 2",17
6860,2025-05-27,5,"Fitter 1","Distributor 3",21
6864,2025-06-17,1,"Fitter 3","Distributor 3",40
6866,2025-07-13,4,"Fitter 4","Distributor 2",45
6867,2025-04-02,6,"Fitter 5","Distributor 1",32
6868,2025-10-04,1,"Fitter 3","Distributor 2",45
6872,2025-05-08,2,"Fitter 3","Distributor 2",13
6876,2025-06-13,2,"Fitter 1","Distributor 3",32
6877,2025-11-08,5,"Fitter 5","Distributor 3",18
6878,2025-10-01,6,"Fitter 5","Distributor 1",45
6881,2025-08-20,1,"Fitter 5","Distributor 2",50
6882,2025-03-12,2,"Fitter 1","Distributor 2",50
6887,2025-12-30,6,"Fitter 5","Distributor 1",13
6894,2025-01-13,2,"Fitter 5","Distributor 2",49
6895,2025-07-12,1,"Fitter 1","Distributor 3",13
6896,2025-01-17,6,"Fitter 2","Distributor 3",17
6897,2025-02-20,7,"Fitter 3","Distributor 1",47
6902,2025-07-17,7,"Fitter 2","Distributor 1",43
6909,2025-12-17,4,"Fitter 3","Distributor 1",11
6910,2025-11-10,4,"Fitter 5","Distributor 2",10
6911,2025-03-12,3,"Fitter 2","Distributor 3",12
6912,2025-01-21,6,"Fitter 2","Distributor 3",44
6914,2025-11-29,2,"Fitter 5","Distributor 1",11
6917,2025-06-27,4,"Fitter 3","Distributor 2",43
6918,2025-12-19,2,"Fitter 1","Distributor 1",20
6920,2025-03-16,3,"Fitter 4","Distributor 3",44
6921,2025-09-08,3,"Fitter 3","Distributor 2",42
6922,2025-06-09,3,"Fitter 1","Distributor 1",19
6923,2025-07-27,1,"Fitter 4","Distributor 2",20
6924,2025-01-29,2,"Fitter 3","Distributor 1",29
6926,2025-02-11,5,"Fitter 1","Distributor 1",40
6927,2025-09-08,7,"Fitter 3","Distributor 1",17
6928,2025-12-07,4,"Fitter 4","Distributor 3",15
6929,2025-04-28,6,"Fitter 1","Distributor 2",46
6934,2025-10-03,3,"Fitter 1","Distributor 2",47
6936,2025-07-08,1,"Fitter 3","Distributor 1",42
6939,2025-11-08,5,"Fitter 5","Distributor 2",19
6940,2025-09-23,3,"Fitter 1","Distributor 1",29
6942,2025-04-05,6,"Fitter 4","Distributor 3",43
6943,2025-06-20,7,"Fitter 3","Distributor 2",30
6948,2025-10-17,5,"Fitter 1","Distributor 2",48
6950,2025-03-21,3,"Fitter 4","Distributor 2",34
6951,2025-05-15,6,"Fitter 1","Distributor 1",16
6953,2025-09-20,3,"Fitter 3","Distributor 3",12
6956,2025-10-29,3,"Fitter 1","Distributor 1",22
6958,2025-05-09,7,"Fitter 3","Distributor 2",19
6959,2025-05-08,7,"Fitter 5","Distributor 1",49
6962,2025-11-22,1,"Fitter 4","Distributor 3",39
6963,2025-09-16,2,"Fitter 3","Distributor 3",48
6964,2025-10-12,6,"Fitter 4","Distributor 2",25
6966,2025-04-13,3,"Fitter 4","Distributor 2",49
6967,2025-04-17,7,"Fitter 3","Distributor 2",20
6968,2025-03-29,2,"Fitter 1","Distributor 2",21
6969,2025-05-21,5,"Fitter 1","Distributor 2",32
6971,2025-07-07,3,"Fitter 4","Distributor 2",41
6973,2025-03-02,1,"Fitter 4","Distributor 3",26
6978,2025-11-09,3,"Fitter 4","Distributor 2",23
6979,2025-11-27,1,"Fitter 5","Distributor 1",45
6980,2025-08-25,7,"Fitter 5","Distributor 3",38
6981,2025-08-07,6,"Fitter 4","Distributor 2",14
6983,2025-11-17,1,"Fitter 1","Distributor 1",10
6987,2025-07-23,6,"Fitter 1","Distributor 3",24
6991,2025-03-14,7,"Fitter 4","Distributor 2",14
6992,2025-02-10,4,"Fitter 2","Distributor 2",18
6994,2025-08-03,6,"Fitter 3","Distributor 3",39
7000,2025-05-04,5,"Fitter 5","Distributor 3",25
7003,2025-10-04,7,"Fitter 2","Distributor 3",49
7005,2025-01-17,2,"Fitter 4","Distributor 2",19
7008,2025-04-29,2,"Fitter 2","Distributor 3",44
7011,2025-12-01,2,"Fitter 1","Distributor 2",40
7013,2025-05-01,7,"Fitter 5","Distributor 3",32
7015,2025-10-21,3,"Fitter 4","Distributor 3",32
7016,2025-10-29,5,"Fitter 3","Distributor 3",44
7017,2025-09-07,5,"Fitter 5","Distributor 2",27
7021,2025-06-25,1,"Fitter 4","Distributor 2",43
7022,2025-07-17,7,"Fitter 1","Distributor 3",11
7023,2025-11-28,2,"Fitter 2","Distributor 3",21
7024,2025-10-30,4,"Fitter 1","Distributor 3",26
7025,2026-01-10,3,"Fitter 5","Distributor 3",39
7027,2025-12-31,7,"Fitter 5","Distributor 3",12
7035,2025-04-24,1,"Fitter 5","Distributor 3",45
7036,2025-08-30,1,"Fitter 4","Distributor 2",22
7037,2025-10-21,5,"Fitter 2","Distributor 1",44
7038,2025-02-17,4,"Fitter 4","Distributor 3",24
7040,2025-06-22,2,"Fitter 2","Distributor 3",34
7043,2025-08-19,3,"Fitter 3","Distributor 3",12
7046,2025-03-31,7,"Fitter 1","Distributor 1",42
7048,2025-11-10,3,"Fitter 3","Distributor 1",25
7050,2025-12-12,6,"Fitter 4","Distributor 3",30
7051,2025-04-25,1,"Fitter 2","Distributor 2",20
7052,2025-12-01,6,"Fitter 5","Distributor 2",42
7055,2025-05-07,1,"Fitter 4","Distributor 1",50
7059,2025-12-02,7,"Fitter 1","Distributor 3",10
7060,2025-01-25,6,"Fitter 5","Distributor 2",45
7061,2025-10-30,2,"Fitter 4","Distributor 3",31
7062,2025-02-05,1,"Fitter 5","Distributor 3",34
7065,2025-12-11,2,"Fitter 4","Distributor 2",13
7066,2025-04-06,3,"Fitter 5","Distributor 1",43
7067,2025-06-02,4,"Fitter 4","Distributor 3",31
7069,2025-03-09,5,"Fitter 2","Distributor 1",46
7072,2025-09-07,3,"Fitter 1","Distributor 1",40
7075,2025-08-17,1,"Fitter 1","Distributor 3",23
7076,2025-10-14,7,"Fitter 2","Distributor 3",42
7077,2025-03-24,4,"Fitter 2","Distributor 1",14
7081,2025-03-10,4,"Fitter 2","Distributor 3",25
7086,2025-07-29,5,"Fitter 4","Distributor 1",22
7088,2025-02-20,5,"Fitter 5","Distributor 1",50
7090,2025-10-11,4,"Fitter 2","Distributor 3",35
7091,2025-12-09,7,"Fitter 3","Distributor 3",40
7092,2025-12-06,4,"Fitter 3","Distributor 2",35
7093,2025-12-02,3,"Fitter 1","Distributor 3",12
7094,2025-09-03,5,"Fitter 5","Distributor 3",15
7095,2025-06-12,4,"Fitter 4","Distributor 3",44
7098,2025-05-31,4,"Fitter 5","Distributor 3",24
7099,2025-08-28,5,"Fitter 1","Distributor 2",10
7105,2025-02-16,2,"Fitter 2","Distributor 2",13
7106,2025-12-10,4,"Fitter 1","Distributor 1",50
7109,2025-06-18,1,"Fitter 4","Distributor 1",31
7111,2025-01-15,5,"Fitter 3","Distributor 1",37
7116,2026-01-03,6,"Fitter 5","Distributor 3",39
7117,2025-06-28,3,"Fitter 3","Distributor 1",38
7118,2025-02-03,5,"Fitter 5","Distributor 3",10
7120,2025-09-19,2,"Fitter 3","Distributor 3",21
7121,2025-02-13,5,"Fitter 3","Distributor 3",47
7123,2025-02-16,1,"Fitter 5","Distributor 1",28
7124,2025-09-20,5,"Fitter 2","Distributor 1",15
7126,2025-04-18,2,"Fitter 4","Distributor 1",48
7128,2025-02-01,5,"Fitter 4","Distributor 1",45
7129,2025-07-18,7,"Fitter 1","Distributor 2",21
7130,2025-03-27,1,"Fitter 4","Distributor 3",24
7132,2025-04-05,2,"Fitter 2","Distributor 1",14
7133,2025-03-02,1,"Fitter 2","Distributor 2",26
7138,2025-05-27,1,"Fitter 3","Distributor 3",11
7140,2025-02-25,1,"Fitter 1","Distributor 3",46
7141,2025-05-23,7,"Fitter 4","Distributor 2",19
7146,2025-09-04,2,"Fitter 2","Distributor 1",38
7151,2025-05-10,1,"Fitter 3","Distributor 3",11
7155,2025-09-03,3,"Fitter 1","Distributor 3",27
7157,2025-07-22,4,"Fitter 1","Distributor 2",22
7159,2025-03-03,4,"Fitter 2","Distributor 1",45
7162,2025-12-02,6,"Fitter 5","Distributor 3",31
7164,2025-05-07,2,"Fitter 5","Distributor 1",30
7165,2025-04-09,6,"Fitter 2","Distributor 1",22
7166,2025-05-13,6,"Fitter 1","Distributor 3",46
7169,2025-09-08,5,"Fitter 4","Distributor 1",12
7170,2025-04-05,7,"Fitter 3","Distributor 1",38
7173,2025-04-02,5,"Fitter 3","Distributor 1",26
7175,2025-01-23,1,"Fitter 1","Distributor 2",25
7177,2025-09-11,6,"Fitter 3","Distributor 1",19
7180,2025-09-05,5,"Fitter 2","Distributor 1",33
7181,2025-10-24,3,"Fitter 5","Distributor 3",42
7182,2025-09-19,1,"Fitter 5","Distributor 2",50
7184,2025-12-20,7,"Fitter 5","Distributor 1",11
7188,2025-06-24,2,"Fitter 1","Distributor 1",33
7189,2025-04-03,1,"Fitter 4","Distributor 1",33
7190,2025-04-28,1,"Fitter 2","Distributor 3",22
7193,2025-10-13,2,"Fitter 2","Distributor 1",12
7194,2025-01-20,3,"Fitter 2","Distributor 1",35
7198,2025-03-05,2,"Fitter 2","Distributor 2",38
7199,2025-07-08,5,"Fitter 1","Distributor 2",37
7201,2025-11-30,7,"Fitter 3","Distributor 2",18
7202,2025-08-10,3,"Fitter 1","Distributor 1",10
7203,2025-03-15,5,"Fitter 3","Distributor 3",24
7204,2025-11-03,2,"Fitter 5","Distributor 2",27
7205,2025-05-12,2,"Fitter 3","Distributor 2",31
7207,2025-04-25,1,"Fitter 2","Distributor 1",35
7209,2025-04-12,7,"Fitter 1","Distributor 1",31
7211,2025-07-26,1,"Fitter 4","Distributor 2",47
7212,2025-09-13,7,"Fitter 1","Distributor 1",42
7215,2025-08-16,4,"Fitter 4","Distributor 2",38
7217,2025-12-11,1,"Fitter 1","Distributor 3",10
7218,2025-09-01,6,"Fitter 1","Distributor 1",19
7221,2025-10-17,4,"Fitter 2","Distributor 2",50
7222,2025-02-08,6,"Fitter 4","Distributor 3",23
7223,2025-03-14,7,"Fitter 5","Distributor 2",35
7226,2025-05-17,2,"Fitter 5","Distributor 1",37
7227,2025-09-21,6,"Fitter 5","Distributor 3",45
7229,2025-03-23,1,"Fitter 2","Distributor 2",27
7232,2025-10-07,5,"Fitter 2","Distributor 3",14
7234,2025-05-02,5,"Fitter 1","Distributor 1",33
7239,2025-04-23,6,"Fitter 5","Distributor 2",41
7240,2025-05-12,1,"Fitter 4","Distributor 1",19
7242,2025-01-28,1,"Fitter 1","Distributor 1",31
7243,2025-12-08,7,"Fitter 1","Distributor 2",12
7244,2025-05-16,6,"Fitter 5","Distributor 3",44
7247,2025-01-23,1,"Fitter 1","Distributor 3",12
7248,2025-05-18,2,"Fitter 3","Distributor 1",26
7251,2025-05-24,5,"Fitter 1","Distributor 2",39
7253,2025-05-22,1,"Fitter 3","Distributor 1",23
7254,2025-02-20,5,"Fitter 5","Distributor 2",21
7255,2025-06-25,6,"Fitter 3","Distributor 1",50
7256,2025-08-10,2,"Fitter 1","Distributor 3",45
7257,2025-07-04,6,"Fitter 4","Distributor 1",17
7260,2025-09-02,1,"Fitter 5","Distributor 3",37
7261,2025-11-09,3,"Fitter 2","Distributor 2",38
7262,2025-02-19,4,"Fitter 2","Distributor 2",12
7264,2025-10-01,4,"Fitter 2","Distributor 2",28
7266,2025-07-25,1,"Fitter 1","Distributor 1",46
7268,2026-01-08,7,"Fitter 4","Distributor 2",33
7269,2025-09-22,2,"Fitter 5","Distributor 1",17
7271,2025-07-09,3,"Fitter 2","Distributor 3",17
7281,2025-08-17,7,"Fitter 2","Distributor 1",15
7282,2025-06-23,6,"Fitter 2","Distributor 2",33
7284,2025-09-15,1,"Fitter 3","Distributor 1",34
7287,2025-01-19,6,"Fitter 1","Distributor 3",40
7288,2025-06-12,3,"Fitter 2","Distributor 3",30
7297,2025-11-14,1,"Fitter 5","Distributor 1",27
7300,2025-05-08,4,"Fitter 3","Distributor 1",22
7301,2025-05-04,1,"Fitter 5","Distributor 2",10
7303,2025-03-21,3,"Fitter 5","Distributor 1",48
7304,2025-07-01,5,"Fitter 2","Distributor 3",28
7305,2025-04-10,2,"Fitter 3","Distributor 1",16
7306,2025-07-06,4,"Fitter 2","Distributor 3",10
7307,2025-07-24,5,"Fitter 3","Distributor 3",13
7309,2025-04-12,6,"Fitter 5","Distributor 1",17
7310,2025-06-21,4,"Fitter 1","Distributor 2",31
7311,2025-09-07,6,"Fitter 3","Distributor 2",33
7312,2025-03-30,5,"Fitter 2","Distributor 1",24
7314,2025-10-10,7,"Fitter 2","Distributor 1",33
7316,2025-11-21,1,"Fitter 4","Distributor 1",48
7317,2025-10-21,6,"Fitter 4","Distributor 3",30
7318,2025-11-02,6,"Fitter 5","Distributor 2",14
7322,2025-03-13,1,"Fitter 2","Distributor 3",39
7325,2025-01-21,5,"Fitter 3","Distributor 3",28
7327,2025-10-17,3,"Fitter 1","Distributor 3",14
7328,2025-10-25,3,"Fitter 5","Distributor 3",28
7329,2025-02-25,5,"Fitter 5","Distributor 3",20
7330,2025-11-15,5,"Fitter 4","Distributor 1",44
7331,2025-04-02,6,"Fitter 3","Distributor 2",34
7336,2025-02-01,4,"Fitter 2","Distributor 2",14
7337,2025-05-21,3,"Fitter 4","Distributor 3",35
7339,2025-07-08,6,"Fitter 2","Distributor 2",24
7340,2025-11-08,6,"Fitter 4","Distributor 1",27
7341,2025-03-07,4,"Fitter 3","Distributor 2",44
7345,2025-01-18,7,"Fitter 2","Distributor 3",26
7348,2025-03-23,6,"Fitter 2","Distributor 3",32
7353,2025-12-27,7,"Fitter 1","Distributor 2",25
7354,2025-09-26,2,"Fitter 3","Distributor 3",47
7355,2025-09-28,4,"Fitter 1","Distributor 2",39
7357,2025-03-23,1,"Fitter 5","Distributor 1",21
7358,2025-12-18,2,"Fitter 2","Distributor 1",30
7359,2025-07-24,2,"Fitter 5","Distributor 2",44
7360,2025-08-11,6,"Fitter 2","Distributor 1",30
7362,2025-11-09,6,"Fitter 4","Distributor 2",14
7364,2025-06-08,2,"Fitter 2","Distributor 1",26
7365,2025-06-24,5,"Fitter 4","Distributor 2",16
7366,2025-06-01,4,"Fitter 4","Distributor 3",29
7369,2025-05-04,6,"Fitter 1","Distributor 1",24
7374,2025-05-04,6,"Fitter 3","Distributor 1",30
7375,2025-12-15,5,"Fitter 2","Distributor 1",44
7376,2025-11-19,4,"Fitter 1","Distributor 3",34
7380,2025-11-26,1,"Fitter 5","Distributor 2",29
7382,2025-09-25,4,"Fitter 3","Distributor 1",15
7383,2025-09-30,7,"Fitter 3","Distributor 3",35
7386,2025-11-08,7,"Fitter 2","Distributor 1",47
7393,2026-01-11,4,"Fitter 1","Distributor 3",17
7394,2025-10-06,2,"Fitter 5","Distributor 1",26
7396,2025-09-23,7,"Fitter 4","Distributor 2",41
7399,2025-05-18,6,"Fitter 3","Distributor 2",26
7400,2025-04-29,2,"Fitter 5","Distributor 1",10
7401,2025-12-07,1,"Fitter 4","Distributor 3",19
7402,2025-04-17,3,"Fitter 2","Distributor 2",27
7405,2025-03-23,5,"Fitter 5","Distributor 3",19
7406,2025-10-01,1,"Fitter 1","Distributor 3",21
7407,2025-06-13,3,"Fitter 4","Distributor 1",28
7409,2025-03-27,3,"Fitter 1","Distributor 1",42
7410,2025-07-21,6,"Fitter 1","Distributor 3",24
7411,2025-07-02,7,"Fitter 2","Distributor 2",20
7412,2025-08-27,6,"Fitter 3","Distributor 2",30
7413,2025-09-05,4,"Fitter 3","Distributor 1",44
7416,2025-01-19,1,"Fitter 2","Distributor 2",35
7418,2025-09-14,7,"Fitter 5","Distributor 3",28
7419,2025-07-13,4,"Fitter 1","Distributor 3",33
7422,2025-07-29,2,"Fitter 2","Distributor 1",33
7423,2025-01-24,7,"Fitter 4","Distributor 2",31
7425,2025-08-29,7,"Fitter 1","Distributor 1",36
7426,2025-12-06,6,"Fitter 5","Distributor 1",11
7429,2025-08-06,1,"Fitter 5","Distributor 2",27
7431,2025-07-26,7,"Fitter 5","Distributor 1",17
7436,2025-01-22,5,"Fitter 3","Distributor 2",43
7439,2025-08-16,4,"Fitter 1","Distributor 1",40
7440,2025-07-23,2,"Fitter 5","Distributor 3",41
7441,2025-10-03,5,"Fitter 2","Distributor 2",43
7442,2025-04-01,7,"Fitter 3","Distributor 2",42
7443,2025-04-29,4,"Fitter 2","Distributor 3",42
7444,2025-08-11,1,"Fitter 2","Distributor 3",45
7448,2025-08-12,5,"Fitter 2","Distributor 1",27
7449,2025-01-12,7,"Fitter 1","Distributor 1",13
7450,2025-07-21,1,"Fitter 4","Distributor 3",47
7451,2025-05-18,4,"Fitter 5","Distributor 1",45
7453,2025-03-04,6,"Fitter 5","Distributor 1",32
7454,2025-05-02,3,"Fitter 2","Distributor 3",50
7455,2025-06-04,7,"Fitter 4","Distributor 1",13
7460,2025-08-08,7,"Fitter 4","Distributor 2",32
7462,2025-05-08,1,"Fitter 5","Distributor 1",39
7464,2025-10-02,2,"Fitter 3","Distributor 2",40
7466,2025-01-22,6,"Fitter 4","Distributor 2",39
7467,2025-03-08,4,"Fitter 1","Distributor 2",41
7468,2025-09-19,4,"Fitter 2","Distributor 2",15
7469,2025-10-15,1,"Fitter 4","Distributor 2",43
7471,2025-09-12,3,"Fitter 3","Distributor 1",20
7474,2026-01-01,5,"Fitter 4","Distributor 2",33
7476,2025-08-09,7,"Fitter 4","Distributor 1",43
7478,2025-10-13,2,"Fitter 3","Distributor 2",38
7480,2025-01-22,4,"Fitter 3","Distributor 1",12
7483,2025-09-24,5,"Fitter 4","Distributor 1",41
7486,2025-04-29,1,"Fitter 2","Distributor 1",36
7489,2025-09-02,5,"Fitter 4","Distributor 1",11
7496,2025-04-12,2,"Fitter 2","Distributor 2",22
7497,2025-11-08,4,"Fitter 3","Distributor 2",38
7498,2025-08-01,4,"Fitter 2","Distributor 2",21
7502,2025-02-28,1,"Fitter 5","Distributor 2",38
7503,2025-01-29,7,"Fitter 4","Distributor 2",44
7505,2025-02-21,2,"Fitter 1","Distributor 2",23
7507,2025-11-15,1,"Fitter 1","Distributor 1",29
7508,2025-01-22,4,"Fitter 5","Distributor 1",27
7509,2025-06-06,6,"Fitter 2","Distributor 2",47
7510,2025-06-26,6,"Fitter 5","Distributor 2",20
7511,2025-10-01,3,"Fitter 3","Distributor 3",38
7515,2025-04-09,2,"Fitter 2","Distributor 1",48
7518,2026-01-11,6,"Fitter 3","Distributor 3",17
7522,2025-03-07,3,"Fitter 5","Distributor 1",34
7523,2026-01-02,1,"Fitter 2","Distributor 2",11
7524,2025-12-21,6,"Fitter 4","Distributor 2",46
7526,2025-11-22,6,"Fitter 2","Distributor 2",32
7530,2025-10-10,3,"Fitter 4","Distributor 1",33
7531,2025-11-24,5,"Fitter 4","Distributor 3",23
7535,2025-09-06,3,"Fitter 3","Distributor 3",12
7536,2025-02-05,6,"Fitter 3","Distributor 2",27
7537,2025-07-03,2,"Fitter 2","Distributor 3",18
7538,2025-11-12,5,"Fitter 4","Distributor 1",29
7539,2025-06-02,6,"Fitter 2","Distributor 2",26
7540,2025-02-15,5,"Fitter 4","Distributor 1",29
7541,2025-11-04,5,"Fitter 3","Distributor 3",36
7542,2025-06-11,7,"Fitter 1","Distributor 2",16
7549,2025-01-19,4,"Fitter 1","Distributor 2",29
7552,2025-10-13,5,"Fitter 2","Distributor 1",35
7553,2026-01-05,7,"Fitter 3","Distributor 2",38
7554,2025-12-23,4,"Fitter 4","Distributor 1",36
7555,2025-01-26,5,"Fitter 1","Distributor 2",14
7559,2025-08-31,4,"Fitter 4","Distributor 3",20
7561,2025-11-29,1,"Fitter 5","Distributor 1",45
7565,2026-01-07,1,"Fitter 4","Distributor 3",38
7568,2025-09-02,1,"Fitter 1","Distributor 3",47
7569,2025-05-05,2,"Fitter 3","Distributor 2",31
7570,2025-10-14,5,"Fitter 4","Distributor 3",27
7571,2025-08-31,5,"Fitter 4","Distributor 2",13
7572,2025-03-15,5,"Fitter 5","Distributor 1",40
7580,2025-12-27,1,"Fitter 5","Distributor 3",25
7581,2025-06-02,2,"Fitter 3","Distributor 2",36
7583,2025-11-01,2,"Fitter 1","Distributor 1",11
7584,2025-10-29,6,"Fitter 3","Distributor 1",29
7585,2025-06-06,7,"Fitter 1","Distributor 2",36
7586,2025-02-09,7,"Fitter 5","Distributor 3",14
7587,2025-02-28,7,"Fitter 2","Distributor 1",49
7590,2025-10-24,2,"Fitter 5","Distributor 1",22
7595,2025-09-03,6,"Fitter 5","Distributor 3",50
7596,2025-10-14,4,"Fitter 5","Distributor 1",17
7598,2025-03-24,3,"Fitter 5","Distributor 2",50
7599,2025-02-12,2,"Fitter 1","Distributor 2",13
7600,2025-08-28,1,"Fitter 5","Distributor 2",17
7604,2026-01-09,1,"Fitter 4","Distributor 1",10
7608,2025-03-23,2,"Fitter 2","Distributor 2",29
7609,2025-12-30,6,"Fitter 4","Distributor 1",32
7610,2025-11-16,4,"Fitter 3","Distributor 3",10
7612,2025-06-29,2,"Fitter 3","Distributor 3",10
7613,2025-10-02,1,"Fitter 2","Distributor 1",41
7622,2025-06-19,4,"Fitter 5","Distributor 2",49
7623,2025-01-21,2,"Fitter 2","Distributor 3",19
7626,2025-01-11,4,"Fitter 5","Distributor 2",40
7629,2025-05-10,1,"Fitter 2","Distributor 1",27
7631,2025-03-15,5,"Fitter 4","Distributor 3",15
7632,2025-12-17,2,"Fitter 5","Distributor 3",40
7633,2025-11-25,3,"Fitter 5","Distributor 2",33
7634,2025-12-10,1,"Fitter 5","Distributor 3",42
7640,2025-10-28,7,"Fitter 4","Distributor 1",27
7647,2025-05-18,7,"Fitter 3","Distributor 1",12
7648,2025-02-21,1,"Fitter 4","Distributor 3",39
7649,2025-06-06,2,"Fitter 3","Distributor 3",21
7650,2025-07-13,3,"Fitter 5","Distributor 3",22
7653,2025-08-22,4,"Fitter 4","Distributor 3",46
7654,2025-02-09,7,"Fitter 4","Distributor 3",34
7657,2025-02-26,3,"Fitter 2","Distributor 3",14
7658,2025-01-14,3,"Fitter 3","Distributor 1",41
7659,2025-07-26,2,"Fitter 4","Distributor 2",45
7661,2025-09-29,7,"Fitter 2","Distributor 3",29
7662,2025-12-24,7,"Fitter 4","Distributor 3",16
7664,2025-08-09,2,"Fitter 5","Distributor 1",19
7666,2025-10-03,2,"Fitter 3","Distributor 3",30
7668,2025-06-07,1,"Fitter 5","Distributor 1",18
7671,2025-11-03,2,"Fitter 4","Distributor 2",25
7672,2025-08-18,7,"Fitter 2","Distributor 2",32
7676,2025-11-14,2,"Fitter 1","Distributor 1",20
7677,2025-01-24,6,"Fitter 2","Distributor 1",20
7680,2025-03-29,1,"Fitter 3","Distributor 2",45
7681,2025-03-12,3,"Fitter 1","Distributor 1",12
7683,2025-06-09,7,"Fitter 5","Distributor 2",17
7684,2025-06-18,7,"Fitter 4","Distributor 2",28
7687,2025-01-28,3,"Fitter 3","Distributor 3",34
7688,2025-03-05,7,"Fitter 1","Distributor 1",17
7691,2025-05-28,4,"Fitter 3","Distributor 3",45
7692,2025-01-11,2,"Fitter 1","Distributor 2",24
7697,2025-06-06,4,"Fitter 1","Distributor 3",22
7698,2025-03-23,3,"Fitter 2","Distributor 3",40
7699,2025-10-09,2,"Fitter 5","Distributor 1",34
7700,2025-11-27,1,"Fitter 4","Distributor 3",17
7703,2025-12-27,7,"Fitter 2","Distributor 1",33
7714,2025-07-12,7,"Fitter 5","Distributor 1",32
7715,2025-03-19,7,"Fitter 2","Distributor 3",45
7720,2025-11-04,5,"Fitter 3","Distributor 2",35
7725,2025-07-01,4,"Fitter 1","Distributor 3",13
7727,2025-08-07,1,"Fitter 5","Distributor 3",22
7729,2025-11-17,4,"Fitter 3","Distributor 1",49
7730,2025-07-15,4,"Fitter 3","Distributor 1",37
7732,2025-09-24,2,"Fitter 5","Distributor 3",46
7733,2025-05-10,3,"Fitter 5","Distributor 2",12
7736,2025-08-22,5,"Fitter 5","Distributor 2",13
7737,2025-04-17,6,"Fitter 2","Distributor 3",29
7738,2025-02-07,5,"Fitter 5","Distributor 2",49
7739,2025-03-03,3,"Fitter 4","Distributor 1",36
7744,2025-08-06,5,"Fitter 2","Distributor 1",43
7745,2025-04-19,2,"Fitter 4","Distributor 1",20
7746,2025-12-14,3,"Fitter 1","Distributor 3",34
7747,2025-04-28,6,"Fitter 1","Distributor 2",46
7750,2025-02-13,5,"Fitter 4","Distributor 2",49
7751,2025-02-16,3,"Fitter 2","Distributor 2",32
7752,2025-07-14,1,"Fitter 4","Distributor 3",16
7753,2025-07-13,2,"Fitter 5","Distributor 1",45
7758,2025-03-05,2,"Fitter 3","Distributor 2",21
7764,2025-12-13,1,"Fitter 2","Distributor 2",11
7767,2025-07-09,2,"Fitter 5","Distributor 1",40
7769,2025-10-25,4,"Fitter 4","Distributor 3",44
7770,2025-05-08,2,"Fitter 3","Distributor 2",43
7771,2025-03-28,7,"Fitter 5","Distributor 3",27
7773,2025-02-20,6,"Fitter 4","Distributor 1",34
7777,2025-04-21,5,"Fitter 1","Distributor 2",15
7779,2025-06-27,1,"Fitter 1","Distributor 3",43
7780,2025-06-01,3,"Fitter 1","Distributor 3",21
7783,2025-11-02,4,"Fitter 2","Distributor 3",37
7784,2025-08-14,2,"Fitter 2","Distributor 2",34
7785,2025-10-07,5,"Fitter 1","Distributor 2",50
7787,2025-03-09,3,"Fitter 1","Distributor 3",41
7791,2025-02-11,7,"Fitter 4","Distributor 1",38
7792,2025-12-22,1,"Fitter 2","Distributor 3",31
7793,2025-07-29,1,"Fitter 1","Distributor 3",21
7797,2025-01-22,7,"Fitter 5","Distributor 2",25
7798,2025-02-09,5,"Fitter 4","Distributor 3",30
7801,2025-09-20,5,"Fitter 3","Distributor 1",37
7802,2025-02-18,2,"Fitter 1","Distributor 3",35
7804,2025-07-19,6,"Fitter 4","Distributor 1",22
7805,2025-02-04,1,"Fitter 3","Distributor 1",31
7806,2025-10-21,5,"Fitter 4","Distributor 3",34
7807,2025-08-21,6,"Fitter 4","Distributor 1",25
7809,2025-07-11,5,"Fitter 1","Distributor 2",11
7811,2025-07-30,4,"Fitter 2","Distributor 2",13
7814,2025-10-02,3,"Fitter 5","Distributor 3",15
7817,2025-07-19,2,"Fitter 2","Distributor 2",27
7818,2025-12-16,6,"Fitter 1","Distributor 1",17
7819,2025-08-12,4,"Fitter 3","Distributor 3",32
7820,2025-07-12,4,"Fitter 3","Distributor 1",34
7822,2025-06-08,6,"Fitter 2","Distributor 2",19
7824,2025-04-23,2,"Fitter 3","Distributor 1",24
7825,2025-04-07,1,"Fitter 3","Distributor 3",28
7828,2025-06-03,2,"Fitter 5","Distributor 2",34
7830,2025-02-03,7,"Fitter 1","Distributor 3",13
7833,2025-11-04,5,"Fitter 4","Distributor 3",32
7834,2025-11-04,4,"Fitter 3","Distributor 1",35
7836,2025-11-09,2,"Fitter 2","Distributor 2",46
7839,2025-11-09,4,"Fitter 5","Distributor 1",19
7840,2025-02-06,2,"Fitter 3","Distributor 3",37
7842,2025-12-05,1,"Fitter 5","Distributor 2",38
7843,2025-02-16,2,"Fitter 3","Distributor 2",39
7844,2025-10-03,5,"Fitter 3","Distributor 2",39
7846,2025-03-07,4,"Fitter 4","Distributor 2",18
7847,2025-06-02,4,"Fitter 5","Distributor 2",15
7849,2025-07-26,5,"Fitter 5","Distributor 2",10
7850,2025-09-12,5,"Fitter 1","Distributor 3",33
7851,2025-12-22,7,"Fitter 1","Distributor 3",42
7858,2025-01-27,2,"Fitter 2","Distributor 3",46
7859,2025-08-06,3,"Fitter 5","Distributor 3",35
7860,2025-08-20,7,"Fitter 4","Distributor 3",34
7861,2025-10-08,1,"Fitter 3","Distributor 1",30
7863,2025-02-23,5,"Fitter 1","Distributor 1",27
7866,2025-11-10,7,"Fitter 1","Distributor 2",50
7869,2025-11-21,1,"Fitter 1","Distributor 3",41
7872,2025-08-01,7,"Fitter 1","Distributor 1",45
7873,2025-06-22,7,"Fitter 4","Distributor 2",48
7874,2025-06-16,7,"Fitter 1","Distributor 1",11
7876,2025-02-06,6,"Fitter 5","Distributor 1",17
7877,2025-06-09,3,"Fitter 1","Distributor 3",34
7878,2025-03-05,1,"Fitter 1","Distributor 3",42
7880,2025-10-18,3,"Fitter 1","Distributor 3",38
7881,2025-03-11,4,"Fitter 3","Distributor 2",41
7882,2025-05-09,1,"Fitter 5","Distributor 1",13
7883,2025-04-25,7,"Fitter 5","Distributor 1",43
7888,2025-08-28,4,"Fitter 2","Distributor 1",16
7892,2025-03-14,1,"Fitter 3","Distributor 3",39
7894,2025-11-26,2,"Fitter 5","Distributor 1",15
7900,2025-07-11,6,"Fitter 3","Distributor 3",14
7901,2025-03-22,3,"Fitter 1","Distributor 3",50
7903,2025-11-06,2,"Fitter 5","Distributor 2",45
7908,2025-08-23,5,"Fitter 4","Distributor 2",44
7911,2025-05-18,1,"Fitter 5","Distributor 1",45
7915,2025-07-20,7,"Fitter 5","Distributor 1",31
7919,2025-06-14,5,"Fitter 5","Distributor 1",20
7920,2025-12-13,5,"Fitter 1","Distributor 3",43
7921,2025-04-20,2,"Fitter 5","Distributor 2",23
7925,2025-07-07,2,"Fitter 5","Distributor 1",43
7928,2025-10-24,5,"Fitter 4","Distributor 1",30
7930,2025-11-12,7,"Fitter 3","Distributor 3",19
7931,2025-04-23,2,"Fitter 4","Distributor 1",18
7933,2025-12-07,7,"Fitter 3","Distributor 2",17
7934,2025-12-24,1,"Fitter 1","Distributor 2",44
7937,2025-02-25,7,"Fitter 1","Distributor 1",26
7938,2025-12-09,3,"Fitter 4","Distributor 2",19
7942,2025-04-11,4,"Fitter 5","Distributor 3",26
7944,2025-09-25,7,"Fitter 2","Distributor 1",11
7945,2025-05-03,2,"Fitter 5","Distributor 1",43
7948,2025-01-21,5,"Fitter 1","Distributor 2",13
7952,2025-07-30,6,"Fitter 2","Distributor 2",26
7953,2025-09-04,6,"Fitter 3","Distributor 1",33
7961,2025-11-21,5,"Fitter 1","Distributor 1",23
7963,2025-05-22,1,"Fitter 4","Distributor 2",41
7968,2025-03-31,3,"Fitter 1","Distributor 1",11
7969,2025-02-24,3,"Fitter 4","Distributor 3",46
7970,2025-12-22,2,"Fitter 1","Distributor 1",23
7974,2025-09-21,5,"Fitter 1","Distributor 3",18
7976,2025-12-17,7,"Fitter 3","Distributor 2",41
7978,2025-08-23,1,"Fitter 1","Distributor 1",34
7980,2025-12-25,4,"Fitter 5","Distributor 3",35
7984,2025-10-29,5,"Fitter 5","Distributor 3",12
7989,2025-04-23,5,"Fitter 1","Distributor 2",22
7990,2025-11-06,1,"Fitter 2","Distributor 2",34
7992,2025-06-12,4,"Fitter 5","Distributor 3",42
7994,2025-09-15,5,"Fitter 4","Distributor 1",36
7996,2025-06-21,2,"Fitter 2","Distributor 3",30
7997,2025-04-15,6,"Fitter 3","Distributor 3",15
