customer_id,customer_full_name,age,mobile,customer_type,referred_by_id,assigned_staff_id,created_at
1,Divya Mohan,76,2728278226,New,NULL,1,12-01-2026 19:35
2,Ishani Char,34,460808929,Referral,1,16,12-01-2026 19:35
3,Chatura Sane,21,4532179982,New,NULL,7,12-01-2026 19:35
4,Janya Varkey,42,1558966157,New,NULL,18,12-01-2026 19:35
5,Janaki Shanker,74,8429559827,Referral,3,15,12-01-2026 19:35
6,Ansh Baria,67,2729821446,New,NULL,14,12-01-2026 19:35
7,Fitan Mukherjee,23,6616702973,New,NULL,8,12-01-2026 19:35
8,Ekbal Shankar,72,8661273076,New,NULL,16,12-01-2026 19:35
9,Aarini Batta,62,6019525794,New,NULL,1,12-01-2026 19:35
10,Faras Patel,42,7607023580,New,NULL,1,12-01-2026 19:35
11,Riya Kota,45,2726503046,New,NULL,18,12-01-2026 19:35
12,Charita Mukherjee,42,2654141586,New,NULL,14,12-01-2026 19:35
13,George Balay,71,342760269,Referral,9,16,12-01-2026 19:35
14,Jai Amble,43,6981347271,New,NULL,17,12-01-2026 19:35
15,Charles Ramaswamy,41,3409859887,New,NULL,15,12-01-2026 19:35
16,Ijaya Rattan,53,1217453463,New,NULL,11,12-01-2026 19:35
17,Mohini Gaba,84,718994376,New,NULL,12,12-01-2026 19:35
18,Umang Bhakta,83,6544562079,New,NULL,18,12-01-2026 19:35
19,Udyati Sami,77,2951617640,New,NULL,14,12-01-2026 19:35
20,Nitara Nayar,31,9598132029,New,NULL,3,12-01-2026 19:35
21,Gaurika Mani,42,5924616143,New,NULL,3,12-01-2026 19:35
22,Manya Ravi,36,2744411575,New,NULL,11,12-01-2026 19:35
23,Brijesh Zachariah,80,2561786506,New,NULL,2,12-01-2026 19:35
24,Sudiksha Bedi,41,4104353864,New,NULL,12,12-01-2026 19:35
25,Chaitanya Bahri,69,5854727809,New,NULL,5,12-01-2026 19:35
26,Tristan Bhardwaj,76,6757551389,New,NULL,4,12-01-2026 19:35
27,Alka Gopal,73,8094678443,New,NULL,17,12-01-2026 19:35
28,Parth Dhaliwal,70,9195189525,New,NULL,2,12-01-2026 19:35
29,Hema Bakshi,79,7018412753,Referral,21,13,12-01-2026 19:35
30,Ishita Pandey,43,479561728,New,NULL,5,12-01-2026 19:35
31,Nidhi Iyengar,24,3799811159,New,NULL,12,12-01-2026 19:35
32,Dalaja Pathak,21,9493715709,New,NULL,8,12-01-2026 19:35
33,Amol Ram,48,2532294995,New,NULL,3,12-01-2026 19:35
34,Chatresh Mohanty,59,4337850397,New,NULL,1,12-01-2026 19:35
35,Harrison Dewan,51,3475536360,New,NULL,7,12-01-2026 19:35
36,Vincent Issac,48,7795412302,New,NULL,12,12-01-2026 19:35
37,Ekavir Bhandari,32,7273194301,New,NULL,6,12-01-2026 19:35
38,Brinda Goda,27,9181710403,New,NULL,20,12-01-2026 19:35
39,Zaid Nair,69,5349554143,New,NULL,7,12-01-2026 19:35
40,Saksham Balay,25,8123833112,Referral,33,2,12-01-2026 19:35
41,Bhavika Behl,40,3065468257,New,NULL,13,12-01-2026 19:35
42,Jairaj Magar,18,3306943508,Referral,9,10,12-01-2026 19:35
43,Pranav Munshi,68,1125971162,New,NULL,20,12-01-2026 19:35
44,Alka Koshy,39,9289823665,New,NULL,15,12-01-2026 19:35
45,Bahadurjit Kar,26,2037453574,New,NULL,11,12-01-2026 19:35
46,Nathan Grover,28,8458442164,New,NULL,2,12-01-2026 19:35
47,Avi Panchal,34,320683621,New,NULL,5,12-01-2026 19:35
48,Upma Kota,20,7596821144,New,NULL,15,12-01-2026 19:35
49,Chakradhar Ramanathan,74,2143985248,New,NULL,6,12-01-2026 19:35
50,Lakshit Deep,35,7703229609,New,NULL,4,12-01-2026 19:35
51,Kai Kibe,50,9408818732,New,NULL,6,12-01-2026 19:35
52,Hardik Bedi,33,3778447295,New,NULL,12,12-01-2026 19:35
53,Osha Mital,66,1488580551,New,NULL,16,12-01-2026 19:35
54,Mitesh Thaker,75,1495982088,New,NULL,1,12-01-2026 19:35
55,Nidra Hora,31,7298388856,Referral,25,8,12-01-2026 19:35
56,Janya Rama,54,3690185245,New,NULL,7,12-01-2026 19:35
57,Praneel Contractor,71,6246006563,New,NULL,1,12-01-2026 19:35
58,Yashoda Patel,20,1543238284,New,NULL,16,12-01-2026 19:35
59,Yachana Narula,61,4658541149,New,NULL,5,12-01-2026 19:35
60,Gaurangi Batra,81,4198475797,New,NULL,10,12-01-2026 19:35
61,Janaki Madan,48,5967070680,New,NULL,4,12-01-2026 19:35
62,Yoshita Sur,41,6525709257,New,NULL,11,12-01-2026 19:35
63,Liam Suri,58,8390570472,New,NULL,12,12-01-2026 19:35
64,Finn Dugar,37,5680300456,Referral,43,11,12-01-2026 19:35
65,Harshil Parikh,32,8212521538,New,NULL,12,12-01-2026 19:35
66,Meghana Buch,36,3860603330,New,NULL,8,12-01-2026 19:35
67,Yoshita Parmer,52,5974666788,New,NULL,18,12-01-2026 19:35
68,Diya Narayanan,46,6640448671,New,NULL,8,12-01-2026 19:35
69,Wahab Vohra,66,4252760606,New,NULL,1,12-01-2026 19:35
70,Zinal Nayar,70,4931552268,New,NULL,1,12-01-2026 19:35
71,Keya Lata,26,2894758198,New,NULL,5,12-01-2026 19:35
72,Aahana Soman,74,4098390487,New,NULL,20,12-01-2026 19:35
73,Amaira Agarwal,85,8390769514,New,NULL,13,12-01-2026 19:35
74,Baghyawati Dyal,74,3028477487,New,NULL,15,12-01-2026 19:35
75,Riya Krishnan,80,5373254864,New,NULL,4,12-01-2026 19:35
76,Zayyan Cherian,29,2656089176,New,NULL,6,12-01-2026 19:35
77,Ganga Deo,67,2766299694,New,NULL,19,12-01-2026 19:35
78,Rohan Sahota,49,4153350038,Referral,21,1,12-01-2026 19:35
79,Ekavir Bassi,53,5476626253,New,NULL,6,12-01-2026 19:35
80,Neel Dayal,42,7261452801,New,NULL,12,12-01-2026 19:35
81,Nakul Swaminathan,78,2065548664,New,NULL,12,12-01-2026 19:35
82,Kala Ghosh,68,5604499844,New,NULL,17,12-01-2026 19:35
83,Krisha Jayaraman,81,8287558251,New,NULL,17,12-01-2026 19:35
84,Chandresh Chad,50,1075158527,New,NULL,11,12-01-2026 19:35
85,Tripti Rai,26,9279903264,New,NULL,18,12-01-2026 19:35
86,Raghav Pandit,56,6730967706,New,NULL,8,12-01-2026 19:35
87,Lipika Hora,61,1110058709,New,NULL,3,12-01-2026 19:35
88,Osha Raghavan,34,5359033670,Referral,48,6,12-01-2026 19:35
89,Jagvi Sodhi,31,367389768,Referral,68,4,12-01-2026 19:35
90,Nilima Kala,28,8589365862,Referral,39,3,12-01-2026 19:35
91,Unnati Choudhry,63,1248705277,New,NULL,12,12-01-2026 19:35
92,Priya Varkey,32,3994102066,Referral,5,17,12-01-2026 19:35
93,Chandran Bhatia,83,2376994354,New,NULL,13,12-01-2026 19:35
94,Falan Loyal,28,4112644816,New,NULL,2,12-01-2026 19:35
95,Azaan Sankaran,80,4730820095,New,NULL,6,12-01-2026 19:35
96,Nidhi Babu,18,272107322,New,NULL,14,12-01-2026 19:35
97,Zayyan Dara,53,3938374502,Referral,43,12,12-01-2026 19:35
98,Patrick Garg,31,9367214342,New,NULL,1,12-01-2026 19:35
99,Jackson Kaur,48,5241874603,New,NULL,8,12-01-2026 19:35
100,Xalak Narang,40,6540843480,New,NULL,20,12-01-2026 19:35
101,Hiral Garde,63,197093946,New,NULL,15,12-01-2026 19:35
102,Adweta Kurian,31,3862518054,Referral,54,14,12-01-2026 19:35
103,Urvi Wadhwa,49,3935440594,New,NULL,19,12-01-2026 19:35
104,Hemang Balakrishnan,67,956329261,New,NULL,2,12-01-2026 19:35
105,Yasti Pillai,25,6171518330,New,NULL,1,12-01-2026 19:35
106,Janya Ratti,48,7566677489,New,NULL,17,12-01-2026 19:35
107,Mohini Sampath,20,2460129520,New,NULL,20,12-01-2026 19:35
108,Warhi Balay,71,2770859365,New,NULL,15,12-01-2026 19:35
109,Akshay Behl,31,3357431903,New,NULL,4,12-01-2026 19:35
110,Chasmum Hayre,62,1726079519,New,NULL,4,12-01-2026 19:35
111,Deepa Sinha,67,6314683522,New,NULL,11,12-01-2026 19:35
112,Ishaan Subramaniam,53,6956579027,New,NULL,19,12-01-2026 19:35
113,Sarthak Kala,19,1448886853,New,NULL,8,12-01-2026 19:35
114,Chasmum Dugar,28,5787382370,New,NULL,7,12-01-2026 19:35
115,Ojasvi Chaudhari,48,2926195040,New,NULL,9,12-01-2026 19:35
116,Hitesh Dash,58,7509339334,New,NULL,19,12-01-2026 19:35
117,Akshay Kothari,39,7954659853,New,NULL,15,12-01-2026 19:35
118,Zansi Tripathi,25,7495417800,New,NULL,11,12-01-2026 19:35
119,Ojas Bhalla,37,1380143015,New,NULL,16,12-01-2026 19:35
120,Urvashi Tripathi,41,2109489149,New,NULL,10,12-01-2026 19:35
121,Daniel Shankar,77,3237781532,New,NULL,20,12-01-2026 19:35
122,Vivaan Varma,40,8443158614,New,NULL,7,12-01-2026 19:35
123,Yahvi Bora,28,6098263642,New,NULL,5,12-01-2026 19:35
124,Pallavi Verma,27,1234968388,New,NULL,18,12-01-2026 19:35
125,Ijaya Baral,74,6534711384,New,NULL,13,12-01-2026 19:35
126,Harish Korpal,40,2164668320,New,NULL,12,12-01-2026 19:35
127,Frado Mittal,53,1667657636,New,NULL,15,12-01-2026 19:35
128,Agastya Banik,81,4454133204,New,NULL,20,12-01-2026 19:35
129,Arya Deshmukh,40,7596991744,New,NULL,11,12-01-2026 19:35
130,Warinder Ramakrishnan,56,5923665421,New,NULL,20,12-01-2026 19:35
131,Elijah Singhal,56,2108501446,New,NULL,14,12-01-2026 19:35
132,Udant Choudhry,66,7481258417,New,NULL,10,12-01-2026 19:35
133,Mohini Konda,57,9407530530,New,NULL,14,12-01-2026 19:35
134,Urmi Sen,22,7604920567,Referral,15,14,12-01-2026 19:35
135,Harinakshi Acharya,26,7623506755,New,NULL,15,12-01-2026 19:35
136,Yashawini Balasubramanian,56,6300674634,New,NULL,16,12-01-2026 19:35
137,Anthony Varghese,83,1368679068,New,NULL,6,12-01-2026 19:35
138,Ubika Rama,28,9242660055,Referral,71,5,12-01-2026 19:35
139,Vaishnavi Wali,28,4231478148,New,NULL,12,12-01-2026 19:35
140,Vritti Mammen,67,9197322356,New,NULL,10,12-01-2026 19:35
141,Anthony Sachdev,53,1363307234,Referral,43,11,12-01-2026 19:35
142,Azad Mital,75,8924794040,New,NULL,3,12-01-2026 19:35
143,Aarnav Chander,30,6155927000,New,NULL,11,12-01-2026 19:35
144,Yashoda Bora,26,7275195774,Referral,100,7,12-01-2026 19:35
145,Alexander Kanda,60,575393996,Referral,118,17,12-01-2026 19:35
146,Vrinda Nagi,55,2511316130,New,NULL,1,12-01-2026 19:35
147,Vrinda Rajagopalan,62,5070714184,New,NULL,20,12-01-2026 19:35
148,Bhavini Agarwal,53,5724709329,New,NULL,11,12-01-2026 19:35
149,Faraj Bumb,45,6033174125,New,NULL,20,12-01-2026 19:35
150,Chaitaly Yogi,83,2038054338,New,NULL,19,12-01-2026 19:35
151,Nimrat Bedi,62,4455381250,New,NULL,7,12-01-2026 19:35
152,Zaitra Biswas,85,3027812812,New,NULL,9,12-01-2026 19:35
153,Jeevika Nagar,22,7565463332,New,NULL,1,12-01-2026 19:35
154,Chakradev Oak,71,7384972159,New,NULL,2,12-01-2026 19:35
155,Hiral Bakshi,75,2638456077,Referral,83,13,12-01-2026 19:35
156,Rajata Deol,62,1344835019,New,NULL,15,12-01-2026 19:35
157,Nisha Desai,42,468896539,New,NULL,15,12-01-2026 19:35
158,Nakul Gill,20,7532887179,New,NULL,16,12-01-2026 19:35
159,Xiti Swamy,58,3219500549,New,NULL,18,12-01-2026 19:35
160,Jacob Arya,57,4517964177,New,NULL,15,12-01-2026 19:35
161,Devansh Balan,49,5393102343,New,NULL,13,12-01-2026 19:35
162,Amruta Chadha,59,5360049656,New,NULL,7,12-01-2026 19:35
163,Parth Viswanathan,22,7844560738,New,NULL,14,12-01-2026 19:35
164,Jai Dhar,55,8625460419,New,NULL,3,12-01-2026 19:35
165,Devansh Nadig,68,3248574146,New,NULL,10,12-01-2026 19:35
166,Avni Tailor,21,6197622241,New,NULL,5,12-01-2026 19:35
167,Ekavir Anne,84,6359493284,New,NULL,13,12-01-2026 19:35
168,Anthony Hans,43,2661448790,New,NULL,7,12-01-2026 19:35
169,Brijesh Choudhury,40,9313459675,New,NULL,17,12-01-2026 19:35
170,Madhav Sarna,42,9520676641,Referral,126,11,12-01-2026 19:35
171,Zehaan Sane,43,8522389481,New,NULL,9,12-01-2026 19:35
172,Amara Kumer,42,2639394292,New,NULL,3,12-01-2026 19:35
173,Lila Lad,61,2494098761,New,NULL,3,12-01-2026 19:35
174,Upkaar Atwal,57,1281965508,New,NULL,10,12-01-2026 19:35
175,Yadavi Pandya,65,2837383895,New,NULL,18,12-01-2026 19:35
176,Isaiah Saxena,25,7388889995,New,NULL,7,12-01-2026 19:35
177,Aadi Patla,76,4084732927,New,NULL,11,12-01-2026 19:35
178,Dhriti Brar,58,6669242172,New,NULL,15,12-01-2026 19:35
179,Damyanti Johal,59,5866035195,Referral,44,11,12-01-2026 19:35
180,Vyanjana Mukhopadhyay,54,8420348281,New,NULL,12,12-01-2026 19:35
181,Falak Buch,59,7631101838,New,NULL,9,12-01-2026 19:35
182,Logan Varty,66,8983047785,New,NULL,4,12-01-2026 19:35
183,Maanav Madan,43,5516715513,New,NULL,12,12-01-2026 19:35
184,Ekapad Goyal,47,2895419335,New,NULL,12,12-01-2026 19:35
185,Lekha Bakshi,24,3745544832,New,NULL,16,12-01-2026 19:35
186,Chatresh Dhingra,69,6305345040,New,NULL,18,12-01-2026 19:35
187,Ubika Pillay,28,2123678470,New,NULL,5,12-01-2026 19:35
188,Mohini Lal,53,6636661960,Referral,154,5,12-01-2026 19:35
189,Madhav Balay,81,2603526923,New,NULL,5,12-01-2026 19:35
190,Udyati Sachdev,54,8091973060,New,NULL,10,12-01-2026 19:35
191,Odika Oommen,20,2943077677,Referral,9,14,12-01-2026 19:35
192,Omisha Bajwa,38,752856653,New,NULL,5,12-01-2026 19:35
193,Imaran Mitter,43,5475841758,New,NULL,4,12-01-2026 19:35
194,Aarush Taneja,82,3569552512,Referral,57,6,12-01-2026 19:35
195,Ira Sharma,52,6614182455,New,NULL,1,12-01-2026 19:35
196,Udarsh Contractor,67,8072980032,New,NULL,10,12-01-2026 19:35
197,Upasna Mukherjee,24,6584670793,New,NULL,7,12-01-2026 19:35
198,Finn Murty,64,8858368241,New,NULL,6,12-01-2026 19:35
199,Chavvi Sandal,80,1446680650,New,NULL,17,12-01-2026 19:35
200,Fiyaz Nadkarni,52,811455113,New,NULL,3,12-01-2026 19:35
201,Rachita Sarin,42,7337518001,Referral,136,9,12-01-2026 19:35
202,Advika Nazareth,47,4704127566,New,NULL,17,12-01-2026 19:35
203,Yachana Kaur,77,4351402133,New,NULL,2,12-01-2026 19:35
204,Advaith Rai,41,4247326064,New,NULL,15,12-01-2026 19:35
205,Leela Ghosh,25,4666327309,New,NULL,5,12-01-2026 19:35
206,Krish Grewal,48,6451010400,Referral,61,6,12-01-2026 19:35
207,Wridesh Narayanan,72,2830692043,New,NULL,17,12-01-2026 19:35
208,Isha Sethi,78,5976464723,New,NULL,15,12-01-2026 19:35
209,Ekapad Jani,51,5407235955,New,NULL,17,12-01-2026 19:35
210,Jonathan Bumb,47,6421312201,New,NULL,19,12-01-2026 19:35
211,Adya Magar,44,7621967553,New,NULL,4,12-01-2026 19:35
212,Fiyaz Oommen,22,9909693243,New,NULL,13,12-01-2026 19:35
213,Vansha Kale,74,5680645225,Referral,77,2,12-01-2026 19:35
214,Owen Oak,56,9997158243,Referral,98,15,12-01-2026 19:35
215,Bhanumati Bhardwaj,48,7339563782,New,NULL,18,12-01-2026 19:35
216,Ekaja Puri,60,7944472734,New,NULL,1,12-01-2026 19:35
217,Yatin Butala,26,8152737444,New,NULL,20,12-01-2026 19:35
218,Kai Menon,63,599160183,New,NULL,7,12-01-2026 19:35
219,Jhalak Dutt,76,3657641467,New,NULL,16,12-01-2026 19:35
220,Janani Uppal,34,2331005385,New,NULL,4,12-01-2026 19:35
221,Matthew Badami,44,2259268726,Referral,176,4,12-01-2026 19:35
222,Bahadurjit Tandon,68,2886154580,New,NULL,10,12-01-2026 19:35
223,Manan Dubey,21,9325354722,New,NULL,12,12-01-2026 19:35
224,Zaitra Bumb,58,6916087786,New,NULL,7,12-01-2026 19:35
225,Ikshita Mukherjee,61,1334585532,New,NULL,8,12-01-2026 19:35
226,Ishanvi Bandi,41,7895865161,New,NULL,9,12-01-2026 19:35
227,Sanya Oza,71,2296061604,New,NULL,4,12-01-2026 19:35
228,Tarak Saran,44,7901430364,New,NULL,17,12-01-2026 19:35
229,Unnati Chadha,74,8793626839,New,NULL,7,12-01-2026 19:35
230,Girindra Krishnamurthy,63,7906398399,New,NULL,15,12-01-2026 19:35
231,Amruta Kumar,37,43938060,Referral,128,9,12-01-2026 19:35
232,Kai Sani,78,831843003,Referral,173,15,12-01-2026 19:35
233,Vamakshi Dey,52,9219458686,New,NULL,15,12-01-2026 19:35
234,Meghana Choudhary,53,1829293900,New,NULL,20,12-01-2026 19:35
235,Umang Babu,82,1027521244,New,NULL,4,12-01-2026 19:35
236,Tanvi Agate,54,6237191674,New,NULL,5,12-01-2026 19:35
237,Charles Pal,66,8428360225,New,NULL,13,12-01-2026 19:35
238,Oscar Konda,70,1055737658,New,NULL,5,12-01-2026 19:35
239,Warjas Gade,49,6037992596,New,NULL,6,12-01-2026 19:35
240,Gauri Lall,51,4284509968,New,NULL,6,12-01-2026 19:35
241,Wakeeta Rege,27,3670176573,New,NULL,12,12-01-2026 19:35
242,Hamsini Mutti,31,1239345702,New,NULL,17,12-01-2026 19:35
243,Nikita Pant,47,8954443982,New,NULL,4,12-01-2026 19:35
244,Andrew Memon,24,6753098917,Referral,194,6,12-01-2026 19:35
245,Vasatika Ghose,63,3904712768,Referral,67,17,12-01-2026 19:35
246,Hemani Lalla,40,2062246081,New,NULL,10,12-01-2026 19:35
247,Praneel Nagi,74,7414618992,New,NULL,20,12-01-2026 19:35
248,Yutika Khare,43,2834255824,New,NULL,3,12-01-2026 19:35
249,Sudiksha Tripathi,74,1774270971,New,NULL,10,12-01-2026 19:35
250,Diya Roy,70,5233887069,Referral,199,18,12-01-2026 19:35
251,Girindra Nagar,19,5433640417,New,NULL,14,12-01-2026 19:35
252,Tanmayi Sathe,39,8948658972,New,NULL,19,12-01-2026 19:35
253,Krishna Hayer,42,2455875600,New,NULL,10,12-01-2026 19:35
254,Bahadurjit Kala,30,2047881097,New,NULL,19,12-01-2026 19:35
255,Veda Deol,66,945708053,New,NULL,5,12-01-2026 19:35
256,Radha Mohan,79,2289145932,New,NULL,17,12-01-2026 19:35
257,Ekiya Choudhury,51,1148956789,New,NULL,13,12-01-2026 19:35
258,Vrinda Karpe,30,1905879998,Referral,67,2,12-01-2026 19:35
259,Ayushman Chowdhury,19,9908408967,New,NULL,15,12-01-2026 19:35
260,Jasmit Hayre,70,8602963385,Referral,144,7,12-01-2026 19:35
261,Ekansh Vig,43,7439593511,New,NULL,3,12-01-2026 19:35
262,Anita Mangal,20,96674196,New,NULL,1,12-01-2026 19:35
263,Dhruv Gade,59,3936464130,New,NULL,3,12-01-2026 19:35
264,Yatin Keer,64,197072633,New,NULL,19,12-01-2026 19:35
265,Laban Bath,19,935299138,New,NULL,20,12-01-2026 19:35
266,Mitali Sheth,83,8855276704,New,NULL,18,12-01-2026 19:35
267,Meghana Joshi,68,8485455893,New,NULL,8,12-01-2026 19:35
268,Chaitaly Sane,61,8758811282,New,NULL,4,12-01-2026 19:35
269,Ganga Kara,53,8861433709,New,NULL,1,12-01-2026 19:35
270,Mekhala Bhardwaj,43,4505498182,New,NULL,18,12-01-2026 19:35
271,Meghana Sagar,27,5055652931,New,NULL,16,12-01-2026 19:35
272,Udant Prabhakar,51,8431233723,New,NULL,19,12-01-2026 19:35
273,Prisha Varma,68,1079327713,New,NULL,1,12-01-2026 19:35
274,Sachi Mangal,73,694057984,New,NULL,1,12-01-2026 19:35
275,Nisha Sankar,22,6119375620,New,NULL,11,12-01-2026 19:35
276,Qushi Gera,69,9457540853,New,NULL,14,12-01-2026 19:35
277,Daksha Andra,69,7881204610,New,NULL,16,12-01-2026 19:35
278,Jack Kara,73,9508439684,New,NULL,17,12-01-2026 19:35
279,Jagdish Kari,47,9753513977,Referral,131,17,12-01-2026 19:35
280,Anmol Balakrishnan,45,2431532763,New,NULL,7,12-01-2026 19:35
281,Keya Kuruvilla,43,6988755623,New,NULL,12,12-01-2026 19:35
282,Nisha Doshi,35,3134304458,Referral,267,16,12-01-2026 19:35
283,Finn Sagar,85,5957391185,New,NULL,11,12-01-2026 19:35
284,Tristan Mistry,61,841968833,New,NULL,15,12-01-2026 19:35
285,Sneha Goswami,26,5148091028,New,NULL,19,12-01-2026 19:35
286,Naveen Ramachandran,27,7547186340,New,NULL,11,12-01-2026 19:35
287,Fiyaz Bala,60,2933402869,New,NULL,1,12-01-2026 19:35
288,Tanay Gade,28,8420306345,New,NULL,11,12-01-2026 19:35
289,Alexander Shan,48,7459632342,New,NULL,9,12-01-2026 19:35
290,Faras Sachar,85,7085803261,New,NULL,8,12-01-2026 19:35
291,Atharv Tella,60,6283635791,New,NULL,2,12-01-2026 19:35
292,Barkha Subramanian,38,8791853479,New,NULL,8,12-01-2026 19:35
293,Tripti Iyer,58,4253761525,Referral,19,4,12-01-2026 19:35
294,Vrishti Sidhu,37,1072533578,New,NULL,6,12-01-2026 19:35
295,Darsh Choudhury,20,3521393850,New,NULL,5,12-01-2026 19:35
296,Gautam Sur,61,8488233940,New,NULL,6,12-01-2026 19:35
297,Jagat Samra,29,2697383996,New,NULL,16,12-01-2026 19:35
298,Reyansh Prasad,52,8828077250,New,NULL,13,12-01-2026 19:35
299,Arya Wali,82,1701150242,New,NULL,17,12-01-2026 19:35
300,Upadhriti Zacharia,22,5285891324,New,NULL,18,12-01-2026 19:35
301,Anya Chahal,56,8955082156,New,NULL,3,12-01-2026 19:35
302,Nilima Mammen,61,104651688,New,NULL,2,12-01-2026 19:35
303,Indali Das,78,2518650922,New,NULL,20,12-01-2026 19:35
304,Chanakya Arya,62,3563457262,New,NULL,3,12-01-2026 19:35
305,Peter Narasimhan,41,8439713867,New,NULL,9,12-01-2026 19:35
306,Xiti Khurana,22,8197919366,New,NULL,10,12-01-2026 19:35
307,Naksh Suri,44,2166478638,New,NULL,7,12-01-2026 19:35
308,Vedhika Sibal,80,703872653,New,NULL,17,12-01-2026 19:35
309,Bhavya Ghosh,39,601778481,New,NULL,5,12-01-2026 19:35
310,Shivani Murthy,24,8820567225,New,NULL,11,12-01-2026 19:35
311,Abeer Thakur,75,5146645218,New,NULL,4,12-01-2026 19:35
312,Gayathri Sachar,73,7420117273,New,NULL,16,12-01-2026 19:35
313,Dayamai Khare,30,9595723661,New,NULL,3,12-01-2026 19:35
314,Udarsh Kale,50,5658429418,New,NULL,6,12-01-2026 19:35
315,Chatura Chahal,54,9303175850,New,NULL,14,12-01-2026 19:35
316,Yochana Sathe,69,167642193,New,NULL,6,12-01-2026 19:35
317,Nathan Mallick,60,6562123612,New,NULL,20,12-01-2026 19:35
318,Warjas Kale,81,6081360257,New,NULL,14,12-01-2026 19:35
319,Ira Sahni,82,6672660497,New,NULL,16,12-01-2026 19:35
320,Nathan Soman,19,806247514,New,NULL,15,12-01-2026 19:35
321,Oni Tank,72,2982873399,New,NULL,12,12-01-2026 19:35
322,Upma Nair,68,4552866078,New,NULL,1,12-01-2026 19:35
323,Darsh Badal,80,4987856691,New,NULL,10,12-01-2026 19:35
324,Vrinda Golla,37,3803932327,New,NULL,5,12-01-2026 19:35
325,Vasudha Mall,59,2915138921,Referral,79,16,12-01-2026 19:35
326,Logan Tata,32,9079851861,New,NULL,20,12-01-2026 19:35
327,Vrishti Rai,84,2725793435,New,NULL,2,12-01-2026 19:35
328,Wahab Mani,18,5836824813,New,NULL,19,12-01-2026 19:35
329,Bimala Thakur,28,4079997369,New,NULL,15,12-01-2026 19:35
330,Nitesh Goel,23,6926282180,New,NULL,10,12-01-2026 19:35
331,Radhika Jain,65,2315133557,New,NULL,14,12-01-2026 19:35
332,Ucchal Bath,75,9665131765,New,NULL,5,12-01-2026 19:35
333,Nathaniel Bahri,30,8974830261,New,NULL,5,12-01-2026 19:35
334,David Chokshi,20,2368588145,New,NULL,8,12-01-2026 19:35
335,Chandani Kant,69,654918177,New,NULL,2,12-01-2026 19:35
336,Joshua Sha,45,7986764507,New,NULL,19,12-01-2026 19:35
337,Lajita Edwin,42,8036941448,New,NULL,3,12-01-2026 19:35
338,Laksh Madan,59,4775421038,New,NULL,1,12-01-2026 19:35
339,Noah Edwin,40,7787332612,New,NULL,6,12-01-2026 19:35
340,Jairaj Borah,30,7333944596,New,NULL,6,12-01-2026 19:35
341,Janya Mitra,27,2815845046,New,NULL,14,12-01-2026 19:35
342,Turvi Parekh,28,9728596168,New,NULL,6,12-01-2026 19:35
343,Mason Sami,85,6160400491,New,NULL,18,12-01-2026 19:35
344,Kiaan Madan,23,5929300620,New,NULL,20,12-01-2026 19:35
345,Ranbir Doctor,56,6389213455,New,NULL,15,12-01-2026 19:35
346,Advik Barman,78,4317320843,New,NULL,2,12-01-2026 19:35
347,Laksh Hegde,21,5384808323,New,NULL,18,12-01-2026 19:35
348,Balendra Khalsa,84,2994247868,Referral,247,20,12-01-2026 19:35
349,Naksh Thaker,53,1415761333,New,NULL,10,12-01-2026 19:35
350,Yashoda Dhawan,78,1925432772,New,NULL,20,12-01-2026 19:35
351,Yashoda Padmanabhan,22,8141336805,New,NULL,14,12-01-2026 19:35
352,Ekalinga Sankar,19,7029521345,Referral,139,11,12-01-2026 19:35
353,Banjeet Chawla,56,4224336653,New,NULL,19,12-01-2026 19:35
354,Omisha Narang,76,5663872692,New,NULL,20,12-01-2026 19:35
355,Akshay Chad,63,3996473187,New,NULL,7,12-01-2026 19:35
356,Pahal Sampath,62,5175933473,Referral,128,4,12-01-2026 19:35
357,Amruta Kamdar,51,2631845440,New,NULL,5,12-01-2026 19:35
358,Kai Dhaliwal,39,5702563246,New,NULL,20,12-01-2026 19:35
359,Advaith Behl,62,2426693844,New,NULL,3,12-01-2026 19:35
360,Ekapad Sood,81,157148293,New,NULL,10,12-01-2026 19:35
361,Mason Bakshi,84,2482939872,New,NULL,6,12-01-2026 19:35
362,Sachi Bora,66,1226279306,New,NULL,1,12-01-2026 19:35
363,Bimala Ganesh,23,1741487890,New,NULL,10,12-01-2026 19:35
364,Lakshmi Kadakia,76,7214862283,New,NULL,1,12-01-2026 19:35
365,Hardik Magar,68,4774722037,New,NULL,4,12-01-2026 19:35
366,Upadhriti Mistry,52,4743338711,New,NULL,20,12-01-2026 19:35
367,Rehaan Acharya,19,152158466,New,NULL,19,12-01-2026 19:35
368,Tara Deshpande,70,3319646099,New,NULL,14,12-01-2026 19:35
369,Alka Ray,38,2746886250,New,NULL,17,12-01-2026 19:35
370,Ekaja Randhawa,62,233133763,New,NULL,3,12-01-2026 19:35
371,Garima Lal,61,9776546435,New,NULL,8,12-01-2026 19:35
372,Baghyawati Yogi,32,8046948871,New,NULL,6,12-01-2026 19:35
373,Ekanta Chakrabarti,20,9807174536,New,NULL,16,12-01-2026 19:35
374,Harita Lalla,19,74438790,New,NULL,16,12-01-2026 19:35
375,Caleb Ramakrishnan,72,7671933406,New,NULL,2,12-01-2026 19:35
376,Leela Garde,29,54095949,New,NULL,17,12-01-2026 19:35
377,Chakrika Karan,69,4001092150,New,NULL,10,12-01-2026 19:35
378,Yochana Nayar,63,8094228323,New,NULL,9,12-01-2026 19:35
379,Maanas Badami,31,5323983546,New,NULL,9,12-01-2026 19:35
380,Peter Upadhyay,45,9006512446,Referral,58,20,12-01-2026 19:35
381,Kashvi Mannan,60,7885418045,New,NULL,1,12-01-2026 19:35
382,Prisha Dhillon,35,89727123,New,NULL,17,12-01-2026 19:35
383,Mahika Sarma,37,2118301087,New,NULL,14,12-01-2026 19:35
384,Darpan Pai,79,6772870065,Referral,244,2,12-01-2026 19:35
385,Samaksh Sane,77,5452116930,New,NULL,11,12-01-2026 19:35
386,Aarush Goyal,72,1548526427,New,NULL,1,12-01-2026 19:35
387,Qasim Shankar,36,3653340787,New,NULL,20,12-01-2026 19:35
388,Arjun Dhar,26,9132500201,Referral,147,20,12-01-2026 19:35
389,Praneel Balay,18,1735685821,New,NULL,10,12-01-2026 19:35
390,Pranit Basu,40,9676291820,New,NULL,8,12-01-2026 19:35
391,Sara Thaker,76,8623125254,New,NULL,19,12-01-2026 19:35
392,Urmi Bawa,19,5644342798,New,NULL,19,12-01-2026 19:35
393,Gaurav Bhagat,34,6119601515,New,NULL,17,12-01-2026 19:35
394,Nandini Lalla,34,466672319,New,NULL,6,12-01-2026 19:35
395,Priya Sarma,34,1152007685,New,NULL,17,12-01-2026 19:35
396,Hema Goel,24,3870202109,New,NULL,20,12-01-2026 19:35
397,Kamala Badami,36,8454116982,New,NULL,7,12-01-2026 19:35
398,Daniel Raja,20,5423992173,Referral,110,15,12-01-2026 19:35
399,Amol Sethi,84,6979176888,New,NULL,15,12-01-2026 19:35
400,Ira Hayer,72,8320211909,Referral,238,1,12-01-2026 19:35
401,Ijaya Gala,58,8089539434,New,NULL,2,12-01-2026 19:35
402,Nakul Peri,20,2168149903,New,NULL,15,12-01-2026 19:35
403,Maanas Srivastava,74,140562706,New,NULL,14,12-01-2026 19:35
404,Balvan Rastogi,57,9845767183,New,NULL,19,12-01-2026 19:35
405,Siddharth Bajaj,35,6706354297,New,NULL,6,12-01-2026 19:35
406,Sachi Wason,85,4782613414,New,NULL,17,12-01-2026 19:35
407,Brijesh Bath,73,3350009090,New,NULL,8,12-01-2026 19:35
408,Hredhaan Palla,85,8365513872,New,NULL,10,12-01-2026 19:35
409,Falan Bajwa,24,4091546036,New,NULL,4,12-01-2026 19:35
410,Chatresh Sarma,44,3855774030,Referral,395,14,12-01-2026 19:35
411,Lipika Pathak,43,8863854749,Referral,104,10,12-01-2026 19:35
412,Anika Sarma,25,6106570814,New,NULL,4,12-01-2026 19:35
413,Gagan Pandit,65,3940013418,New,NULL,7,12-01-2026 19:35
414,Nilima Srinivas,56,4545437320,Referral,407,14,12-01-2026 19:35
415,Manan Bajwa,46,7867837750,New,NULL,16,12-01-2026 19:35
416,Rohan Chacko,63,1788020669,New,NULL,7,12-01-2026 19:35
417,Mitali Sandhu,72,6683624339,New,NULL,8,12-01-2026 19:35
418,Alexander Kala,60,4624225580,New,NULL,2,12-01-2026 19:35
419,Tanish Koshy,27,1308243235,New,NULL,1,12-01-2026 19:35
420,Qasim Natt,46,9628796760,New,NULL,16,12-01-2026 19:35
421,Imaran Kapur,55,9067885706,New,NULL,14,12-01-2026 19:35
422,Neha Guha,30,9164800286,New,NULL,10,12-01-2026 19:35
423,Watika Kota,66,2353742109,New,NULL,10,12-01-2026 19:35
424,Yochana Dhillon,61,5339376149,New,NULL,9,12-01-2026 19:35
425,Kavya Bhalla,53,9857735880,Referral,61,13,12-01-2026 19:35
426,Orinder Shere,69,82015376,New,NULL,6,12-01-2026 19:35
427,Darsh Sule,26,555240850,New,NULL,16,12-01-2026 19:35
428,Jagrati Manda,34,3877227384,New,NULL,7,12-01-2026 19:35
429,Samarth Goda,52,1560381586,New,NULL,10,12-01-2026 19:35
430,Eshana Bassi,33,3196042938,New,NULL,8,12-01-2026 19:35
431,Urvashi Nath,35,8522643689,New,NULL,18,12-01-2026 19:35
432,Nathan Shankar,77,665083013,New,NULL,17,12-01-2026 19:35
433,Leena Bath,75,3890050190,New,NULL,1,12-01-2026 19:35
434,Abeer Sathe,71,8300975179,New,NULL,5,12-01-2026 19:35
435,Champak Bahl,71,4802482813,New,NULL,1,12-01-2026 19:35
436,Ekiya Tailor,22,9383740912,New,NULL,3,12-01-2026 19:35
437,Jonathan Pandit,76,7388654965,New,NULL,4,12-01-2026 19:35
438,Chandani Mahajan,32,87373584,New,NULL,20,12-01-2026 19:35
439,Chasmum Edwin,34,9365977052,New,NULL,10,12-01-2026 19:35
440,Ekanta Rama,54,7427478319,New,NULL,2,12-01-2026 19:35
441,Zinal Kamdar,40,6354898458,New,NULL,5,12-01-2026 19:35
442,Janaki Purohit,46,1365321515,New,NULL,2,12-01-2026 19:35
443,Hema Gola,43,1301950388,New,NULL,17,12-01-2026 19:35
444,Falan Nagar,23,2341258695,New,NULL,15,12-01-2026 19:35
445,Hemang Naik,38,5251881338,New,NULL,6,12-01-2026 19:35
446,Barkha Narula,47,2915209392,New,NULL,14,12-01-2026 19:35
447,Hardik Nadig,20,4985807923,New,NULL,17,12-01-2026 19:35
448,Chandresh Dani,77,1924986184,New,NULL,6,12-01-2026 19:35
449,Avi Bora,41,9776000167,New,NULL,12,12-01-2026 19:35
450,Ira De,41,4052197543,New,NULL,20,12-01-2026 19:35
451,Nidhi Thakkar,39,3470567697,New,NULL,19,12-01-2026 19:35
452,Lohit Jha,40,9896409892,New,NULL,15,12-01-2026 19:35
453,Kiaan Patel,26,2688154332,New,NULL,16,12-01-2026 19:35
454,Janya Lall,79,9359598712,New,NULL,16,12-01-2026 19:35
455,Forum Dasgupta,29,4109794864,New,NULL,4,12-01-2026 19:35
456,Udarsh Banerjee,27,4510491520,Referral,26,20,12-01-2026 19:35
457,Yug Sahota,51,509585680,New,NULL,17,12-01-2026 19:35
458,Azad Kuruvilla,72,4227511687,New,NULL,8,12-01-2026 19:35
459,Robert Tiwari,51,3460552338,New,NULL,9,12-01-2026 19:35
460,Sneha Suri,84,2449483392,New,NULL,18,12-01-2026 19:35
461,Bhavna Hari,22,7428519457,New,NULL,7,12-01-2026 19:35
462,Zinal Sen,58,7917533781,New,NULL,9,12-01-2026 19:35
463,Tamanna Goswami,68,6772454715,New,NULL,4,12-01-2026 19:35
464,Zilmil Karan,46,257034248,Referral,242,14,12-01-2026 19:35
465,Bhavna Baria,55,9326528748,New,NULL,11,12-01-2026 19:35
466,Kala Solanki,56,6048218683,New,NULL,17,12-01-2026 19:35
467,Vritti Pingle,83,2624087128,New,NULL,12,12-01-2026 19:35
468,Eta Hora,80,3948601521,New,NULL,14,12-01-2026 19:35
469,Max Arora,35,9099500529,New,NULL,14,12-01-2026 19:35
470,Gayathri Ahluwalia,33,2064617007,New,NULL,8,12-01-2026 19:35
471,Tanveer Mody,59,3210743771,New,NULL,12,12-01-2026 19:35
472,Sai Balasubramanian,23,6771179320,New,NULL,18,12-01-2026 19:35
473,Frado Kurian,48,2468191924,Referral,64,9,12-01-2026 19:35
474,Yashodhara Aggarwal,77,1439910569,New,NULL,20,12-01-2026 19:35
475,Quincy Gupta,75,8853143943,New,NULL,7,12-01-2026 19:35
476,Balendra Kota,34,919231180,Referral,240,1,12-01-2026 19:35
477,Aryan Malhotra,49,5411787601,New,NULL,7,12-01-2026 19:35
478,Jhalak Tandon,23,5864182497,New,NULL,14,12-01-2026 19:35
479,Yashica Shah,34,6103731956,New,NULL,10,12-01-2026 19:35
480,Mason Agrawal,74,4482577744,New,NULL,12,12-01-2026 19:35
481,Chatura Grewal,34,6818174331,New,NULL,13,12-01-2026 19:35
482,Jhalak Gade,43,8598362878,New,NULL,6,12-01-2026 19:35
483,Bishakha Hegde,32,5610049000,Referral,288,14,12-01-2026 19:35
484,Girindra Bassi,46,7907870731,New,NULL,13,12-01-2026 19:35
485,Ekantika Buch,21,7373387686,New,NULL,15,12-01-2026 19:35
486,Naksh Narasimhan,72,5136638670,New,NULL,18,12-01-2026 19:35
487,Sara Padmanabhan,65,8050364071,New,NULL,8,12-01-2026 19:35
488,Libni Krish,23,6184731159,New,NULL,9,12-01-2026 19:35
489,Shravya Rajagopal,41,9418885635,Referral,215,13,12-01-2026 19:35
490,Hema Sane,67,5588927246,New,NULL,11,12-01-2026 19:35
491,Jalsa Dhar,49,3400588174,New,NULL,18,12-01-2026 19:35
492,Qushi Bava,26,3154780736,New,NULL,16,12-01-2026 19:35
493,Nakul Golla,66,7077924380,New,NULL,16,12-01-2026 19:35
494,Yachana Raja,54,9210093383,New,NULL,1,12-01-2026 19:35
495,Samar Puri,39,5527137071,New,NULL,7,12-01-2026 19:35
496,Barkha Wagle,23,5948615303,New,NULL,13,12-01-2026 19:35
497,Champak Palan,20,4022187679,New,NULL,9,12-01-2026 19:35
498,Ekbal Dugar,37,350426180,New,NULL,8,12-01-2026 19:35
499,Widisha Rastogi,47,1907936748,New,NULL,4,12-01-2026 19:35
500,Zinal Manne,85,1133892995,New,NULL,20,12-01-2026 19:35
501,Megha Rajagopal,60,2607589096,New,NULL,18,12-01-2026 19:35
502,Chasmum Soni,55,6003323391,New,NULL,16,12-01-2026 19:35
503,Fiyaz Sama,28,4190240022,New,NULL,17,12-01-2026 19:35
504,Fiyaz Bhakta,40,3405573570,New,NULL,14,12-01-2026 19:35
505,Alexander Nagarajan,81,1373590875,New,NULL,13,12-01-2026 19:35
506,Bhavani Dara,55,9147713067,New,NULL,6,12-01-2026 19:35
507,Anusha Ramanathan,68,1622494652,New,NULL,3,12-01-2026 19:35
508,Rishi Goswami,20,8852669048,New,NULL,3,12-01-2026 19:35
509,Xavier Narang,85,3097078522,New,NULL,7,12-01-2026 19:35
510,Ryan Brahmbhatt,70,76259045,New,NULL,7,12-01-2026 19:35
511,Ridhi Narain,46,8149483916,New,NULL,16,12-01-2026 19:35
512,Chandran Thaman,23,8268859100,New,NULL,5,12-01-2026 19:35
513,Dominic Srinivas,64,4250189911,New,NULL,7,12-01-2026 19:35
514,Ayushman Ramesh,56,2331259867,New,NULL,1,12-01-2026 19:35
515,Urvi Dasgupta,49,9700204984,New,NULL,6,12-01-2026 19:35
516,Kevin Prabhu,82,6857028295,New,NULL,10,12-01-2026 19:35
517,Ekaraj Nazareth,34,9480122542,New,NULL,8,12-01-2026 19:35
518,Eiravati Sathe,25,8985836055,New,NULL,13,12-01-2026 19:35
519,Ishaan Tandon,25,1946903090,New,NULL,8,12-01-2026 19:35
520,Jyoti Garde,26,581131988,New,NULL,6,12-01-2026 19:35
521,Waida Ratti,84,4320917453,New,NULL,18,12-01-2026 19:35
522,Udarsh Vasa,64,4722531558,Referral,158,3,12-01-2026 19:35
523,Shivani Shankar,73,9074472914,Referral,417,3,12-01-2026 19:35
524,Ira Chawla,24,6680914781,New,NULL,19,12-01-2026 19:35
525,Anirudh Mallick,33,9919308591,New,NULL,6,12-01-2026 19:35
526,Kavya Talwar,71,3583895693,New,NULL,7,12-01-2026 19:35
527,Rayaan Golla,73,9092254377,New,NULL,12,12-01-2026 19:35
528,Qarin Borde,28,9859515107,Referral,155,11,12-01-2026 19:35
529,Indali Khurana,54,3317292328,New,NULL,5,12-01-2026 19:35
530,Nakul Malhotra,57,1179016513,New,NULL,2,12-01-2026 19:35
531,Ekiya Brar,54,4985569269,New,NULL,18,12-01-2026 19:35
532,Aadi Panchal,40,5756588183,New,NULL,14,12-01-2026 19:35
533,Isaiah Prabhu,73,6626171591,New,NULL,20,12-01-2026 19:35
534,Madhav Gole,65,6000321975,New,NULL,7,12-01-2026 19:35
535,Hamsini Nigam,37,5532071745,New,NULL,6,12-01-2026 19:35
536,Ishani Dash,27,705294524,New,NULL,15,12-01-2026 19:35
537,Falak Bala,36,7605902995,New,NULL,18,12-01-2026 19:35
538,Sai Bhatt,68,1235825919,Referral,392,8,12-01-2026 19:35
539,Sarthak Barad,49,2088296360,New,NULL,7,12-01-2026 19:35
540,Ekiya Nayar,73,2417483862,New,NULL,9,12-01-2026 19:35
541,Zarna Hora,78,2730208824,New,NULL,13,12-01-2026 19:35
542,Harsh Date,84,5436083332,New,NULL,17,12-01-2026 19:35
543,Anika Viswanathan,40,5653679658,New,NULL,16,12-01-2026 19:35
544,Advik Mutti,80,5867540157,New,NULL,19,12-01-2026 19:35
545,Zayan Manda,50,4774816811,New,NULL,20,12-01-2026 19:35
546,Rayaan Thakur,27,6010480268,Referral,543,1,12-01-2026 19:35
547,Arya Jaggi,59,6920271089,New,NULL,15,12-01-2026 19:35
548,Gagan Kibe,63,1803839988,Referral,51,3,12-01-2026 19:35
549,Hema De,72,7993690383,New,NULL,8,12-01-2026 19:35
550,Anjali Khatri,52,3603182422,New,NULL,20,12-01-2026 19:35
551,Manan Sura,85,535974780,New,NULL,10,12-01-2026 19:35
552,Reva Kunda,49,925970261,New,NULL,16,12-01-2026 19:35
553,Timothy Anand,42,3907928906,New,NULL,16,12-01-2026 19:35
554,Nitara Tailor,43,8515411659,New,NULL,12,12-01-2026 19:35
555,Wakeeta Anand,24,2428543055,New,NULL,19,12-01-2026 19:35
556,Triveni Rout,50,6821484893,Referral,302,10,12-01-2026 19:35
557,Vrinda Aggarwal,28,5390263719,New,NULL,14,12-01-2026 19:35
558,Qasim Ray,31,1581943990,New,NULL,13,12-01-2026 19:35
559,Tamanna Nigam,53,6212104531,New,NULL,6,12-01-2026 19:35
560,Jatin Pai,71,2766657135,New,NULL,15,12-01-2026 19:35
561,Jagvi Wable,81,927303789,New,NULL,12,12-01-2026 19:35
562,Vidhi Bahl,39,5466464286,New,NULL,3,12-01-2026 19:35
563,Gaurika Balasubramanian,40,1620412133,New,NULL,11,12-01-2026 19:35
564,Lopa Bath,63,4657741446,New,NULL,17,12-01-2026 19:35
565,Zayyan Chandran,43,2125797712,New,NULL,7,12-01-2026 19:35
566,Kashvi Virk,84,9131379954,Referral,405,20,12-01-2026 19:35
567,Lavanya Rege,19,8924653024,New,NULL,10,12-01-2026 19:35
568,Urvashi Khanna,44,7852352505,Referral,166,16,12-01-2026 19:35
569,Ekantika Sarin,36,2140139001,Referral,212,6,12-01-2026 19:35
570,Chandran Pal,84,8227004919,New,NULL,1,12-01-2026 19:35
571,Nimrat Varghese,19,801124021,Referral,78,8,12-01-2026 19:35
572,Daniel Kanda,61,6067666922,New,NULL,3,12-01-2026 19:35
573,Lekha Dey,49,7753115543,New,NULL,16,12-01-2026 19:35
574,Orinder Bera,37,3828463124,New,NULL,19,12-01-2026 19:35
575,Benjamin Solanki,29,2311699445,New,NULL,1,12-01-2026 19:35
576,Unni Raval,29,5029777694,New,NULL,7,12-01-2026 19:35
577,Faqid Gola,69,1650312411,New,NULL,12,12-01-2026 19:35
578,Niharika Andra,80,1995402568,New,NULL,3,12-01-2026 19:35
579,Hemangini Soman,54,2988452230,New,NULL,16,12-01-2026 19:35
580,Nikita Sule,21,7364090650,New,NULL,16,12-01-2026 19:35
581,Wyatt Hans,22,8151766500,Referral,408,4,12-01-2026 19:35
582,Aishani Ben,51,1908861185,New,NULL,13,12-01-2026 19:35
583,Shaurya Dhar,66,7104407679,New,NULL,14,12-01-2026 19:35
584,Yahvi Kota,58,4146271272,New,NULL,7,12-01-2026 19:35
585,Chandani Sem,57,6688288954,New,NULL,7,12-01-2026 19:35
586,Samesh Brahmbhatt,18,6933573213,New,NULL,11,12-01-2026 19:35
587,Laban Datta,81,8318380041,New,NULL,20,12-01-2026 19:35
588,Chanakya Bhat,61,9261400419,New,NULL,10,12-01-2026 19:35
589,Quincy Kanda,23,891598378,New,NULL,19,12-01-2026 19:35
590,Tanvi Chandra,27,2228731531,New,NULL,13,12-01-2026 19:35
591,Urmi Sood,34,1334075645,New,NULL,11,12-01-2026 19:35
592,Bimala Shukla,56,6674196026,Referral,105,11,12-01-2026 19:35
593,Ira Jani,56,9513703779,New,NULL,4,12-01-2026 19:35
594,Chanchal Varkey,81,612797529,New,NULL,16,12-01-2026 19:35
595,Neel Barad,29,1849285389,New,NULL,5,12-01-2026 19:35
596,Hitesh Sampath,52,3124726724,New,NULL,17,12-01-2026 19:35
597,Quincy Ranganathan,58,5253207572,New,NULL,2,12-01-2026 19:35
598,Rachana Thaker,31,898228479,New,NULL,7,12-01-2026 19:35
599,Forum Munshi,22,296623076,New,NULL,13,12-01-2026 19:35
600,Watika Dugar,80,252562648,New,NULL,13,12-01-2026 19:35
601,Rudra Bal,59,9732411204,New,NULL,19,12-01-2026 19:35
602,Zansi Kapadia,40,4226261335,Referral,379,2,12-01-2026 19:35
603,Girik Ravi,42,107034184,New,NULL,16,12-01-2026 19:35
604,Nathaniel Bose,52,9217559447,New,NULL,4,12-01-2026 19:35
605,Samesh Hari,18,2531224073,New,NULL,19,12-01-2026 19:35
606,Baljiwan Lata,39,6036384591,New,NULL,8,12-01-2026 19:35
607,Kala Patla,62,5465889387,New,NULL,20,12-01-2026 19:35
608,Sathvik Gour,85,4294345,New,NULL,5,12-01-2026 19:35
609,Agastya Gera,52,2677242438,New,NULL,14,12-01-2026 19:35
610,Nitara Pillai,73,4085323824,Referral,579,17,12-01-2026 19:35
611,Lajita Suri,75,8115098410,New,NULL,18,12-01-2026 19:35
612,Arya Pal,28,670393918,New,NULL,9,12-01-2026 19:35
613,Mugdha Gera,51,5157241007,New,NULL,16,12-01-2026 19:35
614,Meghana Bala,64,1190286716,New,NULL,4,12-01-2026 19:35
615,Arunima Murty,80,4023554001,Referral,159,14,12-01-2026 19:35
616,Panini Gola,66,1899108190,New,NULL,19,12-01-2026 19:35
617,Nirja Gour,20,9990020094,New,NULL,2,12-01-2026 19:35
618,Manbir Vaidya,69,4916789475,New,NULL,2,12-01-2026 19:35
619,Upkaar Samra,47,162640617,New,NULL,18,12-01-2026 19:35
620,Kamala Ghose,55,5729480394,New,NULL,2,12-01-2026 19:35
621,Anita Vora,31,8734959418,New,NULL,2,12-01-2026 19:35
622,Chasmum Wadhwa,79,558052520,New,NULL,3,12-01-2026 19:35
623,Azad Sabharwal,43,3807710401,New,NULL,4,12-01-2026 19:35
624,Megha Memon,35,444005916,New,NULL,5,12-01-2026 19:35
625,Zansi Deshpande,55,9625696881,New,NULL,9,12-01-2026 19:35
626,Arya Koshy,76,6731115401,New,NULL,3,12-01-2026 19:35
627,Kashish Babu,49,7703772668,Referral,585,14,12-01-2026 19:35
628,Isha Rout,28,2035959989,New,NULL,14,12-01-2026 19:35
629,Sarthak Dora,63,7369839495,New,NULL,20,12-01-2026 19:35
630,Lakshit Sarna,44,5078871042,New,NULL,2,12-01-2026 19:35
631,Bhavani Kannan,52,5989524527,New,NULL,2,12-01-2026 19:35
632,Kritika Narayanan,42,5925822718,Referral,289,1,12-01-2026 19:35
633,Aarnav Pingle,31,6133278144,New,NULL,6,12-01-2026 19:35
634,Yamini Swamy,28,5760425795,New,NULL,14,12-01-2026 19:35
635,Madhavi Sankar,73,8755700345,New,NULL,10,12-01-2026 19:35
636,Yashodhara Ben,28,8473539525,New,NULL,19,12-01-2026 19:35
637,Ryan Golla,77,7110951639,New,NULL,11,12-01-2026 19:35
638,Matthew Murty,52,1404175538,New,NULL,10,12-01-2026 19:35
639,Chameli Chadha,50,9691535013,New,NULL,2,12-01-2026 19:35
640,Zinal Johal,34,1797414776,New,NULL,19,12-01-2026 19:35
641,Teerth Sharaf,55,4787128830,New,NULL,8,12-01-2026 19:35
642,Ijaya Chandran,62,577456622,New,NULL,12,12-01-2026 19:35
643,Patrick Kara,67,786517712,New,NULL,15,12-01-2026 19:35
644,Bakhshi Arya,38,8500366697,New,NULL,9,12-01-2026 19:35
645,Chandran Sinha,52,5103390463,Referral,462,13,12-01-2026 19:35
646,Ojasvi Chada,66,8331871252,New,NULL,11,12-01-2026 19:35
647,Lekha Wagle,62,7400246779,New,NULL,15,12-01-2026 19:35
648,Luke Ratta,85,7367753027,New,NULL,16,12-01-2026 19:35
649,Devika Thaker,59,1584985294,New,NULL,12,12-01-2026 19:35
650,Dipta Borra,59,7591298697,New,NULL,10,12-01-2026 19:35
651,Yashvi Bala,51,7039518892,New,NULL,18,12-01-2026 19:35
652,Jhalak Khurana,30,1482813953,New,NULL,6,12-01-2026 19:35
653,Yash Sangha,69,5834134807,New,NULL,7,12-01-2026 19:35
654,Vincent Peri,32,4545085304,New,NULL,2,12-01-2026 19:35
655,Ubika Keer,20,9965484373,New,NULL,1,12-01-2026 19:35
656,Urvashi Kapur,20,4632829024,New,NULL,12,12-01-2026 19:35
657,Udarsh Bhargava,69,5261494722,New,NULL,14,12-01-2026 19:35
658,Vamakshi Contractor,27,4283878138,New,NULL,19,12-01-2026 19:35
659,Yahvi Banerjee,83,9105957117,New,NULL,15,12-01-2026 19:35
660,Tamanna Sabharwal,50,336888878,Referral,450,12,12-01-2026 19:35
661,Dayita Deol,45,3074962206,New,NULL,10,12-01-2026 19:35
662,Panini Taneja,63,2919483937,Referral,161,5,12-01-2026 19:35
663,Niharika Doshi,36,7781044322,New,NULL,15,12-01-2026 19:35
664,Damyanti More,33,6575491834,New,NULL,3,12-01-2026 19:35
665,Jacob Jani,37,5092374688,New,NULL,10,12-01-2026 19:35
666,Ekapad Rout,24,1884357447,New,NULL,15,12-01-2026 19:35
667,Yashica Swamy,81,9742079463,New,NULL,17,12-01-2026 19:35
668,Warinder Gade,43,2015501191,New,NULL,3,12-01-2026 19:35
669,Lipika Singhal,54,2734792935,New,NULL,17,12-01-2026 19:35
670,Ganga Hora,53,8597342491,Referral,245,11,12-01-2026 19:35
671,Jairaj Mukhopadhyay,25,5989620951,New,NULL,4,12-01-2026 19:35
672,Chakradhar Sankaran,82,6377657009,New,NULL,5,12-01-2026 19:35
673,Neha Samra,62,2544649992,New,NULL,8,12-01-2026 19:35
674,Rohan Nagarajan,51,8189905767,New,NULL,17,12-01-2026 19:35
675,Alexander Balasubramanian,70,545268641,New,NULL,5,12-01-2026 19:35
676,Kritika Rattan,46,7768433991,New,NULL,16,12-01-2026 19:35
677,Nachiket Mander,83,8946873677,New,NULL,2,12-01-2026 19:35
678,Ekaraj Sarkar,68,6332654593,New,NULL,19,12-01-2026 19:35
679,Aradhana Goswami,27,3454960185,New,NULL,16,12-01-2026 19:35
680,Oeshi Shankar,32,6506936809,New,NULL,17,12-01-2026 19:35
681,Bhavani Chandra,75,9575096779,Referral,345,7,12-01-2026 19:35
682,Janani Badami,43,9447943701,New,NULL,9,12-01-2026 19:35
683,Ekansh Arora,49,284830270,New,NULL,2,12-01-2026 19:35
684,Balendra Narayan,41,2630724476,New,NULL,2,12-01-2026 19:35
685,Yatan Gour,73,780479242,New,NULL,1,12-01-2026 19:35
686,Krishna Dora,54,4797468909,New,NULL,13,12-01-2026 19:35
687,Gagan Dass,67,6422558120,New,NULL,3,12-01-2026 19:35
688,Yuvraj Shan,55,4493165697,New,NULL,15,12-01-2026 19:35
689,Ishita Shanker,50,8587525514,New,NULL,5,12-01-2026 19:35
690,Siya Vig,44,7367860252,Referral,615,18,12-01-2026 19:35
691,Anay Bhatt,84,8303732115,New,NULL,10,12-01-2026 19:35
692,Widisha Gaba,37,2444102504,New,NULL,17,12-01-2026 19:35
693,Caleb Bail,37,2184644138,Referral,16,9,12-01-2026 19:35
694,Azaan Panchal,30,8118418846,New,NULL,17,12-01-2026 19:35
695,Laksh Atwal,34,177380431,New,NULL,12,12-01-2026 19:35
696,Nidhi Murty,59,9207634434,New,NULL,3,12-01-2026 19:35
697,Balendra Saini,27,2290375823,New,NULL,18,12-01-2026 19:35
698,Pranav Kaur,69,7920887779,New,NULL,16,12-01-2026 19:35
699,Laksh Sarin,80,698951,Referral,65,19,12-01-2026 19:35
700,Dipta Wali,20,5813876832,New,NULL,13,12-01-2026 19:35
701,Bishakha Nath,78,1712296702,New,NULL,7,12-01-2026 19:35
702,Pranit Krish,49,1503903521,New,NULL,16,12-01-2026 19:35
703,Shravya Jayaraman,51,8396283638,New,NULL,19,12-01-2026 19:35
704,Jagat Toor,50,7519868302,New,NULL,8,12-01-2026 19:35
705,Aryan Sastry,79,7479282220,New,NULL,17,12-01-2026 19:35
706,Diya Chahal,24,7577039233,New,NULL,6,12-01-2026 19:35
707,Ayaan Sen,68,7899067775,New,NULL,7,12-01-2026 19:35
708,Vaishnavi Karpe,44,6338500160,Referral,371,16,12-01-2026 19:35
709,Tanvi Mangal,34,8151015541,New,NULL,2,12-01-2026 19:35
710,Chaitaly Grover,69,7588979730,New,NULL,14,12-01-2026 19:35
711,Aadi Pingle,39,5320311734,New,NULL,10,12-01-2026 19:35
712,Gavin Vala,30,8256376350,New,NULL,13,12-01-2026 19:35
713,Chaitaly Brahmbhatt,57,5620042072,New,NULL,6,12-01-2026 19:35
714,Faqid Mitra,61,2095588119,New,NULL,8,12-01-2026 19:35
715,Hemal Raju,55,6269885837,New,NULL,15,12-01-2026 19:35
716,Isha Nadkarni,83,2166459301,New,NULL,20,12-01-2026 19:35
717,Bhavika Joshi,62,7909778305,New,NULL,10,12-01-2026 19:35
718,Owen Johal,50,3747470921,New,NULL,18,12-01-2026 19:35
719,Kashish Kaur,82,8466125692,New,NULL,12,12-01-2026 19:35
720,Oliver Doctor,75,7062623518,New,NULL,9,12-01-2026 19:35
721,Vamakshi Vala,43,7128333817,New,NULL,2,12-01-2026 19:35
722,Tanish Dixit,33,1924577911,New,NULL,5,12-01-2026 19:35
723,Amol Pandya,25,680203773,New,NULL,14,12-01-2026 19:35
724,Abha Salvi,50,1819564861,New,NULL,17,12-01-2026 19:35
725,Oni Agrawal,73,2125175537,New,NULL,19,12-01-2026 19:35
726,Chaitanya Soman,25,5919525593,Referral,659,14,12-01-2026 19:35
727,Barkha Subramanian,34,1636777529,New,NULL,13,12-01-2026 19:35
728,Ekiya Sen,60,9252979749,New,NULL,6,12-01-2026 19:35
729,Ishani Atwal,81,3332247009,New,NULL,20,12-01-2026 19:35
730,Anya Dhar,68,7462614893,New,NULL,19,12-01-2026 19:35
731,Ekani Soni,71,8507392445,New,NULL,10,12-01-2026 19:35
732,Urvi Lall,75,8719671235,Referral,144,19,12-01-2026 19:35
733,Qabil Hayre,21,9939765908,New,NULL,15,12-01-2026 19:35
734,Peter Dash,79,687473899,New,NULL,15,12-01-2026 19:35
735,Yatin Sodhi,44,5097580804,New,NULL,18,12-01-2026 19:35
736,Veer Nagy,66,5456790181,New,NULL,18,12-01-2026 19:35
737,Agastya Bhalla,27,2704725946,New,NULL,5,12-01-2026 19:35
738,Radhika Krishna,73,9158659558,New,NULL,20,12-01-2026 19:35
739,Ganga Kurian,71,4141885550,New,NULL,11,12-01-2026 19:35
740,Kala Kuruvilla,19,5973434536,New,NULL,15,12-01-2026 19:35
741,Jeremiah Sidhu,21,3935563489,Referral,547,11,12-01-2026 19:35
742,Deepa Bir,72,9987784616,New,NULL,16,12-01-2026 19:35
743,Aayush Raghavan,54,7586082496,New,NULL,11,12-01-2026 19:35
744,Watika Dada,53,302451408,New,NULL,14,12-01-2026 19:35
745,Rachana Sastry,80,4822450422,Referral,15,2,12-01-2026 19:35
746,Deepa Loke,75,9047172640,New,NULL,7,12-01-2026 19:35
747,Ansh Khare,70,747467629,Referral,733,19,12-01-2026 19:35
748,Gautami Khurana,65,6665569833,New,NULL,15,12-01-2026 19:35
749,Thomas Iyengar,39,5071455203,New,NULL,9,12-01-2026 19:35
750,Ria Pall,31,4983647498,New,NULL,6,12-01-2026 19:35
751,Warinder Mandal,29,9685554854,New,NULL,14,12-01-2026 19:35
752,Varsha Yadav,82,4469149717,New,NULL,14,12-01-2026 19:35
753,Ria Narain,22,3024882930,New,NULL,20,12-01-2026 19:35
754,Alexander Ahuja,65,379568828,New,NULL,17,12-01-2026 19:35
755,Ekani Chopra,77,1908527650,New,NULL,11,12-01-2026 19:35
756,Robert Dutt,73,7464804649,New,NULL,14,12-01-2026 19:35
757,Saanvi Jayaraman,60,9908913479,New,NULL,19,12-01-2026 19:35
758,Vrinda Dara,58,4475174980,New,NULL,20,12-01-2026 19:35
759,Yug Bhagat,36,2348891916,New,NULL,4,12-01-2026 19:35
760,Arin Bail,54,4956422926,New,NULL,16,12-01-2026 19:35
761,Meera Halder,35,6050093074,New,NULL,12,12-01-2026 19:35
762,Samuel Lal,31,185127497,New,NULL,11,12-01-2026 19:35
763,Meghana Bail,42,7923748937,New,NULL,16,12-01-2026 19:35
764,Hemang Srivastava,56,8383363762,New,NULL,2,12-01-2026 19:35
765,Saksham Mody,71,55441371,Referral,159,8,12-01-2026 19:35
766,Nicholas Rastogi,61,2185537308,New,NULL,17,12-01-2026 19:35
767,Darika Balay,81,3415091538,New,NULL,8,12-01-2026 19:35
768,Yagnesh Chahal,53,5385331664,New,NULL,1,12-01-2026 19:35
769,Mugdha Lad,46,5325316170,Referral,619,13,12-01-2026 19:35
770,Manan Lall,35,6318426881,New,NULL,3,12-01-2026 19:35
771,Vasana Edwin,75,6733434101,New,NULL,4,12-01-2026 19:35
772,Vrishti Parikh,22,2698909352,New,NULL,13,12-01-2026 19:35
773,Arin Venkatesh,54,9212923188,Referral,112,16,12-01-2026 19:35
774,Harish Pant,28,6132340991,New,NULL,18,12-01-2026 19:35
775,Ira Ratta,40,1954542422,New,NULL,11,12-01-2026 19:35
776,Urvashi Kari,43,8109522387,New,NULL,18,12-01-2026 19:35
777,Daksh Swamy,50,2366660206,New,NULL,6,12-01-2026 19:35
778,Abhimanyu Dhaliwal,65,1531054680,New,NULL,2,12-01-2026 19:35
779,Nicholas Thakkar,21,2717703112,New,NULL,13,12-01-2026 19:35
780,Yashica Char,25,4847675203,New,NULL,20,12-01-2026 19:35
781,Jasmit Warrior,70,5931496070,New,NULL,1,12-01-2026 19:35
782,Mitesh Kar,42,9855068777,New,NULL,7,12-01-2026 19:35
783,Chandresh Dixit,84,5089984126,New,NULL,13,12-01-2026 19:35
784,Zilmil Bajaj,18,6263409853,New,NULL,2,12-01-2026 19:35
785,Azaan Chahal,75,8084053306,New,NULL,16,12-01-2026 19:35
786,Aradhana Halder,61,1681523799,New,NULL,15,12-01-2026 19:35
787,Yauvani Sathe,57,4740727311,New,NULL,14,12-01-2026 19:35
788,Bakhshi Parsa,26,9104353615,New,NULL,1,12-01-2026 19:35
789,Gabriel Chaudhary,73,5829078232,New,NULL,10,12-01-2026 19:35
790,Vidhi Devi,36,7745053718,New,NULL,2,12-01-2026 19:35
791,Tarak Kala,29,4276311173,New,NULL,15,12-01-2026 19:35
792,Osha Varughese,82,1209808634,Referral,593,9,12-01-2026 19:35
793,Saksham Bansal,25,4118229369,New,NULL,3,12-01-2026 19:35
794,Nachiket Kamdar,42,7487094068,Referral,211,6,12-01-2026 19:35
795,Kashvi Bhandari,58,5008533319,New,NULL,5,12-01-2026 19:35
796,Tarak Dash,30,7277990746,New,NULL,3,12-01-2026 19:35
797,Madhavi Prabhu,48,2726725446,New,NULL,20,12-01-2026 19:35
798,Darika Mammen,41,3487352986,New,NULL,16,12-01-2026 19:35
799,Jasmit Date,38,9275694590,New,NULL,2,12-01-2026 19:35
800,Ria Bhasin,73,4415499987,New,NULL,1,12-01-2026 19:35
801,Viraj Sha,61,8488778312,New,NULL,4,12-01-2026 19:35
802,Vrishti Gade,55,9067610081,New,NULL,15,12-01-2026 19:35
803,Advay Deshmukh,35,5058035999,New,NULL,4,12-01-2026 19:35
804,Falan Dada,70,4304887497,New,NULL,17,12-01-2026 19:35
805,Neelima Salvi,40,1042079898,New,NULL,2,12-01-2026 19:35
806,Ridhi Tata,48,9859325210,New,NULL,10,12-01-2026 19:35
807,Chandran Dave,26,8167025430,New,NULL,19,12-01-2026 19:35
808,Pranit Srivastava,69,5668238880,New,NULL,10,12-01-2026 19:35
809,Advik Agarwal,34,7816795421,New,NULL,19,12-01-2026 19:35
810,Chatura Misra,25,45590213,New,NULL,2,12-01-2026 19:35
811,Chaman Soman,61,3018710901,New,NULL,20,12-01-2026 19:35
812,Aditya Mandal,82,9763378743,New,NULL,13,12-01-2026 19:35
813,Azaan Batra,54,2550957791,New,NULL,9,12-01-2026 19:35
814,Reva Sangha,37,7135098536,New,NULL,3,12-01-2026 19:35
815,Farhan Goel,70,3184757689,New,NULL,4,12-01-2026 19:35
816,Omkaar Golla,38,8325521013,New,NULL,10,12-01-2026 19:35
817,Rachita Rege,51,3413446137,New,NULL,8,12-01-2026 19:35
818,Ethan Munshi,49,5287375653,New,NULL,17,12-01-2026 19:35
819,Sarthak Prashad,68,6391037009,New,NULL,1,12-01-2026 19:35
820,Damini Sharma,39,639407017,New,NULL,14,12-01-2026 19:35
821,Noah Murty,58,8980703699,New,NULL,2,12-01-2026 19:35
822,Yash Dua,24,9066370493,New,NULL,12,12-01-2026 19:35
823,Arin Modi,56,2814881335,New,NULL,20,12-01-2026 19:35
824,Daksha Chacko,71,3637133392,Referral,822,4,12-01-2026 19:35
825,Isaac Sharaf,69,351921205,New,NULL,19,12-01-2026 19:35
826,Chasmum Deshpande,74,4359933243,New,NULL,11,12-01-2026 19:35
827,Isha Varughese,68,5021117242,New,NULL,14,12-01-2026 19:35
828,Yasti Chaudhari,64,4485993005,New,NULL,11,12-01-2026 19:35
829,Abdul Lal,26,7669725571,New,NULL,16,12-01-2026 19:35
830,Abeer Sarma,20,1540212720,New,NULL,14,12-01-2026 19:35
831,Wriddhish Pandya,26,1913367411,New,NULL,1,12-01-2026 19:35
832,Aarini Dugar,52,2445055763,New,NULL,7,12-01-2026 19:35
833,Eta Johal,47,7424234466,New,NULL,11,12-01-2026 19:35
834,Advay Goswami,55,3361581055,New,NULL,16,12-01-2026 19:35
835,Aayush Venkatesh,55,6567294669,New,NULL,7,12-01-2026 19:35
836,Urvi Majumdar,81,9478077266,Referral,210,18,12-01-2026 19:35
837,Upkaar Joshi,67,3393575887,New,NULL,11,12-01-2026 19:35
838,Jalsa Chaudhry,63,3738321083,New,NULL,4,12-01-2026 19:35
839,Chatresh Koshy,62,345165684,New,NULL,4,12-01-2026 19:35
840,Damini Saraf,80,9401245003,New,NULL,14,12-01-2026 19:35
841,Jhalak Bera,26,328028405,New,NULL,19,12-01-2026 19:35
842,Kala Balan,76,9674661490,New,NULL,16,12-01-2026 19:35
843,Priya Mutti,79,4789135677,New,NULL,19,12-01-2026 19:35
844,Vrishti Sachar,49,6740334164,New,NULL,20,12-01-2026 19:35
845,Amaira Khare,77,8633404015,New,NULL,7,12-01-2026 19:35
846,Wakeeta Cherian,27,1112987405,New,NULL,5,12-01-2026 19:35
847,Tanay Bhagat,27,9205619172,Referral,539,7,12-01-2026 19:35
848,Daksh Tank,27,7192655009,New,NULL,6,12-01-2026 19:35
849,Harish Pradhan,72,7508852977,New,NULL,17,12-01-2026 19:35
850,Vansha Keer,69,5476981287,New,NULL,15,12-01-2026 19:35
851,Nandini Mall,23,1519907682,New,NULL,8,12-01-2026 19:35
852,Lavanya Ram,80,7182829344,New,NULL,8,12-01-2026 19:35
853,Krish Bhavsar,55,9930252880,New,NULL,4,12-01-2026 19:35
854,Ojas Viswanathan,28,3696451434,New,NULL,5,12-01-2026 19:35
855,Ekantika Balan,59,6661123617,New,NULL,7,12-01-2026 19:35
856,Oliver Ahuja,43,374959421,New,NULL,18,12-01-2026 19:35
857,Bhavna Taneja,19,4033792062,New,NULL,19,12-01-2026 19:35
858,Urmi Lala,41,3266828394,New,NULL,18,12-01-2026 19:35
859,Amaira Bail,43,7859860600,New,NULL,18,12-01-2026 19:35
860,Warhi Gaba,31,2179083578,New,NULL,3,12-01-2026 19:35
861,Aishani Chowdhury,49,34370588,New,NULL,14,12-01-2026 19:35
862,Falak Badami,77,3409909138,New,NULL,1,12-01-2026 19:35
863,Daniel Vaidya,32,5439016708,New,NULL,13,12-01-2026 19:35
864,Onkar Nayak,24,694467033,New,NULL,18,12-01-2026 19:35
865,Darpan Om,40,6667200763,New,NULL,2,12-01-2026 19:35
866,Quincy Nigam,55,2809699869,New,NULL,13,12-01-2026 19:35
867,Aarini Agrawal,78,3540680305,New,NULL,18,12-01-2026 19:35
868,Gabriel Kannan,60,4871269136,New,NULL,19,12-01-2026 19:35
869,Edhitha Dugar,32,2858810629,New,NULL,15,12-01-2026 19:35
870,Ganga Arora,24,161674922,New,NULL,16,12-01-2026 19:35
871,Zilmil Nagarajan,65,2787941033,New,NULL,8,12-01-2026 19:35
872,Zinal Batta,79,7158443922,New,NULL,6,12-01-2026 19:35
873,Vidhi Pandey,35,8792700677,New,NULL,20,12-01-2026 19:35
874,Ranbir Kala,37,5159600610,New,NULL,4,12-01-2026 19:35
875,Idika Saxena,59,524183833,New,NULL,15,12-01-2026 19:35
876,Upkaar Bains,29,6531639975,New,NULL,7,12-01-2026 19:35
877,Pushti Raj,24,939051712,New,NULL,10,12-01-2026 19:35
878,Anvi Viswanathan,40,8113086462,New,NULL,7,12-01-2026 19:35
879,Ekani Pall,84,6007670412,New,NULL,18,12-01-2026 19:35
880,Sara Chana,38,9789719406,New,NULL,6,12-01-2026 19:35
881,Orinder Apte,19,4003225510,New,NULL,8,12-01-2026 19:35
882,Ladli Ramakrishnan,64,2155465223,New,NULL,20,12-01-2026 19:35
883,Kabir Vaidya,50,5866243643,New,NULL,11,12-01-2026 19:35
884,Harsh Patla,35,2378277741,New,NULL,15,12-01-2026 19:35
885,Orinder Virk,20,1252088866,New,NULL,20,12-01-2026 19:35
886,Ishita Dhar,85,2681957955,New,NULL,12,12-01-2026 19:35
887,Daksh Hora,36,9871764791,New,NULL,17,12-01-2026 19:35
888,Janani Mutti,52,3598473764,New,NULL,6,12-01-2026 19:35
889,Karan Pall,69,8641647373,New,NULL,19,12-01-2026 19:35
890,Ishanvi Wagle,36,153628037,Referral,259,7,12-01-2026 19:35
891,Ekani Dua,78,9046157415,New,NULL,17,12-01-2026 19:35
892,Azaan Kumer,62,3253873233,New,NULL,17,12-01-2026 19:35
893,Arya Mohan,47,8701360818,New,NULL,10,12-01-2026 19:35
894,Ekansh Rege,64,2145349736,New,NULL,17,12-01-2026 19:35
895,Hemangini Butala,21,5420913761,New,NULL,11,12-01-2026 19:35
896,Karan Kuruvilla,73,1557995539,New,NULL,20,12-01-2026 19:35
897,Tanvi Sood,52,8823474028,New,NULL,1,12-01-2026 19:35
898,Lakshit Goda,53,3418024686,New,NULL,18,12-01-2026 19:35
899,Chandani Bir,67,3589211784,Referral,685,19,12-01-2026 19:35
900,Jackson Patla,42,4788880357,New,NULL,9,12-01-2026 19:35
901,Arunima Pillay,18,7120670194,New,NULL,12,12-01-2026 19:35
902,Harrison Bava,27,6690563788,New,NULL,6,12-01-2026 19:35
903,Tarak Bose,69,9778009698,New,NULL,7,12-01-2026 19:35
904,Sara Nair,34,7656873576,New,NULL,20,12-01-2026 19:35
905,Aashi Rajagopal,52,6467549068,New,NULL,8,12-01-2026 19:35
906,Yashvi Bhat,22,9363402673,New,NULL,11,12-01-2026 19:35
907,David Sridhar,47,5516586680,New,NULL,2,12-01-2026 19:35
908,Faras Konda,69,3904338299,New,NULL,10,12-01-2026 19:35
909,Ucchal Murty,71,3468548627,New,NULL,6,12-01-2026 19:35
910,Caleb Bhatnagar,81,7851493249,New,NULL,10,12-01-2026 19:35
911,Kiaan Saxena,62,3729982314,New,NULL,15,12-01-2026 19:35
912,Ekiya Baral,82,9777152559,New,NULL,13,12-01-2026 19:35
913,Charvi Sinha,75,6185551287,New,NULL,8,12-01-2026 19:35
914,Indira Goda,42,5856118519,New,NULL,7,12-01-2026 19:35
915,Noah Nayak,68,4817724594,New,NULL,9,12-01-2026 19:35
916,Prisha Pant,45,2742749529,New,NULL,15,12-01-2026 19:35
917,Nisha Murthy,53,7966717193,New,NULL,4,12-01-2026 19:35
918,Dakshesh Deo,82,722150929,New,NULL,20,12-01-2026 19:35
919,Neha Trivedi,78,9622012768,New,NULL,14,12-01-2026 19:35
920,Saumya Bali,27,76724191,New,NULL,20,12-01-2026 19:35
921,Amaira Brahmbhatt,78,50392261,New,NULL,8,12-01-2026 19:35
922,Wriddhish Sunder,71,9355710935,Referral,426,14,12-01-2026 19:35
923,Jhalak Dugar,48,616039861,Referral,154,16,12-01-2026 19:35
924,Harshil Venkatesh,52,6977666568,New,NULL,8,12-01-2026 19:35
925,Fitan Comar,50,2862217785,New,NULL,2,12-01-2026 19:35
926,David Grewal,64,4127393512,New,NULL,5,12-01-2026 19:35
927,Nidra Sarna,38,8247258608,New,NULL,3,12-01-2026 19:35
928,Shivansh Bhagat,21,3500919039,New,NULL,16,12-01-2026 19:35
929,Yauvani Rajagopal,82,5589215653,New,NULL,5,12-01-2026 19:35
930,Aadhya Kala,64,9701451082,New,NULL,1,12-01-2026 19:35
931,Aarna Kala,50,3891987121,New,NULL,10,12-01-2026 19:35
932,Gaurav Khatri,19,2688586058,New,NULL,17,12-01-2026 19:35
933,Nitesh Baria,25,3245668280,Referral,753,7,12-01-2026 19:35
934,Hiral Agate,43,5801156759,New,NULL,12,12-01-2026 19:35
935,Yoshita Vyas,67,2842103585,New,NULL,6,12-01-2026 19:35
936,Mahika Vyas,23,1766668177,New,NULL,4,12-01-2026 19:35
937,Imaran Nagar,21,6047971649,New,NULL,1,12-01-2026 19:35
938,Bhavani Rao,37,5830805803,New,NULL,18,12-01-2026 19:35
939,Anamika Lala,68,6532182502,New,NULL,14,12-01-2026 19:35
940,Amaira Gala,39,6119726171,New,NULL,17,12-01-2026 19:35
941,Keya Dani,30,8239096378,New,NULL,6,12-01-2026 19:35
942,Zaitra Behl,57,2402799799,New,NULL,16,12-01-2026 19:35
943,Madhavi Andra,72,9198969235,New,NULL,11,12-01-2026 19:35
944,Ekantika Deshpande,27,20060016,New,NULL,15,12-01-2026 19:35
945,Triya Choudhry,22,486201063,New,NULL,14,12-01-2026 19:35
946,Robert Rana,20,2509964015,New,NULL,7,12-01-2026 19:35
947,Damyanti Prasad,19,9833622611,New,NULL,5,12-01-2026 19:35
948,Ayush Sahni,70,64635380,New,NULL,12,12-01-2026 19:35
949,Vasudha Bobal,27,6420644057,New,NULL,17,12-01-2026 19:35
950,Sneha Agate,40,2855184223,New,NULL,2,12-01-2026 19:35
951,Suhani Babu,30,4908470979,Referral,267,18,12-01-2026 19:35
952,Avi Chandran,50,8927257438,New,NULL,3,12-01-2026 19:35
953,Baljiwan Sur,79,116527592,New,NULL,11,12-01-2026 19:35
954,Benjamin Balan,21,357059569,New,NULL,14,12-01-2026 19:35
955,Nikita Amble,50,2250263045,New,NULL,5,12-01-2026 19:35
956,Amruta Nagy,48,1316689761,New,NULL,2,12-01-2026 19:35
957,Saanvi Golla,34,296638440,New,NULL,4,12-01-2026 19:35
958,Aayush Shah,73,9874385915,New,NULL,10,12-01-2026 19:35
959,Zilmil Kumer,67,7600129985,New,NULL,14,12-01-2026 19:35
960,Fariq Chauhan,72,3962071180,New,NULL,10,12-01-2026 19:35
961,Bhanumati Tak,69,6000369185,Referral,62,18,12-01-2026 19:35
962,Geetika Prasad,38,9259779870,Referral,406,15,12-01-2026 19:35
963,Edhitha Ramesh,21,3045169112,New,NULL,4,12-01-2026 19:35
964,Mahika Suresh,27,5237715397,New,NULL,11,12-01-2026 19:35
965,Sudiksha Gola,56,5755725624,New,NULL,16,12-01-2026 19:35
966,Manthan Shan,43,8793877551,Referral,180,20,12-01-2026 19:35
967,Watika Patla,81,7354499109,New,NULL,19,12-01-2026 19:35
968,Adya Rout,72,1340750403,New,NULL,13,12-01-2026 19:35
969,Meera Zacharia,31,5783323713,New,NULL,9,12-01-2026 19:35
970,Advay Bath,37,9877575790,New,NULL,2,12-01-2026 19:35
971,Qushi Rajagopal,23,4567343952,New,NULL,4,12-01-2026 19:35
972,Bhavani Pai,49,7613936663,New,NULL,13,12-01-2026 19:35
973,Manya Virk,41,4340874465,Referral,570,17,12-01-2026 19:35
974,Yutika Kota,38,3961003579,New,NULL,5,12-01-2026 19:35
975,Girindra Sem,19,482491755,New,NULL,11,12-01-2026 19:35
976,Yashasvi Luthra,76,3120245243,New,NULL,1,12-01-2026 19:35
977,Farhan Amble,39,6580244030,New,NULL,9,12-01-2026 19:35
978,Gautam Shroff,62,1139477854,New,NULL,3,12-01-2026 19:35
979,Siddharth Verma,55,2593014406,New,NULL,10,12-01-2026 19:35
980,Jason Bhavsar,82,3533441380,New,NULL,11,12-01-2026 19:35
981,Siddharth Kannan,48,8291060741,New,NULL,2,12-01-2026 19:35
982,Ayaan Mann,69,9018662089,New,NULL,9,12-01-2026 19:35
983,Warhi Bedi,38,3891739174,Referral,78,4,12-01-2026 19:35
984,Meera Sen,66,7606491140,New,NULL,3,12-01-2026 19:35
985,Chaman Atwal,32,4913181476,New,NULL,18,12-01-2026 19:35
986,Pallavi Kashyap,53,8103624437,New,NULL,7,12-01-2026 19:35
987,Chakradev Badami,44,9676204305,New,NULL,4,12-01-2026 19:35
988,Chakrika Das,18,8588823652,New,NULL,15,12-01-2026 19:35
989,Neelima Bhatt,40,3941815540,New,NULL,13,12-01-2026 19:35
990,Frederick Lal,69,3561025992,New,NULL,12,12-01-2026 19:35
991,Urishilla Brahmbhatt,26,8849023246,New,NULL,4,12-01-2026 19:35
992,Pratyush Hayre,29,172599545,New,NULL,7,12-01-2026 19:35
993,Ekansh Pandey,20,4111839215,Referral,187,7,12-01-2026 19:35
994,Anvi Nagi,75,8203034898,Referral,285,11,12-01-2026 19:35
995,Henry Dasgupta,46,8890721404,New,NULL,3,12-01-2026 19:35
996,Harsh Raval,81,8686178593,New,NULL,12,12-01-2026 19:35
997,Eta Dash,54,4998702760,Referral,98,6,12-01-2026 19:35
998,Akshay Choudhury,73,5923788122,New,NULL,15,12-01-2026 19:35
999,Anvi Jain,28,7435711254,New,NULL,3,12-01-2026 19:35
1000,Sai Borra,18,6087717856,New,NULL,15,12-01-2026 19:35
1001,Anjali Sani,25,817802012,New,NULL,4,12-01-2026 19:35
1002,Rayaan Ghose,76,3323700224,New,NULL,4,12-01-2026 19:35
1003,Qadim Sule,54,2422542787,New,NULL,11,12-01-2026 19:35
1004,Yasti Kunda,45,3271657383,New,NULL,3,12-01-2026 19:35
1005,Vasatika Chakrabarti,83,4215652529,New,NULL,5,12-01-2026 19:35
1006,Bhavika Sachar,51,5012812017,New,NULL,5,12-01-2026 19:35
1007,Rajata Ranganathan,28,7592563963,New,NULL,14,12-01-2026 19:35
1008,Rohan Vaidya,43,3242281598,New,NULL,2,12-01-2026 19:35
1009,Lavanya Nayar,38,8538723421,New,NULL,2,12-01-2026 19:35
1010,Frado Sood,70,8521828807,New,NULL,16,12-01-2026 19:35
1011,Ayush Narula,32,6976734424,New,NULL,15,12-01-2026 19:35
1012,Oviya Muni,82,4011779046,New,NULL,19,12-01-2026 19:35
1013,Ati Aurora,38,9142859184,New,NULL,20,12-01-2026 19:35
1014,Manan Parikh,45,882580363,New,NULL,20,12-01-2026 19:35
1015,Samarth Upadhyay,63,2521981198,New,NULL,7,12-01-2026 19:35
1016,Irya Andra,18,3399074555,New,NULL,5,12-01-2026 19:35
1017,Waida Uppal,33,9693417935,New,NULL,13,12-01-2026 19:35
1018,Ekaraj Chad,34,8692950532,New,NULL,4,12-01-2026 19:35
1019,Anjali Dora,30,1306163144,New,NULL,17,12-01-2026 19:35
1020,Manan Kadakia,25,5016051965,New,NULL,3,12-01-2026 19:35
1021,Nisha Kumar,42,2876284824,New,NULL,1,12-01-2026 19:35
1022,Wakeeta Ratti,22,774673293,New,NULL,20,12-01-2026 19:35
1023,Imaran Nath,28,5307008411,New,NULL,20,12-01-2026 19:35
1024,Anya Dutt,74,6815613050,New,NULL,20,12-01-2026 19:35
1025,Gaurangi Mukherjee,36,6905753745,Referral,789,8,12-01-2026 19:35
1026,Charita Buch,35,9979180669,Referral,591,12,12-01-2026 19:35
1027,Wahab Kulkarni,35,3413527238,New,NULL,6,12-01-2026 19:35
1028,Frado Sen,64,6447430664,New,NULL,4,12-01-2026 19:35
1029,Yauvani Agarwal,85,1466759380,New,NULL,17,12-01-2026 19:35
1030,Hardik Sarna,51,2649505762,New,NULL,3,12-01-2026 19:35
1031,Akshay Padmanabhan,38,4594494979,New,NULL,17,12-01-2026 19:35
1032,Elijah Mistry,72,9123554617,New,NULL,11,12-01-2026 19:35
1033,Atharv Muni,42,6086742276,New,NULL,13,12-01-2026 19:35
1034,Pooja Nair,37,8606679564,New,NULL,10,12-01-2026 19:35
1035,Damyanti Mahal,42,9836782818,New,NULL,20,12-01-2026 19:35
1036,Praneel Wason,56,424706761,Referral,892,2,12-01-2026 19:35
1037,Siya Tiwari,45,8468277430,New,NULL,9,12-01-2026 19:35
1038,Nimrat Nagi,53,4849922562,New,NULL,11,12-01-2026 19:35
1039,Sathvik Varghese,73,9389440470,New,NULL,8,12-01-2026 19:35
1040,Hardik Oza,48,7192082179,New,NULL,8,12-01-2026 19:35
1041,Adweta Atwal,40,9563096634,New,NULL,8,12-01-2026 19:35
1042,Anmol Memon,35,8124921587,Referral,824,9,12-01-2026 19:35
1043,Tamanna Raghavan,40,5890469913,New,NULL,13,12-01-2026 19:35
1044,Radhika Setty,21,4829723192,New,NULL,17,12-01-2026 19:35
1045,Yutika Zachariah,28,7430873047,New,NULL,4,12-01-2026 19:35
1046,Xalak Comar,23,9459072435,New,NULL,17,12-01-2026 19:35
1047,Falguni Misra,28,1395104870,New,NULL,5,12-01-2026 19:35
1048,Triya Palla,48,9357062768,New,NULL,14,12-01-2026 19:35
1049,David Bakshi,56,6905434728,New,NULL,17,12-01-2026 19:35
1050,Vedhika Keer,49,5688539387,New,NULL,12,12-01-2026 19:35
1051,Aishani Butala,37,203707381,New,NULL,15,12-01-2026 19:35
1052,Upkaar Kumar,61,7379629709,New,NULL,15,12-01-2026 19:35
1053,Saanvi Lalla,22,3896411646,Referral,1035,16,12-01-2026 19:35
1054,Raagini Batra,84,7224736012,New,NULL,13,12-01-2026 19:35
1055,Januja Sampath,41,7520735783,New,NULL,20,12-01-2026 19:35
1056,Jeremiah Singh,33,5891000514,New,NULL,7,12-01-2026 19:35
1057,Maanav Rastogi,57,6997678691,New,NULL,19,12-01-2026 19:35
1058,Zarna Maharaj,27,3206640423,New,NULL,17,12-01-2026 19:35
1059,Alka Hegde,58,2415927706,New,NULL,2,12-01-2026 19:35
1060,Sanaya Ram,47,9090623909,New,NULL,13,12-01-2026 19:35
1061,Nandini Jain,49,2264617275,New,NULL,16,12-01-2026 19:35
1062,Madhavi Kibe,83,8815445507,New,NULL,3,12-01-2026 19:35
1063,Priya Seth,26,3990041846,New,NULL,18,12-01-2026 19:35
1064,Hritik Chander,82,5118236388,New,NULL,1,12-01-2026 19:35
1065,Baljiwan Parekh,22,5602001488,New,NULL,19,12-01-2026 19:35
1066,Falan Kar,23,879952250,Referral,145,5,12-01-2026 19:35
1067,Tripti Goel,79,1711720109,New,NULL,7,12-01-2026 19:35
1068,Udant Kant,52,7758345664,New,NULL,15,12-01-2026 19:35
1069,Jagrati DÔÇÖAlia,82,597734424,New,NULL,2,12-01-2026 19:35
1070,Bhavna Chakrabarti,25,4727279788,New,NULL,14,12-01-2026 19:35
1071,Hardik Hans,42,7013869556,New,NULL,11,12-01-2026 19:35
1072,Kavya Nigam,23,8419858804,New,NULL,16,12-01-2026 19:35
1073,Ayaan Mitra,50,6181516297,Referral,35,1,12-01-2026 19:35
1074,Rohan Gour,82,4324551199,Referral,192,20,12-01-2026 19:35
1075,Isaiah Chauhan,45,7105752183,New,NULL,9,12-01-2026 19:35
1076,Chandran Oak,77,5941012126,New,NULL,17,12-01-2026 19:35
1077,Girish Dube,65,5457191078,New,NULL,1,12-01-2026 19:35
1078,Dev Mukherjee,63,296825358,New,NULL,19,12-01-2026 19:35
1079,Peter Prakash,22,3955719053,New,NULL,5,12-01-2026 19:35
1080,Yagnesh Sur,37,3732962488,New,NULL,20,12-01-2026 19:35
1081,Ekiya Dugar,34,6785000910,New,NULL,4,12-01-2026 19:35
1082,Fariq Basu,71,2024169252,Referral,776,17,12-01-2026 19:35
1083,Ekbal Dua,78,1794066862,New,NULL,5,12-01-2026 19:35
1084,Guneet Din,61,8113156280,New,NULL,17,12-01-2026 19:35
1085,Tejas Gola,37,813158642,New,NULL,6,12-01-2026 19:35
1086,Forum Subramanian,85,9190553434,New,NULL,5,12-01-2026 19:35
1087,Chakrika Chandra,75,9652401814,New,NULL,3,12-01-2026 19:35
1088,Aayush Karan,38,520151680,New,NULL,16,12-01-2026 19:35
1089,Charvi Saha,40,3671301980,New,NULL,5,12-01-2026 19:35
1090,Gayathri Pingle,38,8012566281,New,NULL,17,12-01-2026 19:35
1091,Vincent Kurian,56,4005994761,New,NULL,5,12-01-2026 19:35
1092,Brinda Pingle,49,6505200478,New,NULL,6,12-01-2026 19:35
1093,Ayushman Tata,56,5676046919,New,NULL,4,12-01-2026 19:35
1094,Harinakshi Sunder,84,1964426270,New,NULL,12,12-01-2026 19:35
1095,Hemani Sarkar,37,9992850273,New,NULL,15,12-01-2026 19:35
1096,Madhavi Guha,46,1884553860,New,NULL,16,12-01-2026 19:35
1097,Ronith Om,66,1107423328,New,NULL,10,12-01-2026 19:35
1098,Harita Sanghvi,40,3778214402,New,NULL,12,12-01-2026 19:35
1099,Jai Boase,70,6493204909,New,NULL,4,12-01-2026 19:35
1100,Chameli Kala,80,553510903,New,NULL,17,12-01-2026 19:35
1101,Nikita Sachar,69,2045020244,New,NULL,3,12-01-2026 19:35
1102,Girik Sidhu,36,8208016753,New,NULL,13,12-01-2026 19:35
1103,Krishna Krishnamurthy,83,2221907044,New,NULL,3,12-01-2026 19:35
1104,Zashil Raju,35,4259555923,New,NULL,13,12-01-2026 19:35
1105,Varsha Lalla,35,2052977582,New,NULL,16,12-01-2026 19:35
1106,Aradhana Chandran,27,9846769635,New,NULL,3,12-01-2026 19:35
1107,Rushil Master,38,941848953,New,NULL,3,12-01-2026 19:35
1108,Siddharth Dani,20,2577843597,New,NULL,3,12-01-2026 19:35
1109,Ishani Loke,82,9447178287,Referral,446,11,12-01-2026 19:35
1110,Jagvi Trivedi,56,4654578513,New,NULL,8,12-01-2026 19:35
1111,Krish Bail,60,183544535,New,NULL,8,12-01-2026 19:35
1112,Bhavani Bhatt,58,1584902869,New,NULL,16,12-01-2026 19:35
1113,Falan Borde,57,826141792,New,NULL,5,12-01-2026 19:35
1114,Sai Bath,79,7806282263,New,NULL,13,12-01-2026 19:35
1115,Gavin Baral,30,8624439339,New,NULL,16,12-01-2026 19:35
1116,Wriddhish Sunder,42,8820940336,New,NULL,20,12-01-2026 19:35
1117,Nakul Balan,48,485954136,New,NULL,18,12-01-2026 19:35
1118,Zayyan Prasad,19,4331245295,New,NULL,18,12-01-2026 19:35
1119,Liam Randhawa,81,1302051326,Referral,200,6,12-01-2026 19:35
1120,Zayyan Gala,58,4774140599,New,NULL,4,12-01-2026 19:35
1121,Fitan Bandi,35,9930094999,New,NULL,11,12-01-2026 19:35
1122,Onveer Mukhopadhyay,81,6860610708,New,NULL,12,12-01-2026 19:35
1123,Aashi Choudhary,81,3497621165,New,NULL,16,12-01-2026 19:35
1124,Chavvi Chana,62,1211493961,New,NULL,12,12-01-2026 19:35
1125,Zayyan Jhaveri,83,7451807907,New,NULL,7,12-01-2026 19:35
1126,Ansh Rau,25,116283014,New,NULL,9,12-01-2026 19:35
1127,Forum Ramachandran,38,3930367248,New,NULL,13,12-01-2026 19:35
1128,Utkarsh Dutt,53,4549526613,Referral,453,6,12-01-2026 19:35
1129,Jacob Chanda,62,3160890982,New,NULL,16,12-01-2026 19:35
1130,Charita Chatterjee,33,7220879214,New,NULL,7,12-01-2026 19:35
1131,Kavya Buch,69,7407652437,New,NULL,9,12-01-2026 19:35
1132,Ekbal Saraf,59,5003968254,New,NULL,14,12-01-2026 19:35
1133,Sai Bose,66,8713659971,New,NULL,12,12-01-2026 19:35
1134,Aarav Ravi,65,611394929,New,NULL,15,12-01-2026 19:35
1135,Yauvani Om,29,2981205591,New,NULL,14,12-01-2026 19:35
1136,Tamanna Babu,54,3040790573,New,NULL,3,12-01-2026 19:35
1137,Nandini Agarwal,39,3148890465,Referral,147,4,12-01-2026 19:35
1138,Karan Din,84,7301463582,New,NULL,1,12-01-2026 19:35
1139,Ridhi Sarma,58,1126792966,New,NULL,3,12-01-2026 19:35
1140,Naksh Ratti,57,6272627238,New,NULL,12,12-01-2026 19:35
1141,Yutika Patla,78,8653053520,Referral,1073,15,12-01-2026 19:35
1142,Dakshesh Mitra,26,6352628099,New,NULL,15,12-01-2026 19:35
1143,Ira Gulati,37,1770363188,New,NULL,1,12-01-2026 19:35
1144,Yoshita Sandhu,81,2491028352,New,NULL,15,12-01-2026 19:35
1145,Azaan Kohli,73,8496751973,New,NULL,6,12-01-2026 19:35
1146,Pooja Dash,44,4447207907,New,NULL,3,12-01-2026 19:35
1147,Nikita Lad,47,6222167181,New,NULL,14,12-01-2026 19:35
1148,Wazir Khosla,42,2695446063,New,NULL,14,12-01-2026 19:35
1149,Saanvi Pall,48,6260028407,New,NULL,12,12-01-2026 19:35
1150,Urvashi Patla,37,6245736140,New,NULL,3,12-01-2026 19:35
1151,Anya Mishra,33,436007922,New,NULL,10,12-01-2026 19:35
1152,Sai Chacko,61,454624202,Referral,133,11,12-01-2026 19:35
1153,Janya Banik,39,9196476394,Referral,130,8,12-01-2026 19:35
1154,Jonathan Desai,77,7134741363,New,NULL,2,12-01-2026 19:35
1155,Abeer Dugar,72,7846775400,New,NULL,15,12-01-2026 19:35
1156,Lakshmi Sama,44,5555903074,New,NULL,16,12-01-2026 19:35
1157,Robert Manda,66,5979844414,New,NULL,11,12-01-2026 19:35
1158,Oni Chakraborty,39,3835865395,New,NULL,3,12-01-2026 19:35
1159,Balveer Palan,62,1018534807,New,NULL,3,12-01-2026 19:35
1160,Ridhi Puri,62,9347194840,New,NULL,3,12-01-2026 19:35
1161,Chasmum Bal,52,803970282,New,NULL,12,12-01-2026 19:35
1162,Zarna Chandra,58,7411778947,Referral,750,2,12-01-2026 19:35
1163,Hemani Reddy,69,1620625439,Referral,810,14,12-01-2026 19:35
1164,Tanmayi Warrior,65,6617550574,New,NULL,20,12-01-2026 19:35
1165,Urishilla Chawla,24,2900776057,New,NULL,8,12-01-2026 19:35
1166,Quincy Bala,51,7314923403,New,NULL,6,12-01-2026 19:35
1167,Gunbir Bera,29,7223159794,New,NULL,14,12-01-2026 19:35
1168,Ryan Dyal,41,7343151962,New,NULL,7,12-01-2026 19:35
1169,Nihal Bal,34,7356312039,New,NULL,3,12-01-2026 19:35
1170,Advika Tella,65,4074741066,New,NULL,14,12-01-2026 19:35
1171,Kashish Gola,67,6249842590,New,NULL,9,12-01-2026 19:35
1172,Xiti Nayar,55,4683295122,Referral,749,6,12-01-2026 19:35
1173,Chakradev Mandal,33,6638584533,New,NULL,7,12-01-2026 19:35
1174,Harrison Warrior,84,7529983397,New,NULL,5,12-01-2026 19:35
1175,Maanas Deshmukh,37,5336485135,New,NULL,12,12-01-2026 19:35
1176,Ridhi Grover,72,9449229352,New,NULL,3,12-01-2026 19:35
1177,Oviya Andra,52,9822587767,New,NULL,1,12-01-2026 19:35
1178,Amrita Gupta,19,5044258083,New,NULL,4,12-01-2026 19:35
1179,Pranit Venkatesh,32,9623607090,New,NULL,4,12-01-2026 19:35
1180,Anika Biswas,74,2457928879,New,NULL,9,12-01-2026 19:35
1181,Ekani Ganguly,56,1307016700,New,NULL,20,12-01-2026 19:35
1182,Barkha Mand,67,9728946309,New,NULL,1,12-01-2026 19:35
1183,Sachi Borah,41,1763699509,New,NULL,16,12-01-2026 19:35
1184,Falan Purohit,40,7515534029,New,NULL,8,12-01-2026 19:35
1185,Veer Peri,82,7049966174,New,NULL,2,12-01-2026 19:35
1186,Elijah Sabharwal,63,7266997047,New,NULL,18,12-01-2026 19:35
1187,Luke Kumar,76,7915797827,New,NULL,11,12-01-2026 19:35
1188,Lakshit Vala,80,8885906163,New,NULL,2,12-01-2026 19:35
1189,Arjun Krish,77,1387757290,New,NULL,8,12-01-2026 19:35
1190,Jeevika Suresh,67,2370280530,New,NULL,16,12-01-2026 19:35
1191,Ojasvi Yogi,36,7095655319,New,NULL,17,12-01-2026 19:35
1192,Wriddhish Ratti,56,7432564008,New,NULL,3,12-01-2026 19:35
1193,Warjas DÔÇÖAlia,62,6237260761,Referral,571,7,12-01-2026 19:35
1194,Kritika Kale,48,6366576143,New,NULL,17,12-01-2026 19:35
1195,Urmi Sule,70,221898486,New,NULL,17,12-01-2026 19:35
1196,Henry Sehgal,60,1752846159,New,NULL,16,12-01-2026 19:35
1197,Yatin Sem,68,9053807604,New,NULL,16,12-01-2026 19:35
1198,Jagrati Kaul,23,7403625716,New,NULL,17,12-01-2026 19:35
1199,Panini Misra,27,8348563735,New,NULL,18,12-01-2026 19:35
1200,Balveer Bali,22,6931895144,New,NULL,18,12-01-2026 19:35
1201,Wridesh Venkatesh,67,8960237532,New,NULL,4,12-01-2026 19:35
1202,Dalaja Bajwa,36,8626435283,New,NULL,12,12-01-2026 19:35
1203,Abdul Dugar,70,5196945010,New,NULL,2,12-01-2026 19:35
1204,Vritti Kade,20,471366025,New,NULL,16,12-01-2026 19:35
1205,Pratyush Mital,78,1192760022,New,NULL,4,12-01-2026 19:35
1206,Ikshita Biswas,33,8066706746,New,NULL,1,12-01-2026 19:35
1207,Amol Viswanathan,62,9973540847,New,NULL,6,12-01-2026 19:35
1208,Rishi Gara,47,8034748245,New,NULL,8,12-01-2026 19:35
1209,Hitesh Viswanathan,74,7991203387,New,NULL,12,12-01-2026 19:35
1210,Kai Behl,35,1920135262,New,NULL,11,12-01-2026 19:35
1211,Azaan Agarwal,18,3284446421,New,NULL,14,12-01-2026 19:35
1212,Ati Bava,81,2621662139,New,NULL,19,12-01-2026 19:35
1213,Ojas Mitra,39,7639887451,New,NULL,16,12-01-2026 19:35
1214,Zansi Mammen,48,9374870535,New,NULL,2,12-01-2026 19:35
1215,Laksh Mital,58,1881461551,Referral,340,6,12-01-2026 19:35
1216,Ganga Kalla,64,7641719643,New,NULL,9,12-01-2026 19:35
1217,Chaman Menon,62,3811421329,New,NULL,1,12-01-2026 19:35
1218,Indira Dass,32,7198633308,New,NULL,3,12-01-2026 19:35
1219,Eshana Chander,47,9858001204,New,NULL,12,12-01-2026 19:35
1220,Neha Mahajan,68,7526901130,New,NULL,6,12-01-2026 19:35
1221,Vaishnavi Kibe,20,3222780290,New,NULL,16,12-01-2026 19:35
1222,Vrishti Viswanathan,56,4639756386,New,NULL,17,12-01-2026 19:35
1223,Samar Sankar,26,3141387649,New,NULL,9,12-01-2026 19:35
1224,Jhalak Kata,73,4565154572,New,NULL,17,12-01-2026 19:35
1225,Warda Nazareth,18,5195514121,New,NULL,20,12-01-2026 19:35
1226,Oscar Ganesan,34,3405686955,New,NULL,13,12-01-2026 19:35
1227,Ekani Bahri,20,7317622678,New,NULL,19,12-01-2026 19:35
1228,Samar Balay,77,4256171279,New,NULL,11,12-01-2026 19:35
1229,Lopa Doshi,80,3286380228,New,NULL,9,12-01-2026 19:35
1230,Ekiya Mahal,51,6491339649,New,NULL,12,12-01-2026 19:35
1231,Madhavi Sundaram,37,1289028155,New,NULL,9,12-01-2026 19:35
1232,Meera Borde,61,714158427,New,NULL,14,12-01-2026 19:35
1233,Fiyaz Chaudry,38,8750773802,New,NULL,1,12-01-2026 19:35
1234,Harinakshi Manda,29,2175496946,New,NULL,13,12-01-2026 19:35
1235,Hemangini Amble,58,9257848130,New,NULL,16,12-01-2026 19:35
1236,Abha Vaidya,56,5315282348,Referral,759,6,12-01-2026 19:35
1237,Chandran Magar,68,2030964277,New,NULL,2,12-01-2026 19:35
1238,Sudiksha Bir,59,2655106054,New,NULL,16,12-01-2026 19:35
1239,Naksh Ram,45,3848186922,New,NULL,13,12-01-2026 19:35
1240,Anusha Bora,57,5411323374,New,NULL,15,12-01-2026 19:35
1241,Ati Doshi,50,2365445396,Referral,681,11,12-01-2026 19:35
1242,Barkha Pingle,59,3621226947,New,NULL,8,12-01-2026 19:35
1243,Idika Bahl,64,5007282361,New,NULL,9,12-01-2026 19:35
1244,Lohit Edwin,80,4258523494,Referral,998,5,12-01-2026 19:35
1245,Megha Choudhury,44,8659325044,New,NULL,16,12-01-2026 19:35
1246,Hema Srivastava,83,2972853226,New,NULL,16,12-01-2026 19:35
1247,Panini Bobal,49,2610323730,Referral,45,15,12-01-2026 19:35
1248,Zehaan Prabhu,20,9766146678,New,NULL,3,12-01-2026 19:35
1249,Vasudha Manne,45,2528215225,New,NULL,12,12-01-2026 19:35
1250,Varsha Kannan,84,9578999652,New,NULL,8,12-01-2026 19:35
1251,Xavier Modi,76,7228256641,New,NULL,15,12-01-2026 19:35
1252,Pavani Devi,27,2829547189,New,NULL,4,12-01-2026 19:35
1253,Yashasvi Puri,64,4961373135,New,NULL,6,12-01-2026 19:35
1254,Hredhaan Shenoy,39,5813959985,New,NULL,16,12-01-2026 19:35
1255,Avni Bedi,66,3494646412,Referral,985,14,12-01-2026 19:35
1256,Daksh Singh,61,1887926557,New,NULL,12,12-01-2026 19:35
1257,Chameli Tank,25,8736582670,New,NULL,12,12-01-2026 19:35
1258,Xalak Sagar,65,5399190493,New,NULL,15,12-01-2026 19:35
1259,Hemani Gill,35,9711261993,New,NULL,3,12-01-2026 19:35
1260,Omya Mander,45,3868610591,New,NULL,17,12-01-2026 19:35
1261,Gayathri Mitra,56,4989038099,New,NULL,11,12-01-2026 19:35
1262,Niharika Bora,71,3248177258,New,NULL,3,12-01-2026 19:35
1263,Ayush Bhatnagar,60,1360567281,New,NULL,15,12-01-2026 19:35
1264,Anmol Bassi,34,1667184681,New,NULL,11,12-01-2026 19:35
1265,Isaiah Murthy,79,8605392441,New,NULL,17,12-01-2026 19:35
1266,Lakshit Bhatt,28,9614020766,New,NULL,15,12-01-2026 19:35
1267,Jagrati Kumar,76,6100975930,New,NULL,9,12-01-2026 19:35
1268,Jeevika Nadkarni,28,2967687232,Referral,604,1,12-01-2026 19:35
1269,Watika Bala,83,6769493868,New,NULL,17,12-01-2026 19:35
1270,Xiti Reddy,73,607207747,New,NULL,11,12-01-2026 19:35
1271,Ekantika Sehgal,26,5749034455,New,NULL,5,12-01-2026 19:35
1272,Sara Varkey,66,2779966068,New,NULL,17,12-01-2026 19:35
1273,Shivani Ramaswamy,45,8696474569,New,NULL,12,12-01-2026 19:35
1274,Matthew Sawhney,47,3285797643,New,NULL,3,12-01-2026 19:35
1275,Hiral Char,60,9815028235,New,NULL,20,12-01-2026 19:35
1276,Priya Gade,38,8215265089,New,NULL,20,12-01-2026 19:35
1277,Ikshita Khare,35,7217135131,New,NULL,10,12-01-2026 19:35
1278,Abhiram Dhar,51,8740929258,New,NULL,6,12-01-2026 19:35
1279,Yutika Nagi,51,6139837991,New,NULL,10,12-01-2026 19:35
1280,Aishani Nadig,48,1231189141,New,NULL,6,12-01-2026 19:35
1281,Kashish Bail,83,5965183793,New,NULL,18,12-01-2026 19:35
1282,Oliver Narayanan,63,9655530114,Referral,797,12,12-01-2026 19:35
1283,Harita Dash,55,2291784435,New,NULL,20,12-01-2026 19:35
1284,Inaya Kunda,85,4760282047,Referral,1091,8,12-01-2026 19:35
1285,Ayushman Kunda,44,2704979151,New,NULL,8,12-01-2026 19:35
1286,Dalbir Mann,19,7073998230,New,NULL,13,12-01-2026 19:35
1287,Urvashi Bassi,27,6947250340,New,NULL,12,12-01-2026 19:35
1288,Aditya Taneja,83,4958152590,New,NULL,17,12-01-2026 19:35
1289,Xavier Basak,62,5637807782,New,NULL,9,12-01-2026 19:35
1290,Chandresh Virk,22,8780163120,New,NULL,6,12-01-2026 19:35
1291,Lekha Thakur,84,8647150735,New,NULL,18,12-01-2026 19:35
1292,Aarav Garg,24,7376398600,New,NULL,15,12-01-2026 19:35
1293,Yamini Madan,63,3975569833,New,NULL,19,12-01-2026 19:35
1294,Xavier Lala,73,5556637779,New,NULL,8,12-01-2026 19:35
1295,Girish Sant,71,7767669238,New,NULL,10,12-01-2026 19:35
1296,Dev Chada,63,951743000,New,NULL,20,12-01-2026 19:35
1297,Vanya Ghosh,22,347852118,New,NULL,7,12-01-2026 19:35
1298,Yasti Tak,29,467655916,New,NULL,14,12-01-2026 19:35
1299,Rudra Jaggi,65,129373015,New,NULL,14,12-01-2026 19:35
1300,Jeet Samra,48,1957740988,New,NULL,8,12-01-2026 19:35
1301,Jatin Biswas,75,9285099195,New,NULL,15,12-01-2026 19:35
1302,Nidra Doshi,31,6023081127,New,NULL,13,12-01-2026 19:35
1303,Gagan Mukhopadhyay,37,1505680038,New,NULL,10,12-01-2026 19:35
1304,Isaac Munshi,25,5257107172,New,NULL,18,12-01-2026 19:35
1305,Ojas Kanda,32,4809791422,New,NULL,19,12-01-2026 19:35
1306,Chanakya Datta,53,4966617727,New,NULL,11,12-01-2026 19:35
1307,Ekapad Goyal,72,4603620202,New,NULL,19,12-01-2026 19:35
1308,Sathvik Jain,78,796246376,Referral,286,15,12-01-2026 19:35
1309,Naksh Malhotra,68,2395767609,New,NULL,14,12-01-2026 19:35
1310,Hemangini Parikh,67,5996262246,New,NULL,8,12-01-2026 19:35
1311,Radhika Varughese,57,5158426166,New,NULL,14,12-01-2026 19:35
1312,Nakul Wadhwa,59,7078916150,New,NULL,13,12-01-2026 19:35
1313,Gayathri Hora,26,9758542458,New,NULL,16,12-01-2026 19:35
1314,Onkar Nadkarni,66,639996051,New,NULL,8,12-01-2026 19:35
1315,Divya Naidu,32,2055834235,New,NULL,14,12-01-2026 19:35
1316,Kevin Aggarwal,50,409640696,New,NULL,2,12-01-2026 19:35
1317,Warhi Kala,77,6813318030,New,NULL,8,12-01-2026 19:35
1318,Leena Khare,47,4506693257,New,NULL,14,12-01-2026 19:35
1319,Shravya Bhatnagar,54,149499662,New,NULL,13,12-01-2026 19:35
1320,Eesha Rai,72,8223410158,New,NULL,15,12-01-2026 19:35
1321,Zehaan Rai,44,1978989058,New,NULL,3,12-01-2026 19:35
1322,Ishanvi Guha,46,1619017324,New,NULL,17,12-01-2026 19:35
1323,Ishwar Magar,63,9210279168,New,NULL,17,12-01-2026 19:35
1324,Qadim Sagar,35,9739462179,New,NULL,4,12-01-2026 19:35
1325,Wriddhish Dhaliwal,79,2715824379,New,NULL,19,12-01-2026 19:35
1326,Amrita Kibe,48,3355054620,New,NULL,12,12-01-2026 19:35
1327,Daksh Sachdeva,84,2391487700,New,NULL,1,12-01-2026 19:35
1328,Arin Ahuja,29,2275041689,New,NULL,8,12-01-2026 19:35
1329,Mitesh Garg,20,1535548720,New,NULL,15,12-01-2026 19:35
1330,Victor Hans,81,6419183016,New,NULL,14,12-01-2026 19:35
1331,Nikita Malhotra,46,3117134832,New,NULL,11,12-01-2026 19:35
1332,Vamakshi Balay,66,8263060474,New,NULL,14,12-01-2026 19:35
1333,Manya Ganesan,76,4934173921,New,NULL,16,12-01-2026 19:35
1334,Ojas Oommen,73,1774559511,New,NULL,7,12-01-2026 19:35
1335,Dhriti Gaba,30,8337993080,Referral,102,19,12-01-2026 19:35
1336,Unnati Zacharia,67,4714072177,New,NULL,10,12-01-2026 19:35
1337,Zinal Pal,28,5193381753,New,NULL,10,12-01-2026 19:35
1338,Yashodhara Luthra,21,2312995467,New,NULL,11,12-01-2026 19:35
1339,Damini Gandhi,25,6450627082,New,NULL,3,12-01-2026 19:35
1340,Dalbir Comar,53,1381575998,New,NULL,8,12-01-2026 19:35
1341,Sneha Seshadri,56,2826856488,New,NULL,19,12-01-2026 19:35
1342,Ekbal Bir,68,1291491750,New,NULL,11,12-01-2026 19:35
1343,Charles Borra,19,9586742267,New,NULL,6,12-01-2026 19:35
1344,Isha Gupta,66,3718498413,Referral,1285,16,12-01-2026 19:35
1345,Kalpit Modi,53,5548107572,New,NULL,17,12-01-2026 19:35
1346,Timothy Mammen,34,6171658033,Referral,1008,19,12-01-2026 19:35
1347,Rudra Mand,55,9572305231,New,NULL,2,12-01-2026 19:35
1348,Ati Ratta,51,9881103085,New,NULL,1,12-01-2026 19:35
1349,Indrajit Gopal,30,7262794298,New,NULL,9,12-01-2026 19:35
1350,Akshay Rau,79,2172190882,Referral,801,10,12-01-2026 19:35
1351,Gautam Keer,55,4528812878,New,NULL,16,12-01-2026 19:35
1352,Raagini Handa,66,3541044065,New,NULL,16,12-01-2026 19:35
1353,Chameli Parmar,38,3673485931,New,NULL,3,12-01-2026 19:35
1354,Aadhya Bhatnagar,75,4812481985,New,NULL,9,12-01-2026 19:35
1355,Onveer Seshadri,39,659742677,New,NULL,2,12-01-2026 19:35
1356,Devansh Chana,33,3054519016,New,NULL,18,12-01-2026 19:35
1357,Chakradev Khatri,29,728580809,New,NULL,8,12-01-2026 19:35
1358,Atharv Shukla,40,7381414343,New,NULL,9,12-01-2026 19:35
1359,Netra Bhavsar,24,7666824896,New,NULL,17,12-01-2026 19:35
1360,Omaja Mishra,23,4225823617,New,NULL,9,12-01-2026 19:35
1361,Shravya Bhargava,41,4533875659,New,NULL,2,12-01-2026 19:35
1362,Luke Barman,46,2143772958,New,NULL,10,12-01-2026 19:35
1363,Ojasvi Bhattacharyya,59,5515590771,New,NULL,17,12-01-2026 19:35
1364,Tanish Kalita,37,4900159429,New,NULL,19,12-01-2026 19:35
1365,Turvi Kulkarni,21,5986209792,New,NULL,1,12-01-2026 19:35
1366,Liam Sura,24,8223238195,New,NULL,6,12-01-2026 19:35
1367,Ojasvi Kulkarni,78,5958506053,New,NULL,19,12-01-2026 19:35
1368,Netra Aurora,63,3315569775,New,NULL,17,12-01-2026 19:35
1369,Aishani Sarraf,50,5390667588,New,NULL,15,12-01-2026 19:35
1370,Jacob Sankaran,45,53409141,New,NULL,20,12-01-2026 19:35
1371,Gaurangi Gera,78,2687384604,New,NULL,17,12-01-2026 19:35
1372,Lekha Sawhney,40,1587666238,New,NULL,16,12-01-2026 19:35
1373,Nidhi Chahal,67,7376385472,Referral,981,5,12-01-2026 19:35
1374,Meghana Srinivas,45,3223573946,New,NULL,8,12-01-2026 19:35
1375,Fiyaz Toor,60,3924804295,New,NULL,19,12-01-2026 19:35
1376,Tanveer Tata,62,1586643313,New,NULL,18,12-01-2026 19:35
1377,Panini Nath,42,4901562340,New,NULL,19,12-01-2026 19:35
1378,Vedika Bhavsar,78,4697139604,New,NULL,9,12-01-2026 19:35
1379,Banjeet Manne,79,5768033458,New,NULL,16,12-01-2026 19:35
1380,Oscar Yadav,21,8343394486,New,NULL,18,12-01-2026 19:35
1381,Theodore Wable,53,8943842553,New,NULL,6,12-01-2026 19:35
1382,Vanya Arya,57,2276352709,Referral,289,9,12-01-2026 19:35
1383,Nandini Chandra,65,4944565250,New,NULL,5,12-01-2026 19:35
1384,Chanchal Narang,46,7872280349,New,NULL,7,12-01-2026 19:35
1385,Jason Bedi,18,6502049826,New,NULL,18,12-01-2026 19:35
1386,Dhriti Tata,51,2594312001,New,NULL,10,12-01-2026 19:35
1387,Vansha Natt,71,7078910373,New,NULL,4,12-01-2026 19:35
1388,Liam Kanda,39,1568575618,New,NULL,12,12-01-2026 19:35
1389,Anya Narula,84,1558218662,New,NULL,18,12-01-2026 19:35
1390,Triveni Brar,81,8963832365,New,NULL,13,12-01-2026 19:35
1391,Faris Yadav,26,1919051460,New,NULL,14,12-01-2026 19:35
1392,Widisha Vyas,28,8030275623,Referral,1013,3,12-01-2026 19:35
1393,Jacob Basak,31,3834472461,New,NULL,9,12-01-2026 19:35
1394,Caleb Gara,22,3604600210,New,NULL,7,12-01-2026 19:35
1395,Patrick Wason,81,3737210641,New,NULL,15,12-01-2026 19:35
1396,Jeevika Barad,40,8889968040,New,NULL,19,12-01-2026 19:35
1397,Edhitha Date,58,7459220114,New,NULL,2,12-01-2026 19:35
1398,Vasudha Karan,82,6569628548,New,NULL,10,12-01-2026 19:35
1399,Jyoti Ramanathan,43,8110860922,New,NULL,12,12-01-2026 19:35
1400,Nidhi Khurana,23,2387824945,New,NULL,16,12-01-2026 19:35
1401,Mohammed Bora,52,3254166,New,NULL,16,12-01-2026 19:35
1402,Ria Mander,57,8706675620,New,NULL,8,12-01-2026 19:35
1403,Irya Goyal,75,8406847483,New,NULL,17,12-01-2026 19:35
1404,Oeshi Hari,36,7874946780,New,NULL,1,12-01-2026 19:35
1405,Aarush Cherian,85,5628500638,New,NULL,16,12-01-2026 19:35
1406,Advaith Pal,44,5494537451,New,NULL,15,12-01-2026 19:35
1407,Anusha Patel,48,3577996125,New,NULL,4,12-01-2026 19:35
1408,Madhav Sani,65,9254530256,New,NULL,7,12-01-2026 19:35
1409,Gabriel Sem,67,8714302543,New,NULL,20,12-01-2026 19:35
1410,Zilmil Sami,27,599419927,New,NULL,8,12-01-2026 19:35
1411,Lila Bobal,84,7432300502,New,NULL,15,12-01-2026 19:35
1412,Krishna Tak,34,2359676717,New,NULL,14,12-01-2026 19:35
1413,Vedika Bumb,22,2552698173,New,NULL,10,12-01-2026 19:35
1414,Avi Grewal,82,8815157082,New,NULL,8,12-01-2026 19:35
1415,Yatan Balasubramanian,59,3350537598,New,NULL,5,12-01-2026 19:35
1416,Aarush Sarraf,22,1801708329,New,NULL,8,12-01-2026 19:35
1417,Chakradev Borra,74,2334816931,New,NULL,18,12-01-2026 19:35
1418,Benjamin Ravi,48,5909160470,New,NULL,7,12-01-2026 19:35
1419,Dalbir Sur,29,826933499,New,NULL,9,12-01-2026 19:35
1420,Riya Reddy,52,1061729800,New,NULL,9,12-01-2026 19:35
1421,Azad Sastry,75,1562379543,New,NULL,9,12-01-2026 19:35
1422,Mekhala Magar,58,5948834302,New,NULL,6,12-01-2026 19:35
1423,Akshay Sandal,23,216519811,New,NULL,15,12-01-2026 19:35
1424,Laban Hayre,23,9100951710,New,NULL,20,12-01-2026 19:35
1425,Ishani Sodhi,62,5280506985,New,NULL,4,12-01-2026 19:35
1426,Xalak Kapoor,84,466935406,New,NULL,5,12-01-2026 19:35
1427,Omkaar Dayal,72,5996126395,New,NULL,19,12-01-2026 19:35
1428,Bhavya Gara,51,2460526131,New,NULL,17,12-01-2026 19:35
1429,Pahal Raja,29,995542564,New,NULL,13,12-01-2026 19:35
1430,Darsh Raghavan,73,9057612259,New,NULL,19,12-01-2026 19:35
1431,Christopher Koshy,50,9782441984,New,NULL,19,12-01-2026 19:35
1432,Dhriti Bava,79,7730883631,New,NULL,2,12-01-2026 19:35
1433,Pallavi Bhatia,40,8903532995,New,NULL,17,12-01-2026 19:35
1434,Bhavini Handa,31,7835102431,Referral,246,5,12-01-2026 19:35
1435,Ojasvi Mani,30,2657036501,New,NULL,13,12-01-2026 19:35
1436,Jagat Bera,63,7602653729,New,NULL,9,12-01-2026 19:35
1437,Yuvraj Shankar,43,693523157,Referral,1095,18,12-01-2026 19:35
1438,Anirudh Kari,41,7434816397,New,NULL,16,12-01-2026 19:35
1439,Tanay Khurana,67,4355654619,New,NULL,18,12-01-2026 19:35
1440,Teerth Dua,42,7676343917,New,NULL,5,12-01-2026 19:35
1441,Bimala Murthy,39,8552306196,New,NULL,9,12-01-2026 19:35
1442,Wahab Bhatti,40,7888441349,New,NULL,19,12-01-2026 19:35
1443,Arya Mane,37,9278007241,Referral,1372,7,12-01-2026 19:35
1444,Garima Hari,52,8306444085,New,NULL,7,12-01-2026 19:35
1445,Dhriti Ghosh,43,6896568615,New,NULL,14,12-01-2026 19:35
1446,Manthan Patla,39,5847293921,New,NULL,14,12-01-2026 19:35
1447,Isaiah Doshi,56,4612948664,New,NULL,6,12-01-2026 19:35
1448,Jackson Lad,71,9793958058,New,NULL,2,12-01-2026 19:35
1449,Prisha Parmar,75,5044799132,New,NULL,20,12-01-2026 19:35
1450,Sachi Lad,21,7508716378,New,NULL,3,12-01-2026 19:35
1451,Madhav Batta,79,6302183054,New,NULL,5,12-01-2026 19:35
1452,Jason Chakraborty,59,5369187334,New,NULL,10,12-01-2026 19:35
1453,Tanvi Narayanan,77,2277447504,New,NULL,15,12-01-2026 19:35
1454,Devika Chowdhury,80,8893202340,Referral,172,9,12-01-2026 19:35
1455,Aachal Shere,83,4921026198,New,NULL,15,12-01-2026 19:35
1456,Oscar Gola,74,6752326238,New,NULL,18,12-01-2026 19:35
1457,Indali Sastry,85,992160357,New,NULL,15,12-01-2026 19:35
1458,Teerth Chawla,84,8612310235,New,NULL,1,12-01-2026 19:35
1459,Chakrika Rout,43,7482662359,New,NULL,9,12-01-2026 19:35
1460,Jagrati Srinivas,28,2903114405,New,NULL,17,12-01-2026 19:35
1461,Anirudh Ramesh,23,219840266,New,NULL,1,12-01-2026 19:35
1462,Abhimanyu Mand,25,7180914104,New,NULL,12,12-01-2026 19:35
1463,Isha Raj,18,6070642384,New,NULL,16,12-01-2026 19:35
1464,Neha Tata,28,3996914720,New,NULL,4,12-01-2026 19:35
1465,Maya Sanghvi,83,8573794702,New,NULL,6,12-01-2026 19:35
1466,Jackson Garde,20,5794028658,New,NULL,13,12-01-2026 19:35
1467,Bina Muni,24,9302572790,New,NULL,4,12-01-2026 19:35
1468,Rudra Pandey,50,9100967938,New,NULL,17,12-01-2026 19:35
1469,Ekalinga Misra,30,1748409190,New,NULL,9,12-01-2026 19:35
1470,Gautam Naik,40,8009391184,New,NULL,8,12-01-2026 19:35
1471,Ishaan Singh,57,6740299890,New,NULL,11,12-01-2026 19:35
1472,Ekavir Sama,34,2188096353,New,NULL,16,12-01-2026 19:35
1473,Varsha Bath,40,2588761479,Referral,983,2,12-01-2026 19:35
1474,Imaran Dugal,74,2931514490,New,NULL,16,12-01-2026 19:35
1475,Tanveer Apte,78,2786480469,New,NULL,20,12-01-2026 19:35
1476,Bhavini Pau,40,5118240593,New,NULL,13,12-01-2026 19:35
1477,Nachiket Bhargava,66,7303749793,New,NULL,1,12-01-2026 19:35
1478,Jagat Dhawan,19,2957556360,New,NULL,17,12-01-2026 19:35
1479,Chakradhar Chad,76,4504843017,New,NULL,6,12-01-2026 19:35
1480,Amara Gandhi,25,5629001899,New,NULL,1,12-01-2026 19:35
1481,Nidra Muni,30,5744859662,Referral,740,11,12-01-2026 19:35
1482,Tanvi Chahal,54,7548971207,New,NULL,5,12-01-2026 19:35
1483,Unnati Narang,45,1486722175,New,NULL,6,12-01-2026 19:35
1484,Caleb Johal,64,46206489,New,NULL,5,12-01-2026 19:35
1485,Yatan Babu,76,3467078792,New,NULL,20,12-01-2026 19:35
1486,Shivani Andra,23,5856890648,New,NULL,12,12-01-2026 19:35
1487,Garima Koshy,32,4289662651,New,NULL,19,12-01-2026 19:35
1488,Guneet Panchal,21,2622307333,New,NULL,9,12-01-2026 19:35
1489,Triveni Srinivasan,22,3644376265,New,NULL,3,12-01-2026 19:35
1490,Watika Bobal,57,5884118672,New,NULL,16,12-01-2026 19:35
1491,Lekha Ganguly,28,9599787721,New,NULL,1,12-01-2026 19:35
1492,Siya Madan,22,1248520427,New,NULL,1,12-01-2026 19:35
1493,Upma Misra,41,8211196004,New,NULL,14,12-01-2026 19:35
1494,Harish Guha,78,799577663,New,NULL,3,12-01-2026 19:35
1495,Wridesh Pai,20,1806614816,New,NULL,20,12-01-2026 19:35
1496,Balhaar Chopra,26,6779970243,New,NULL,12,12-01-2026 19:35
1497,Anjali Raman,49,9419829185,New,NULL,8,12-01-2026 19:35
1498,Ishaan Chawla,35,8509400990,New,NULL,14,12-01-2026 19:35
1499,William Rajan,70,8503275056,New,NULL,16,12-01-2026 19:35
1500,Aachal Kunda,80,3655819528,New,NULL,3,12-01-2026 19:35
1501,Daksh Goel,79,1526415953,New,NULL,4,12-01-2026 19:35
1502,Lakshit Palla,64,1364614447,New,NULL,11,12-01-2026 19:35
1503,Janya Yadav,32,4683242270,New,NULL,13,12-01-2026 19:35
1504,Wahab Shetty,63,288935257,Referral,769,2,12-01-2026 19:35
1505,Ekanta Chandran,66,4920781382,New,NULL,8,12-01-2026 19:35
1506,Shivani Jain,70,2765407137,New,NULL,5,12-01-2026 19:35
1507,Ishita Rama,76,7181349320,Referral,1260,2,12-01-2026 19:35
1508,Praneel Modi,29,1740882071,New,NULL,18,12-01-2026 19:35
1509,Shivani Sood,50,7256469748,New,NULL,17,12-01-2026 19:35
1510,Netra Lanka,25,3246843257,New,NULL,15,12-01-2026 19:35
1511,Krishna Issac,20,6775358727,New,NULL,8,12-01-2026 19:35
1512,Triya Subramaniam,67,6095348445,New,NULL,9,12-01-2026 19:35
1513,Oni Suresh,64,9439206074,New,NULL,3,12-01-2026 19:35
1514,Laksh Raja,67,9474624040,Referral,1253,12,12-01-2026 19:35
1515,Keya Kashyap,50,9136992057,New,NULL,13,12-01-2026 19:35
1516,Upasna Atwal,77,5030265363,New,NULL,11,12-01-2026 19:35
1517,Vrishti Halder,74,3546149406,New,NULL,15,12-01-2026 19:35
1518,Zarna Deo,27,1527973524,New,NULL,13,12-01-2026 19:35
1519,Zayyan Toor,69,1336980068,New,NULL,19,12-01-2026 19:35
1520,Caleb Arora,39,6335832142,New,NULL,14,12-01-2026 19:35
1521,Zarna Dhar,55,4773368171,Referral,1089,2,12-01-2026 19:35
1522,Faraj Lad,58,2523182896,New,NULL,8,12-01-2026 19:35
1523,Wridesh Khanna,41,8955393563,New,NULL,17,12-01-2026 19:35
1524,Aashi Narang,60,7817199051,New,NULL,11,12-01-2026 19:35
1525,Devika Kadakia,79,9781875137,New,NULL,18,12-01-2026 19:35
1526,Nisha Saha,37,4911966686,New,NULL,4,12-01-2026 19:35
1527,Leela Mani,72,9594134690,New,NULL,5,12-01-2026 19:35
1528,Dayita Iyer,60,2581671664,New,NULL,16,12-01-2026 19:35
1529,Mohammed Dass,39,8025271349,Referral,1197,5,12-01-2026 19:35
1530,Tarak Kanda,20,7386914926,New,NULL,19,12-01-2026 19:35
1531,Utkarsh Ahluwalia,63,7495372586,New,NULL,3,12-01-2026 19:35
1532,Akshay Shanker,72,6047570873,New,NULL,8,12-01-2026 19:35
1533,Edhitha Tata,29,6129165888,New,NULL,12,12-01-2026 19:35
1534,Saumya Raval,76,1899080839,New,NULL,19,12-01-2026 19:35
1535,Amara Chopra,85,3624766775,Referral,457,13,12-01-2026 19:35
1536,Gaurika Pau,64,8256921694,New,NULL,13,12-01-2026 19:35
1537,Kashish Sur,81,9599388167,New,NULL,9,12-01-2026 19:35
1538,Jonathan Rai,62,6352191472,New,NULL,2,12-01-2026 19:35
1539,Nilima Pal,20,7553073148,New,NULL,12,12-01-2026 19:35
1540,Guneet Dua,50,9031223744,Referral,4,20,12-01-2026 19:35
1541,Januja Shroff,37,8629607237,New,NULL,5,12-01-2026 19:35
1542,Ikshita Nagi,33,2975568473,New,NULL,15,12-01-2026 19:35
1543,Hitesh Vohra,60,5722989049,New,NULL,10,12-01-2026 19:35
1544,Aarav Thakkar,71,2847772724,New,NULL,14,12-01-2026 19:35
1545,Yauvani Gandhi,22,284566584,New,NULL,19,12-01-2026 19:35
1546,Wriddhish Bir,44,7725630156,New,NULL,11,12-01-2026 19:35
1547,Tripti Handa,19,3667295640,New,NULL,1,12-01-2026 19:35
1548,Varenya Kakar,41,2827251654,New,NULL,18,12-01-2026 19:35
1549,Wishi Kale,49,8432146235,New,NULL,3,12-01-2026 19:35
1550,Shivansh Chawla,42,5164095648,New,NULL,4,12-01-2026 19:35
1551,Dayamai Tiwari,27,8468549863,New,NULL,8,12-01-2026 19:35
1552,Hiral Nair,79,2140071236,New,NULL,12,12-01-2026 19:35
1553,Pahal Badal,79,6143470298,New,NULL,12,12-01-2026 19:35
1554,Ishani Vohra,41,9932884124,New,NULL,2,12-01-2026 19:35
1555,Bhanumati Balasubramanian,41,4325989484,New,NULL,10,12-01-2026 19:35
1556,Ishani Palla,67,9317999888,New,NULL,13,12-01-2026 19:35
1557,Omisha Chand,28,2473966670,New,NULL,7,12-01-2026 19:35
1558,Jackson Pall,79,5004065825,New,NULL,14,12-01-2026 19:35
1559,Hemani Yogi,64,9574949304,New,NULL,7,12-01-2026 19:35
1560,Jackson Mangat,52,175363434,New,NULL,16,12-01-2026 19:35
1561,Chandresh Sharma,59,1685242666,New,NULL,19,12-01-2026 19:35
1562,Jasmit Soni,67,2407623735,New,NULL,1,12-01-2026 19:35
1563,Nidra Garg,54,1266626190,New,NULL,16,12-01-2026 19:35
1564,Pallavi Jhaveri,50,1763656346,Referral,306,3,12-01-2026 19:35
1565,Anirudh Kaul,30,6802203377,New,NULL,1,12-01-2026 19:35
1566,Jalsa Karan,49,2527774955,New,NULL,10,12-01-2026 19:35
1567,Vanya Bali,64,4222140743,New,NULL,15,12-01-2026 19:35
1568,Samar Kanda,61,5709225876,New,NULL,20,12-01-2026 19:35
1569,Omaja Narasimhan,56,3784313078,New,NULL,5,12-01-2026 19:35
1570,Ranbir Minhas,68,9240457585,New,NULL,3,12-01-2026 19:35
1571,Bhanumati Ramakrishnan,55,8346057001,New,NULL,7,12-01-2026 19:35
1572,Abhimanyu Rastogi,40,2472919752,New,NULL,11,12-01-2026 19:35
1573,Janya Lanka,80,8801396628,New,NULL,6,12-01-2026 19:35
1574,Aradhana Buch,20,8127123913,New,NULL,10,12-01-2026 19:35
1575,Laban Rau,46,7232290762,Referral,699,20,12-01-2026 19:35
1576,Fiyaz Memon,80,4882691623,New,NULL,16,12-01-2026 19:35
1577,Shivani Karan,21,4396208879,New,NULL,2,12-01-2026 19:35
1578,Isha Sangha,66,6094314291,New,NULL,9,12-01-2026 19:35
1579,Pavani Chahal,74,6957897713,Referral,127,2,12-01-2026 19:35
1580,Chandresh Thaman,79,735299246,New,NULL,12,12-01-2026 19:35
1581,Baljiwan Deshmukh,59,376302222,New,NULL,15,12-01-2026 19:35
1582,Upadhriti Nath,20,3805123229,New,NULL,14,12-01-2026 19:35
1583,Indali Divan,72,4092413043,New,NULL,4,12-01-2026 19:35
1584,Sai Rau,66,9202708192,New,NULL,5,12-01-2026 19:35
1585,Jai Sidhu,71,5256537347,New,NULL,1,12-01-2026 19:35
1586,Wridesh Dhaliwal,80,5342741375,New,NULL,8,12-01-2026 19:35
1587,Timothy Mann,44,2034722102,New,NULL,9,12-01-2026 19:35
1588,Bachittar Wason,52,6876568273,New,NULL,17,12-01-2026 19:35
1589,Devika Palla,60,6750611289,New,NULL,20,12-01-2026 19:35
1590,Sai Bahl,65,2519796171,New,NULL,9,12-01-2026 19:35
1591,Zaitra Varkey,74,4950297951,New,NULL,5,12-01-2026 19:35
1592,Caleb Kumer,65,8136997136,New,NULL,12,12-01-2026 19:35
1593,Abhiram Sanghvi,66,1450877867,New,NULL,18,12-01-2026 19:35
1594,Lakshmi Seshadri,33,8937614189,Referral,785,9,12-01-2026 19:35
1595,Dipta Kalla,79,233822462,New,NULL,3,12-01-2026 19:35
1596,Falguni Narayanan,47,2804355559,New,NULL,13,12-01-2026 19:35
1597,Madhav Thakur,70,7240548496,New,NULL,18,12-01-2026 19:35
1598,Bakhshi Dada,71,6310950736,New,NULL,8,12-01-2026 19:35
1599,Arjun Barad,29,7610032603,New,NULL,17,12-01-2026 19:35
1600,Jairaj Shroff,38,9663581191,New,NULL,11,12-01-2026 19:35
1601,Suhani Bala,68,5735920735,New,NULL,8,12-01-2026 19:35
1602,Aadhya Anand,18,1940516046,New,NULL,11,12-01-2026 19:35
1603,Karan Murty,55,3950698667,New,NULL,15,12-01-2026 19:35
1604,Imaran Kant,74,3558127698,New,NULL,13,12-01-2026 19:35
1605,Eta Dugal,62,1532805771,New,NULL,1,12-01-2026 19:35
1606,Viraj Batra,50,959787215,Referral,528,2,12-01-2026 19:35
1607,Guneet Bath,49,2431004228,Referral,501,9,12-01-2026 19:35
1608,Omkaar Sridhar,22,7920802810,New,NULL,9,12-01-2026 19:35
1609,Samar Barad,73,6863345291,New,NULL,2,12-01-2026 19:35
1610,Forum Mallick,33,686304175,New,NULL,12,12-01-2026 19:35
1611,Jalsa Uppal,42,2484234649,New,NULL,9,12-01-2026 19:35
1612,Owen Subramaniam,28,1811059257,New,NULL,10,12-01-2026 19:35
1613,Netra Viswanathan,79,2913638721,New,NULL,18,12-01-2026 19:35
1614,Diya Bhatt,39,2747367830,New,NULL,3,12-01-2026 19:35
1615,Aahana Kulkarni,22,3031228965,New,NULL,19,12-01-2026 19:35
1616,Joshua Borde,21,2176452072,New,NULL,8,12-01-2026 19:35
1617,Dalaja Dani,28,5422025319,New,NULL,6,12-01-2026 19:35
1618,Luke Mann,39,8964351459,New,NULL,16,12-01-2026 19:35
1619,Lucky Dugar,46,6249456139,New,NULL,5,12-01-2026 19:35
1620,Atharv Dhaliwal,24,9021683838,New,NULL,9,12-01-2026 19:35
1621,Liam Hari,58,9142217833,New,NULL,14,12-01-2026 19:35
1622,Qushi Varty,53,8227754949,Referral,1203,9,12-01-2026 19:35
1623,Arin Nigam,47,5168466998,New,NULL,18,12-01-2026 19:35
1624,Sanaya Parmar,82,95092063,New,NULL,13,12-01-2026 19:35
1625,Unnati Patil,21,1295611275,New,NULL,2,12-01-2026 19:35
1626,Shivani Prabhakar,46,4975671437,New,NULL,18,12-01-2026 19:35
1627,Oscar Nagy,32,7698094534,New,NULL,8,12-01-2026 19:35
1628,Rajata Bora,23,9594859362,New,NULL,14,12-01-2026 19:35
1629,Niharika Nath,75,6059400213,New,NULL,14,12-01-2026 19:35
1630,Imaran Mand,74,1311842062,New,NULL,19,12-01-2026 19:35
1631,Bhavini Oak,22,3204379428,New,NULL,7,12-01-2026 19:35
1632,Agastya Kapadia,23,9395645756,Referral,120,10,12-01-2026 19:35
1633,Libni Warrior,69,5103782004,New,NULL,17,12-01-2026 19:35
1634,Michael Gera,72,9158375179,New,NULL,20,12-01-2026 19:35
1635,Chaman Nagarajan,85,6684877932,New,NULL,5,12-01-2026 19:35
1636,Christopher Raj,67,2558981745,New,NULL,12,12-01-2026 19:35
1637,Hritik Gill,77,7044864765,New,NULL,3,12-01-2026 19:35
1638,Oliver Purohit,64,4496785672,New,NULL,9,12-01-2026 19:35
1639,Bishakha Purohit,76,460270757,New,NULL,2,12-01-2026 19:35
1640,Harrison Vala,43,4538943355,New,NULL,10,12-01-2026 19:35
1641,Liam Chaudhry,74,9930329205,New,NULL,5,12-01-2026 19:35
1642,Atharv Kala,44,4991566553,New,NULL,1,12-01-2026 19:35
1643,Raagini Munshi,54,1462603028,New,NULL,19,12-01-2026 19:35
1644,Sathvik Lal,56,9220105177,New,NULL,2,12-01-2026 19:35
1645,Baljiwan Mitter,81,2622806145,New,NULL,8,12-01-2026 19:35
1646,Raagini Narain,62,7122855854,Referral,711,4,12-01-2026 19:35
1647,Manya Prabhu,65,8783271837,New,NULL,17,12-01-2026 19:35
1648,Jhalak Deshmukh,40,1651617626,New,NULL,3,12-01-2026 19:35
1649,Yamini Banerjee,40,2861021803,New,NULL,16,12-01-2026 19:35
1650,Balendra Raghavan,21,9450369014,New,NULL,13,12-01-2026 19:35
1651,Yashica Dhillon,58,5701721312,New,NULL,1,12-01-2026 19:35
1652,Oeshi Kumer,72,8106081122,New,NULL,3,12-01-2026 19:35
1653,Urvi Kara,26,1981501072,New,NULL,8,12-01-2026 19:35
1654,Gautami Goda,19,7967656857,New,NULL,15,12-01-2026 19:35
1655,Wishi Karnik,48,3429634421,New,NULL,10,12-01-2026 19:35
1656,Damini Krishnamurthy,40,405166548,New,NULL,20,12-01-2026 19:35
1657,Aarini Rajagopal,59,8717892652,New,NULL,3,12-01-2026 19:35
1658,Hemang Raman,56,3941767864,New,NULL,10,12-01-2026 19:35
1659,Divya Narang,82,1250144534,New,NULL,4,12-01-2026 19:35
1660,Andrew Patla,70,6144599333,New,NULL,14,12-01-2026 19:35
1661,Harini Dutt,66,8513978998,New,NULL,4,12-01-2026 19:35
1662,Chanchal Khanna,75,7987133240,Referral,786,12,12-01-2026 19:35
1663,Charvi Koshy,69,3442480559,New,NULL,20,12-01-2026 19:35
1664,Kashvi Thaman,71,4320891332,New,NULL,5,12-01-2026 19:35
1665,Elijah Chand,26,192523121,New,NULL,2,12-01-2026 19:35
1666,Widisha Nanda,27,7534222472,New,NULL,4,12-01-2026 19:35
1667,Yashica Grover,49,8841462251,New,NULL,16,12-01-2026 19:35
1668,Panini Gokhale,52,7848186381,New,NULL,7,12-01-2026 19:35
1669,Leela Bassi,83,9841278410,Referral,1328,1,12-01-2026 19:35
1670,Ria Sathe,42,7537099105,New,NULL,1,12-01-2026 19:35
1671,Yashvi Ravel,45,9880986356,New,NULL,20,12-01-2026 19:35
1672,Jeevika Mahajan,71,1577263649,New,NULL,15,12-01-2026 19:35
1673,Mohammed Sha,44,4491940877,New,NULL,5,12-01-2026 19:35
1674,Jackson Dugar,54,8592706533,New,NULL,8,12-01-2026 19:35
1675,Dayita Palla,55,8613885751,New,NULL,1,12-01-2026 19:35
1676,Alka Raja,80,8452931858,New,NULL,6,12-01-2026 19:35
1677,Yutika Bhattacharyya,39,3335601045,New,NULL,13,12-01-2026 19:35
1678,Akshay Dara,64,632505340,New,NULL,16,12-01-2026 19:35
1679,Chandran Bava,51,2833174292,New,NULL,6,12-01-2026 19:35
1680,Upma Peri,72,3363025785,New,NULL,18,12-01-2026 19:35
1681,Viraj Deshmukh,71,5149235585,New,NULL,13,12-01-2026 19:35
1682,Baljiwan Dixit,63,9591675468,Referral,1381,16,12-01-2026 19:35
1683,Adweta Hayer,29,142090505,New,NULL,15,12-01-2026 19:35
1684,Noah Tella,68,2851716827,New,NULL,7,12-01-2026 19:35
1685,Hardik Babu,60,2818512007,New,NULL,7,12-01-2026 19:35
1686,Watika Kamdar,32,6926201061,New,NULL,12,12-01-2026 19:35
1687,Anya Soni,26,338670315,New,NULL,14,12-01-2026 19:35
1688,Aashi Chatterjee,56,1177343856,New,NULL,14,12-01-2026 19:35
1689,Qabil Halder,29,3395766961,New,NULL,15,12-01-2026 19:35
1690,Pushti Kibe,19,9459522237,New,NULL,3,12-01-2026 19:35
1691,Krishna Prashad,75,3124846895,New,NULL,7,12-01-2026 19:35
1692,Ekapad Khatri,28,6395915567,New,NULL,17,12-01-2026 19:35
1693,Bhanumati Chanda,55,4954076296,New,NULL,5,12-01-2026 19:35
1694,Arjun Nadig,58,1989605708,New,NULL,13,12-01-2026 19:35
1695,Keya Bora,52,3989059344,New,NULL,1,12-01-2026 19:35
1696,Baghyawati Borah,70,1555729695,New,NULL,11,12-01-2026 19:35
1697,Yasti Bansal,34,6777276355,New,NULL,2,12-01-2026 19:35
1698,Gagan Bhat,76,5504641166,Referral,498,1,12-01-2026 19:35
1699,Triya Venkataraman,66,5165841415,New,NULL,9,12-01-2026 19:35
1700,Anirudh Suresh,66,3918568019,New,NULL,4,12-01-2026 19:35
1701,Kashish Sur,47,7181441493,New,NULL,2,12-01-2026 19:35
1702,Nitara Walia,62,6673780521,New,NULL,19,12-01-2026 19:35
1703,Vivaan Hayer,22,4842734279,New,NULL,11,12-01-2026 19:35
1704,Amrita Varma,66,9003241205,New,NULL,7,12-01-2026 19:35
1705,Parth Grewal,44,3705984357,New,NULL,9,12-01-2026 19:35
1706,Dayamai Naidu,85,3423974068,Referral,1370,10,12-01-2026 19:35
1707,Falan Sha,76,448721975,New,NULL,20,12-01-2026 19:35
1708,Qadim Ravi,69,107773468,New,NULL,10,12-01-2026 19:35
1709,Aashi Sridhar,60,120022209,New,NULL,4,12-01-2026 19:35
1710,Girik Rege,81,4804197681,New,NULL,16,12-01-2026 19:35
1711,Manbir Bansal,61,9519831361,New,NULL,20,12-01-2026 19:35
1712,Onveer Kata,61,625039147,New,NULL,2,12-01-2026 19:35
1713,Warinder Loyal,61,4652684510,New,NULL,19,12-01-2026 19:35
1714,Nisha Mani,61,5233752353,New,NULL,15,12-01-2026 19:35
1715,Meera Patla,64,6217765385,New,NULL,5,12-01-2026 19:35
1716,Advika Sethi,81,9241669423,New,NULL,5,12-01-2026 19:35
1717,Vritti Sur,20,6396989776,New,NULL,13,12-01-2026 19:35
1718,Dipta Gole,23,1374376455,New,NULL,5,12-01-2026 19:35
1719,Tamanna Raman,43,4795208468,Referral,1537,14,12-01-2026 19:35
1720,Qadim Handa,48,2952894740,New,NULL,9,12-01-2026 19:35
1721,Hredhaan Edwin,23,8723557033,New,NULL,13,12-01-2026 19:35
1722,Dominic Sunder,36,8380778503,Referral,192,5,12-01-2026 19:35
1723,Anmol Barad,81,5628930774,New,NULL,15,12-01-2026 19:35
1724,Victor De,38,698846956,Referral,1230,8,12-01-2026 19:35
1725,Lila Bora,65,1008884586,New,NULL,15,12-01-2026 19:35
1726,Radhika Mistry,84,6672752520,New,NULL,12,12-01-2026 19:35
1727,Harinakshi Chada,27,26230433,New,NULL,4,12-01-2026 19:35
1728,Leela Minhas,70,5955315270,New,NULL,4,12-01-2026 19:35
1729,Upma Pandya,36,4620805579,New,NULL,5,12-01-2026 19:35
1730,Jatin Raja,43,7749325789,New,NULL,18,12-01-2026 19:35
1731,Bhavya Mall,35,2620547081,New,NULL,11,12-01-2026 19:35
1732,Veda Handa,26,2722924362,New,NULL,9,12-01-2026 19:35
1733,Kavya Bains,79,5915700424,New,NULL,11,12-01-2026 19:35
1734,Zehaan Sundaram,41,410019529,New,NULL,9,12-01-2026 19:35
1735,Damini Borah,39,7022008682,New,NULL,4,12-01-2026 19:35
1736,Wahab Shenoy,68,6644884131,New,NULL,5,12-01-2026 19:35
1737,Ayush Bhakta,80,7073643784,New,NULL,11,12-01-2026 19:35
1738,Xalak Zachariah,79,9990392567,Referral,1500,15,12-01-2026 19:35
1739,Shaurya Chawla,58,90286917,New,NULL,14,12-01-2026 19:35
1740,Jeevika Sachdeva,51,1832198151,New,NULL,17,12-01-2026 19:35
1741,Harinakshi Varty,55,8919571004,New,NULL,10,12-01-2026 19:35
1742,Benjamin Maharaj,59,2893111292,New,NULL,19,12-01-2026 19:35
1743,Krisha Saini,57,1354593454,Referral,758,3,12-01-2026 19:35
1744,Amaira Madan,39,3968959510,New,NULL,12,12-01-2026 19:35
1745,Ladli Nazareth,66,9826411569,Referral,1319,3,12-01-2026 19:35
1746,Oviya Lad,40,4183813855,New,NULL,19,12-01-2026 19:35
1747,Charles Subramanian,26,8545682015,New,NULL,20,12-01-2026 19:35
1748,Chatresh Shere,50,1660453267,New,NULL,13,12-01-2026 19:35
1749,Jairaj Puri,56,4023130427,New,NULL,2,12-01-2026 19:35
1750,Krisha Mallick,23,2170371179,New,NULL,7,12-01-2026 19:35
1751,Ekapad Varughese,35,5353465647,New,NULL,2,12-01-2026 19:35
1752,Nicholas Bera,42,933476320,New,NULL,5,12-01-2026 19:35
1753,Aishani Batra,26,1946344169,New,NULL,18,12-01-2026 19:35
1754,Zilmil Sawhney,50,1151603311,New,NULL,16,12-01-2026 19:35
1755,Chakradev Gour,29,7458166869,New,NULL,8,12-01-2026 19:35
1756,Advaith Kothari,27,5873130560,New,NULL,15,12-01-2026 19:35
1757,Kritika Shanker,69,7099436613,New,NULL,12,12-01-2026 19:35
1758,Tarak Mallick,71,8299403010,New,NULL,11,12-01-2026 19:35
1759,Girindra Mukhopadhyay,63,4158954487,New,NULL,17,12-01-2026 19:35
1760,Henry Pai,73,1059275866,New,NULL,19,12-01-2026 19:35
1761,Alka Randhawa,37,3748137746,Referral,1123,9,12-01-2026 19:35
1762,Turvi More,67,9507810150,New,NULL,8,12-01-2026 19:35
1763,Mitali Bandi,60,2744824796,New,NULL,4,12-01-2026 19:35
1764,Mugdha Banerjee,20,4461341454,New,NULL,3,12-01-2026 19:35
1765,Jasmit Toor,68,5706676176,New,NULL,3,12-01-2026 19:35
1766,Meera Gola,50,8030145956,New,NULL,15,12-01-2026 19:35
1767,Brinda Soni,34,7538868696,New,NULL,1,12-01-2026 19:35
1768,Diya Savant,26,863381980,Referral,631,11,12-01-2026 19:35
1769,Amara Apte,25,3621702431,New,NULL,17,12-01-2026 19:35
1770,Yamini Chander,57,7955692732,New,NULL,15,12-01-2026 19:35
1771,Xavier Prashad,61,1136323883,New,NULL,17,12-01-2026 19:35
1772,Liam Loyal,26,5612718371,New,NULL,10,12-01-2026 19:35
1773,David Chhabra,58,4347557039,New,NULL,4,12-01-2026 19:35
1774,Ojasvi Bhatia,54,9388233951,New,NULL,15,12-01-2026 19:35
1775,Ayush Mukhopadhyay,29,9578114624,New,NULL,20,12-01-2026 19:35
1776,Sai Majumdar,46,1892033179,New,NULL,11,12-01-2026 19:35
1777,Meera Kannan,65,8045864144,New,NULL,15,12-01-2026 19:35
1778,Tanish Devan,53,5496483182,New,NULL,8,12-01-2026 19:35
1779,Kamala Kala,40,1322375602,New,NULL,14,12-01-2026 19:35
1780,Rajeshri Mittal,31,7615866885,New,NULL,13,12-01-2026 19:35
1781,Riya More,37,9110962070,New,NULL,11,12-01-2026 19:35
1782,Qasim Mittal,32,6716701616,New,NULL,13,12-01-2026 19:35
1783,Kritika Dada,82,672870122,Referral,1540,18,12-01-2026 19:35
1784,Lipika Bahl,80,3766865016,New,NULL,15,12-01-2026 19:35
1785,Omya Das,68,9518978417,New,NULL,2,12-01-2026 19:35
1786,Nitara Sengupta,19,5841917253,Referral,282,3,12-01-2026 19:35
1787,Manthan Kala,57,6045492325,New,NULL,16,12-01-2026 19:35
1788,Vincent Dixit,76,6885051480,New,NULL,1,12-01-2026 19:35
1789,Niharika Dugal,64,1059455713,New,NULL,5,12-01-2026 19:35
1790,Vrishti Chauhan,18,8391274033,New,NULL,9,12-01-2026 19:35
1791,Farhan Gade,40,5524323291,New,NULL,15,12-01-2026 19:35
1792,Janaki Nagarajan,70,9727430668,New,NULL,17,12-01-2026 19:35
1793,Kritika Khalsa,69,2723095373,New,NULL,16,12-01-2026 19:35
1794,Vaishnavi Raman,73,3017419965,New,NULL,10,12-01-2026 19:35
1795,Ekanta Badami,61,1888773826,New,NULL,13,12-01-2026 19:35
1796,Dev Suri,54,2375570071,New,NULL,5,12-01-2026 19:35
1797,Vanya Mutti,65,9447400658,New,NULL,12,12-01-2026 19:35
1798,Prisha Dar,57,30956402,New,NULL,14,12-01-2026 19:35
1799,Bhavna Walla,47,7021198224,New,NULL,9,12-01-2026 19:35
1800,Bimala Hari,55,7786840732,New,NULL,12,12-01-2026 19:35
1801,Yagnesh Mitter,34,9302913328,New,NULL,7,12-01-2026 19:35
1802,Vyanjana Pathak,32,2213168012,New,NULL,16,12-01-2026 19:35
1803,Owen Mane,78,4591792674,New,NULL,9,12-01-2026 19:35
1804,Warjas Magar,64,8131141381,New,NULL,13,12-01-2026 19:35
1805,Indira Kurian,80,5087332916,New,NULL,13,12-01-2026 19:35
1806,Upadhriti Mandal,63,3302049556,New,NULL,14,12-01-2026 19:35
1807,Matthew Sule,76,4964458884,New,NULL,13,12-01-2026 19:35
1808,Diya Behl,33,8077619840,New,NULL,9,12-01-2026 19:35
1809,Leena Dugal,76,9621641944,New,NULL,7,12-01-2026 19:35
1810,Darika Bhakta,79,23567816,New,NULL,10,12-01-2026 19:35
1811,Guneet Sem,59,29169205,New,NULL,17,12-01-2026 19:35
1812,Dominic Chana,55,528267458,Referral,1022,13,12-01-2026 19:35
1813,Maanas Kanda,27,6988414314,New,NULL,2,12-01-2026 19:35
1814,Yashica Anand,75,2767341086,New,NULL,17,12-01-2026 19:35
1815,Aarini Sachdev,54,614976754,Referral,1627,5,12-01-2026 19:35
1816,Arunima Chandran,78,5075713412,New,NULL,1,12-01-2026 19:35
1817,Parth Kaul,18,7926995681,New,NULL,3,12-01-2026 19:35
1818,Bimala Batta,74,6381118998,New,NULL,9,12-01-2026 19:35
1819,Libni Saraf,76,3165815507,New,NULL,4,12-01-2026 19:35
1820,Manbir Nadkarni,32,988689748,New,NULL,10,12-01-2026 19:35
1821,Pallavi Issac,54,8075181795,New,NULL,16,12-01-2026 19:35
1822,Max Kota,51,9284159355,New,NULL,2,12-01-2026 19:35
1823,Indali Narayan,61,3148492438,New,NULL,20,12-01-2026 19:35
1824,Yuvraj Tripathi,70,9132336832,New,NULL,11,12-01-2026 19:35
1825,Ekta Pradhan,23,2808158818,New,NULL,20,12-01-2026 19:35
1826,Ekiya Sama,75,7201865694,New,NULL,19,12-01-2026 19:35
1827,Jackson Nadkarni,43,923104185,New,NULL,11,12-01-2026 19:35
1828,Rishi Mishra,51,4002272597,New,NULL,17,12-01-2026 19:35
1829,Anusha Savant,70,771423242,New,NULL,7,12-01-2026 19:35
1830,Anita Doctor,59,5746922735,New,NULL,5,12-01-2026 19:35
1831,Noah Natarajan,60,152411171,New,NULL,19,12-01-2026 19:35
1832,Yachana Talwar,19,6674711197,New,NULL,3,12-01-2026 19:35
1833,Arunima Sampath,41,6223898537,New,NULL,1,12-01-2026 19:35
1834,Yashawini Iyer,73,3205185490,New,NULL,2,12-01-2026 19:35
1835,Naveen Baral,76,7031005606,New,NULL,15,12-01-2026 19:35
1836,Aayush Deep,79,8323222875,New,NULL,19,12-01-2026 19:35
1837,Jagdish Anand,54,8973538448,New,NULL,9,12-01-2026 19:35
1838,Nisha Malhotra,22,1323217856,New,NULL,10,12-01-2026 19:35
1839,George Choudhury,26,9569985954,New,NULL,20,12-01-2026 19:35
1840,Agastya Goyal,19,4269094566,New,NULL,13,12-01-2026 19:35
1841,Eta Dara,82,267050446,New,NULL,6,12-01-2026 19:35
1842,Udyati Dhawan,24,9847055986,New,NULL,1,12-01-2026 19:35
1843,Ekanta Varty,69,9997604697,New,NULL,17,12-01-2026 19:35
1844,Yashoda Kibe,65,3033469937,New,NULL,18,12-01-2026 19:35
1845,Vamakshi Deshmukh,59,2127111487,New,NULL,8,12-01-2026 19:35
1846,Naksh Dewan,63,9557919780,New,NULL,1,12-01-2026 19:35
1847,Falak Guha,67,8390830386,New,NULL,2,12-01-2026 19:35
1848,Nitara Kaur,38,338290907,New,NULL,3,12-01-2026 19:35
1849,Yatan Zacharia,39,9468692185,New,NULL,3,12-01-2026 19:35
1850,Daksh Boase,33,2197040766,New,NULL,20,12-01-2026 19:35
1851,Bishakha Chandra,71,6219682478,New,NULL,13,12-01-2026 19:35
1852,Lucky Rastogi,53,6760776149,New,NULL,16,12-01-2026 19:35
1853,Vinaya Kohli,39,8997654555,New,NULL,15,12-01-2026 19:35
1854,Falak Vyas,56,4502134468,New,NULL,15,12-01-2026 19:35
1855,Gaurika Menon,20,2922718123,New,NULL,14,12-01-2026 19:35
1856,Oliver Dugar,35,86865859,New,NULL,20,12-01-2026 19:35
1857,Dayamai Dubey,65,4122740242,New,NULL,18,12-01-2026 19:35
1858,Megha Amble,29,15922044,New,NULL,18,12-01-2026 19:35
1859,Ekalinga Rajan,20,1296920126,New,NULL,19,12-01-2026 19:35
1860,Upma Mall,57,3803471785,New,NULL,4,12-01-2026 19:35
1861,Janaki Dewan,46,7492259339,New,NULL,2,12-01-2026 19:35
1862,Turvi Narayanan,41,934445484,New,NULL,4,12-01-2026 19:35
1863,Darsh Tak,68,1486656272,Referral,1699,12,12-01-2026 19:35
1864,Arjun Srinivas,40,842106683,New,NULL,19,12-01-2026 19:35
1865,Anthony Parmer,81,3253194181,New,NULL,1,12-01-2026 19:35
1866,Faraj Narayanan,35,8445212619,New,NULL,8,12-01-2026 19:35
1867,Madhav Palan,30,2414597827,New,NULL,6,12-01-2026 19:35
1868,Parth Kulkarni,40,9862991038,New,NULL,12,12-01-2026 19:35
1869,Harinakshi Saxena,80,3569450219,New,NULL,14,12-01-2026 19:35
1870,Zashil Iyengar,47,4283458071,New,NULL,20,12-01-2026 19:35
1871,Girindra Munshi,23,5912878023,New,NULL,18,12-01-2026 19:35
1872,Yashvi Rout,51,8421374081,New,NULL,11,12-01-2026 19:35
1873,Mohini Rana,45,3353651052,New,NULL,2,12-01-2026 19:35
1874,Chatresh Nair,55,2126673471,New,NULL,9,12-01-2026 19:35
1875,Zinal Balay,38,8680522941,New,NULL,10,12-01-2026 19:35
1876,Gautami Subramanian,49,4028403634,New,NULL,3,12-01-2026 19:35
1877,Bhavini Venkataraman,44,1505171531,New,NULL,6,12-01-2026 19:35
1878,Wazir Dasgupta,55,3915998525,New,NULL,5,12-01-2026 19:35
1879,Vamakshi Pall,66,5753458164,New,NULL,10,12-01-2026 19:35
1880,Rachita More,63,8783948709,New,NULL,5,12-01-2026 19:35
1881,Teerth Soni,31,5248307131,New,NULL,7,12-01-2026 19:35
1882,Urvi Tata,26,6135177665,New,NULL,5,12-01-2026 19:35
1883,Adya Vala,40,4308163016,New,NULL,2,12-01-2026 19:35
1884,Yug Mistry,55,3532864766,New,NULL,8,12-01-2026 19:35
1885,Triveni Parmer,56,250657270,New,NULL,15,12-01-2026 19:35
1886,Harish Kant,18,9775490855,New,NULL,9,12-01-2026 19:35
1887,Ranbir Borah,32,5236969041,Referral,984,15,12-01-2026 19:35
1888,Henry Sharaf,84,8637605955,New,NULL,10,12-01-2026 19:35
1889,Unnati Chacko,57,8447417323,New,NULL,19,12-01-2026 19:35
1890,Samuel Dugar,71,6092015097,New,NULL,7,12-01-2026 19:35
1891,Laban Sabharwal,77,9154517673,New,NULL,12,12-01-2026 19:35
1892,Sathvik Mahajan,51,3918119738,Referral,556,13,12-01-2026 19:35
1893,Sarthak Patla,25,6701356757,New,NULL,20,12-01-2026 19:35
1894,Ishita Lal,46,601215781,New,NULL,6,12-01-2026 19:35
1895,Jasmit Pillay,80,7023669268,New,NULL,10,12-01-2026 19:35
1896,Rachit Bawa,66,9969694319,New,NULL,7,12-01-2026 19:35
1897,Suhani Jhaveri,47,1707453071,New,NULL,11,12-01-2026 19:35
1898,Samaksh Hans,23,9089661689,New,NULL,1,12-01-2026 19:35
1899,Aarav Yadav,26,9260547569,New,NULL,11,12-01-2026 19:35
1900,Raksha Dalal,26,6729988214,New,NULL,8,12-01-2026 19:35
1901,Hitesh Narayan,57,434638405,Referral,1196,1,12-01-2026 19:35
1902,Chasmum Gara,57,3726995109,New,NULL,2,12-01-2026 19:35
1903,Divya Dani,28,579040549,New,NULL,3,12-01-2026 19:35
1904,Bahadurjit Ganguly,76,7809611880,New,NULL,19,12-01-2026 19:35
1905,Gautam Lal,61,4058904063,New,NULL,4,12-01-2026 19:35
1906,Advika Pandey,27,6639025641,New,NULL,8,12-01-2026 19:35
1907,Krishna Basu,57,9885091439,New,NULL,18,12-01-2026 19:35
1908,Rachit Comar,30,9140951474,New,NULL,12,12-01-2026 19:35
1909,Daksha Mangat,60,1894660856,New,NULL,8,12-01-2026 19:35
1910,Luke Mane,23,4337963583,New,NULL,2,12-01-2026 19:35
1911,Urishilla Dhar,53,3115043510,Referral,969,7,12-01-2026 19:35
1912,Krisha Das,65,5229644721,New,NULL,5,12-01-2026 19:35
1913,Tripti Gala,38,5477003361,New,NULL,8,12-01-2026 19:35
1914,Chavvi Gulati,69,3386001509,New,NULL,20,12-01-2026 19:35
1915,Bahadurjit Mohan,32,9649975814,New,NULL,13,12-01-2026 19:35
1916,Jatin Rai,53,4893455925,Referral,1283,8,12-01-2026 19:35
1917,Vyanjana Butala,23,2891985893,New,NULL,14,12-01-2026 19:35
1918,Suhani Sundaram,46,2145965658,Referral,666,17,12-01-2026 19:35
1919,Anirudh Sundaram,27,8152311379,New,NULL,10,12-01-2026 19:35
1920,Faris Tella,80,6504021467,New,NULL,3,12-01-2026 19:35
1921,Maanav Kumar,53,198535033,New,NULL,14,12-01-2026 19:35
1922,Harsh Sani,67,4343152001,New,NULL,4,12-01-2026 19:35
1923,Vinaya Bal,69,7550810412,New,NULL,6,12-01-2026 19:35
1924,Hema Bhargava,54,1655524745,New,NULL,16,12-01-2026 19:35
1925,Anjali Menon,59,4226470141,New,NULL,2,12-01-2026 19:35
1926,Jagrati Agate,58,8082634061,New,NULL,13,12-01-2026 19:35
1927,Zaitra Ahuja,34,4130354716,New,NULL,16,12-01-2026 19:35
1928,Vidhi Sinha,71,3255431953,Referral,1277,10,12-01-2026 19:35
1929,Isaiah Goswami,31,8177783728,New,NULL,2,12-01-2026 19:35
1930,Dipta Varughese,47,4486646281,New,NULL,13,12-01-2026 19:35
1931,Anthony Biswas,75,5847038001,New,NULL,16,12-01-2026 19:35
1932,Chandran Contractor,44,4716523742,New,NULL,9,12-01-2026 19:35
1933,Arya Tailor,69,7615212930,New,NULL,13,12-01-2026 19:35
1934,Neha Mani,36,3230261551,New,NULL,10,12-01-2026 19:35
1935,Umang Varghese,60,1649622316,Referral,1107,12,12-01-2026 19:35
1936,Wyatt Sarna,68,8860785966,New,NULL,1,12-01-2026 19:35
1937,Jack Kapoor,71,7986027512,New,NULL,4,12-01-2026 19:35
1938,Sudiksha Dugar,75,9540488079,New,NULL,17,12-01-2026 19:35
1939,Nimrat Contractor,30,3573899025,New,NULL,18,12-01-2026 19:35
1940,Gabriel Tank,49,9905870776,New,NULL,2,12-01-2026 19:35
1941,Kashvi Bhatt,70,8685632523,Referral,1870,1,12-01-2026 19:35
1942,Chaitaly Pandey,69,5895991112,Referral,161,16,12-01-2026 19:35
1943,Victor Lad,56,9671114787,New,NULL,17,12-01-2026 19:35
1944,Vincent Saran,40,9902675806,New,NULL,19,12-01-2026 19:35
1945,Hemang Mody,39,4408929509,New,NULL,4,12-01-2026 19:35
1946,Rushil Sachdeva,48,2224003310,New,NULL,5,12-01-2026 19:35
1947,Rehaan Ram,24,9735966352,New,NULL,18,12-01-2026 19:35
1948,Saanvi Sur,27,7695704998,New,NULL,6,12-01-2026 19:35
1949,Gavin Srinivas,51,89365228,Referral,79,18,12-01-2026 19:35
1950,Logan Nadig,66,244224327,New,NULL,13,12-01-2026 19:35
1951,Saanvi Dugal,70,361851726,New,NULL,14,12-01-2026 19:35
1952,Simon Pathak,76,7450249541,New,NULL,6,12-01-2026 19:35
1953,Wyatt Arora,85,6289005344,New,NULL,8,12-01-2026 19:35
1954,Warda DÔÇÖAlia,72,7084865284,New,NULL,19,12-01-2026 19:35
1955,Nilima Shah,41,1903976076,New,NULL,10,12-01-2026 19:35
1956,Nitesh Mistry,79,7427102220,New,NULL,19,12-01-2026 19:35
1957,Ekbal Dey,39,1965882689,New,NULL,17,12-01-2026 19:35
1958,Ishanvi Tailor,72,4257916806,New,NULL,8,12-01-2026 19:35
1959,Lajita Bains,70,7204819895,New,NULL,17,12-01-2026 19:35
1960,Jeremiah Balakrishnan,74,3057804735,New,NULL,14,12-01-2026 19:35
1961,Abhimanyu Varghese,42,5840660246,New,NULL,5,12-01-2026 19:35
1962,Shivansh Sagar,18,3444129339,New,NULL,16,12-01-2026 19:35
1963,Irya Sawhney,32,7667835534,New,NULL,15,12-01-2026 19:35
1964,Upadhriti Bhakta,82,7082606499,New,NULL,18,12-01-2026 19:35
1965,Nisha Jain,61,4815167741,New,NULL,7,12-01-2026 19:35
1966,Patrick Morar,82,5102811175,New,NULL,4,12-01-2026 19:35
1967,Isaiah Sahni,62,6071770882,New,NULL,16,12-01-2026 19:35
1968,Zehaan Kamdar,24,2755580652,New,NULL,1,12-01-2026 19:35
1969,Eesha Chhabra,67,5183545214,New,NULL,4,12-01-2026 19:35
1970,Aishani Magar,40,3389844077,New,NULL,4,12-01-2026 19:35
1971,Gagan Jain,45,4537150045,New,NULL,13,12-01-2026 19:35
1972,Max Comar,52,1221931333,New,NULL,5,12-01-2026 19:35
1973,Yug Agarwal,85,9683265255,New,NULL,9,12-01-2026 19:35
1974,Noah Bhatia,37,1951008510,New,NULL,20,12-01-2026 19:35
1975,Dev Sarin,50,1417437426,New,NULL,5,12-01-2026 19:35
1976,Damini Sant,67,3149447867,New,NULL,17,12-01-2026 19:35
1977,Hitesh Narang,61,707790649,Referral,675,14,12-01-2026 19:35
1978,Jhalak Bora,48,3223355727,New,NULL,1,12-01-2026 19:35
1979,Girish Barman,78,4706881854,New,NULL,5,12-01-2026 19:35
1980,Wriddhish Sawhney,55,6721255301,New,NULL,5,12-01-2026 19:35
1981,Harshil Deshmukh,79,6484897222,Referral,1041,8,12-01-2026 19:35
1982,Ranveer Pandit,33,8200275274,New,NULL,13,12-01-2026 19:35
1983,Indali Chawla,84,2928869566,New,NULL,16,12-01-2026 19:35
1984,Nirja Mukherjee,59,2847439388,Referral,448,20,12-01-2026 19:35
1985,Darsh Om,36,4175823004,New,NULL,3,12-01-2026 19:35
1986,Alexander Dhillon,84,550441259,New,NULL,3,12-01-2026 19:35
1987,Anusha Andra,48,5253301183,New,NULL,13,12-01-2026 19:35
1988,Ranbir Chaudry,75,2797787429,New,NULL,4,12-01-2026 19:35
1989,Janani Venkataraman,33,4346446403,New,NULL,12,12-01-2026 19:35
1990,Dayita Sahni,18,4563736586,New,NULL,7,12-01-2026 19:35
1991,Indali Mani,47,6806020202,New,NULL,1,12-01-2026 19:35
1992,Vyanjana Joshi,60,9577983083,New,NULL,20,12-01-2026 19:35
1993,Sai Soni,24,7675950450,New,NULL,20,12-01-2026 19:35
1994,Chakradhar Vaidya,43,5145899121,New,NULL,9,12-01-2026 19:35
1995,Omya Lata,68,2615718568,Referral,468,4,12-01-2026 19:35
1996,Dhruv Doshi,28,5646097938,New,NULL,11,12-01-2026 19:35
1997,Joshua Jain,70,8142487088,New,NULL,2,12-01-2026 19:35
1998,Anay Gokhale,31,381676687,New,NULL,16,12-01-2026 19:35
1999,Harini Bava,84,8284655783,New,NULL,11,12-01-2026 19:35
2000,Arjun Solanki,76,2658432798,New,NULL,15,12-01-2026 19:35
2001,Neha Shere,20,3754171056,Referral,727,12,12-01-2026 19:35
2002,Joshua Iyer,46,5880829404,New,NULL,8,12-01-2026 19:35
2003,Bhavika Hora,50,2949177190,New,NULL,11,12-01-2026 19:35
2004,Samaksh Kala,77,9052857149,New,NULL,1,12-01-2026 19:35
2005,Rishi Sarin,66,5449546664,New,NULL,14,12-01-2026 19:35
2006,Yashvi Jha,64,5316823457,New,NULL,8,12-01-2026 19:35
2007,Ranveer Anne,66,9520229592,New,NULL,13,12-01-2026 19:35
2008,Raghav Pal,66,3107037006,New,NULL,1,12-01-2026 19:35
2009,Nakul Bir,45,2652542938,New,NULL,9,12-01-2026 19:35
2010,Anya Pant,66,1065348814,New,NULL,8,12-01-2026 19:35
2011,Qabil Lal,37,1169294997,New,NULL,6,12-01-2026 19:35
2012,Robert Babu,80,2654246361,New,NULL,8,12-01-2026 19:35
2013,Ekavir Golla,28,9362270148,Referral,1428,5,12-01-2026 19:35
2014,Sara Nadkarni,32,1960702107,New,NULL,12,12-01-2026 19:35
2015,Varenya Oommen,73,8551054436,New,NULL,1,12-01-2026 19:35
2016,Neha Ramachandran,40,6967834351,New,NULL,18,12-01-2026 19:35
2017,Eesha Kalita,29,16231248,New,NULL,7,12-01-2026 19:35
2018,Maya Magar,38,7336669556,New,NULL,6,12-01-2026 19:35
2019,Rachita Sinha,60,8587257427,New,NULL,8,12-01-2026 19:35
2020,Januja Narayanan,31,8330545955,New,NULL,5,12-01-2026 19:35
2021,Hemangini Raval,31,5028566039,New,NULL,2,12-01-2026 19:35
2022,Vritti Chatterjee,35,4190989753,Referral,787,20,12-01-2026 19:35
2023,Rehaan More,25,4586819941,New,NULL,12,12-01-2026 19:35
2024,Harshil Zacharia,85,4044278502,New,NULL,11,12-01-2026 19:35
2025,Rushil Goswami,70,9286927517,New,NULL,13,12-01-2026 19:35
2026,Gauri Kaul,50,4854136173,New,NULL,14,12-01-2026 19:35
2027,Leena Nayar,48,2150124161,Referral,891,10,12-01-2026 19:35
2028,Krisha Baria,38,6175006014,New,NULL,13,12-01-2026 19:35
2029,Shivansh Munshi,65,3486198030,New,NULL,14,12-01-2026 19:35
2030,Jack Sane,79,2277010531,New,NULL,5,12-01-2026 19:35
2031,Tarak Choudhry,84,7532153848,New,NULL,13,12-01-2026 19:35
2032,Prisha Comar,80,5227572157,New,NULL,18,12-01-2026 19:35
2033,Mohini Mitra,19,9098317380,New,NULL,9,12-01-2026 19:35
2034,Triveni Dalal,52,5611711978,New,NULL,9,12-01-2026 19:35
2035,Abeer Suri,19,1415963767,New,NULL,14,12-01-2026 19:35
2036,Harrison Bir,80,9631850408,New,NULL,7,12-01-2026 19:35
2037,Tanay Kadakia,75,28200002,New,NULL,17,12-01-2026 19:35
2038,Wyatt Sarma,27,4379205797,New,NULL,7,12-01-2026 19:35
2039,Chandresh Garg,77,6692624634,Referral,1532,19,12-01-2026 19:35
2040,Udant Raman,26,4825705145,New,NULL,20,12-01-2026 19:35
2041,Zayyan Parekh,77,3209073145,New,NULL,20,12-01-2026 19:35
2042,Nathan Rajan,74,1539935325,New,NULL,1,12-01-2026 19:35
2043,Azad Tank,34,5287871386,New,NULL,12,12-01-2026 19:35
2044,Mohini Chatterjee,71,1324858399,New,NULL,12,12-01-2026 19:35
2045,Anusha Cheema,56,8165313708,New,NULL,2,12-01-2026 19:35
2046,Samarth Chhabra,27,8595033093,New,NULL,19,12-01-2026 19:35
2047,Chanchal Bir,27,3673332421,New,NULL,19,12-01-2026 19:35
2048,Neelima Malhotra,50,8182603399,New,NULL,5,12-01-2026 19:35
2049,Bimala Chokshi,42,9483646154,Referral,633,3,12-01-2026 19:35
2050,Gaurangi Ghose,66,5621204542,New,NULL,11,12-01-2026 19:35
2051,Harita Sura,27,7782651320,New,NULL,17,12-01-2026 19:35
2052,Tarak Sarna,47,4645446602,New,NULL,9,12-01-2026 19:35
2053,Siya Borde,56,5414286331,New,NULL,6,12-01-2026 19:35
2054,Aarush Verma,61,9790626132,New,NULL,19,12-01-2026 19:35
2055,Theodore Kata,45,2890215428,New,NULL,18,12-01-2026 19:35
2056,Mason Sridhar,24,8394948235,New,NULL,7,12-01-2026 19:35
2057,Ayush Swamy,62,8466158435,New,NULL,5,12-01-2026 19:35
2058,Raagini Tak,67,897865276,New,NULL,12,12-01-2026 19:35
2059,Yashvi Srinivas,82,4923997964,New,NULL,15,12-01-2026 19:35
2060,Kai Borra,39,8674934921,New,NULL,8,12-01-2026 19:35
2061,Madhav Savant,80,4523280924,New,NULL,8,12-01-2026 19:35
2062,Champak Saini,56,5197155100,New,NULL,17,12-01-2026 19:35
2063,Advika Misra,44,6457222976,New,NULL,7,12-01-2026 19:35
2064,Yadavi Sani,76,1215690046,Referral,6,7,12-01-2026 19:35
2065,Balvan Deshmukh,73,4179183139,New,NULL,13,12-01-2026 19:35
2066,Hiral Pathak,79,444483812,New,NULL,20,12-01-2026 19:35
2067,Liam Rau,78,5714882048,New,NULL,16,12-01-2026 19:35
2068,Hritik Kanda,48,3176617192,New,NULL,10,12-01-2026 19:35
2069,Imaran Tripathi,60,2333498102,New,NULL,15,12-01-2026 19:35
2070,Chaman Khurana,75,8543477799,New,NULL,2,12-01-2026 19:35
2071,Ranbir Srinivasan,80,2566561562,New,NULL,11,12-01-2026 19:35
2072,Ekantika Bera,28,6637522537,New,NULL,8,12-01-2026 19:35
2073,Janya Bhardwaj,78,4712103414,New,NULL,20,12-01-2026 19:35
2074,Nachiket Dhar,74,2360527031,New,NULL,8,12-01-2026 19:35
2075,Ucchal Naik,80,8599257677,New,NULL,13,12-01-2026 19:35
2076,Urvashi Contractor,38,97567039,New,NULL,5,12-01-2026 19:35
2077,Noah Salvi,71,311400946,New,NULL,3,12-01-2026 19:35
2078,Yasti Mital,54,8076161481,New,NULL,11,12-01-2026 19:35
2079,Zaitra Karpe,36,6691085175,New,NULL,18,12-01-2026 19:35
2080,Balhaar Naidu,40,4292299147,New,NULL,10,12-01-2026 19:35
2081,George Iyengar,55,6079174765,New,NULL,12,12-01-2026 19:35
2082,Anita Sridhar,48,2214564978,New,NULL,6,12-01-2026 19:35
2083,Geetika Seth,48,8895425438,New,NULL,12,12-01-2026 19:35
2084,Dhriti Iyer,57,3607964925,New,NULL,19,12-01-2026 19:35
2085,Vedika Jaggi,50,3710255664,New,NULL,2,12-01-2026 19:35
2086,Samaksh Prasad,71,3198304200,New,NULL,7,12-01-2026 19:35
2087,Shivansh Raju,54,9193267906,New,NULL,5,12-01-2026 19:35
2088,Neel Kuruvilla,53,9096910079,New,NULL,6,12-01-2026 19:35
2089,Dayita Gala,37,775795030,New,NULL,12,12-01-2026 19:35
2090,Om Sarin,33,7643017506,New,NULL,6,12-01-2026 19:35
2091,Anamika Kurian,73,7060584051,New,NULL,12,12-01-2026 19:35
2092,Nakul Kara,44,2224959223,New,NULL,3,12-01-2026 19:35
2093,Falguni Thaker,21,2964760788,New,NULL,17,12-01-2026 19:35
2094,Viraj Jaggi,30,2111448747,New,NULL,2,12-01-2026 19:35
2095,Ladli Srinivasan,20,4626208778,New,NULL,15,12-01-2026 19:35
2096,Nachiket Issac,75,3062662005,New,NULL,10,12-01-2026 19:35
2097,Falak Ganesh,67,7745696295,New,NULL,11,12-01-2026 19:35
2098,Warda Lalla,79,5617422900,New,NULL,11,12-01-2026 19:35
2099,Tanmayi Datta,28,5554897788,Referral,1527,19,12-01-2026 19:35
2100,Rishi Pingle,49,137847789,New,NULL,13,12-01-2026 19:35
2101,Omkaar Seth,50,6207438033,New,NULL,1,12-01-2026 19:35
2102,Varenya Devi,73,716050512,New,NULL,3,12-01-2026 19:35
2103,Neel Patla,62,9956901099,New,NULL,3,12-01-2026 19:35
2104,Radhika Nath,25,3454465257,New,NULL,19,12-01-2026 19:35
2105,Bhavani Bhagat,68,9736477155,Referral,947,5,12-01-2026 19:35
2106,Balvan Randhawa,50,6555616866,New,NULL,18,12-01-2026 19:35
2107,Inaya Bhattacharyya,47,3678888358,New,NULL,5,12-01-2026 19:35
2108,Ayaan Balan,58,103000627,New,NULL,14,12-01-2026 19:35
2109,Omya Ganesan,35,5392315996,New,NULL,11,12-01-2026 19:35
2110,Nathaniel Ramachandran,80,1144656245,New,NULL,13,12-01-2026 19:35
2111,Chakradhar Seshadri,77,8157610150,New,NULL,12,12-01-2026 19:35
2112,Waida Kapoor,28,9955744710,New,NULL,13,12-01-2026 19:35
2113,Ishita Keer,75,6757946877,New,NULL,20,12-01-2026 19:35
2114,Saumya Subramaniam,50,4557383302,New,NULL,13,12-01-2026 19:35
2115,Ekaja Nair,43,3435051448,New,NULL,2,12-01-2026 19:35
2116,Pooja Swamy,34,7947172860,New,NULL,3,12-01-2026 19:35
2117,Nitesh Lad,67,4101425324,Referral,1187,12,12-01-2026 19:35
2118,Chasmum Devan,66,4754710674,New,NULL,15,12-01-2026 19:35
2119,Qabil Bajwa,74,7465190175,New,NULL,13,12-01-2026 19:35
2120,Omisha Parikh,80,8008776929,New,NULL,12,12-01-2026 19:35
2121,Oni Sule,25,518772851,Referral,1338,17,12-01-2026 19:35
2122,Dipta Lad,74,4512367572,Referral,1281,12,12-01-2026 19:35
2123,Irya Karnik,85,6158326614,New,NULL,16,12-01-2026 19:35
2124,Ekansh Chandran,54,9009964747,New,NULL,8,12-01-2026 19:35
2125,Chakradhar Dugar,43,7415099364,New,NULL,6,12-01-2026 19:35
2126,Indali Sankaran,78,6877028984,New,NULL,7,12-01-2026 19:35
2127,Ati Basak,21,7917704212,New,NULL,2,12-01-2026 19:35
2128,Adweta Bali,44,6394912032,New,NULL,12,12-01-2026 19:35
2129,Nidra Gandhi,22,6489287722,New,NULL,19,12-01-2026 19:35
2130,Yug Dhingra,29,6582343487,New,NULL,11,12-01-2026 19:35
2131,Yatin Nagi,37,8181849514,New,NULL,9,12-01-2026 19:35
2132,Ishani Varty,33,4263703577,New,NULL,17,12-01-2026 19:35
2133,Unnati Mahajan,74,2029208414,New,NULL,1,12-01-2026 19:35
2134,Falak Prasad,74,1112841851,New,NULL,15,12-01-2026 19:35
2135,Upkaar Koshy,68,21544613,Referral,1642,3,12-01-2026 19:35
2136,Umang Nagarajan,43,4616399596,New,NULL,1,12-01-2026 19:35
2137,Daksha Ahuja,76,86693720,New,NULL,9,12-01-2026 19:35
2138,Wyatt Chaudhary,50,5093664150,New,NULL,16,12-01-2026 19:35
2139,Samar Padmanabhan,25,4924207742,New,NULL,20,12-01-2026 19:35
2140,Andrew Din,69,8827734750,New,NULL,15,12-01-2026 19:35
2141,Tarak Garg,23,1670533401,New,NULL,20,12-01-2026 19:35
2142,Chakradev Choudhry,33,8689303431,New,NULL,13,12-01-2026 19:35
2143,Harrison Tiwari,29,6164673332,New,NULL,8,12-01-2026 19:35
2144,Brinda Bir,63,8004045276,New,NULL,6,12-01-2026 19:35
2145,Shivani Rau,81,1333709326,New,NULL,20,12-01-2026 19:35
2146,Lucky Thakur,43,4093282420,New,NULL,10,12-01-2026 19:35
2147,Bachittar Sangha,66,4365595605,New,NULL,12,12-01-2026 19:35
2148,Amara Apte,24,5357906139,New,NULL,6,12-01-2026 19:35
2149,Samesh Mistry,18,7713070486,New,NULL,2,12-01-2026 19:35
2150,Warjas Bhagat,71,3411025590,New,NULL,7,12-01-2026 19:35
2151,Isaac Sane,27,112840977,New,NULL,4,12-01-2026 19:35
2152,Hamsini Nair,41,4676751699,New,NULL,6,12-01-2026 19:35
2153,Zayan Balakrishnan,19,920984474,New,NULL,6,12-01-2026 19:35
2154,Bhavini Grewal,22,8026147813,New,NULL,6,12-01-2026 19:35
2155,Jacob Ghose,36,3684964873,Referral,226,10,12-01-2026 19:35
2156,Balvan Pandya,81,9324167541,New,NULL,12,12-01-2026 19:35
2157,Xiti Patla,75,5543073077,New,NULL,4,12-01-2026 19:35
2158,Tanvi Kulkarni,21,8644791425,Referral,1702,4,12-01-2026 19:35
2159,Lakshmi Rattan,74,5306168106,Referral,1309,9,12-01-2026 19:35
2160,Raksha Gade,33,3590390433,New,NULL,5,12-01-2026 19:35
2161,Inaya Kant,19,386104058,New,NULL,4,12-01-2026 19:35
2162,Rachit Chhabra,25,4698162435,Referral,465,11,12-01-2026 19:35
2163,Isaiah Anand,76,3611142999,New,NULL,17,12-01-2026 19:35
2164,Wyatt Pradhan,64,9992644073,New,NULL,13,12-01-2026 19:35
2165,Henry Manne,40,2385782306,New,NULL,16,12-01-2026 19:35
2166,Zinal Kamdar,68,5114904256,New,NULL,3,12-01-2026 19:35
2167,Ranveer Brahmbhatt,67,9700920635,New,NULL,1,12-01-2026 19:35
2168,Charita Sane,74,1681995316,Referral,1739,15,12-01-2026 19:35
2169,Reva Johal,66,7914193783,New,NULL,14,12-01-2026 19:35
2170,Diya Bhardwaj,42,9281353000,New,NULL,3,12-01-2026 19:35
2171,Devika Boase,28,4490362739,New,NULL,16,12-01-2026 19:35
2172,Falan Soni,57,5707495109,New,NULL,9,12-01-2026 19:35
2173,Ojasvi Parmar,84,2952462222,New,NULL,7,12-01-2026 19:35
2174,Isaiah Bobal,79,686710239,New,NULL,1,12-01-2026 19:35
2175,Girik Bali,26,8327019128,New,NULL,14,12-01-2026 19:35
2176,Adya Ahluwalia,72,2775407560,New,NULL,5,12-01-2026 19:35
2177,Anita Mohan,33,5261835898,New,NULL,14,12-01-2026 19:35
2178,Sanaya Pandit,72,1775985144,New,NULL,15,12-01-2026 19:35
2179,Pooja Bedi,31,2271027047,New,NULL,6,12-01-2026 19:35
2180,Sai Deshmukh,60,4377822034,New,NULL,19,12-01-2026 19:35
2181,Chavvi Yadav,54,9765616543,New,NULL,13,12-01-2026 19:35
2182,Naveen Boase,32,4393183456,New,NULL,10,12-01-2026 19:35
2183,Vamakshi Dass,73,795740236,New,NULL,12,12-01-2026 19:35
2184,Sarthak Sampath,55,9245083624,Referral,1661,2,12-01-2026 19:35
2185,Manan Tak,20,7893056651,New,NULL,20,12-01-2026 19:35
2186,Gabriel Gole,38,1604427872,New,NULL,5,12-01-2026 19:35
2187,Jeevika Devan,48,6292854199,Referral,888,13,12-01-2026 19:35
2188,Vivaan Sundaram,39,653275486,New,NULL,4,12-01-2026 19:35
2189,Yashodhara Bedi,67,9653603387,New,NULL,14,12-01-2026 19:35
2190,Saumya Kalla,26,9596416410,Referral,291,13,12-01-2026 19:35
2191,Warda Das,41,9877249665,New,NULL,10,12-01-2026 19:35
2192,Manthan Samra,61,4006298802,New,NULL,6,12-01-2026 19:35
2193,Divya Srinivasan,31,6583604659,New,NULL,13,12-01-2026 19:35
2194,Oscar Krish,50,1602062656,New,NULL,5,12-01-2026 19:35
2195,Geetika Bawa,69,4053861214,New,NULL,3,12-01-2026 19:35
2196,Upma Lata,79,4411660695,New,NULL,7,12-01-2026 19:35
2197,Dhruv Dara,69,6163992425,New,NULL,15,12-01-2026 19:35
2198,Zaid Shanker,27,5222623742,New,NULL,8,12-01-2026 19:35
2199,Viraj Tak,52,5364772242,New,NULL,4,12-01-2026 19:35
2200,Onveer Panchal,64,7461575484,New,NULL,14,12-01-2026 19:35
2201,Krisha Randhawa,28,5875246898,New,NULL,5,12-01-2026 19:35
2202,Niharika Narula,56,2054381848,New,NULL,17,12-01-2026 19:35
2203,Joshua Manne,47,994096015,New,NULL,11,12-01-2026 19:35
2204,Ganga Sachdeva,32,4099723118,New,NULL,10,12-01-2026 19:35
2205,Adweta Sharma,18,461746944,New,NULL,17,12-01-2026 19:35
2206,Sarthak Sarin,59,4469740282,New,NULL,20,12-01-2026 19:35
2207,Raghav Karnik,31,8490075574,New,NULL,13,12-01-2026 19:35
2208,Gopal Reddy,35,3343642472,New,NULL,15,12-01-2026 19:35
2209,Chatura Mangal,70,1720992900,New,NULL,9,12-01-2026 19:35
2210,Chaitaly Taneja,31,7065649331,New,NULL,15,12-01-2026 19:35
2211,Shaurya Bora,76,4188082255,New,NULL,20,12-01-2026 19:35
2212,Jai Gara,45,1642637602,New,NULL,9,12-01-2026 19:35
2213,Ekanta Sani,44,8353830609,New,NULL,13,12-01-2026 19:35
2214,Ryan Uppal,72,9741160196,New,NULL,7,12-01-2026 19:35
2215,Wridesh Sankar,70,1535336684,New,NULL,15,12-01-2026 19:35
2216,Gaurika Thaman,39,3982818920,Referral,420,9,12-01-2026 19:35
2217,Advaith Apte,82,5186422059,New,NULL,13,12-01-2026 19:35
2218,Zansi Bandi,44,1320748911,Referral,906,11,12-01-2026 19:35
2219,Alexander Joshi,73,6091557092,New,NULL,5,12-01-2026 19:35
2220,Upadhriti Sharaf,31,4754989442,New,NULL,12,12-01-2026 19:35
2221,Liam Savant,72,9584107002,New,NULL,14,12-01-2026 19:35
2222,Gavin Sinha,46,9543470830,New,NULL,5,12-01-2026 19:35
2223,Adweta Kunda,61,3523096884,Referral,1441,17,12-01-2026 19:35
2224,Chaaya Hayer,36,667187952,New,NULL,5,12-01-2026 19:35
2225,Wahab Keer,82,2444962973,New,NULL,6,12-01-2026 19:35
2226,Nihal Chadha,67,3694504953,New,NULL,5,12-01-2026 19:35
2227,Jeet Subramaniam,73,878789981,Referral,852,4,12-01-2026 19:35
2228,Bakhshi Dey,42,2533726896,New,NULL,20,12-01-2026 19:35
2229,Rudra Bhattacharyya,73,2822222536,New,NULL,17,12-01-2026 19:35
2230,Falguni Mittal,30,9517522547,New,NULL,11,12-01-2026 19:35
2231,Samarth Banerjee,38,8102045200,New,NULL,12,12-01-2026 19:35
2232,Ojas Virk,20,6761316650,New,NULL,18,12-01-2026 19:35
2233,Tanmayi Handa,59,8787702645,New,NULL,19,12-01-2026 19:35
2234,Turvi Wadhwa,80,5448647996,New,NULL,12,12-01-2026 19:35
2235,Amrita Pandey,37,9501484924,New,NULL,2,12-01-2026 19:35
2236,Geetika Chana,36,4053611304,New,NULL,18,12-01-2026 19:35
2237,Isaiah Raj,74,1683046769,New,NULL,16,12-01-2026 19:35
2238,Gaurangi Brahmbhatt,52,2782823265,New,NULL,9,12-01-2026 19:35
2239,Vyanjana Naik,83,2027742154,New,NULL,1,12-01-2026 19:35
2240,Omisha Uppal,73,4137473513,New,NULL,10,12-01-2026 19:35
2241,Vedant Palla,21,2959430493,New,NULL,16,12-01-2026 19:35
2242,Panini Borde,20,2742627250,New,NULL,15,12-01-2026 19:35
2243,Ranveer Andra,40,190099120,New,NULL,12,12-01-2026 19:35
2244,Bahadurjit Bawa,37,3825272354,Referral,2180,2,12-01-2026 19:35
2245,Arunima Dara,41,3652765854,New,NULL,15,12-01-2026 19:35
2246,Patrick Morar,18,9173366151,New,NULL,6,12-01-2026 19:35
2247,Gautami Mital,57,6889153492,New,NULL,18,12-01-2026 19:35
2248,Yoshita Sarkar,59,1549281846,New,NULL,8,12-01-2026 19:35
2249,Eiravati Tara,84,3241112008,New,NULL,16,12-01-2026 19:35
2250,Rushil Batta,56,2047785749,Referral,360,11,12-01-2026 19:35
2251,Ekani Comar,20,5290451809,New,NULL,10,12-01-2026 19:35
2252,George Sharaf,23,209736059,New,NULL,2,12-01-2026 19:35
2253,Yashodhara Divan,46,7916321147,New,NULL,14,12-01-2026 19:35
2254,Chatresh Sarin,71,2599035487,New,NULL,3,12-01-2026 19:35
2255,Oni Bhalla,30,5758533329,New,NULL,3,12-01-2026 19:35
2256,Shivani Agarwal,23,899827660,New,NULL,3,12-01-2026 19:35
2257,Chanakya Kala,21,5070643174,New,NULL,1,12-01-2026 19:35
2258,Ayaan Krishnamurthy,77,5033970757,New,NULL,10,12-01-2026 19:35
2259,Raksha Jhaveri,77,5390910587,New,NULL,18,12-01-2026 19:35
2260,Zayan Khalsa,81,8550280193,New,NULL,9,12-01-2026 19:35
2261,Eiravati Gera,58,1760417181,New,NULL,11,12-01-2026 19:35
2262,Saanvi Nanda,59,6454880403,New,NULL,8,12-01-2026 19:35
2263,Nilima Radhakrishnan,43,2780753484,New,NULL,15,12-01-2026 19:35
2264,Laban Chandra,20,6291659048,New,NULL,16,12-01-2026 19:35
2265,Zilmil Chhabra,66,45282820,New,NULL,19,12-01-2026 19:35
2266,Upkaar Chaudhry,79,21529983,Referral,1457,10,12-01-2026 19:35
2267,Harini Sur,34,409448570,New,NULL,7,12-01-2026 19:35
2268,Odika Brar,30,6001295945,New,NULL,16,12-01-2026 19:35
2269,Isha Yohannan,54,7828781166,New,NULL,11,12-01-2026 19:35
2270,Anjali Naik,52,7676367606,New,NULL,16,12-01-2026 19:35
2271,Chavvi Garde,39,3852119826,New,NULL,17,12-01-2026 19:35
2272,Yauvani Khare,83,3561663750,Referral,162,12,12-01-2026 19:35
2273,Urmi Babu,43,8693376747,New,NULL,4,12-01-2026 19:35
2274,Vedhika Ram,20,874574281,New,NULL,18,12-01-2026 19:35
2275,Jatin Suri,85,4793828580,New,NULL,5,12-01-2026 19:35
2276,Maya Sem,52,1226262479,New,NULL,17,12-01-2026 19:35
2277,Xiti Muni,54,2877384813,New,NULL,9,12-01-2026 19:35
2278,Jasmit Sani,71,6906885598,New,NULL,15,12-01-2026 19:35
2279,Alexander Banik,84,4106995085,New,NULL,11,12-01-2026 19:35
2280,Patrick Jayaraman,83,1073002019,New,NULL,9,12-01-2026 19:35
2281,Chanakya Hayer,24,2758382759,New,NULL,13,12-01-2026 19:35
2282,Pratyush Kar,67,6958569791,New,NULL,3,12-01-2026 19:35
2283,Nicholas Hora,71,7154555790,New,NULL,15,12-01-2026 19:35
2284,Wakeeta Dayal,52,5470982940,New,NULL,13,12-01-2026 19:35
2285,Yasti Garg,67,387447535,New,NULL,18,12-01-2026 19:35
2286,Darpan Aggarwal,65,9989512703,New,NULL,15,12-01-2026 19:35
2287,Sneha Walia,49,9209690638,New,NULL,10,12-01-2026 19:35
2288,Raksha Varughese,65,3699360281,New,NULL,15,12-01-2026 19:35
2289,David Keer,80,8166026372,Referral,1158,12,12-01-2026 19:35
2290,Umang Nagi,68,121960075,New,NULL,1,12-01-2026 19:35
2291,Qabil Bava,51,747687373,New,NULL,7,12-01-2026 19:35
2292,Ubika Shan,38,7043310388,New,NULL,20,12-01-2026 19:35
2293,Gaurav Jain,25,5273762188,New,NULL,6,12-01-2026 19:35
2294,Utkarsh Saxena,70,1058024170,New,NULL,10,12-01-2026 19:35
2295,Dakshesh Samra,85,2882964438,New,NULL,5,12-01-2026 19:35
2296,Sathvik Kapur,23,3524018744,New,NULL,6,12-01-2026 19:35
2297,Geetika Bala,43,3235743927,New,NULL,15,12-01-2026 19:35
2298,Henry Contractor,57,4675764376,New,NULL,1,12-01-2026 19:35
2299,Chandani Oommen,21,4450385925,New,NULL,10,12-01-2026 19:35
2300,Sai Chopra,24,171997502,New,NULL,2,12-01-2026 19:35
2301,Dominic Bakshi,83,3801165567,New,NULL,1,12-01-2026 19:35
2302,Tristan Buch,29,4273349305,New,NULL,6,12-01-2026 19:35
2303,Hitesh Rout,74,7922069089,New,NULL,7,12-01-2026 19:35
2304,Anita Chhabra,51,9421762397,New,NULL,12,12-01-2026 19:35
2305,Madhavi Ben,18,8777455386,New,NULL,13,12-01-2026 19:35
2306,Falak Kata,72,3064350154,New,NULL,9,12-01-2026 19:35
2307,Devika Panchal,60,7071732943,New,NULL,14,12-01-2026 19:35
2308,Dakshesh Bera,57,7814394257,New,NULL,8,12-01-2026 19:35
2309,Chaitaly Mutti,62,5659535371,New,NULL,19,12-01-2026 19:35
2310,Jonathan Atwal,60,7649961387,New,NULL,19,12-01-2026 19:35
2311,Unni Murty,23,2174811590,New,NULL,10,12-01-2026 19:35
2312,Jyoti Tara,21,2646550306,New,NULL,16,12-01-2026 19:35
2313,Warhi Handa,65,4367544660,New,NULL,17,12-01-2026 19:35
2314,Urvi Sarma,36,313631283,New,NULL,13,12-01-2026 19:35
2315,Sudiksha Mukherjee,72,3326157177,New,NULL,3,12-01-2026 19:35
2316,Yug Borde,75,6289378796,New,NULL,13,12-01-2026 19:35
2317,Xiti Ganesan,83,9795395220,New,NULL,12,12-01-2026 19:35
2318,Qushi Bera,28,1096115419,New,NULL,18,12-01-2026 19:35
2319,Rohan Chhabra,71,5961634132,Referral,2171,18,12-01-2026 19:35
2320,Urishilla Vaidya,30,5068977685,Referral,1000,3,12-01-2026 19:35
2321,Hredhaan Vig,72,3763888801,New,NULL,8,12-01-2026 19:35
2322,Lipika Gala,36,1439507276,New,NULL,3,12-01-2026 19:35
2323,Veda Devan,76,2387011546,New,NULL,16,12-01-2026 19:35
2324,Bakhshi Kala,51,2749615273,New,NULL,3,12-01-2026 19:35
2325,Anvi Tara,30,3461214400,New,NULL,19,12-01-2026 19:35
2326,Logan Cheema,66,9647591637,Referral,1510,11,12-01-2026 19:35
2327,Michael Nadkarni,48,8698183182,New,NULL,8,12-01-2026 19:35
2328,Shivansh Deshmukh,69,8911538705,New,NULL,18,12-01-2026 19:35
2329,Maanav Hegde,41,8951415968,New,NULL,18,12-01-2026 19:35
2330,Daniel Parekh,85,105400055,New,NULL,5,12-01-2026 19:35
2331,Rohan Kant,58,7849361933,New,NULL,18,12-01-2026 19:35
2332,Lavanya Kale,60,6170731878,New,NULL,15,12-01-2026 19:35
2333,Ayush Sharma,22,5215662032,New,NULL,2,12-01-2026 19:35
2334,Raagini Chowdhury,59,2906357483,New,NULL,2,12-01-2026 19:35
2335,Pavani Vaidya,25,5054910621,New,NULL,14,12-01-2026 19:35
2336,Vamakshi Oommen,59,3957803660,New,NULL,19,12-01-2026 19:35
2337,Ishaan Hayre,79,8377074876,New,NULL,18,12-01-2026 19:35
2338,Ekani Choudhry,21,5903899343,New,NULL,3,12-01-2026 19:35
2339,Ojas Kapadia,82,1514245029,New,NULL,13,12-01-2026 19:35
2340,Sachi Morar,75,1769976037,New,NULL,11,12-01-2026 19:35
2341,Zaid Ram,27,6534124412,New,NULL,12,12-01-2026 19:35
2342,Manya Ranganathan,51,6955280546,New,NULL,3,12-01-2026 19:35
2343,Arya Vohra,33,2792046775,New,NULL,7,12-01-2026 19:35
2344,Jagdish Chopra,82,818865622,New,NULL,18,12-01-2026 19:35
2345,Yadavi Dube,57,8914177346,New,NULL,5,12-01-2026 19:35
2346,Veda Garde,50,4878669623,Referral,600,19,12-01-2026 19:35
2347,Yatan Buch,68,8002478066,New,NULL,5,12-01-2026 19:35
2348,Michael Kata,70,5835728615,Referral,863,17,12-01-2026 19:35
2349,Damini Dutt,60,6850433097,New,NULL,13,12-01-2026 19:35
2350,Damini Karpe,22,8021424825,New,NULL,8,12-01-2026 19:35
2351,Falak Sha,51,163978974,New,NULL,12,12-01-2026 19:35
2352,Lipika Nazareth,73,6026460746,New,NULL,6,12-01-2026 19:35
2353,Reva Kibe,59,525621802,New,NULL,13,12-01-2026 19:35
2354,Madhavi Nayar,20,2332517585,New,NULL,6,12-01-2026 19:35
2355,Guneet Kari,58,7456069780,New,NULL,1,12-01-2026 19:35
2356,Laksh Mannan,27,8845298722,Referral,1144,2,12-01-2026 19:35
2357,Harita Grewal,33,1473784790,New,NULL,17,12-01-2026 19:35
2358,Zayyan Sarma,46,7517055797,New,NULL,16,12-01-2026 19:35
2359,Harini Gole,69,5373819247,New,NULL,14,12-01-2026 19:35
2360,Champak Hora,83,2201589254,New,NULL,2,12-01-2026 19:35
2361,Samarth Bora,81,6535768773,New,NULL,20,12-01-2026 19:35
2362,Nikita Chopra,42,1455632157,New,NULL,18,12-01-2026 19:35
2363,Fariq Madan,54,2710879940,New,NULL,2,12-01-2026 19:35
2364,Nimrat Butala,46,1685313436,New,NULL,2,12-01-2026 19:35
2365,Wazir Chandra,51,4342087747,New,NULL,20,12-01-2026 19:35
2366,Ishaan Devan,45,6988151281,New,NULL,18,12-01-2026 19:35
2367,Frado Basak,45,1471105398,New,NULL,6,12-01-2026 19:35
2368,Gauri Mallick,30,6773084890,New,NULL,2,12-01-2026 19:35
2369,Tanvi Randhawa,67,1626430671,New,NULL,4,12-01-2026 19:35
2370,Leena Sani,25,336590771,New,NULL,17,12-01-2026 19:35
2371,Elijah Patla,30,1472559651,New,NULL,17,12-01-2026 19:35
2372,Faqid Mitter,79,182527509,New,NULL,19,12-01-2026 19:35
2373,Ekbal Srinivasan,78,9801396377,New,NULL,1,12-01-2026 19:35
2374,Ekani Seshadri,33,8977038175,New,NULL,16,12-01-2026 19:35
2375,Ethan Mutti,61,4144310179,New,NULL,5,12-01-2026 19:35
2376,Baghyawati Kunda,46,1524245958,New,NULL,12,12-01-2026 19:35
2377,Aarini Borra,73,3350507406,Referral,171,18,12-01-2026 19:35
2378,Parth Kapoor,20,6927312628,New,NULL,7,12-01-2026 19:35
2379,Fitan Chand,32,3938889648,New,NULL,5,12-01-2026 19:35
2380,Shravya Swaminathan,62,8324912722,New,NULL,8,12-01-2026 19:35
2381,Geetika Pai,83,5721654751,New,NULL,17,12-01-2026 19:35
2382,Jeremiah Sarna,65,7479399349,New,NULL,16,12-01-2026 19:35
2383,Dalaja Verma,60,6782439535,New,NULL,9,12-01-2026 19:35
2384,Rachit Kale,66,5019232509,New,NULL,2,12-01-2026 19:35
2385,Hemangini Saran,26,4595058471,New,NULL,13,12-01-2026 19:35
2386,Vaishnavi Palla,62,8133466534,New,NULL,10,12-01-2026 19:35
2387,Warda Bhardwaj,59,3999975088,New,NULL,20,12-01-2026 19:35
2388,Zansi Radhakrishnan,76,7904068994,New,NULL,13,12-01-2026 19:35
2389,Samuel Patla,63,6395964648,New,NULL,13,12-01-2026 19:35
2390,Krisha Palan,48,9962287891,New,NULL,20,12-01-2026 19:35
2391,Zarna Rana,83,3471151847,New,NULL,1,12-01-2026 19:35
2392,Vamakshi Ganesan,19,8274340037,Referral,1963,11,12-01-2026 19:35
2393,Saksham Wadhwa,41,6016130067,New,NULL,19,12-01-2026 19:35
2394,Gayathri Anne,38,1706716782,New,NULL,18,12-01-2026 19:35
2395,Vasudha Balan,84,8299247168,New,NULL,9,12-01-2026 19:35
2396,Yash Natt,80,6039017124,New,NULL,8,12-01-2026 19:35
2397,Zansi Naidu,76,4452683477,New,NULL,8,12-01-2026 19:35
2398,Abdul Kaur,27,4744742483,Referral,930,16,12-01-2026 19:35
2399,Gaurang Chowdhury,69,2669009879,New,NULL,20,12-01-2026 19:35
2400,Chakradev Pathak,22,3982285833,New,NULL,4,12-01-2026 19:35
2401,Yashodhara Borde,59,4842596651,New,NULL,19,12-01-2026 19:35
2402,Vasana Basak,21,2206212650,New,NULL,14,12-01-2026 19:35
2403,Kai Patla,32,7411189018,New,NULL,3,12-01-2026 19:35
2404,Sanaya Kapur,81,5096369877,New,NULL,7,12-01-2026 19:35
2405,Lohit Ravel,78,9417348414,New,NULL,3,12-01-2026 19:35
2406,Abdul Kapoor,49,9173724906,Referral,460,7,12-01-2026 19:35
2407,Dominic Nath,48,3329192105,New,NULL,9,12-01-2026 19:35
2408,Adya Khare,38,8145918780,New,NULL,2,12-01-2026 19:35
2409,Triya Atwal,27,7006417771,New,NULL,17,12-01-2026 19:35
2410,Bhavya Sahni,68,717418617,New,NULL,5,12-01-2026 19:35
2411,Krisha Sharma,57,5912594981,New,NULL,6,12-01-2026 19:35
2412,Urishilla Lad,31,14550757,Referral,1467,6,12-01-2026 19:35
2413,Bhavini Contractor,82,4908444468,New,NULL,9,12-01-2026 19:35
2414,Hemani Kale,53,443582826,New,NULL,10,12-01-2026 19:35
2415,Jyoti Balakrishnan,81,8960854881,New,NULL,7,12-01-2026 19:35
2416,Chavvi Chad,81,5509942255,New,NULL,13,12-01-2026 19:35
2417,Abhiram Vyas,78,2774583741,New,NULL,9,12-01-2026 19:35
2418,David Wason,33,9948782985,New,NULL,5,12-01-2026 19:35
2419,Falguni Chokshi,28,9462374154,New,NULL,9,12-01-2026 19:35
2420,Ekanta Mannan,69,1567098769,New,NULL,3,12-01-2026 19:35
2421,Ekta Patla,50,3653069783,New,NULL,7,12-01-2026 19:35
2422,Nilima Sarraf,32,818271401,New,NULL,1,12-01-2026 19:35
2423,Nidra Mane,65,5491603314,New,NULL,17,12-01-2026 19:35
2424,Quincy Anne,29,8064959831,New,NULL,9,12-01-2026 19:35
2425,Libni Dash,63,3481162185,New,NULL,18,12-01-2026 19:35
2426,Ekta Chana,78,5150975734,New,NULL,15,12-01-2026 19:35
2427,Zaitra Rana,32,5862049893,New,NULL,19,12-01-2026 19:35
2428,Suhani Bhargava,62,9752980892,New,NULL,12,12-01-2026 19:35
2429,Umang Biswas,30,6109796482,New,NULL,14,12-01-2026 19:35
2430,Isha Mital,84,463398993,New,NULL,3,12-01-2026 19:35
2431,Indali Kaur,71,4658305746,New,NULL,9,12-01-2026 19:35
2432,Lucky Contractor,56,4884283627,New,NULL,7,12-01-2026 19:35
2433,Ganga Kapoor,80,8273542578,New,NULL,16,12-01-2026 19:35
2434,Kavya Chacko,78,5238277892,New,NULL,11,12-01-2026 19:35
2435,Advay Trivedi,31,2795763249,New,NULL,3,12-01-2026 19:35
2436,Eta Kapur,61,4097381372,New,NULL,8,12-01-2026 19:35
2437,Kiaan Bhargava,51,580227826,New,NULL,2,12-01-2026 19:35
2438,Yamini Chand,26,7951944732,New,NULL,9,12-01-2026 19:35
2439,Pushti Gulati,56,6906458682,New,NULL,13,12-01-2026 19:35
2440,Niharika Chauhan,41,8629719265,New,NULL,7,12-01-2026 19:35
2441,Lajita Wagle,25,1681332006,New,NULL,18,12-01-2026 19:35
2442,Irya Bhakta,72,290254866,New,NULL,15,12-01-2026 19:35
2443,Balvan Pathak,47,9888570735,New,NULL,12,12-01-2026 19:35
2444,Gaurangi Dalal,59,5129199459,New,NULL,15,12-01-2026 19:35
2445,Urvi Kota,65,5922554143,New,NULL,20,12-01-2026 19:35
2446,Yahvi Lata,66,5047569956,Referral,603,3,12-01-2026 19:35
2447,Warjas Bail,55,4850238736,New,NULL,11,12-01-2026 19:35
2448,Imaran Saini,60,1685872853,Referral,760,9,12-01-2026 19:35
2449,Ayaan Dyal,55,9707205411,New,NULL,15,12-01-2026 19:35
2450,Vasana Arya,80,3080586921,New,NULL,6,12-01-2026 19:35
2451,Yochana Rastogi,20,6210226178,Referral,1398,6,12-01-2026 19:35
2452,Tanish Murty,26,3272142562,New,NULL,5,12-01-2026 19:35
2453,Manthan Prabhakar,85,743790087,New,NULL,15,12-01-2026 19:35
2454,Oliver Ganesh,27,355569745,New,NULL,18,12-01-2026 19:35
2455,Kabir Bhalla,64,422281226,Referral,2074,14,12-01-2026 19:35
2456,Raksha Chander,40,1200841089,New,NULL,1,12-01-2026 19:35
2457,Aarini Nazareth,29,8808855280,New,NULL,17,12-01-2026 19:35
2458,Luke Nayak,40,3407911562,New,NULL,5,12-01-2026 19:35
2459,Hemal Zacharia,73,8518747694,New,NULL,4,12-01-2026 19:35
2460,Dalaja Chaudhry,85,6916646669,New,NULL,2,12-01-2026 19:35
2461,Advay Madan,37,9534589967,Referral,1476,14,12-01-2026 19:35
2462,Wazir Mand,71,7375536516,New,NULL,1,12-01-2026 19:35
2463,Rayaan Mammen,63,2622013593,New,NULL,19,12-01-2026 19:35
2464,Yamini Lad,76,7348276868,New,NULL,18,12-01-2026 19:35
2465,Saanvi Kumar,19,2272854639,New,NULL,3,12-01-2026 19:35
2466,Ayaan Sami,60,2123704833,New,NULL,18,12-01-2026 19:35
2467,Laksh Sethi,35,3087327046,New,NULL,18,12-01-2026 19:35
2468,Aryan Parekh,83,1410237439,New,NULL,10,12-01-2026 19:35
2469,Anita Venkataraman,36,6869647087,New,NULL,8,12-01-2026 19:35
2470,Hamsini Kala,45,5289798594,New,NULL,1,12-01-2026 19:35
2471,Samar Choudhury,77,6879774886,New,NULL,11,12-01-2026 19:35
2472,Balvan Prakash,47,5343951723,New,NULL,20,12-01-2026 19:35
2473,Mugdha Sani,61,4425213318,New,NULL,14,12-01-2026 19:35
2474,Tamanna Babu,35,4647752625,New,NULL,6,12-01-2026 19:35
2475,Watika Dave,74,1225367121,New,NULL,19,12-01-2026 19:35
2476,Vrishti Gala,52,5723807736,New,NULL,5,12-01-2026 19:35
2477,Yamini Bhalla,30,6013080667,New,NULL,17,12-01-2026 19:35
2478,Sai Guha,56,3033810215,New,NULL,14,12-01-2026 19:35
2479,Aahana Chander,83,6266154351,New,NULL,16,12-01-2026 19:35
2480,Ridhi Goswami,57,9956611532,New,NULL,3,12-01-2026 19:35
2481,Anamika Arora,23,2323445320,New,NULL,18,12-01-2026 19:35
2482,Vasudha Tak,61,7856336161,New,NULL,10,12-01-2026 19:35
2483,Xiti Barad,49,466743911,New,NULL,17,12-01-2026 19:35
2484,Unni Bava,76,6723925895,New,NULL,14,12-01-2026 19:35
2485,Avni Dara,60,8662489503,New,NULL,16,12-01-2026 19:35
2486,Gagan Ray,29,5672099691,New,NULL,6,12-01-2026 19:35
2487,Widisha Chanda,51,3719422047,New,NULL,3,12-01-2026 19:35
2488,Aarnav Srinivas,82,814388238,New,NULL,16,12-01-2026 19:35
2489,Darika Sami,80,6520985027,New,NULL,18,12-01-2026 19:35
2490,Samaksh Ganesan,27,6884845772,New,NULL,5,12-01-2026 19:35
2491,Ojasvi Sachdeva,60,1813466050,New,NULL,15,12-01-2026 19:35
2492,Ekapad Lala,64,3650966448,New,NULL,15,12-01-2026 19:35
2493,Janani Bhasin,59,6271230653,New,NULL,4,12-01-2026 19:35
2494,Onkar Pathak,48,7283095808,New,NULL,1,12-01-2026 19:35
2495,Suhani Chaudhuri,38,2461632876,New,NULL,14,12-01-2026 19:35
2496,Abdul Mody,45,844259603,Referral,547,10,12-01-2026 19:35
2497,Caleb Radhakrishnan,34,4163489530,New,NULL,3,12-01-2026 19:35
2498,Xavier Brar,45,8071873761,New,NULL,3,12-01-2026 19:35
2499,Manthan Sharma,22,1913740896,New,NULL,6,12-01-2026 19:35
2500,Oviya Joshi,80,8467085335,New,NULL,14,12-01-2026 19:35
2501,Yashasvi Narasimhan,31,4071650347,New,NULL,1,12-01-2026 19:35
2502,Pallavi Grewal,31,9763924099,New,NULL,18,12-01-2026 19:35
2503,Amaira Bhagat,53,1977081021,New,NULL,4,12-01-2026 19:35
2504,Laban Bail,61,2625255058,New,NULL,3,12-01-2026 19:35
2505,Abeer Sankar,56,4160581745,New,NULL,9,12-01-2026 19:35
2506,Yashasvi Bora,55,4694057705,New,NULL,17,12-01-2026 19:35
2507,Guneet Zachariah,80,7505415817,New,NULL,9,12-01-2026 19:35
2508,Nidra Date,60,4168641380,New,NULL,6,12-01-2026 19:35
2509,Neelima Ganesh,59,6922419058,New,NULL,17,12-01-2026 19:35
2510,Panini Kumer,26,8617435532,New,NULL,13,12-01-2026 19:35
2511,Hemal Ram,61,1325065474,New,NULL,16,12-01-2026 19:35
2512,Aishani Konda,28,8825473619,New,NULL,20,12-01-2026 19:35
2513,Unni Sur,84,4109114786,New,NULL,4,12-01-2026 19:35
2514,Diya Kurian,42,9041566129,New,NULL,16,12-01-2026 19:35
2515,Ekta Tank,54,3278949934,Referral,1708,7,12-01-2026 19:35
2516,Ekantika Bora,41,9121963881,New,NULL,2,12-01-2026 19:35
2517,Henry Pandit,84,1450083863,New,NULL,13,12-01-2026 19:35
2518,Hamsini Bajwa,46,7665454590,Referral,675,18,12-01-2026 19:35
2519,Zansi Nagy,77,2799569950,New,NULL,10,12-01-2026 19:35
2520,Daniel Sarna,28,1364434281,New,NULL,6,12-01-2026 19:35
2521,Jairaj De,68,9601191764,New,NULL,13,12-01-2026 19:35
2522,Daniel Agrawal,49,9496802693,New,NULL,18,12-01-2026 19:35
2523,Devika Sekhon,56,4606792976,New,NULL,9,12-01-2026 19:35
2524,Balveer Varkey,67,3959476908,New,NULL,19,12-01-2026 19:35
2525,Urvi Doshi,28,5224843456,New,NULL,14,12-01-2026 19:35
2526,Udarsh Borah,73,8479264990,New,NULL,8,12-01-2026 19:35
2527,Aayush Sathe,84,451031641,New,NULL,9,12-01-2026 19:35
2528,Kiaan Brahmbhatt,50,3366120076,New,NULL,4,12-01-2026 19:35
2529,Praneel Ramaswamy,71,8352105600,New,NULL,20,12-01-2026 19:35
2530,Hemal Manne,83,993669684,New,NULL,17,12-01-2026 19:35
2531,Anjali Korpal,46,2408792673,Referral,1360,14,12-01-2026 19:35
2532,Radha Rama,55,425260766,New,NULL,17,12-01-2026 19:35
2533,Tanmayi Barad,48,8194154063,New,NULL,4,12-01-2026 19:35
2534,Omaja Pandya,26,3810077919,New,NULL,16,12-01-2026 19:35
2535,Vansha Goda,74,4810502421,New,NULL,4,12-01-2026 19:35
2536,Chatresh Kashyap,34,5511126674,New,NULL,10,12-01-2026 19:35
2537,Zaitra Sheth,35,1238763834,New,NULL,2,12-01-2026 19:35
2538,Maanas Nagar,19,3518746863,New,NULL,6,12-01-2026 19:35
2539,Vritti Mane,78,5335751885,New,NULL,12,12-01-2026 19:35
2540,Hema Sunder,25,5450310379,Referral,758,8,12-01-2026 19:35
2541,Osha Prashad,48,2235523243,New,NULL,15,12-01-2026 19:35
2542,Ryan Sharma,83,9693278282,Referral,999,14,12-01-2026 19:35
2543,Advaith Goel,82,6124483157,New,NULL,18,12-01-2026 19:35
2544,Chanchal Lad,19,6000324151,New,NULL,19,12-01-2026 19:35
2545,Maanav Chhabra,40,4210494786,Referral,2351,18,12-01-2026 19:35
2546,Robert Oommen,34,2932393998,Referral,2156,4,12-01-2026 19:35
2547,Upasna Lalla,78,2163106704,New,NULL,19,12-01-2026 19:35
2548,Aarnav Purohit,36,9996476974,Referral,1971,2,12-01-2026 19:35
2549,Chameli Palla,29,1830390376,Referral,1454,2,12-01-2026 19:35
2550,Isaiah Shan,59,3089103404,New,NULL,16,12-01-2026 19:35
2551,Faqid Bumb,80,2787989871,New,NULL,12,12-01-2026 19:35
2552,Rajeshri Sampath,30,8985215311,New,NULL,6,12-01-2026 19:35
2553,Wriddhish Sami,26,2938091079,New,NULL,2,12-01-2026 19:35
2554,Farhan Patel,26,2092794360,New,NULL,6,12-01-2026 19:35
2555,Elijah Gole,50,7978431253,New,NULL,12,12-01-2026 19:35
2556,Krisha Devan,52,3385174685,New,NULL,20,12-01-2026 19:35
2557,Ekani Amble,41,7371436073,New,NULL,9,12-01-2026 19:35
2558,Vincent Ravel,61,5217659065,New,NULL,17,12-01-2026 19:35
2559,Lila Garde,28,4430397940,New,NULL,5,12-01-2026 19:35
2560,Joshua Mane,27,2768681671,Referral,128,1,12-01-2026 19:35
2561,Vrishti Bava,69,4035582553,New,NULL,10,12-01-2026 19:35
2562,Indrajit Badal,74,2127713024,New,NULL,9,12-01-2026 19:35
2563,Ekansh Bains,38,2702129205,New,NULL,20,12-01-2026 19:35
2564,Chakradev Mann,26,4789096814,New,NULL,18,12-01-2026 19:35
2565,Jeet Sami,22,31523577,New,NULL,7,12-01-2026 19:35
2566,Atharv Patla,23,4624438939,New,NULL,4,12-01-2026 19:35
2567,Jeevika Bhatia,35,8223122286,New,NULL,19,12-01-2026 19:35
2568,Leena Jayaraman,76,9220016933,Referral,740,9,12-01-2026 19:35
2569,Ekansh Naidu,18,2048197926,New,NULL,16,12-01-2026 19:35
2570,Akshay Tiwari,60,8771806999,New,NULL,16,12-01-2026 19:35
2571,Libni Raval,55,8420197439,New,NULL,4,12-01-2026 19:35
2572,Leela Thaker,29,4396476631,New,NULL,15,12-01-2026 19:35
2573,Yachana Keer,55,2192917898,New,NULL,16,12-01-2026 19:35
2574,Rajata Sawhney,19,2721221394,Referral,1110,20,12-01-2026 19:35
2575,Kiaan Baria,76,6960207246,New,NULL,19,12-01-2026 19:35
2576,Yagnesh Batta,83,4799369614,New,NULL,15,12-01-2026 19:35
2577,Baghyawati Rattan,62,4285280445,Referral,1168,4,12-01-2026 19:35
2578,Ijaya Nayar,30,2739386151,New,NULL,20,12-01-2026 19:35
2579,Joshua Aurora,40,9577067986,New,NULL,19,12-01-2026 19:35
2580,Krish Khare,47,7706897502,New,NULL,5,12-01-2026 19:35
2581,Omkaar Dave,81,6364676835,Referral,893,1,12-01-2026 19:35
2582,Samar Bedi,36,8303437507,New,NULL,16,12-01-2026 19:35
2583,Bishakha Kurian,85,1151311645,New,NULL,9,12-01-2026 19:35
2584,Dakshesh Shere,81,3000443200,New,NULL,12,12-01-2026 19:35
2585,Kamala Dayal,85,3765243418,New,NULL,10,12-01-2026 19:35
2586,Ryan Chadha,31,9373344482,New,NULL,2,12-01-2026 19:35
2587,Aarini Mistry,81,3701927769,New,NULL,1,12-01-2026 19:35
2588,Fitan Varma,22,6254549994,New,NULL,18,12-01-2026 19:35
2589,Chanakya Garg,66,4300880347,New,NULL,10,12-01-2026 19:35
2590,Baljiwan Chokshi,68,1503697749,New,NULL,19,12-01-2026 19:35
2591,Mohammed Rao,63,1869872399,New,NULL,2,12-01-2026 19:35
2592,Osha Sanghvi,39,1785050831,New,NULL,20,12-01-2026 19:35
2593,Kashvi Maharaj,67,4464185807,New,NULL,17,12-01-2026 19:35
2594,Ojasvi Mahajan,37,6160339080,New,NULL,14,12-01-2026 19:35
2595,Nilima Tiwari,68,8127254902,New,NULL,7,12-01-2026 19:35
2596,Akshay Kashyap,45,2819115780,New,NULL,8,12-01-2026 19:35
2597,Vincent Bajwa,65,2460649841,New,NULL,19,12-01-2026 19:35
2598,Anirudh Chauhan,50,8589032209,New,NULL,18,12-01-2026 19:35
2599,Aachal Kothari,57,6615933879,New,NULL,5,12-01-2026 19:35
2600,Tripti Barad,39,9981048911,New,NULL,12,12-01-2026 19:35
2601,Ekbal Bhatia,47,3132773838,New,NULL,14,12-01-2026 19:35
2602,Kala Narula,22,7485820434,New,NULL,8,12-01-2026 19:35
2603,Damini Nagi,74,3948249761,New,NULL,3,12-01-2026 19:35
2604,Lucky Mane,52,8813928949,New,NULL,16,12-01-2026 19:35
2605,Yashica Arya,49,6795684930,New,NULL,17,12-01-2026 19:35
2606,Niharika Vaidya,85,327160507,Referral,2403,3,12-01-2026 19:35
2607,Amara Nadkarni,70,9422269275,New,NULL,19,12-01-2026 19:35
2608,Diya Guha,50,2494357430,New,NULL,4,12-01-2026 19:35
2609,Chanchal Pandey,29,2094434209,Referral,1711,6,12-01-2026 19:35
2610,Gopal Sastry,58,5387335626,New,NULL,20,12-01-2026 19:35
2611,Jagat Tata,62,8946795982,New,NULL,17,12-01-2026 19:35
2612,Tejas Basu,55,9605413647,New,NULL,4,12-01-2026 19:35
2613,William Gola,27,3443137526,New,NULL,2,12-01-2026 19:35
2614,Qabil Shetty,23,3688599225,New,NULL,17,12-01-2026 19:35
2615,Balendra Bora,57,8299688219,New,NULL,8,12-01-2026 19:35
2616,Arin Badal,38,276938117,New,NULL,18,12-01-2026 19:35
2617,Ekani Subramanian,47,8357675234,New,NULL,20,12-01-2026 19:35
2618,Yug Kamdar,53,457920271,New,NULL,3,12-01-2026 19:35
2619,Suhani Munshi,66,782583299,New,NULL,10,12-01-2026 19:35
2620,Mason Bajaj,59,4707388459,New,NULL,20,12-01-2026 19:35
2621,Yatin Bahri,50,1244940486,New,NULL,6,12-01-2026 19:35
2622,Hamsini Setty,62,405333418,Referral,1978,10,12-01-2026 19:35
2623,Samarth Konda,30,2614486897,New,NULL,4,12-01-2026 19:35
2624,Arjun Sha,33,4567195866,New,NULL,3,12-01-2026 19:35
2625,Wazir Bir,40,2261345040,New,NULL,9,12-01-2026 19:35
2626,Hredhaan Butala,46,8120668691,New,NULL,14,12-01-2026 19:35
2627,Indrajit Venkatesh,31,2212768060,New,NULL,8,12-01-2026 19:35
2628,Daksha Basak,70,5943877740,New,NULL,6,12-01-2026 19:35
2629,Chaman Mitra,47,4980203586,New,NULL,17,12-01-2026 19:35
2630,Netra Soman,29,6180149042,New,NULL,3,12-01-2026 19:35
2631,Theodore Gour,51,8853239675,New,NULL,3,12-01-2026 19:35
2632,Advay Shroff,23,4659596548,New,NULL,2,12-01-2026 19:35
2633,Aryan Saxena,29,8785236655,New,NULL,11,12-01-2026 19:35
2634,Vansha Baral,66,3328987273,New,NULL,5,12-01-2026 19:35
2635,Ekantika Shere,60,1963103023,New,NULL,15,12-01-2026 19:35
2636,Qushi Balasubramanian,74,22772714,New,NULL,16,12-01-2026 19:35
2637,Hemangini Samra,19,2772651304,New,NULL,18,12-01-2026 19:35
2638,Mohammed Chandran,46,4485505049,Referral,2532,15,12-01-2026 19:35
2639,Hemang Sandal,53,5695900300,New,NULL,4,12-01-2026 19:35
2640,Mitesh Sarna,82,5079710446,New,NULL,14,12-01-2026 19:35
2641,Vedant Sampath,33,2449125391,New,NULL,5,12-01-2026 19:35
2642,Udant Agate,61,4742750618,New,NULL,1,12-01-2026 19:35
2643,Ishani Tiwari,52,1254401255,Referral,1437,11,12-01-2026 19:35
2644,Garima Tak,45,5640376934,New,NULL,19,12-01-2026 19:35
2645,Lopa Upadhyay,22,1666817577,New,NULL,15,12-01-2026 19:35
2646,Bhavya Ranganathan,33,4420510807,New,NULL,9,12-01-2026 19:35
2647,Yash Barad,33,6857460035,New,NULL,16,12-01-2026 19:35
2648,Arjun Lal,72,6430047910,New,NULL,5,12-01-2026 19:35
2649,Aarush Bhalla,37,345208795,New,NULL,4,12-01-2026 19:35
2650,Abhimanyu Johal,26,5625972778,New,NULL,4,12-01-2026 19:35
2651,Yamini Ramesh,29,1096018497,New,NULL,12,12-01-2026 19:35
2652,Garima Varma,45,8621968286,New,NULL,15,12-01-2026 19:35
2653,Tristan Gala,38,9456116321,New,NULL,1,12-01-2026 19:35
2654,Aadi Kota,54,919453749,New,NULL,3,12-01-2026 19:35
2655,Ekaraj Rai,31,7210630399,New,NULL,9,12-01-2026 19:35
2656,Nandini Khatri,75,5236138879,New,NULL,12,12-01-2026 19:35
2657,Wahab Shroff,56,2546090852,New,NULL,15,12-01-2026 19:35
2658,Krisha Sarma,44,8731868142,New,NULL,9,12-01-2026 19:35
2659,Siddharth Dutta,74,5602166192,New,NULL,14,12-01-2026 19:35
2660,Bhanumati Badal,35,4744556071,New,NULL,8,12-01-2026 19:35
2661,Aadi Chacko,32,6536745660,New,NULL,11,12-01-2026 19:35
2662,Udyati Thakur,30,9991632918,New,NULL,13,12-01-2026 19:35
2663,Darsh Sarin,76,158981853,New,NULL,12,12-01-2026 19:35
2664,Kala Varughese,52,943599366,New,NULL,6,12-01-2026 19:35
2665,Gautam Taneja,49,2734484747,New,NULL,12,12-01-2026 19:35
2666,Vasatika Sankar,66,4381120888,New,NULL,14,12-01-2026 19:35
2667,Bimala Toor,57,4572758867,New,NULL,19,12-01-2026 19:35
2668,Faraj Pingle,43,727231596,New,NULL,19,12-01-2026 19:35
2669,Eiravati Korpal,29,6664713359,New,NULL,10,12-01-2026 19:35
2670,Omaja Bassi,65,4740118986,New,NULL,1,12-01-2026 19:35
2671,Aishani Shah,42,680581584,New,NULL,19,12-01-2026 19:35
2672,Radhika Puri,84,2917508589,New,NULL,12,12-01-2026 19:35
2673,Mekhala Dixit,52,7547696629,New,NULL,9,12-01-2026 19:35
2674,Odika Chana,70,3080010963,Referral,40,1,12-01-2026 19:35
2675,Aadi Puri,39,7654965570,New,NULL,13,12-01-2026 19:35
2676,Nakul Wagle,81,5837436930,New,NULL,13,12-01-2026 19:35
2677,Zayyan Sankaran,31,3877683119,New,NULL,9,12-01-2026 19:35
2678,Tanmayi Oza,66,8325711658,New,NULL,9,12-01-2026 19:35
2679,Aadi Memon,25,3034149774,New,NULL,16,12-01-2026 19:35
2680,Alka Bassi,31,5755407446,New,NULL,16,12-01-2026 19:35
2681,Darika Agrawal,20,9757362232,New,NULL,16,12-01-2026 19:35
2682,Ojas Chopra,20,9310874797,Referral,1498,5,12-01-2026 19:35
2683,Andrew Grover,18,1266796817,New,NULL,12,12-01-2026 19:35
2684,Ikshita Sharma,85,8987425275,New,NULL,1,12-01-2026 19:35
2685,Oni Pandey,43,6902642395,New,NULL,14,12-01-2026 19:35
2686,Owen Halder,39,9109681244,New,NULL,11,12-01-2026 19:35
2687,Girish DÔÇÖAlia,37,1363511887,New,NULL,6,12-01-2026 19:35
2688,Rachana Dewan,30,5485095950,New,NULL,10,12-01-2026 19:35
2689,Yashasvi Dewan,25,8196223431,New,NULL,18,12-01-2026 19:35
2690,Ansh Aggarwal,33,9315485821,New,NULL,20,12-01-2026 19:35
2691,Pavani Kala,26,7846276267,New,NULL,5,12-01-2026 19:35
2692,Rushil Lad,79,1862003289,New,NULL,3,12-01-2026 19:35
2693,Pratyush Kala,62,6272015618,New,NULL,12,12-01-2026 19:35
2694,Odika Seshadri,48,2045935272,New,NULL,2,12-01-2026 19:35
2695,Triya Natt,28,1794277504,New,NULL,15,12-01-2026 19:35
2696,Veda Sahni,27,7019294738,New,NULL,1,12-01-2026 19:35
2697,Siya Badal,36,6130188844,Referral,1279,1,12-01-2026 19:35
2698,Jack Sangha,21,2040549912,Referral,1100,3,12-01-2026 19:35
2699,Baghyawati Mahal,59,7547453568,New,NULL,18,12-01-2026 19:35
2700,Samarth Bhattacharyya,39,9785051916,Referral,569,20,12-01-2026 19:35
2701,Wakeeta Pau,43,8351437250,New,NULL,4,12-01-2026 19:35
2702,Oliver Chaudry,27,6774743592,New,NULL,15,12-01-2026 19:35
2703,Triya Nayak,66,8657916407,New,NULL,8,12-01-2026 19:35
2704,Qadim Sani,63,6305985266,New,NULL,17,12-01-2026 19:35
2705,Geetika Singhal,82,2468386007,New,NULL,19,12-01-2026 19:35
2706,Kavya Goel,85,3688389087,New,NULL,4,12-01-2026 19:35
2707,Chatresh Narain,40,3683130815,New,NULL,6,12-01-2026 19:35
2708,Pooja Chand,74,1956019352,New,NULL,19,12-01-2026 19:35
2709,Chandresh Wali,48,9182548334,New,NULL,13,12-01-2026 19:35
2710,Warhi Varkey,47,51451744,New,NULL,1,12-01-2026 19:35
2711,Xiti Mander,37,2943916529,New,NULL,6,12-01-2026 19:35
2712,Gagan Khare,34,9001635452,New,NULL,17,12-01-2026 19:35
2713,Aayush Raju,22,227610961,New,NULL,12,12-01-2026 19:35
2714,Bachittar Sunder,77,5109107534,New,NULL,5,12-01-2026 19:35
2715,Mohini Om,77,3523506580,New,NULL,15,12-01-2026 19:35
2716,Dakshesh Butala,21,6018616739,New,NULL,3,12-01-2026 19:35
2717,Sara Majumdar,77,6150827828,New,NULL,1,12-01-2026 19:35
2718,Nathaniel Bava,70,4775050222,New,NULL,17,12-01-2026 19:35
2719,Nihal Sandal,37,1130683495,New,NULL,2,12-01-2026 19:35
2720,Arya Dara,19,5103741818,New,NULL,15,12-01-2026 19:35
2721,Vanya Chandran,43,3396360007,New,NULL,12,12-01-2026 19:35
2722,Darpan Goyal,20,5686764991,New,NULL,7,12-01-2026 19:35
2723,Tanmayi Ratti,41,50108775,New,NULL,16,12-01-2026 19:35
2724,Advay Ramaswamy,85,6782006731,New,NULL,10,12-01-2026 19:35
2725,Hitesh Bath,23,6271047874,Referral,1737,16,12-01-2026 19:35
2726,Jacob Gade,50,3087508015,New,NULL,16,12-01-2026 19:35
2727,Fitan Murty,50,3555635597,New,NULL,13,12-01-2026 19:35
2728,Harini Bansal,39,4256609360,New,NULL,15,12-01-2026 19:35
2729,Ekani Contractor,75,9702849317,New,NULL,10,12-01-2026 19:35
2730,Divya Sankar,77,5541385077,New,NULL,4,12-01-2026 19:35
2731,Upasna Khanna,33,1253392063,New,NULL,7,12-01-2026 19:35
2732,Gunbir Jain,25,4069487571,New,NULL,5,12-01-2026 19:35
2733,Jeet Bedi,36,6464516465,New,NULL,20,12-01-2026 19:35
2734,Mason Sabharwal,25,4502937517,New,NULL,4,12-01-2026 19:35
2735,Aarini Bhargava,20,7974978278,New,NULL,5,12-01-2026 19:35
2736,Tanvi Andra,73,4954921089,New,NULL,19,12-01-2026 19:35
2737,Charles Swamy,60,396503263,New,NULL,20,12-01-2026 19:35
2738,Azad De,26,6538297730,New,NULL,2,12-01-2026 19:35
2739,Abeer Sabharwal,18,633534685,New,NULL,8,12-01-2026 19:35
2740,Nimrat Manda,54,4823797685,New,NULL,2,12-01-2026 19:35
2741,Maanav More,72,9717123485,New,NULL,14,12-01-2026 19:35
2742,Meera Mangat,23,268834247,New,NULL,12,12-01-2026 19:35
2743,Anamika Andra,39,343013090,New,NULL,4,12-01-2026 19:35
2744,Bahadurjit Dey,75,196943234,New,NULL,4,12-01-2026 19:35
2745,Sachi Ahuja,64,5225193811,New,NULL,4,12-01-2026 19:35
2746,Divya Vyas,26,7033223525,New,NULL,11,12-01-2026 19:35
2747,Qarin Patil,55,9720176848,New,NULL,10,12-01-2026 19:35
2748,Owen Natt,60,5978075743,New,NULL,8,12-01-2026 19:35
2749,Ganga Ram,73,5301153217,New,NULL,2,12-01-2026 19:35
2750,Vasudha Mahal,72,4172253519,New,NULL,9,12-01-2026 19:35
2751,Vinaya Banik,29,911308600,New,NULL,5,12-01-2026 19:35
2752,Pranit Sanghvi,48,4534885038,New,NULL,9,12-01-2026 19:35
2753,Odika Agrawal,65,6343990073,New,NULL,15,12-01-2026 19:35
2754,Nihal Sahota,37,256369155,New,NULL,10,12-01-2026 19:35
2755,Samarth Dhawan,69,9496300887,New,NULL,11,12-01-2026 19:35
2756,Devansh Bumb,21,3108803743,New,NULL,19,12-01-2026 19:35
2757,Ansh Warrior,46,9684447879,New,NULL,8,12-01-2026 19:35
2758,Rachit Venkataraman,46,5489605676,New,NULL,3,12-01-2026 19:35
2759,Oscar Koshy,62,4204658359,New,NULL,17,12-01-2026 19:35
2760,Krishna Roy,42,8144074149,New,NULL,5,12-01-2026 19:35
2761,Tejas Hayer,74,3044418347,New,NULL,9,12-01-2026 19:35
2762,Leena Prashad,74,1368729021,New,NULL,18,12-01-2026 19:35
2763,Yashawini Sant,68,3287587833,New,NULL,7,12-01-2026 19:35
2764,Chakradev Das,62,3541300349,New,NULL,10,12-01-2026 19:35
2765,Krish Dhingra,70,8779524068,Referral,2344,4,12-01-2026 19:35
2766,Waida Goyal,20,5560319909,New,NULL,4,12-01-2026 19:35
2767,Anya Jhaveri,68,1755448602,New,NULL,5,12-01-2026 19:35
2768,Amruta Dar,33,50876522,New,NULL,4,12-01-2026 19:35
2769,Keya Parikh,74,9649803904,New,NULL,3,12-01-2026 19:35
2770,Bina Chakraborty,42,848427134,New,NULL,13,12-01-2026 19:35
2771,Charvi Mishra,42,9413811102,New,NULL,20,12-01-2026 19:35
2772,Naveen Khalsa,22,4118496965,New,NULL,16,12-01-2026 19:35
2773,Manbir Bora,40,5243734121,New,NULL,5,12-01-2026 19:35
2774,Damyanti Misra,69,835120082,New,NULL,8,12-01-2026 19:35
2775,Azad Keer,35,8524839412,New,NULL,20,12-01-2026 19:35
2776,Leena Khosla,76,2096835768,New,NULL,4,12-01-2026 19:35
2777,Balendra Krishnan,47,5359543695,New,NULL,1,12-01-2026 19:35
2778,Abeer Sahota,61,6732477987,New,NULL,9,12-01-2026 19:35
2779,Andrew Dara,54,8868074287,New,NULL,11,12-01-2026 19:35
2780,Vansha Jha,76,892982959,New,NULL,9,12-01-2026 19:35
2781,Bimala Dhar,37,6929448811,New,NULL,15,12-01-2026 19:35
2782,Raagini Narasimhan,75,3423065523,Referral,1279,17,12-01-2026 19:35
2783,Wriddhish Badami,51,1925073305,New,NULL,7,12-01-2026 19:35
2784,Triveni Dutt,26,9139760874,Referral,294,11,12-01-2026 19:35
2785,Triveni Sharaf,29,1339847017,Referral,2539,18,12-01-2026 19:35
2786,Daksha Rege,34,1074070996,Referral,2063,11,12-01-2026 19:35
2787,Oscar Tara,24,4023719280,New,NULL,18,12-01-2026 19:35
2788,Januja Choudhry,71,6573278619,New,NULL,7,12-01-2026 19:35
2789,Hema Pandey,35,9039600889,New,NULL,18,12-01-2026 19:35
2790,Amaira Manne,76,748508474,New,NULL,16,12-01-2026 19:35
2791,Mekhala Chaudhry,58,2690707300,New,NULL,1,12-01-2026 19:35
2792,William Murthy,25,4311209929,New,NULL,16,12-01-2026 19:35
2793,Tara Babu,18,5003939857,New,NULL,4,12-01-2026 19:35
2794,Yahvi Srinivasan,45,2164012867,New,NULL,6,12-01-2026 19:35
2795,Gautami Dubey,66,5221817687,New,NULL,6,12-01-2026 19:35
2796,Harrison Bir,25,9537214356,Referral,1612,11,12-01-2026 19:35
2797,Dominic Bala,31,3808106354,New,NULL,12,12-01-2026 19:35
2798,Gaurav Gour,45,3176904686,New,NULL,11,12-01-2026 19:35
2799,Ranveer Date,24,4815247398,New,NULL,7,12-01-2026 19:35
2800,Aahana Pal,20,5072125898,New,NULL,8,12-01-2026 19:35
2801,Kai Gera,38,1035829483,New,NULL,11,12-01-2026 19:35
2802,Anusha Mander,43,7401344996,New,NULL,14,12-01-2026 19:35
2803,Maanas Rana,53,3319718192,New,NULL,15,12-01-2026 19:35
2804,Jairaj Bhakta,32,5251578902,New,NULL,18,12-01-2026 19:35
2805,Hemang Nayak,67,592383439,New,NULL,5,12-01-2026 19:35
2806,Fariq Sachdev,72,8603960141,Referral,133,12,12-01-2026 19:35
2807,Gautam Biswas,55,6527805648,New,NULL,1,12-01-2026 19:35
2808,Rachana Khatri,80,1116583581,Referral,947,13,12-01-2026 19:35
2809,Orinder Sankaran,55,4379917915,New,NULL,10,12-01-2026 19:35
2810,Yoshita Narang,53,9801756787,New,NULL,16,12-01-2026 19:35
2811,Anirudh Ahluwalia,64,4841076604,New,NULL,11,12-01-2026 19:35
2812,Jalsa Naidu,56,6913119550,Referral,2456,14,12-01-2026 19:35
2813,Damini Kale,81,9655883186,New,NULL,6,12-01-2026 19:35
2814,Jagdish Kata,56,6179088106,New,NULL,14,12-01-2026 19:35
2815,Triya Gulati,29,7459102014,New,NULL,5,12-01-2026 19:35
2816,David Lad,57,3017652019,New,NULL,12,12-01-2026 19:35
2817,Saanvi Mishra,31,6811750541,New,NULL,20,12-01-2026 19:35
2818,Ojasvi Sridhar,68,9082294460,New,NULL,5,12-01-2026 19:35
2819,Aradhana Gera,35,2265276453,New,NULL,1,12-01-2026 19:35
2820,Ranveer Ray,34,8947189061,New,NULL,13,12-01-2026 19:35
2821,Ikbal Bandi,26,6383106909,New,NULL,12,12-01-2026 19:35
2822,Banjeet Kamdar,75,8996211508,New,NULL,9,12-01-2026 19:35
2823,Hredhaan Choudhury,54,9267590939,New,NULL,15,12-01-2026 19:35
2824,Tamanna Vig,26,4300758568,New,NULL,6,12-01-2026 19:35
2825,Ojas Chauhan,71,9349302577,New,NULL,12,12-01-2026 19:35
2826,Harini Sodhi,64,3509032529,New,NULL,18,12-01-2026 19:35
2827,Harshil Magar,38,1129161654,New,NULL,10,12-01-2026 19:35
2828,Orinder Wagle,60,2119639618,New,NULL,19,12-01-2026 19:35
2829,Lakshit Sandhu,40,4747752564,New,NULL,2,12-01-2026 19:35
2830,Hitesh Hari,69,1841425579,New,NULL,5,12-01-2026 19:35
2831,Jeremiah Sinha,79,3576915306,New,NULL,4,12-01-2026 19:35
2832,Bahadurjit Chada,68,5527647555,Referral,347,5,12-01-2026 19:35
2833,Ucchal Tailor,26,7005540909,New,NULL,6,12-01-2026 19:35
2834,Anamika Bal,61,6764165211,New,NULL,17,12-01-2026 19:35
2835,Onkar Natarajan,83,9739465247,New,NULL,14,12-01-2026 19:35
2836,Yashodhara Chawla,47,546086233,New,NULL,6,12-01-2026 19:35
2837,Ekiya Prashad,62,1861776613,New,NULL,3,12-01-2026 19:35
2838,Viraj Mahajan,55,6914954366,New,NULL,6,12-01-2026 19:35
2839,Harita Rajan,77,9723473544,New,NULL,18,12-01-2026 19:35
2840,Vrinda Zacharia,51,6289910692,New,NULL,20,12-01-2026 19:35
2841,Chanakya Bajaj,20,9799985678,New,NULL,19,12-01-2026 19:35
2842,Panini Nair,34,1777283722,New,NULL,12,12-01-2026 19:35
2843,Veda Goel,22,3408520689,New,NULL,19,12-01-2026 19:35
2844,Osha Seth,79,7916429703,New,NULL,14,12-01-2026 19:35
2845,Faras Dara,54,4950313441,New,NULL,7,12-01-2026 19:35
2846,Atharv Maharaj,79,5039934170,New,NULL,14,12-01-2026 19:35
2847,Bhavika Puri,38,1952975693,New,NULL,2,12-01-2026 19:35
2848,Samarth Chander,19,4910106007,New,NULL,19,12-01-2026 19:35
2849,Ansh Minhas,48,1955475707,Referral,753,2,12-01-2026 19:35
2850,Tanveer Bobal,56,7828173918,Referral,2780,11,12-01-2026 19:35
2851,Siddharth Krishnamurthy,42,4284295640,New,NULL,4,12-01-2026 19:35
2852,Ranbir Radhakrishnan,76,3066059666,New,NULL,14,12-01-2026 19:35
2853,Manya Hegde,69,302823796,New,NULL,10,12-01-2026 19:35
2854,Lopa Mand,67,4325193841,New,NULL,1,12-01-2026 19:35
2855,Ladli Lal,50,1872942282,New,NULL,18,12-01-2026 19:35
2856,Advika Tandon,66,9076184639,New,NULL,19,12-01-2026 19:35
2857,Rajeshri Warrior,20,9133443162,New,NULL,6,12-01-2026 19:35
2858,Zinal Karnik,78,3561717965,New,NULL,18,12-01-2026 19:35
2859,Om Chana,55,5358184161,New,NULL,9,12-01-2026 19:35
2860,Pranit Murty,82,1584175045,New,NULL,1,12-01-2026 19:35
2861,Amruta Jha,23,4282825230,Referral,1072,8,12-01-2026 19:35
2862,Oni Palan,27,1098790386,Referral,35,13,12-01-2026 19:35
2863,Harini Sen,83,2223666257,Referral,1745,9,12-01-2026 19:35
2864,Ekanta Sant,54,6600683968,New,NULL,11,12-01-2026 19:35
2865,Advik Dewan,82,7997650182,New,NULL,6,12-01-2026 19:35
2866,Balvan Samra,43,39241869,New,NULL,14,12-01-2026 19:35
2867,Sanaya Sabharwal,62,2750293542,New,NULL,14,12-01-2026 19:35
2868,Yash Pingle,30,5592259974,New,NULL,4,12-01-2026 19:35
2869,Wyatt Sami,51,7804433210,New,NULL,6,12-01-2026 19:35
2870,Naksh Karnik,28,710166718,Referral,1214,6,12-01-2026 19:35
2871,Kashvi Behl,81,5257761240,Referral,1591,1,12-01-2026 19:35
2872,Oviya Srinivasan,25,3180903333,New,NULL,16,12-01-2026 19:35
2873,Janya Garg,36,6464564234,New,NULL,12,12-01-2026 19:35
2874,Oscar Rana,60,9724337657,New,NULL,7,12-01-2026 19:35
2875,Chandresh Krishnan,34,2454935770,New,NULL,6,12-01-2026 19:35
2876,Aarna Dada,82,6547617036,New,NULL,6,12-01-2026 19:35
2877,Anita Chad,22,5417083367,New,NULL,12,12-01-2026 19:35
2878,Advaith Lal,29,3488690727,New,NULL,2,12-01-2026 19:35
2879,Hamsini Solanki,41,5130794916,New,NULL,20,12-01-2026 19:35
2880,Dalbir Maharaj,63,8402173294,New,NULL,20,12-01-2026 19:35
2881,Agastya Reddy,62,230651486,New,NULL,18,12-01-2026 19:35
2882,Omkaar Banerjee,60,2108993704,New,NULL,4,12-01-2026 19:35
2883,Isaiah Bhalla,49,8651754686,New,NULL,7,12-01-2026 19:35
2884,Edhitha Tella,49,1827429055,New,NULL,14,12-01-2026 19:35
2885,Brinda Majumdar,71,6649563347,New,NULL,12,12-01-2026 19:35
2886,Gaurika Lanka,39,2627005896,New,NULL,2,12-01-2026 19:35
2887,Anusha Dube,76,5116542614,New,NULL,3,12-01-2026 19:35
2888,Robert Bhat,68,9475051142,New,NULL,13,12-01-2026 19:35
2889,Pavani Muni,41,931215972,New,NULL,18,12-01-2026 19:35
2890,Frado Venkatesh,71,2148213096,New,NULL,10,12-01-2026 19:35
2891,Raagini Ratti,42,4126484486,New,NULL,11,12-01-2026 19:35
2892,Gaurang Mani,35,6711779349,Referral,1593,15,12-01-2026 19:35
2893,Abeer Dhawan,51,4107671560,New,NULL,2,12-01-2026 19:35
2894,Shravya Atwal,54,2869274937,New,NULL,5,12-01-2026 19:35
2895,Zehaan Raja,20,8555725043,New,NULL,16,12-01-2026 19:35
2896,Jyoti Gopal,47,8143932910,New,NULL,6,12-01-2026 19:35
2897,Warinder Cheema,39,5651754060,New,NULL,9,12-01-2026 19:35
2898,Niharika Pant,79,4268964224,New,NULL,20,12-01-2026 19:35
2899,Chaitanya Venkataraman,47,6209058841,New,NULL,6,12-01-2026 19:35
2900,Vedant Murthy,55,7567249540,New,NULL,7,12-01-2026 19:35
2901,Yamini Dash,62,5765084770,New,NULL,1,12-01-2026 19:35
2902,Aayush Iyengar,78,8224553811,New,NULL,14,12-01-2026 19:35
2903,Ishaan Rama,45,1897892797,New,NULL,7,12-01-2026 19:35
2904,Wazir Mani,75,9181568366,New,NULL,10,12-01-2026 19:35
2905,Aayush Mitra,22,1291003034,New,NULL,3,12-01-2026 19:35
2906,Shaurya Sabharwal,84,6514446205,New,NULL,2,12-01-2026 19:35
2907,Girindra Sastry,30,911027653,New,NULL,11,12-01-2026 19:35
2908,Kavya Goyal,33,9825999575,New,NULL,3,12-01-2026 19:35
2909,Tripti Dewan,55,3096217094,New,NULL,6,12-01-2026 19:35
2910,Nihal Rattan,43,9124184137,New,NULL,6,12-01-2026 19:35
2911,Raagini Dayal,28,9199867315,New,NULL,20,12-01-2026 19:35
2912,Osha Bhattacharyya,69,4701785463,New,NULL,9,12-01-2026 19:35
2913,Panini Kakar,53,5360641300,New,NULL,19,12-01-2026 19:35
2914,Nilima Nazareth,48,2773667688,New,NULL,6,12-01-2026 19:35
2915,Krish Chander,74,2215607953,New,NULL,3,12-01-2026 19:35
2916,Omya Pall,57,8594915345,New,NULL,20,12-01-2026 19:35
2917,Bahadurjit Soman,80,9984345139,New,NULL,7,12-01-2026 19:35
2918,Reva Handa,24,7141994312,Referral,918,3,12-01-2026 19:35
2919,Bina Peri,66,2925070934,New,NULL,9,12-01-2026 19:35
2920,Qushi Kurian,30,8517777838,New,NULL,15,12-01-2026 19:35
2921,Suhani Varma,33,2859353666,New,NULL,11,12-01-2026 19:35
2922,Samarth Ravi,21,2030950090,New,NULL,7,12-01-2026 19:35
2923,Jeet Bali,36,3250803849,New,NULL,1,12-01-2026 19:35
2924,Ekiya Devan,53,5493229554,New,NULL,17,12-01-2026 19:35
2925,Bachittar Hayer,59,105656666,New,NULL,11,12-01-2026 19:35
2926,Ekaraj Manne,50,9079431904,New,NULL,5,12-01-2026 19:35
2927,Ikshita Batta,54,8024812723,New,NULL,4,12-01-2026 19:35
2928,Henry Shan,62,5939935446,New,NULL,3,12-01-2026 19:35
2929,Chandani Kara,80,4997645594,New,NULL,15,12-01-2026 19:35
2930,Tristan Agarwal,71,1888877427,New,NULL,1,12-01-2026 19:35
2931,Zaitra Handa,68,9993170762,New,NULL,9,12-01-2026 19:35
2932,Gaurav Viswanathan,40,6808692948,New,NULL,5,12-01-2026 19:35
2933,Udarsh Patla,66,7851708787,New,NULL,16,12-01-2026 19:35
2934,Matthew Upadhyay,44,5004349115,New,NULL,4,12-01-2026 19:35
2935,Chaitaly Lanka,64,1649773898,New,NULL,3,12-01-2026 19:35
2936,Faraj Devan,30,250833506,New,NULL,19,12-01-2026 19:35
2937,Ikbal Goyal,43,4383734982,New,NULL,1,12-01-2026 19:35
2938,Wakeeta Nayak,74,9096366907,New,NULL,18,12-01-2026 19:35
2939,Yash Minhas,84,7674924894,New,NULL,10,12-01-2026 19:35
2940,Dhriti Varghese,48,7822725605,New,NULL,12,12-01-2026 19:35
2941,Falak Narayanan,33,5159848190,New,NULL,13,12-01-2026 19:35
2942,Zashil Nath,58,9366683903,New,NULL,4,12-01-2026 19:35
2943,Yash Madan,40,7015070254,New,NULL,2,12-01-2026 19:35
2944,Dalaja Issac,84,2049908057,New,NULL,14,12-01-2026 19:35
2945,Rachana Saraf,58,9878116986,New,NULL,11,12-01-2026 19:35
2946,Pratyush Dugar,18,4575035630,New,NULL,9,12-01-2026 19:35
2947,Parth Suri,49,4941216038,New,NULL,14,12-01-2026 19:35
2948,Abeer Varughese,26,6092636166,New,NULL,17,12-01-2026 19:35
2949,Chasmum Singh,66,5409983132,New,NULL,4,12-01-2026 19:35
2950,Hemal Mander,36,8959492776,New,NULL,6,12-01-2026 19:35
2951,Manbir Boase,27,4379097193,New,NULL,19,12-01-2026 19:35
2952,Kamya Mitra,42,5977830909,New,NULL,17,12-01-2026 19:35
2953,Siddharth Som,45,2119427989,New,NULL,15,12-01-2026 19:35
2954,Oeshi Narayan,67,5283464301,New,NULL,14,12-01-2026 19:35
2955,Anita Mani,33,4095426524,New,NULL,9,12-01-2026 19:35
2956,Garima Sen,78,8793258204,New,NULL,3,12-01-2026 19:35
2957,Theodore Mani,62,7849949096,New,NULL,20,12-01-2026 19:35
2958,Rajeshri Hari,85,6443129440,New,NULL,17,12-01-2026 19:35
2959,Ekavir Dhar,60,7488679380,New,NULL,2,12-01-2026 19:35
2960,Indali Tripathi,20,8775689221,New,NULL,5,12-01-2026 19:35
2961,Umang Dara,28,5918700761,New,NULL,16,12-01-2026 19:35
2962,Chatura Wali,37,4709031092,New,NULL,1,12-01-2026 19:35
2963,Aadhya Chad,53,8307312516,New,NULL,20,12-01-2026 19:35
2964,Lakshit Choudhary,41,7452157713,New,NULL,14,12-01-2026 19:35
2965,Wyatt Barad,51,8036013208,New,NULL,20,12-01-2026 19:35
2966,Gaurika Mann,63,8826749109,New,NULL,3,12-01-2026 19:35
2967,Anya Devi,36,855418805,New,NULL,15,12-01-2026 19:35
2968,Orinder Varughese,21,5440079308,New,NULL,9,12-01-2026 19:35
2969,Nicholas Kaul,42,8235351560,New,NULL,4,12-01-2026 19:35
2970,Yatin Chand,34,5186340475,New,NULL,4,12-01-2026 19:35
2971,Diya Comar,62,5727862249,New,NULL,18,12-01-2026 19:35
2972,Jeet Som,83,9127167436,Referral,1652,11,12-01-2026 19:35
2973,Xavier Yogi,75,4967004024,Referral,1993,15,12-01-2026 19:35
2974,Mugdha Char,26,6995683261,New,NULL,17,12-01-2026 19:35
2975,Omkaar Naik,34,1319603138,New,NULL,19,12-01-2026 19:35
2976,Dayita Chaudry,37,7269101162,New,NULL,1,12-01-2026 19:35
2977,Upkaar Bobal,40,4422304760,New,NULL,9,12-01-2026 19:35
2978,Ijaya Das,83,2684542404,New,NULL,5,12-01-2026 19:35
2979,Gaurang Parekh,63,5481753933,New,NULL,11,12-01-2026 19:35
2980,Sathvik Kapur,44,36631477,New,NULL,7,12-01-2026 19:35
2981,Oliver Kothari,27,7732068986,New,NULL,15,12-01-2026 19:35
2982,Zinal Choudhary,61,9695087843,New,NULL,10,12-01-2026 19:35
2983,Barkha Bail,41,9800245539,New,NULL,17,12-01-2026 19:35
2984,Warda Khalsa,75,3453249197,New,NULL,13,12-01-2026 19:35
2985,Orinder Chaudhary,37,1192880512,New,NULL,6,12-01-2026 19:35
2986,Yachana Nadig,77,7462809487,New,NULL,11,12-01-2026 19:35
2987,Turvi Sahota,58,5487246385,Referral,2290,5,12-01-2026 19:35
2988,Unni Puri,76,9000447083,New,NULL,13,12-01-2026 19:35
2989,Eshana Kashyap,57,8662720014,New,NULL,9,12-01-2026 19:35
2990,Nihal Pingle,19,814670137,Referral,189,10,12-01-2026 19:35
2991,Nihal Kadakia,57,2666170102,New,NULL,10,12-01-2026 19:35
2992,Jagvi Vyas,22,3239017773,New,NULL,16,12-01-2026 19:35
2993,Radhika Bala,65,2409955773,New,NULL,10,12-01-2026 19:35
2994,Quincy Kala,82,6310400337,New,NULL,20,12-01-2026 19:35
2995,Faras Muni,35,3755237186,New,NULL,20,12-01-2026 19:35
2996,Max Sen,58,1066738729,Referral,652,2,12-01-2026 19:35
2997,Amrita Wable,76,9451239880,New,NULL,1,12-01-2026 19:35
2998,Gaurav Tak,62,4800410705,Referral,65,6,12-01-2026 19:35
2999,Dipta Dass,41,3029792485,Referral,383,3,12-01-2026 19:35
3000,Naksh Purohit,44,8873036601,New,NULL,11,12-01-2026 19:35
3001,Nitara Shan,29,4411100170,New,NULL,3,12-01-2026 19:35
3002,Fiyaz Hans,64,9671646070,New,NULL,4,12-01-2026 19:35
3003,Prisha Narayan,74,8966711589,New,NULL,9,12-01-2026 19:35
3004,Siddharth Agarwal,77,3476670338,New,NULL,6,12-01-2026 19:35
3005,Qadim Randhawa,34,4694683245,New,NULL,9,12-01-2026 19:35
3006,Simon Sheth,63,5601523517,New,NULL,16,12-01-2026 19:35
3007,Nicholas Dyal,26,6942515068,New,NULL,5,12-01-2026 19:35
3008,Pahal Bhat,31,8168254465,New,NULL,17,12-01-2026 19:35
3009,Udyati Oommen,67,9383105369,New,NULL,13,12-01-2026 19:35
3010,Harshil Sha,31,8215354193,New,NULL,5,12-01-2026 19:35
3011,Urvashi Butala,54,1796011165,New,NULL,16,12-01-2026 19:35
3012,Gunbir Dara,40,9356521703,New,NULL,3,12-01-2026 19:35
3013,Yash Dugar,77,7959852720,New,NULL,12,12-01-2026 19:35
3014,Viraj Reddy,23,8582637462,Referral,360,3,12-01-2026 19:35
3015,Hemang Parekh,77,5424964196,New,NULL,8,12-01-2026 19:35
3016,Aahana Mander,80,3049904154,New,NULL,6,12-01-2026 19:35
3017,Bishakha Reddy,30,1281318079,New,NULL,15,12-01-2026 19:35
3018,Maya Goda,72,5292538868,New,NULL,8,12-01-2026 19:35
3019,Jeremiah Pai,50,6744568781,New,NULL,16,12-01-2026 19:35
3020,Lohit Mani,63,5358286519,New,NULL,14,12-01-2026 19:35
3021,Zilmil Nayar,70,7305551661,New,NULL,1,12-01-2026 19:35
3022,Januja Varghese,60,1527992020,New,NULL,11,12-01-2026 19:35
3023,Yachana Yogi,68,6711903737,New,NULL,17,12-01-2026 19:35
3024,Arya Guha,27,3549242086,New,NULL,6,12-01-2026 19:35
3025,Sanaya Kannan,19,3317906101,New,NULL,6,12-01-2026 19:35
3026,Pranit Dhaliwal,52,5173257270,New,NULL,10,12-01-2026 19:35
3027,Atharv Dasgupta,72,2387911764,New,NULL,11,12-01-2026 19:35
3028,Anthony Brar,45,8757610670,New,NULL,19,12-01-2026 19:35
3029,Kalpit Bhalla,63,8411477935,Referral,1468,10,12-01-2026 19:35
3030,Rishi Sankar,78,9179454097,New,NULL,13,12-01-2026 19:35
3031,Siddharth Shukla,74,3949598976,New,NULL,2,12-01-2026 19:35
3032,Fitan Grover,66,616420773,New,NULL,1,12-01-2026 19:35
3033,Udyati Pathak,58,1622091458,New,NULL,6,12-01-2026 19:35
3034,Forum Mukhopadhyay,44,1944991219,New,NULL,11,12-01-2026 19:35
3035,Rohan Venkataraman,83,3890548469,New,NULL,13,12-01-2026 19:35
3036,Urvi Brar,24,9281200363,New,NULL,13,12-01-2026 19:35
3037,Aarini Dewan,47,1687972180,New,NULL,5,12-01-2026 19:35
3038,Baljiwan Nazareth,30,3756121542,New,NULL,9,12-01-2026 19:35
3039,Harita Gala,46,9975670096,Referral,222,6,12-01-2026 19:35
3040,Faris Sood,53,9175648282,New,NULL,1,12-01-2026 19:35
3041,Agastya Varughese,85,5583025274,New,NULL,19,12-01-2026 19:35
3042,Jai Mani,39,3165746774,New,NULL,14,12-01-2026 19:35
3043,Brinda Mammen,84,3953459016,New,NULL,17,12-01-2026 19:35
3044,Zilmil Kanda,67,5890132173,New,NULL,2,12-01-2026 19:35
3045,Oviya Raju,29,5692320542,New,NULL,12,12-01-2026 19:35
3046,Chakrika Sachar,36,8442970339,New,NULL,20,12-01-2026 19:35
3047,Vedhika Nigam,35,8893149569,New,NULL,15,12-01-2026 19:35
3048,Alka Barad,61,1621235504,New,NULL,14,12-01-2026 19:35
3049,Fiyaz Sarraf,38,4337350856,New,NULL,15,12-01-2026 19:35
3050,Nakul Joshi,53,7189024771,New,NULL,14,12-01-2026 19:35
3051,Dayamai Ghose,47,424606449,New,NULL,16,12-01-2026 19:35
3052,Logan Raj,41,6651176931,New,NULL,14,12-01-2026 19:35
3053,Bahadurjit Bhandari,37,3484211496,Referral,1241,19,12-01-2026 19:35
3054,Dakshesh Talwar,41,7527876608,New,NULL,8,12-01-2026 19:35
3055,Mekhala Palla,21,1217151426,New,NULL,7,12-01-2026 19:35
3056,Sanya Chacko,84,7455545653,New,NULL,5,12-01-2026 19:35
3057,Janaki Johal,60,3312023677,New,NULL,2,12-01-2026 19:35
3058,Lakshmi Pal,23,2627529242,New,NULL,8,12-01-2026 19:35
3059,Harish Dass,78,1687626752,New,NULL,12,12-01-2026 19:35
3060,Jack Chawla,26,7850856510,Referral,851,18,12-01-2026 19:35
3061,Oni Zacharia,52,3122185412,New,NULL,16,12-01-2026 19:35
3062,Daksh Swaminathan,39,9369035390,New,NULL,4,12-01-2026 19:35
3063,Abeer Om,77,7635664360,New,NULL,1,12-01-2026 19:35
3064,Hritik Jhaveri,47,1020171997,New,NULL,2,12-01-2026 19:35
3065,Zehaan Muni,26,2379177092,Referral,808,9,12-01-2026 19:35
3066,Chakrika Contractor,83,6633546749,Referral,1929,16,12-01-2026 19:35
3067,Indira Rattan,27,3763143923,New,NULL,4,12-01-2026 19:35
3068,Kavya Kara,43,942101807,New,NULL,9,12-01-2026 19:35
3069,Devika Choudhry,47,1431412890,New,NULL,4,12-01-2026 19:35
3070,Manbir Ray,45,5877835415,New,NULL,3,12-01-2026 19:35
3071,Warjas Bhatti,24,5908712128,New,NULL,10,12-01-2026 19:35
3072,Om Rana,34,9574609761,New,NULL,1,12-01-2026 19:35
3073,Jai Handa,49,7573043129,New,NULL,10,12-01-2026 19:35
3074,Udyati Vasa,83,6099234703,New,NULL,15,12-01-2026 19:35
3075,Tanmayi Nigam,52,4298942165,New,NULL,17,12-01-2026 19:35
3076,Yachana Dani,31,9576224950,New,NULL,8,12-01-2026 19:35
3077,Nilima Merchant,35,5726764587,New,NULL,14,12-01-2026 19:35
3078,Jairaj Divan,27,2533496469,New,NULL,5,12-01-2026 19:35
3079,Vedant Walla,31,1865738094,New,NULL,14,12-01-2026 19:35
3080,Chanakya Dora,61,296491350,Referral,1583,5,12-01-2026 19:35
3081,Udant Patla,84,2540495004,Referral,867,15,12-01-2026 19:35
3082,Chaitaly Goel,46,2878925490,New,NULL,17,12-01-2026 19:35
3083,Ekavir Garde,68,3757255526,New,NULL,20,12-01-2026 19:35
3084,Pranit Kannan,52,7621063258,New,NULL,5,12-01-2026 19:35
3085,Finn Pillay,20,1830790282,New,NULL,6,12-01-2026 19:35
3086,Chakrika Chand,39,1797445396,New,NULL,18,12-01-2026 19:35
3087,Jeremiah Amble,66,7481768086,New,NULL,13,12-01-2026 19:35
3088,Harita Sawhney,69,4625043426,Referral,1271,13,12-01-2026 19:35
3089,Quincy Dar,55,5530292501,New,NULL,8,12-01-2026 19:35
3090,Christopher Lala,74,4844685810,New,NULL,19,12-01-2026 19:35
3091,Zaitra Issac,43,1885365908,New,NULL,18,12-01-2026 19:35
3092,Meera Deep,85,1239401452,New,NULL,9,12-01-2026 19:35
3093,Warinder Kuruvilla,59,4801467734,New,NULL,17,12-01-2026 19:35
3094,Wakeeta Om,82,8048009077,New,NULL,13,12-01-2026 19:35
3095,Nitara Goda,23,7445140223,New,NULL,2,12-01-2026 19:35
3096,Kalpit Bassi,82,8287255124,New,NULL,17,12-01-2026 19:35
3097,Divya Dyal,50,9009378818,Referral,1223,11,12-01-2026 19:35
3098,Daksha Lata,25,7173918387,New,NULL,12,12-01-2026 19:35
3099,Upkaar Munshi,76,1435003185,New,NULL,16,12-01-2026 19:35
3100,Odika Gola,66,8348872761,New,NULL,17,12-01-2026 19:35
3101,Jacob Varkey,40,5800700240,New,NULL,15,12-01-2026 19:35
3102,Jalsa Goswami,66,2970881082,New,NULL,18,12-01-2026 19:35
3103,Ekani Sathe,82,883804229,New,NULL,20,12-01-2026 19:35
3104,Amara Sarin,44,5885261256,New,NULL,10,12-01-2026 19:35
3105,Dalaja Madan,55,6734465381,New,NULL,4,12-01-2026 19:35
3106,Januja Madan,35,5833143104,New,NULL,19,12-01-2026 19:35
3107,Guneet Rana,43,8362077078,Referral,1692,20,12-01-2026 19:35
3108,Ekansh Pai,61,4716132592,New,NULL,8,12-01-2026 19:35
3109,Zinal Shukla,31,5640367071,New,NULL,10,12-01-2026 19:35
3110,Manan Tata,85,31259801,New,NULL,15,12-01-2026 19:35
3111,Gayathri Garde,54,1793909175,New,NULL,15,12-01-2026 19:35
3112,Pratyush Pillay,77,807733885,New,NULL,2,12-01-2026 19:35
3113,Om Thaman,69,2557846959,New,NULL,15,12-01-2026 19:35
3114,Theodore Khatri,38,1349165203,New,NULL,14,12-01-2026 19:35
3115,Om Kohli,57,3251827391,New,NULL,18,12-01-2026 19:35
3116,Reva Mody,60,2476776220,Referral,1097,9,12-01-2026 19:35
3117,Arya Patla,55,4940176042,New,NULL,12,12-01-2026 19:35
3118,Chatresh Morar,55,909092805,New,NULL,12,12-01-2026 19:35
3119,Gunbir Kumer,51,1881411283,New,NULL,3,12-01-2026 19:35
3120,Vanya Varty,40,8001856931,New,NULL,5,12-01-2026 19:35
3121,Jairaj Sama,33,5787552675,New,NULL,9,12-01-2026 19:35
3122,Samaksh Hayer,51,6452994779,New,NULL,12,12-01-2026 19:35
3123,Nitara Gara,76,6495513250,New,NULL,9,12-01-2026 19:35
3124,Oeshi Tara,50,6291804138,New,NULL,20,12-01-2026 19:35
3125,Idika Anne,73,9763344161,New,NULL,17,12-01-2026 19:35
3126,Anmol Sen,55,7192519892,Referral,3056,18,12-01-2026 19:35
3127,Manthan Vohra,64,7509451685,New,NULL,1,12-01-2026 19:35
3128,Jason Lall,28,1922161574,New,NULL,20,12-01-2026 19:35
3129,Lajita Bera,31,2206815835,New,NULL,7,12-01-2026 19:35
3130,Jai Wable,82,2829248622,New,NULL,4,12-01-2026 19:35
3131,Manya Kadakia,62,1510780009,New,NULL,17,12-01-2026 19:35
3132,Kavya Chakraborty,27,9535258626,New,NULL,20,12-01-2026 19:35
3133,Baljiwan Sant,24,6779228506,New,NULL,13,12-01-2026 19:35
3134,Michael Tank,71,6041049363,New,NULL,18,12-01-2026 19:35
3135,Tejas Divan,19,7607881282,New,NULL,1,12-01-2026 19:35
3136,Gavin Bhattacharyya,59,6584977993,New,NULL,16,12-01-2026 19:35
3137,Chaman Saraf,61,5344671855,New,NULL,20,12-01-2026 19:35
3138,Vedant Mital,27,7914402504,New,NULL,15,12-01-2026 19:35
3139,Kevin Chadha,53,1579701455,New,NULL,13,12-01-2026 19:35
3140,Yatan Bahri,38,9875431966,New,NULL,18,12-01-2026 19:35
3141,Qabil Bhargava,61,7872180114,New,NULL,5,12-01-2026 19:35
3142,Gaurangi Mannan,18,8118393915,New,NULL,14,12-01-2026 19:35
3143,Zehaan Jha,43,2779543787,New,NULL,10,12-01-2026 19:35
3144,Chandresh Bala,59,9467031175,New,NULL,3,12-01-2026 19:35
3145,Niharika Goyal,41,4626318558,New,NULL,11,12-01-2026 19:35
3146,Riya Khatri,20,5490790477,New,NULL,19,12-01-2026 19:35
3147,Chandran Sagar,50,5301478507,New,NULL,15,12-01-2026 19:35
3148,Parth Varghese,43,1533057978,New,NULL,14,12-01-2026 19:35
3149,Veda Savant,31,1863957330,New,NULL,3,12-01-2026 19:35
3150,Arunima Gopal,45,8934901291,New,NULL,1,12-01-2026 19:35
3151,Faqid Dugar,80,231583980,New,NULL,8,12-01-2026 19:35
3152,Jhalak Bhatt,55,5571059340,New,NULL,20,12-01-2026 19:35
3153,Pranav Chauhan,25,4600636909,New,NULL,20,12-01-2026 19:35
3154,Tripti Goswami,42,5169057822,New,NULL,2,12-01-2026 19:35
3155,Pushti Gokhale,22,2468200113,New,NULL,6,12-01-2026 19:35
3156,Bhavani Lal,81,3065553448,New,NULL,1,12-01-2026 19:35
3157,Harinakshi Chacko,67,9793951407,New,NULL,1,12-01-2026 19:35
3158,Vivaan Dhar,45,6858055129,Referral,1727,16,12-01-2026 19:35
3159,Chavvi Jain,20,7463574389,New,NULL,17,12-01-2026 19:35
3160,Urishilla Chander,27,2507722082,New,NULL,18,12-01-2026 19:35
3161,Nirja Kar,84,8737343587,New,NULL,1,12-01-2026 19:35
3162,Ucchal Shah,74,1704031031,New,NULL,6,12-01-2026 19:35
3163,Avni Dara,53,7768431148,New,NULL,9,12-01-2026 19:35
3164,Abdul Patla,47,3896440493,New,NULL,3,12-01-2026 19:35
3165,Ishanvi Srinivas,85,4337739378,New,NULL,13,12-01-2026 19:35
3166,Harish Mammen,59,1661775129,New,NULL,11,12-01-2026 19:35
3167,Madhav Iyengar,53,6824119165,New,NULL,2,12-01-2026 19:35
3168,Arjun Ray,80,1719806211,New,NULL,11,12-01-2026 19:35
3169,Victor Ahuja,82,7301569953,New,NULL,20,12-01-2026 19:35
3170,Radhika Raja,66,2592142837,New,NULL,13,12-01-2026 19:35
3171,Lipika Chowdhury,51,5641907009,New,NULL,15,12-01-2026 19:35
3172,Maya Babu,75,9923466588,Referral,433,18,12-01-2026 19:35
3173,Inaya Bahri,60,1028630542,New,NULL,11,12-01-2026 19:35
3174,Chavvi Agarwal,19,3995468299,New,NULL,14,12-01-2026 19:35
3175,Yasti Pandya,53,1517702128,New,NULL,18,12-01-2026 19:35
3176,Balendra Dixit,78,4620846215,New,NULL,7,12-01-2026 19:35
3177,Janani Chakrabarti,36,2255954604,New,NULL,10,12-01-2026 19:35
3178,Nisha Sani,33,9098504455,New,NULL,8,12-01-2026 19:35
3179,Turvi Kari,79,1443565874,New,NULL,19,12-01-2026 19:35
3180,Devika Sabharwal,40,2113494111,New,NULL,11,12-01-2026 19:35
3181,Dakshesh Halder,77,5684978853,New,NULL,3,12-01-2026 19:35
3182,Bimala Dubey,27,3775064616,New,NULL,12,12-01-2026 19:35
3183,Upasna Solanki,78,9300429710,Referral,2045,16,12-01-2026 19:35
3184,Hemangini Edwin,26,4515745575,New,NULL,10,12-01-2026 19:35
3185,Anvi Pingle,29,4656690042,New,NULL,9,12-01-2026 19:35
3186,Aryan Viswanathan,25,2423501202,New,NULL,7,12-01-2026 19:35
3187,Nimrat Barad,63,8849589048,New,NULL,4,12-01-2026 19:35
3188,Anvi Sarraf,54,9383454990,New,NULL,5,12-01-2026 19:35
3189,Gavin Raj,18,8416428749,Referral,849,13,12-01-2026 19:35
3190,Dominic Master,43,4761611005,New,NULL,16,12-01-2026 19:35
3191,Bina Mahal,23,2800262844,New,NULL,6,12-01-2026 19:35
3192,Abhimanyu Bhalla,44,1798583522,New,NULL,14,12-01-2026 19:35
3193,Naksh Gulati,33,1170188229,New,NULL,10,12-01-2026 19:35
3194,Victor Shanker,67,636030737,New,NULL,15,12-01-2026 19:35
3195,Manbir Kamdar,55,7618875597,New,NULL,3,12-01-2026 19:35
3196,Lucky Handa,74,2372333056,New,NULL,2,12-01-2026 19:35
3197,Ikshita Batta,33,9627335147,New,NULL,18,12-01-2026 19:35
3198,Ekaja Brahmbhatt,24,9893554951,New,NULL,12,12-01-2026 19:35
3199,Qasim Rajan,65,3141799723,New,NULL,11,12-01-2026 19:35
3200,Tanmayi Buch,58,186219036,New,NULL,11,12-01-2026 19:35
3201,Dayamai Bahri,66,6742594792,Referral,1171,4,12-01-2026 19:35
3202,Rudra Srinivas,36,9808301238,New,NULL,3,12-01-2026 19:35
3203,Gautami Kadakia,65,3763572023,New,NULL,14,12-01-2026 19:35
3204,Nathaniel Basu,51,9513442140,New,NULL,5,12-01-2026 19:35
3205,Zaitra Sibal,53,5028959707,New,NULL,13,12-01-2026 19:35
3206,Yoshita Chada,60,7706346998,New,NULL,20,12-01-2026 19:35
3207,Gabriel Bhakta,81,3759062272,New,NULL,2,12-01-2026 19:35
3208,Agastya Dhingra,39,6914520714,New,NULL,10,12-01-2026 19:35
3209,Chakrika Tank,67,7995898708,Referral,1099,19,12-01-2026 19:35
3210,Ikbal Panchal,64,2828423012,New,NULL,10,12-01-2026 19:35
3211,Darpan Borde,41,6390960562,New,NULL,13,12-01-2026 19:35
3212,Ishaan Mand,83,9151279624,New,NULL,11,12-01-2026 19:35
3213,Ganga Purohit,27,7533419702,New,NULL,13,12-01-2026 19:35
3214,Sai Venkatesh,40,3654760130,New,NULL,5,12-01-2026 19:35
3215,Wishi Kale,20,6339321307,New,NULL,14,12-01-2026 19:35
3216,Zilmil Venkatesh,69,8238512956,New,NULL,3,12-01-2026 19:35
3217,Isaac Hora,65,7209017367,New,NULL,9,12-01-2026 19:35
3218,Advay Saxena,26,9229408418,New,NULL,4,12-01-2026 19:35
3219,Forum Saraf,69,1398746407,New,NULL,5,12-01-2026 19:35
3220,Aishani Loke,63,4261876895,New,NULL,16,12-01-2026 19:35
3221,William Palla,68,9176444246,Referral,3129,3,12-01-2026 19:35
3222,Darika Puri,18,8670993381,Referral,23,20,12-01-2026 19:35
3223,Ranveer Chaudhary,63,9113830903,New,NULL,2,12-01-2026 19:35
3224,Warhi Devi,79,6872291281,Referral,615,6,12-01-2026 19:35
3225,Lopa Dhar,21,2129143499,New,NULL,9,12-01-2026 19:35
3226,Yashoda Sethi,73,3146160157,New,NULL,10,12-01-2026 19:35
3227,Aadhya Gara,82,4871115914,New,NULL,14,12-01-2026 19:35
3228,Shivani Ahluwalia,68,3880899009,New,NULL,15,12-01-2026 19:35
3229,Leena Jha,54,2506859702,New,NULL,1,12-01-2026 19:35
3230,Triveni Gola,69,9373394048,New,NULL,1,12-01-2026 19:35
3231,William Bhat,18,7724209768,New,NULL,7,12-01-2026 19:35
3232,Chaitaly Jayaraman,55,9087337032,Referral,411,13,12-01-2026 19:35
3233,Chanakya Verma,46,3383749244,New,NULL,12,12-01-2026 19:35
3234,Qabil Choudhary,45,9496455609,New,NULL,20,12-01-2026 19:35
3235,Yug Tiwari,76,389989315,New,NULL,8,12-01-2026 19:35
3236,Tanay Dara,74,3712099282,New,NULL,4,12-01-2026 19:35
3237,Nathan Kadakia,19,2186778009,New,NULL,8,12-01-2026 19:35
3238,Aarav Majumdar,72,200406894,New,NULL,13,12-01-2026 19:35
3239,Theodore Seth,41,8319834880,New,NULL,17,12-01-2026 19:35
3240,Eesha Panchal,82,5555836084,New,NULL,2,12-01-2026 19:35
3241,Udant Dass,47,665007558,New,NULL,11,12-01-2026 19:35
3242,Ria Kalita,71,9841520753,New,NULL,19,12-01-2026 19:35
3243,Chakrika Oza,46,4924920313,Referral,2174,7,12-01-2026 19:35
3244,Rudra Edwin,66,7826409306,New,NULL,5,12-01-2026 19:35
3245,Tanay Jaggi,78,2504103234,New,NULL,20,12-01-2026 19:35
3246,Tanveer Andra,76,7266237113,New,NULL,19,12-01-2026 19:35
3247,Oni Varma,42,7068875108,New,NULL,15,12-01-2026 19:35
3248,Yug Bedi,32,4487982406,New,NULL,18,12-01-2026 19:35
3249,Luke Bhavsar,40,4087681064,New,NULL,16,12-01-2026 19:35
3250,Vaishnavi Master,27,714755902,New,NULL,13,12-01-2026 19:35
3251,Teerth Misra,27,5575312572,New,NULL,18,12-01-2026 19:35
3252,Urmi Bhatti,72,5027996005,New,NULL,20,12-01-2026 19:35
3253,Abha Grover,35,6509015253,Referral,1913,7,12-01-2026 19:35
3254,Caleb Gulati,48,99823439,New,NULL,10,12-01-2026 19:35
3255,Vritti Chaudhry,29,6393278347,Referral,1429,3,12-01-2026 19:35
3256,Qarin Solanki,54,6603114132,Referral,2431,8,12-01-2026 19:35
3257,Yahvi Kuruvilla,57,4907238325,New,NULL,5,12-01-2026 19:35
3258,George Jha,71,2861991170,New,NULL,14,12-01-2026 19:35
3259,Yauvani Zacharia,72,9605500040,New,NULL,15,12-01-2026 19:35
3260,Charita Bala,41,115811765,New,NULL,18,12-01-2026 19:35
3261,Samuel Pandya,37,164794329,New,NULL,2,12-01-2026 19:35
3262,Harrison Zachariah,74,1932560467,New,NULL,7,12-01-2026 19:35
3263,Onkar Gola,54,4854986365,Referral,716,5,12-01-2026 19:35
3264,Yashasvi Reddy,70,8673446898,New,NULL,1,12-01-2026 19:35
3265,Chanchal Sinha,21,5726593345,New,NULL,3,12-01-2026 19:35
3266,Libni Dyal,42,5745355249,New,NULL,9,12-01-2026 19:35
3267,Gayathri Kothari,57,1285878003,New,NULL,8,12-01-2026 19:35
3268,Lakshit Nagy,74,2894788944,New,NULL,20,12-01-2026 19:35
3269,Theodore Krish,57,1386842902,New,NULL,19,12-01-2026 19:35
3270,Neha Anne,55,9478388709,New,NULL,11,12-01-2026 19:35
3271,Baljiwan Shroff,31,3596618663,New,NULL,17,12-01-2026 19:35
3272,Nilima Dash,74,9901542630,Referral,2645,5,12-01-2026 19:35
3273,Devansh Wable,25,5074903921,New,NULL,10,12-01-2026 19:35
3274,Mason De,32,6905273973,Referral,2601,14,12-01-2026 19:35
3275,Jairaj Palla,73,9950835261,New,NULL,14,12-01-2026 19:35
3276,Unnati Padmanabhan,71,2026487143,New,NULL,16,12-01-2026 19:35
3277,Samaksh Iyengar,21,1144608745,New,NULL,4,12-01-2026 19:35
3278,Sathvik Kulkarni,61,3196099381,New,NULL,6,12-01-2026 19:35
3279,Amol Chaudry,29,2140156839,New,NULL,10,12-01-2026 19:35
3280,Sanaya Nagar,64,9234961410,Referral,1233,1,12-01-2026 19:35
3281,Ekalinga Brahmbhatt,39,6443146737,New,NULL,9,12-01-2026 19:35
3282,Jeremiah Rajagopalan,44,7513543723,New,NULL,14,12-01-2026 19:35
3283,Daniel Babu,79,295891019,New,NULL,8,12-01-2026 19:35
3284,Luke Vasa,44,9037795955,New,NULL,16,12-01-2026 19:35
3285,Girik Sule,51,1200733193,New,NULL,1,12-01-2026 19:35
3286,Chavvi Tara,29,9205663536,New,NULL,6,12-01-2026 19:35
3287,Jonathan Raghavan,52,5385009733,New,NULL,5,12-01-2026 19:35
3288,Ridhi Mangat,78,5419784858,Referral,134,4,12-01-2026 19:35
3289,Leela Parmar,44,1387670952,New,NULL,16,12-01-2026 19:35
3290,Bhavya Date,27,5121862667,New,NULL,1,12-01-2026 19:35
3291,Ranveer Sahota,21,5215603147,New,NULL,9,12-01-2026 19:35
3292,Michael Kaur,59,7014517491,New,NULL,7,12-01-2026 19:35
3293,Vedant Saxena,22,5480227836,New,NULL,7,12-01-2026 19:35
3294,Aradhana Nath,40,8960895574,New,NULL,3,12-01-2026 19:35
3295,Lohit Oza,32,9168563951,New,NULL,16,12-01-2026 19:35
3296,Arjun Bora,53,9550352304,Referral,510,8,12-01-2026 19:35
3297,Pratyush Thakur,46,9867038353,New,NULL,9,12-01-2026 19:35
3298,Veer Arora,36,5472578373,New,NULL,2,12-01-2026 19:35
3299,Harrison Chander,44,1297198726,New,NULL,20,12-01-2026 19:35
3300,Farhan Shroff,62,571278932,New,NULL,1,12-01-2026 19:35
3301,Lohit Dube,29,7367361141,New,NULL,10,12-01-2026 19:35
3302,Chameli Bali,78,4554744094,New,NULL,20,12-01-2026 19:35
3303,Wriddhish Gara,46,7759434626,New,NULL,1,12-01-2026 19:35
3304,Yatan Talwar,64,5747458396,New,NULL,19,12-01-2026 19:35
3305,Yamini Bandi,74,1303915342,New,NULL,16,12-01-2026 19:35
3306,Kevin Dubey,29,1104814736,New,NULL,10,12-01-2026 19:35
3307,Rushil Saxena,25,650639559,New,NULL,8,12-01-2026 19:35
3308,Ekavir Palan,63,3559564829,New,NULL,8,12-01-2026 19:35
3309,Samarth Bahri,68,8712390839,New,NULL,14,12-01-2026 19:35
3310,Owen Manne,55,5383930353,New,NULL,17,12-01-2026 19:35
3311,Qadim Bajaj,81,5558932021,New,NULL,4,12-01-2026 19:35
3312,David Basu,34,8442233718,New,NULL,12,12-01-2026 19:35
3313,Hamsini Bhattacharyya,79,1003809417,New,NULL,7,12-01-2026 19:35
3314,Nilima Jayaraman,58,306413894,New,NULL,13,12-01-2026 19:35
3315,Zilmil Kadakia,58,162383997,New,NULL,8,12-01-2026 19:35
3316,Ryan Sant,66,6790737905,New,NULL,6,12-01-2026 19:35
3317,Kabir Virk,62,3334367323,Referral,740,14,12-01-2026 19:35
3318,Vivaan Gole,45,6143005940,New,NULL,16,12-01-2026 19:35
3319,Gabriel Merchant,42,3208152894,New,NULL,11,12-01-2026 19:35
3320,Theodore Narang,85,3221066085,New,NULL,17,12-01-2026 19:35
3321,Ryan Minhas,52,3597346302,New,NULL,4,12-01-2026 19:35
3322,Darika Salvi,55,658183395,New,NULL,16,12-01-2026 19:35
3323,Victor Nayak,71,340420137,New,NULL,4,12-01-2026 19:35
3324,Aachal Badami,34,8975436544,Referral,1326,19,12-01-2026 19:35
3325,Brinda Anand,62,4946018390,New,NULL,16,12-01-2026 19:35
3326,Nidhi Chacko,22,9709175535,New,NULL,9,12-01-2026 19:35
3327,Aryan Bajaj,27,1365175768,New,NULL,11,12-01-2026 19:35
3328,George Nagarajan,76,9637904560,New,NULL,2,12-01-2026 19:35
3329,Abhimanyu Sarma,50,2236447601,New,NULL,6,12-01-2026 19:35
3330,Xavier Chanda,38,1747218065,New,NULL,4,12-01-2026 19:35
3331,Gabriel Pingle,70,5503825945,New,NULL,5,12-01-2026 19:35
3332,Manbir Talwar,27,6574287470,New,NULL,7,12-01-2026 19:35
3333,Aarnav Subramaniam,49,1747983918,New,NULL,17,12-01-2026 19:35
3334,Matthew Bhatia,68,7908787370,New,NULL,7,12-01-2026 19:35
3335,Fariq Buch,56,4209412195,Referral,2055,11,12-01-2026 19:35
3336,Jeremiah Kala,55,5199345491,New,NULL,20,12-01-2026 19:35
3337,Keya Rau,31,9917708706,New,NULL,1,12-01-2026 19:35
3338,Kamala Chander,35,7976803856,New,NULL,14,12-01-2026 19:35
3339,Adweta Chaudhari,36,1627376146,New,NULL,4,12-01-2026 19:35
3340,Nihal Din,45,3939179396,New,NULL,1,12-01-2026 19:35
3341,Aarnav Bedi,41,1587849321,New,NULL,19,12-01-2026 19:35
3342,Faqid Dass,37,9026726162,New,NULL,20,12-01-2026 19:35
3343,Anjali Oak,28,3228532498,New,NULL,17,12-01-2026 19:35
3344,Ira Sane,57,6563440627,New,NULL,16,12-01-2026 19:35
3345,Kevin DÔÇÖAlia,20,4600419946,New,NULL,18,12-01-2026 19:35
3346,Jagvi Gole,28,3921317211,New,NULL,6,12-01-2026 19:35
3347,Chandresh Dyal,63,560702149,New,NULL,20,12-01-2026 19:35
3348,Anya Bala,26,2114257242,New,NULL,10,12-01-2026 19:35
3349,Anthony Gera,46,3772580170,New,NULL,17,12-01-2026 19:35
3350,Dayamai Sibal,76,2573730818,Referral,705,2,12-01-2026 19:35
3351,Chandresh Biswas,32,8035325506,New,NULL,6,12-01-2026 19:35
3352,Unnati Bains,24,2858267958,New,NULL,9,12-01-2026 19:35
3353,Tanmayi Basak,20,8035207656,New,NULL,10,12-01-2026 19:35
3354,Robert Zacharia,48,9017827292,New,NULL,18,12-01-2026 19:35
3355,Charita Nigam,48,9342687803,New,NULL,18,12-01-2026 19:35
3356,Saumya Nagar,67,8153042999,New,NULL,1,12-01-2026 19:35
3357,Lipika Ravi,82,7360633677,Referral,1810,10,12-01-2026 19:35
3358,Rachita Sandal,57,4831195369,New,NULL,10,12-01-2026 19:35
3359,Aayush Jani,82,436220441,New,NULL,5,12-01-2026 19:35
3360,Umang Mall,48,1413712514,New,NULL,7,12-01-2026 19:35
3361,Vidhi Kashyap,71,8639908944,New,NULL,9,12-01-2026 19:35
3362,Qabil Soman,38,8803387220,Referral,1114,14,12-01-2026 19:35
3363,Garima Bedi,58,1473975716,New,NULL,14,12-01-2026 19:35
3364,Yauvani Pai,82,9311192472,New,NULL,5,12-01-2026 19:35
3365,Neha Atwal,21,8684592907,New,NULL,2,12-01-2026 19:35
3366,Siddharth Bora,33,5014511180,New,NULL,7,12-01-2026 19:35
3367,Rayaan Shah,46,3903362206,New,NULL,10,12-01-2026 19:35
3368,Nicholas Sengupta,40,9821995051,Referral,958,12,12-01-2026 19:35
3369,Waida Dada,25,2271436549,New,NULL,4,12-01-2026 19:35
3370,Dhruv Peri,82,1848357059,New,NULL,16,12-01-2026 19:35
3371,Oliver Grewal,37,8535387473,New,NULL,8,12-01-2026 19:35
3372,Mohammed Doctor,75,4143960586,New,NULL,3,12-01-2026 19:35
3373,Fitan DÔÇÖAlia,36,7282212229,New,NULL,6,12-01-2026 19:35
3374,Qushi Barad,51,426394180,New,NULL,8,12-01-2026 19:35
3375,Janya Peri,78,1751919969,New,NULL,3,12-01-2026 19:35
3376,Ranbir Grover,64,6624527009,New,NULL,3,12-01-2026 19:35
3377,Aachal Kadakia,48,8806610198,New,NULL,8,12-01-2026 19:35
3378,Jack Purohit,41,796029443,New,NULL,2,12-01-2026 19:35
3379,Chatura Sabharwal,68,5127004753,New,NULL,18,12-01-2026 19:35
3380,Ekbal Purohit,85,6884278596,New,NULL,20,12-01-2026 19:35
3381,Tanvi Kakar,18,5217321312,New,NULL,14,12-01-2026 19:35
3382,Wakeeta Mannan,40,5852946770,Referral,2996,19,12-01-2026 19:35
3383,Zilmil Bumb,22,9093939272,New,NULL,15,12-01-2026 19:35
3384,Vamakshi Dash,46,9941913536,New,NULL,8,12-01-2026 19:35
3385,Oliver Kade,48,1602165380,New,NULL,12,12-01-2026 19:35
3386,Sanya Sane,47,6055832105,New,NULL,10,12-01-2026 19:35
3387,Caleb Lata,33,5092120035,New,NULL,11,12-01-2026 19:35
3388,Pahal Suri,63,680909109,New,NULL,14,12-01-2026 19:35
3389,Udarsh Sura,79,5481207310,New,NULL,1,12-01-2026 19:35
3390,Manbir Sengupta,69,1628179474,New,NULL,13,12-01-2026 19:35
3391,Balveer Mitra,48,5085109980,New,NULL,18,12-01-2026 19:35
3392,Onkar Saini,38,1736256666,New,NULL,15,12-01-2026 19:35
3393,Vasatika Misra,67,790364867,New,NULL,14,12-01-2026 19:35
3394,Anusha Patla,47,7629770796,New,NULL,6,12-01-2026 19:35
3395,Divya Kapadia,31,2171492008,New,NULL,5,12-01-2026 19:35
3396,Dominic Pillay,36,1367124409,New,NULL,14,12-01-2026 19:35
3397,Kalpit Mitter,49,1689971610,Referral,2599,16,12-01-2026 19:35
3398,Yauvani Verma,81,3020477362,New,NULL,7,12-01-2026 19:35
3399,Teerth Subramaniam,68,2018814493,New,NULL,3,12-01-2026 19:35
3400,Ekbal Sur,59,6014334847,New,NULL,9,12-01-2026 19:35
3401,Falguni Pingle,82,4243337408,New,NULL,15,12-01-2026 19:35
3402,Ati Deol,69,3883301859,New,NULL,4,12-01-2026 19:35
3403,Mekhala Kade,85,9652016255,New,NULL,16,12-01-2026 19:35
3404,Zinal Thaman,34,1549582211,New,NULL,10,12-01-2026 19:35
3405,Hritik Ram,35,6350603517,New,NULL,8,12-01-2026 19:35
3406,Ira Gara,71,7918456431,New,NULL,10,12-01-2026 19:35
3407,Omaja Reddy,22,289340578,New,NULL,16,12-01-2026 19:35
3408,Kavya Rana,63,2929057175,New,NULL,16,12-01-2026 19:35
3409,Nisha Dhillon,61,499884547,New,NULL,14,12-01-2026 19:35
3410,Ayaan Gupta,69,5082853390,New,NULL,10,12-01-2026 19:35
3411,Aishani Baral,59,8789358702,New,NULL,7,12-01-2026 19:35
3412,Qasim Korpal,28,5417879573,New,NULL,11,12-01-2026 19:35
3413,Avni Ahuja,18,3674898119,New,NULL,9,12-01-2026 19:35
3414,Azad Ramachandran,19,3667293044,Referral,195,16,12-01-2026 19:35
3415,Hema Sharma,28,9458985374,Referral,2781,18,12-01-2026 19:35
3416,Ladli Raman,79,3189964247,New,NULL,1,12-01-2026 19:35
3417,Alexander Sanghvi,36,9659427578,New,NULL,18,12-01-2026 19:35
3418,Anjali Malhotra,73,6520823386,New,NULL,15,12-01-2026 19:35
3419,Saumya Gola,41,8442497501,New,NULL,17,12-01-2026 19:35
3420,Yutika Sidhu,40,2885787930,Referral,2768,7,12-01-2026 19:35
3421,William Mital,64,9516874063,Referral,83,13,12-01-2026 19:35
3422,Jairaj Raja,77,9839750990,New,NULL,8,12-01-2026 19:35
3423,Janani Sahni,48,2292594655,New,NULL,3,12-01-2026 19:35
3424,Tara Edwin,41,6723882040,New,NULL,13,12-01-2026 19:35
3425,Aayush Sibal,41,5678226493,New,NULL,20,12-01-2026 19:35
3426,Hema Lalla,52,8537056595,Referral,1069,9,12-01-2026 19:35
3427,Nakul Bhavsar,51,7492049959,New,NULL,14,12-01-2026 19:35
3428,Ekapad Verma,34,3336481344,New,NULL,5,12-01-2026 19:35
3429,Vaishnavi Dixit,73,8626936346,New,NULL,3,12-01-2026 19:35
3430,Max Mishra,25,4139569433,Referral,2933,9,12-01-2026 19:35
3431,Bhavani Nayar,68,8561815920,Referral,984,3,12-01-2026 19:35
3432,Adweta Batra,25,5716562213,New,NULL,13,12-01-2026 19:35
3433,Yagnesh Rastogi,47,2042142246,New,NULL,7,12-01-2026 19:35
3434,Ikbal Baral,78,1553214154,Referral,343,18,12-01-2026 19:35
3435,Ucchal Sane,19,5090762274,New,NULL,20,12-01-2026 19:35
3436,Siya Suresh,19,7874288928,Referral,1891,18,12-01-2026 19:35
3437,Gauri Tella,42,195307157,Referral,1443,19,12-01-2026 19:35
3438,Aarush Gole,23,6746753319,New,NULL,19,12-01-2026 19:35
3439,Nisha Chhabra,83,4818390071,New,NULL,13,12-01-2026 19:35
3440,Vinaya Master,72,4119785490,New,NULL,7,12-01-2026 19:35
3441,Laksh Panchal,57,9505298826,New,NULL,7,12-01-2026 19:35
3442,Isha Mane,23,4396966286,New,NULL,20,12-01-2026 19:35
3443,Faras Kota,33,9429611373,New,NULL,16,12-01-2026 19:35
3444,Chaman Choudhry,68,6883545588,New,NULL,16,12-01-2026 19:35
3445,Wakeeta Raman,29,1259332405,New,NULL,5,12-01-2026 19:35
3446,Tanvi Mahal,41,1139167924,New,NULL,9,12-01-2026 19:35
3447,Wazir Natt,41,3597357986,New,NULL,9,12-01-2026 19:35
3448,Mitesh Dora,32,574262169,New,NULL,6,12-01-2026 19:35
3449,Bhavya Badal,41,3404973471,Referral,2532,8,12-01-2026 19:35
3450,Mugdha Rajagopal,42,3033588657,New,NULL,7,12-01-2026 19:35
3451,Frado Agrawal,51,4885667620,Referral,2151,3,12-01-2026 19:35
3452,Vyanjana Singhal,66,4021437438,New,NULL,6,12-01-2026 19:35
3453,Aahana Dubey,45,8363377116,New,NULL,6,12-01-2026 19:35
3454,Yatin Ahluwalia,79,9454452136,New,NULL,1,12-01-2026 19:35
3455,Jack Deshpande,61,1307478829,Referral,307,11,12-01-2026 19:35
3456,Jeremiah Varty,77,5033272464,New,NULL,14,12-01-2026 19:35
3457,Chandani Sachdeva,84,6498338629,New,NULL,5,12-01-2026 19:35
3458,Lila Zachariah,24,3018456384,New,NULL,1,12-01-2026 19:35
3459,Chavvi Verma,62,1004316367,New,NULL,3,12-01-2026 19:35
3460,Jeremiah Sankaran,56,3018266517,New,NULL,13,12-01-2026 19:35
3461,Wazir Wagle,72,8850731293,New,NULL,19,12-01-2026 19:35
3462,Mahika Walla,54,3904150930,New,NULL,15,12-01-2026 19:35
3463,Charles Dubey,54,2155148756,New,NULL,4,12-01-2026 19:35
3464,Priya Shanker,68,3377293048,Referral,571,4,12-01-2026 19:35
3465,Sai Dugar,28,1731853283,New,NULL,7,12-01-2026 19:35
3466,Odika Thaker,84,380682905,New,NULL,7,12-01-2026 19:35
3467,Leena Bhatia,23,9441231467,New,NULL,14,12-01-2026 19:35
3468,Yoshita Krishna,55,5070050889,New,NULL,12,12-01-2026 19:35
3469,Ganga Talwar,59,947400392,New,NULL,10,12-01-2026 19:35
3470,Zayan Keer,68,2434597295,New,NULL,1,12-01-2026 19:35
3471,Lucky Prashad,22,3621452257,Referral,1678,7,12-01-2026 19:35
3472,Akshay Gara,76,3717081581,New,NULL,6,12-01-2026 19:35
3473,Amrita Parsa,35,2636830840,New,NULL,4,12-01-2026 19:35
3474,Max Korpal,26,6235412060,Referral,1265,7,12-01-2026 19:35
3475,Forum Varma,27,7661574271,New,NULL,12,12-01-2026 19:35
3476,Nitara Tripathi,78,3893247936,New,NULL,5,12-01-2026 19:35
3477,Yauvani Narayan,28,6555229443,New,NULL,4,12-01-2026 19:35
3478,Naksh Dyal,46,8708822998,New,NULL,19,12-01-2026 19:35
3479,Xalak Kar,51,8549177419,New,NULL,11,12-01-2026 19:35
3480,Aryan Iyer,29,9497394180,New,NULL,18,12-01-2026 19:35
3481,Ikbal Basu,45,7359849007,New,NULL,12,12-01-2026 19:35
3482,Caleb Issac,85,1336359105,New,NULL,8,12-01-2026 19:35
3483,Zansi Kalita,40,9999545862,New,NULL,15,12-01-2026 19:35
3484,Urishilla Oommen,64,7348922720,New,NULL,2,12-01-2026 19:35
3485,Hitesh Bhavsar,71,3552335859,New,NULL,10,12-01-2026 19:35
3486,Jai Mann,49,6991449282,Referral,1608,2,12-01-2026 19:35
3487,Gaurav Bajwa,28,471104575,Referral,764,3,12-01-2026 19:35
3488,Sachi Sha,84,7354698828,New,NULL,16,12-01-2026 19:35
3489,Zehaan Lala,83,9781434651,New,NULL,1,12-01-2026 19:35
3490,William Jain,61,9243243696,New,NULL,5,12-01-2026 19:35
3491,Sathvik Narula,62,3555516722,New,NULL,9,12-01-2026 19:35
3492,Yuvraj Pandya,60,2466518155,New,NULL,12,12-01-2026 19:35
3493,Naveen Singh,52,771117611,New,NULL,9,12-01-2026 19:35
3494,Nikita Ravel,76,9273115352,New,NULL,11,12-01-2026 19:35
3495,Aadhya Nagarajan,81,7600350678,New,NULL,5,12-01-2026 19:35
3496,Nakul Patil,71,340667710,Referral,112,7,12-01-2026 19:35
3497,Nidhi Chakraborty,24,9379984871,New,NULL,16,12-01-2026 19:35
3498,Warhi Gala,48,906170738,New,NULL,13,12-01-2026 19:35
3499,Wyatt Viswanathan,75,4392744789,New,NULL,12,12-01-2026 19:35
3500,Laksh Tank,29,46743709,New,NULL,9,12-01-2026 19:35
3501,Aadhya Madan,29,9034639437,New,NULL,18,12-01-2026 19:35
3502,Rishi Deo,33,4162379408,New,NULL,12,12-01-2026 19:35
3503,Qushi Kant,36,9424164631,New,NULL,3,12-01-2026 19:35
3504,Parth Narang,66,6339063885,New,NULL,8,12-01-2026 19:35
3505,Vrishti Talwar,30,388201139,New,NULL,17,12-01-2026 19:35
3506,Victor Tank,69,4253629694,New,NULL,5,12-01-2026 19:35
3507,Henry Sidhu,56,7233507027,New,NULL,4,12-01-2026 19:35
3508,Yadavi Sandal,20,7022234376,New,NULL,12,12-01-2026 19:35
3509,Owen Parekh,65,2505336064,New,NULL,19,12-01-2026 19:35
3510,Nathan Chaudhuri,31,2922477501,New,NULL,19,12-01-2026 19:35
3511,Pushti Kohli,76,8769631986,New,NULL,6,12-01-2026 19:35
3512,Om Sheth,20,8807323514,Referral,1110,11,12-01-2026 19:35
3513,Hemangini Ramaswamy,36,3460969968,New,NULL,9,12-01-2026 19:35
3514,Harinakshi Manda,42,2991944681,New,NULL,8,12-01-2026 19:35
3515,Yug Manne,85,6590081020,New,NULL,15,12-01-2026 19:35
3516,Reva Oza,65,5152983862,New,NULL,1,12-01-2026 19:35
3517,Oliver Oak,59,987749454,New,NULL,1,12-01-2026 19:35
3518,Baghyawati Vig,18,8079372205,New,NULL,20,12-01-2026 19:35
3519,Nidra Parmer,78,9169188608,New,NULL,18,12-01-2026 19:35
3520,Tara Oak,72,5231335645,New,NULL,8,12-01-2026 19:35
3521,Gabriel Radhakrishnan,32,1212894423,New,NULL,5,12-01-2026 19:35
3522,Vaishnavi Gulati,27,4438505212,New,NULL,11,12-01-2026 19:35
3523,Orinder Dixit,55,5177639158,New,NULL,15,12-01-2026 19:35
3524,Jacob Ray,70,7125465316,New,NULL,20,12-01-2026 19:35
3525,Aishani Basu,66,1362784721,New,NULL,19,12-01-2026 19:35
3526,Anjali Datta,83,6232814630,New,NULL,17,12-01-2026 19:35
3527,Turvi Kulkarni,50,8449298819,New,NULL,5,12-01-2026 19:35
3528,Wazir Kale,19,4448746739,New,NULL,14,12-01-2026 19:35
3529,Turvi Mody,25,5444775893,New,NULL,6,12-01-2026 19:35
3530,Anusha Thakkar,50,4241612645,New,NULL,16,12-01-2026 19:35
3531,Xalak Sen,64,9730826739,New,NULL,18,12-01-2026 19:35
3532,Kavya Arya,39,8314904146,New,NULL,8,12-01-2026 19:35
3533,Ekani Tak,70,6899936446,New,NULL,3,12-01-2026 19:35
3534,Udyati Bhatia,71,3769279827,New,NULL,17,12-01-2026 19:35
3535,Rayaan Rattan,56,9380829499,Referral,3313,15,12-01-2026 19:35
3536,Ria Lanka,83,5806795828,New,NULL,14,12-01-2026 19:35
3537,Abhimanyu Roy,70,3844446567,New,NULL,16,12-01-2026 19:35
3538,Luke Kala,74,2398470006,New,NULL,15,12-01-2026 19:35
3539,Hardik Iyengar,43,5624281194,New,NULL,13,12-01-2026 19:35
3540,Alka Tandon,73,8556018666,New,NULL,15,12-01-2026 19:35
3541,Sudiksha Wali,80,1353009543,New,NULL,11,12-01-2026 19:35
3542,Theodore Dave,27,523659474,New,NULL,12,12-01-2026 19:35
3543,Abhiram Doshi,21,1202170234,New,NULL,17,12-01-2026 19:35
3544,Nicholas Reddy,58,1911507807,New,NULL,6,12-01-2026 19:35
3545,Xalak Varma,35,7438626628,New,NULL,20,12-01-2026 19:35
3546,Lakshmi Tiwari,40,1327384531,New,NULL,19,12-01-2026 19:35
3547,Samaksh Boase,61,6996072769,New,NULL,5,12-01-2026 19:35
3548,Lekha Ramanathan,36,8412812522,New,NULL,2,12-01-2026 19:35
3549,Agastya Kanda,38,9308775334,New,NULL,16,12-01-2026 19:35
3550,Keya Dar,46,8849603999,New,NULL,2,12-01-2026 19:35
3551,Triya Purohit,25,9930395369,New,NULL,15,12-01-2026 19:35
3552,Manbir Natt,64,9565302621,New,NULL,18,12-01-2026 19:35
3553,Fitan Ratti,37,5671101241,New,NULL,6,12-01-2026 19:35
3554,Nidhi Hari,34,2455259711,New,NULL,15,12-01-2026 19:35
3555,Logan Sengupta,60,5756620534,New,NULL,16,12-01-2026 19:35
3556,Samuel Butala,33,90979188,New,NULL,9,12-01-2026 19:35
3557,Arin Baral,53,562122203,New,NULL,20,12-01-2026 19:35
3558,Ronith Kumer,39,2353490478,New,NULL,13,12-01-2026 19:35
3559,Sachi Andra,39,7432600656,Referral,397,1,12-01-2026 19:35
3560,Samar Prasad,34,9362408663,Referral,2746,12,12-01-2026 19:35
3561,Benjamin Manne,75,2400542121,New,NULL,5,12-01-2026 19:35
3562,Jeevika Chakraborty,65,3671446758,New,NULL,14,12-01-2026 19:35
3563,Agastya Kannan,59,4981089205,New,NULL,18,12-01-2026 19:35
3564,Qarin Venkatesh,46,1081758749,New,NULL,14,12-01-2026 19:35
3565,Shravya Wadhwa,35,7229894241,New,NULL,6,12-01-2026 19:35
3566,Jagat Jha,62,2319968734,New,NULL,1,12-01-2026 19:35
3567,Ishita Pathak,60,8670828643,New,NULL,15,12-01-2026 19:35
3568,Ishwar Verma,30,3756137095,New,NULL,20,12-01-2026 19:35
3569,Mitesh Chandran,18,6539626920,New,NULL,7,12-01-2026 19:35
3570,Arya Kalla,42,176815654,New,NULL,12,12-01-2026 19:35
3571,Eiravati Majumdar,23,6716897438,New,NULL,11,12-01-2026 19:35
3572,Osha Ganesh,75,3342542540,New,NULL,13,12-01-2026 19:35
3573,Yashvi Khanna,30,6760095013,New,NULL,1,12-01-2026 19:35
3574,Kamala Goyal,57,8623084032,New,NULL,13,12-01-2026 19:35
3575,Bhavika Bala,53,6241210766,New,NULL,20,12-01-2026 19:35
3576,Gopal Purohit,25,8049113399,Referral,2841,18,12-01-2026 19:35
3577,Balhaar Ghose,80,4015721487,New,NULL,13,12-01-2026 19:35
3578,Nisha Chaudhry,49,3737128489,Referral,1763,13,12-01-2026 19:35
3579,Anita Rout,58,5921136548,New,NULL,3,12-01-2026 19:35
3580,Maanav Ray,21,1418989109,New,NULL,7,12-01-2026 19:35
3581,Leela Luthra,44,2304532603,New,NULL,17,12-01-2026 19:35
3582,Ladli Bahri,76,6543841824,New,NULL,14,12-01-2026 19:35
3583,Aarush Mohanty,78,2250337051,New,NULL,16,12-01-2026 19:35
3584,Rushil Prasad,51,8401944732,New,NULL,6,12-01-2026 19:35
3585,Yashawini Rao,27,3874476928,New,NULL,9,12-01-2026 19:35
3586,Sudiksha Luthra,48,7708641813,New,NULL,8,12-01-2026 19:35
3587,Guneet Bahri,63,7078167788,New,NULL,8,12-01-2026 19:35
3588,Victor Mukhopadhyay,69,7305633174,New,NULL,1,12-01-2026 19:35
3589,Balvan Comar,85,5098289192,New,NULL,12,12-01-2026 19:35
3590,Vanya Sanghvi,46,7060647718,New,NULL,7,12-01-2026 19:35
3591,Abhimanyu Pandya,21,7835219458,New,NULL,16,12-01-2026 19:35
3592,Yutika Sani,19,4576961828,New,NULL,18,12-01-2026 19:35
3593,Warjas Rout,55,3523470807,New,NULL,15,12-01-2026 19:35
3594,Warda Bobal,55,9975723694,New,NULL,9,12-01-2026 19:35
3595,Widisha Karan,59,9538307750,New,NULL,18,12-01-2026 19:35
3596,Girik Sethi,20,2428783376,New,NULL,13,12-01-2026 19:35
3597,Peter Chaudhry,33,6355371341,New,NULL,5,12-01-2026 19:35
3598,Devika Dass,29,7861973803,New,NULL,12,12-01-2026 19:35
3599,Harsh Dada,63,6040666880,New,NULL,8,12-01-2026 19:35
3600,Brinda Rege,48,2183476846,New,NULL,5,12-01-2026 19:35
3601,Anvi Vohra,69,8626480932,New,NULL,20,12-01-2026 19:35
3602,Chameli Hari,78,9268942707,New,NULL,12,12-01-2026 19:35
3603,Viraj Kanda,38,5014682736,New,NULL,6,12-01-2026 19:35
3604,Janani Pandey,52,5239799011,New,NULL,9,12-01-2026 19:35
3605,Rushil Pathak,43,5148909885,New,NULL,2,12-01-2026 19:35
3606,Ekapad Deshpande,40,3597858881,New,NULL,2,12-01-2026 19:35
3607,Mohammed Kumer,61,7598832573,New,NULL,8,12-01-2026 19:35
3608,Deepa Ben,83,4744743458,New,NULL,17,12-01-2026 19:35
3609,Advaith Nagar,46,6225268255,New,NULL,14,12-01-2026 19:35
3610,Ekaja Ravi,23,6942269973,New,NULL,5,12-01-2026 19:35
3611,Charvi Master,44,3460379469,Referral,824,7,12-01-2026 19:35
3612,Daksh Bajaj,68,3110473453,New,NULL,4,12-01-2026 19:35
3613,Michael Raman,35,5535001274,New,NULL,8,12-01-2026 19:35
3614,Tanish Khalsa,55,5654292300,New,NULL,19,12-01-2026 19:35
3615,Samuel Vyas,42,3759357394,New,NULL,9,12-01-2026 19:35
3616,Edhitha Halder,76,4959926618,New,NULL,3,12-01-2026 19:35
3617,Vrinda Kapur,59,3286997336,New,NULL,18,12-01-2026 19:35
3618,Saumya Dutt,53,5842974425,New,NULL,4,12-01-2026 19:35
3619,Anthony Dutta,69,4659943812,New,NULL,7,12-01-2026 19:35
3620,Faqid Kalla,36,9305992424,New,NULL,2,12-01-2026 19:35
3621,Sara Krishna,29,1238514885,Referral,2031,15,12-01-2026 19:35
3622,Waida Balan,34,2555345150,New,NULL,3,12-01-2026 19:35
3623,Omkaar Rai,56,341464057,New,NULL,8,12-01-2026 19:35
3624,Bhavini Mistry,63,3428847728,New,NULL,13,12-01-2026 19:35
3625,Harita Shetty,46,6020654655,New,NULL,15,12-01-2026 19:35
3626,Jyoti Dalal,80,6888593605,New,NULL,10,12-01-2026 19:35
3627,Nitesh Bhatia,48,3044021108,Referral,2857,16,12-01-2026 19:35
3628,Amruta Arya,76,3861536434,New,NULL,15,12-01-2026 19:35
3629,Triveni Yohannan,75,7191949957,New,NULL,4,12-01-2026 19:35
3630,Tripti Seshadri,70,5203854053,New,NULL,1,12-01-2026 19:35
3631,Isha Deshpande,51,280335831,New,NULL,12,12-01-2026 19:35
3632,Jagrati Pau,29,6393165991,New,NULL,1,12-01-2026 19:35
3633,Nilima Sandhu,23,9976165682,New,NULL,13,12-01-2026 19:35
3634,Anjali Patla,26,4244003995,New,NULL,14,12-01-2026 19:35
3635,Zinal Ramakrishnan,78,5520508279,New,NULL,8,12-01-2026 19:35
3636,Aarna Nigam,70,2566016092,New,NULL,1,12-01-2026 19:35
3637,Baghyawati Vora,42,9242484571,New,NULL,2,12-01-2026 19:35
3638,Lakshit Doctor,68,205251900,New,NULL,16,12-01-2026 19:35
3639,Netra Dayal,78,7268245751,New,NULL,2,12-01-2026 19:35
3640,Xavier Nigam,22,6033145612,New,NULL,8,12-01-2026 19:35
3641,Balvan Goel,18,473030301,New,NULL,11,12-01-2026 19:35
3642,Urmi Gara,77,3438669117,New,NULL,19,12-01-2026 19:35
3643,Inaya Zachariah,62,7482294952,New,NULL,9,12-01-2026 19:35
3644,Amaira Chakrabarti,39,6802000858,New,NULL,6,12-01-2026 19:35
3645,Isha Radhakrishnan,24,7042109004,New,NULL,12,12-01-2026 19:35
3646,Vivaan Nadkarni,83,1999330372,New,NULL,7,12-01-2026 19:35
3647,Yamini Korpal,65,9085715337,New,NULL,13,12-01-2026 19:35
3648,Ranveer Karpe,27,5273483632,New,NULL,4,12-01-2026 19:35
3649,Dhriti Raja,85,5080738465,New,NULL,20,12-01-2026 19:35
3650,Saksham Babu,25,660342253,New,NULL,4,12-01-2026 19:35
3651,Oscar Golla,63,1123699346,New,NULL,6,12-01-2026 19:35
3652,Naksh Borra,66,4949030136,New,NULL,10,12-01-2026 19:35
3653,Ekiya Kalla,71,8307492695,New,NULL,6,12-01-2026 19:35
3654,Samesh Tandon,79,1374416284,Referral,1607,2,12-01-2026 19:35
3655,Kamala Buch,47,7975611795,New,NULL,6,12-01-2026 19:35
3656,Bhavna Padmanabhan,84,6520407260,New,NULL,4,12-01-2026 19:35
3657,Theodore Seth,81,6139874477,New,NULL,2,12-01-2026 19:35
3658,Vritti Pradhan,21,662475794,New,NULL,8,12-01-2026 19:35
3659,Kashish Setty,21,3238779879,New,NULL,6,12-01-2026 19:35
3660,Ati Chatterjee,33,6562985755,New,NULL,4,12-01-2026 19:35
3661,Varsha Choudhary,48,9882548006,New,NULL,6,12-01-2026 19:35
3662,Shivani Rattan,64,4600899375,New,NULL,20,12-01-2026 19:35
3663,Finn Baral,85,3306679189,New,NULL,20,12-01-2026 19:35
3664,Harish Suri,30,4575661449,New,NULL,14,12-01-2026 19:35
3665,Reyansh Zacharia,75,3979448254,New,NULL,11,12-01-2026 19:35
3666,Lohit Chander,59,7166012267,New,NULL,3,12-01-2026 19:35
3667,Abhimanyu Ramanathan,35,8079784914,New,NULL,18,12-01-2026 19:35
3668,Omaja Nadkarni,35,4999208418,New,NULL,9,12-01-2026 19:35
3669,Hitesh Vala,60,2859541776,Referral,1476,17,12-01-2026 19:35
3670,Leena Bhasin,36,6222298074,New,NULL,18,12-01-2026 19:35
3671,Aadhya Desai,52,6967908830,New,NULL,10,12-01-2026 19:35
3672,Zayan Pathak,41,5919171748,New,NULL,11,12-01-2026 19:35
3673,Harita Karpe,34,6456815645,New,NULL,3,12-01-2026 19:35
3674,Fariq Hayre,50,7284715765,New,NULL,10,12-01-2026 19:35
3675,Gauri Parmar,83,7975438395,New,NULL,3,12-01-2026 19:35
3676,Abdul Cheema,72,6029764475,New,NULL,4,12-01-2026 19:35
3677,Bahadurjit Mander,78,1391951248,New,NULL,9,12-01-2026 19:35
3678,Onkar Bala,65,6048015075,New,NULL,6,12-01-2026 19:35
3679,Ekanta Dhillon,73,7238513932,New,NULL,11,12-01-2026 19:35
3680,Triveni Patel,64,9333943852,New,NULL,19,12-01-2026 19:35
3681,Anamika Varughese,62,1631913603,New,NULL,9,12-01-2026 19:35
3682,Adweta Bhatti,85,2755483105,New,NULL,19,12-01-2026 19:35
3683,Laban Bhakta,58,2440632808,Referral,1706,2,12-01-2026 19:35
3684,Abeer Dass,80,3719665741,New,NULL,7,12-01-2026 19:35
3685,Sathvik Ganesan,48,5416192998,New,NULL,18,12-01-2026 19:35
3686,Wishi Palla,50,5534300421,New,NULL,17,12-01-2026 19:35
3687,Michael Dass,21,7428824031,New,NULL,4,12-01-2026 19:35
3688,Xiti Sehgal,48,9959441285,New,NULL,12,12-01-2026 19:35
3689,Jonathan Tella,61,1065412675,Referral,2629,3,12-01-2026 19:35
3690,Anmol Sandal,29,1447368347,Referral,425,9,12-01-2026 19:35
3691,Isaiah Dyal,55,3259629973,New,NULL,5,12-01-2026 19:35
3692,Naksh Prashad,84,5132262207,New,NULL,12,12-01-2026 19:35
3693,Hitesh Wali,79,9550418361,New,NULL,20,12-01-2026 19:35
3694,Yadavi Sur,37,9000349149,New,NULL,20,12-01-2026 19:35
3695,Sai Samra,73,4827289828,New,NULL,10,12-01-2026 19:35
3696,Yagnesh Rattan,19,112022943,New,NULL,9,12-01-2026 19:35
3697,Libni Sachar,82,6408237043,New,NULL,19,12-01-2026 19:35
3698,Naksh Jayaraman,57,2096165903,New,NULL,17,12-01-2026 19:35
3699,Samar Panchal,25,7919236092,New,NULL,2,12-01-2026 19:35
3700,Pranit Dutt,64,9929891806,New,NULL,7,12-01-2026 19:35
3701,Henry Nair,78,5797782692,New,NULL,5,12-01-2026 19:35
3702,Meghana Pall,29,5368327615,Referral,2878,12,12-01-2026 19:35
3703,Yamini Iyengar,69,9491424310,New,NULL,13,12-01-2026 19:35
3704,Anirudh Bala,73,592631807,Referral,1544,14,12-01-2026 19:35
3705,Vamakshi Tak,53,9087188529,Referral,2353,14,12-01-2026 19:35
3706,Aradhana Chakrabarti,76,7128348504,New,NULL,10,12-01-2026 19:35
3707,Unnati Bhardwaj,28,5077319415,New,NULL,18,12-01-2026 19:35
3708,Maanas Zachariah,45,555714839,New,NULL,8,12-01-2026 19:35
3709,Damyanti Narayan,69,5054604119,New,NULL,9,12-01-2026 19:35
3710,Radha Handa,80,9673790052,New,NULL,8,12-01-2026 19:35
3711,Chaaya Viswanathan,26,981648413,New,NULL,6,12-01-2026 19:35
3712,Jagvi Mall,33,4423426906,New,NULL,13,12-01-2026 19:35
3713,Rachita Ganguly,43,7584701643,New,NULL,3,12-01-2026 19:35
3714,Chaitaly Sachar,81,8078022674,New,NULL,7,12-01-2026 19:35
3715,Alexander Narain,66,3563814583,New,NULL,11,12-01-2026 19:35
3716,Farhan Kala,22,4313797193,New,NULL,7,12-01-2026 19:35
3717,Jack Mandal,18,8016519093,New,NULL,16,12-01-2026 19:35
3718,Lajita Goswami,34,7861743641,New,NULL,2,12-01-2026 19:35
3719,Anthony Menon,20,7870023156,New,NULL,13,12-01-2026 19:35
3720,Inaya Bava,57,5126304887,New,NULL,2,12-01-2026 19:35
3721,Radhika Taneja,46,9920193310,New,NULL,20,12-01-2026 19:35
3722,Tanish Sur,78,6142253379,New,NULL,18,12-01-2026 19:35
3723,Gopal Balakrishnan,18,9285316404,New,NULL,2,12-01-2026 19:35
3724,Diya Malhotra,69,3748549384,New,NULL,5,12-01-2026 19:35
3725,Hiral Natarajan,38,4382790568,New,NULL,1,12-01-2026 19:35
3726,Hemang Shukla,23,4857794392,New,NULL,19,12-01-2026 19:35
3727,Warda Wable,46,7409525926,Referral,1650,13,12-01-2026 19:35
3728,Kai Chana,57,5316110242,New,NULL,3,12-01-2026 19:35
3729,Vanya Manne,21,3550263371,New,NULL,9,12-01-2026 19:35
3730,Anmol Ghosh,60,8445736092,New,NULL,9,12-01-2026 19:35
3731,Meghana Sridhar,46,4432490024,New,NULL,1,12-01-2026 19:35
3732,Siddharth Pradhan,48,4710087315,New,NULL,19,12-01-2026 19:35
3733,Chaitanya Parekh,80,342552727,New,NULL,19,12-01-2026 19:35
3734,Rachana Thaman,44,5555404368,New,NULL,11,12-01-2026 19:35
3735,Darika Magar,41,5353838303,Referral,1062,13,12-01-2026 19:35
3736,Jack Walia,63,6875399780,New,NULL,17,12-01-2026 19:35
3737,Aadi Nagi,24,5771912450,New,NULL,3,12-01-2026 19:35
3738,Saksham Khatri,40,2066783344,New,NULL,15,12-01-2026 19:35
3739,Vivaan Mistry,36,9919740237,New,NULL,8,12-01-2026 19:35
3740,Yamini Sodhi,61,6663629514,New,NULL,17,12-01-2026 19:35
3741,Dev Patla,80,1548378412,New,NULL,6,12-01-2026 19:35
3742,Edhitha Kala,68,9578802157,New,NULL,14,12-01-2026 19:35
3743,Zaid Sur,38,5494567560,New,NULL,3,12-01-2026 19:35
3744,Daksha Saraf,25,2996180026,New,NULL,7,12-01-2026 19:35
3745,Indrajit Mohan,83,221438473,New,NULL,16,12-01-2026 19:35
3746,Kevin Kalita,57,151401572,New,NULL,9,12-01-2026 19:35
3747,Lajita Puri,28,9249727317,Referral,2352,2,12-01-2026 19:35
3748,Kala Prabhu,55,4327883762,New,NULL,3,12-01-2026 19:35
3749,Kashvi Joshi,53,3043571098,New,NULL,18,12-01-2026 19:35
3750,Robert Ray,78,5134478712,New,NULL,14,12-01-2026 19:35
3751,Yug Comar,33,1199398262,New,NULL,1,12-01-2026 19:35
3752,Bhavini Choudhry,23,3990084421,New,NULL,13,12-01-2026 19:35
3753,Warjas Dubey,37,608330554,New,NULL,5,12-01-2026 19:35
3754,Sneha Parmer,41,5342243491,New,NULL,8,12-01-2026 19:35
3755,Qarin Prakash,38,1561135403,New,NULL,4,12-01-2026 19:35
3756,Ekansh Kannan,52,1297908850,New,NULL,13,12-01-2026 19:35
3757,Eta Ramachandran,82,4015381895,New,NULL,1,12-01-2026 19:35
3758,Qabil Biswas,44,581009306,New,NULL,18,12-01-2026 19:35
3759,Gauri Mukhopadhyay,35,8158792718,New,NULL,13,12-01-2026 19:35
3760,Aditya Gokhale,67,4543587662,New,NULL,12,12-01-2026 19:35
3761,Lekha Walia,40,7627721781,New,NULL,1,12-01-2026 19:35
3762,Ekiya Kaul,50,8751850842,New,NULL,11,12-01-2026 19:35
3763,Wazir Shukla,82,2987969510,New,NULL,5,12-01-2026 19:35
3764,Osha Chopra,46,7732170336,New,NULL,20,12-01-2026 19:35
3765,Vamakshi Shetty,37,3096857913,New,NULL,10,12-01-2026 19:35
3766,Abhimanyu Mitter,44,3109262412,New,NULL,4,12-01-2026 19:35
3767,Vritti Agarwal,25,8153911213,New,NULL,6,12-01-2026 19:35
3768,Gavin Brar,20,71460400,New,NULL,2,12-01-2026 19:35
3769,Hiral Dalal,35,4382187153,New,NULL,9,12-01-2026 19:35
3770,Darsh Manne,60,482222796,New,NULL,7,12-01-2026 19:35
3771,Mohammed Batra,82,7950065817,New,NULL,13,12-01-2026 19:35
3772,Veer Nath,66,9297395297,New,NULL,15,12-01-2026 19:35
3773,Sudiksha Bansal,31,4295078403,New,NULL,4,12-01-2026 19:35
3774,Jatin Nadkarni,18,3871290596,New,NULL,16,12-01-2026 19:35
3775,Zayan Chopra,70,6449108043,New,NULL,1,12-01-2026 19:35
3776,Lila Palla,62,4819831376,New,NULL,2,12-01-2026 19:35
3777,Robert Bhat,78,6582429363,Referral,2768,20,12-01-2026 19:35
3778,Keya Dhar,81,4742905668,New,NULL,8,12-01-2026 19:35
3779,Yochana Bawa,24,7342076479,Referral,13,15,12-01-2026 19:35
3780,Imaran Radhakrishnan,18,717015422,New,NULL,6,12-01-2026 19:35
3781,Ekavir Din,78,8574417004,New,NULL,12,12-01-2026 19:35
3782,Eta Sarna,66,2292490573,New,NULL,7,12-01-2026 19:35
3783,Radhika Garde,28,6598660608,New,NULL,18,12-01-2026 19:35
3784,Warda Gola,66,7891746693,New,NULL,19,12-01-2026 19:35
3785,Manthan Memon,69,9109871209,Referral,1103,15,12-01-2026 19:35
3786,Diya Dani,40,4079061557,New,NULL,12,12-01-2026 19:35
3787,Daksh Ghosh,30,5215200408,New,NULL,9,12-01-2026 19:35
3788,Teerth Kunda,38,9612854635,Referral,652,1,12-01-2026 19:35
3789,Irya Khare,68,6898752778,New,NULL,4,12-01-2026 19:35
3790,Yash Sibal,76,944094731,New,NULL,8,12-01-2026 19:35
3791,Ishani Bains,79,8942259201,New,NULL,19,12-01-2026 19:35
3792,Chanchal Mody,76,6224368474,New,NULL,7,12-01-2026 19:35
3793,Advaith Sarkar,32,139013891,New,NULL,13,12-01-2026 19:35
3794,Lakshmi Raghavan,30,4072625899,New,NULL,14,12-01-2026 19:35
3795,Darsh Chandran,36,8600497052,New,NULL,16,12-01-2026 19:35
3796,Azad Kashyap,67,9983256866,New,NULL,14,12-01-2026 19:35
3797,Dominic Ghose,42,2248403644,New,NULL,6,12-01-2026 19:35
3798,Balvan Parsa,67,1197027196,New,NULL,11,12-01-2026 19:35
3799,Nathan Chand,60,1548815751,New,NULL,12,12-01-2026 19:35
3800,Hemal Batra,75,4049776461,New,NULL,1,12-01-2026 19:35
3801,Upma Bawa,49,2771251846,New,NULL,19,12-01-2026 19:35
3802,Madhavi Sur,21,4168008994,New,NULL,19,12-01-2026 19:35
3803,Ekani Balasubramanian,72,4552861712,New,NULL,20,12-01-2026 19:35
3804,Mitesh Butala,58,2237143637,New,NULL,1,12-01-2026 19:35
3805,Ronith Mukherjee,85,3010328161,Referral,183,7,12-01-2026 19:35
3806,Zinal Dutt,31,7834149938,Referral,2339,14,12-01-2026 19:35
3807,Shivansh Borra,23,4773577335,New,NULL,6,12-01-2026 19:35
3808,Irya Desai,55,3939494390,New,NULL,19,12-01-2026 19:35
3809,Urvashi Rout,82,3568179315,New,NULL,20,12-01-2026 19:35
3810,Utkarsh Mannan,46,9979609015,New,NULL,7,12-01-2026 19:35
3811,Yashvi Kakar,64,9390920141,New,NULL,8,12-01-2026 19:35
3812,Chakrika Golla,23,8780942014,New,NULL,11,12-01-2026 19:35
3813,Aadi Sachar,34,1918845726,Referral,953,3,12-01-2026 19:35
3814,Vedhika Gala,76,9543981981,New,NULL,9,12-01-2026 19:35
3815,Amol Balan,24,2102591834,New,NULL,5,12-01-2026 19:35
3816,Kalpit Dhar,30,6147246189,New,NULL,20,12-01-2026 19:35
3817,Raagini Ahluwalia,51,7106347217,New,NULL,4,12-01-2026 19:35
3818,Ijaya Tak,69,4715560870,New,NULL,16,12-01-2026 19:35
3819,Jai Ramachandran,33,6047131766,New,NULL,11,12-01-2026 19:35
3820,Maanav DÔÇÖAlia,39,4991408553,New,NULL,5,12-01-2026 19:35
3821,Timothy Kapadia,51,183622023,New,NULL,4,12-01-2026 19:35
3822,Lohit Kala,58,2604485537,New,NULL,14,12-01-2026 19:35
3823,Vamakshi Goyal,28,7519045746,Referral,1162,2,12-01-2026 19:35
3824,Amol Sama,78,3219501626,Referral,824,17,12-01-2026 19:35
3825,Unnati Nagar,82,4322863054,New,NULL,12,12-01-2026 19:35
3826,Eta Gill,41,2046721558,New,NULL,10,12-01-2026 19:35
3827,Kalpit Sant,42,6363573485,New,NULL,19,12-01-2026 19:35
3828,Ishanvi Bal,70,8578594416,New,NULL,12,12-01-2026 19:35
3829,Vamakshi Behl,68,3240518980,Referral,826,9,12-01-2026 19:35
3830,Vidhi Raghavan,82,4511653367,New,NULL,18,12-01-2026 19:35
3831,Lipika Bal,56,9294918228,New,NULL,11,12-01-2026 19:35
3832,Nitesh Radhakrishnan,75,8297553962,Referral,1000,5,12-01-2026 19:35
3833,Pallavi Behl,19,8814094935,New,NULL,7,12-01-2026 19:35
3834,Ekani Arya,80,308977375,New,NULL,11,12-01-2026 19:35
3835,Madhavi Dasgupta,33,7483623192,New,NULL,7,12-01-2026 19:35
3836,Anthony Patla,29,7839030561,New,NULL,7,12-01-2026 19:35
3837,Rudra Sandhu,43,2851611486,New,NULL,20,12-01-2026 19:35
3838,Aachal Bhandari,76,8278457639,New,NULL,8,12-01-2026 19:35
3839,Ojasvi Oommen,50,2864655649,Referral,3020,14,12-01-2026 19:35
3840,Azaan Bajaj,67,4362366537,New,NULL,17,12-01-2026 19:35
3841,Amol Bahri,76,9565821953,Referral,1042,11,12-01-2026 19:35
3842,Tamanna Nadkarni,60,5060502909,New,NULL,5,12-01-2026 19:35
3843,Raksha Bhatt,21,4100532,New,NULL,13,12-01-2026 19:35
3844,Xiti Bains,73,8567778809,New,NULL,16,12-01-2026 19:35
3845,Arjun Oza,36,4430553205,New,NULL,20,12-01-2026 19:35
3846,Faris Narang,85,8846624005,New,NULL,6,12-01-2026 19:35
3847,Aradhana Raj,67,2898372982,Referral,335,20,12-01-2026 19:35
3848,Vihaan Bhatnagar,47,5166876233,New,NULL,20,12-01-2026 19:35
3849,Maya Vora,24,8161120154,New,NULL,14,12-01-2026 19:35
3850,Vansha Kata,79,5211696184,New,NULL,9,12-01-2026 19:35
3851,Upkaar Sami,66,7758183981,New,NULL,6,12-01-2026 19:35
3852,Harini Mandal,69,5175894803,New,NULL,19,12-01-2026 19:35
3853,Ikshita Narang,84,8697185064,New,NULL,16,12-01-2026 19:35
3854,Udant Merchant,19,3880506309,New,NULL,17,12-01-2026 19:35
3855,Hardik Sarkar,36,8494786821,New,NULL,3,12-01-2026 19:35
3856,Fitan Misra,60,6719958085,New,NULL,10,12-01-2026 19:35
3857,Umang Talwar,42,5220144979,New,NULL,10,12-01-2026 19:35
3858,Upadhriti Dixit,32,3889836889,New,NULL,7,12-01-2026 19:35
3859,Bishakha Deol,37,8112325668,New,NULL,13,12-01-2026 19:35
3860,Qabil Bawa,71,9171209917,New,NULL,20,12-01-2026 19:35
3861,Advay Bhatia,18,6066514917,New,NULL,2,12-01-2026 19:35
3862,Kai Vig,68,7931819057,New,NULL,17,12-01-2026 19:35
3863,Aachal Sekhon,67,9781609939,New,NULL,1,12-01-2026 19:35
3864,Ekiya Murty,18,8078302900,New,NULL,17,12-01-2026 19:35
3865,Harini Chana,56,8749168578,New,NULL,18,12-01-2026 19:35
3866,Kritika Bala,70,4408215149,New,NULL,9,12-01-2026 19:35
3867,Baghyawati Anne,54,4469583186,New,NULL,19,12-01-2026 19:35
3868,Urvashi Munshi,60,5347426665,New,NULL,12,12-01-2026 19:35
3869,Jagat Mangal,50,5835708542,New,NULL,15,12-01-2026 19:35
3870,Rachana Nath,21,9618808927,New,NULL,5,12-01-2026 19:35
3871,Girik Saha,19,8364329746,New,NULL,5,12-01-2026 19:35
3872,Gaurika Wable,83,4772648289,Referral,35,18,12-01-2026 19:35
3873,Bhanumati Sachdev,24,4609744501,New,NULL,16,12-01-2026 19:35
3874,Indira Manda,63,4697316807,New,NULL,3,12-01-2026 19:35
3875,Manya Prasad,53,465481309,New,NULL,13,12-01-2026 19:35
3876,Vamakshi Dhar,24,2321777688,New,NULL,16,12-01-2026 19:35
3877,Ranveer Issac,19,3837953355,New,NULL,20,12-01-2026 19:35
3878,Owen Ram,24,272202346,New,NULL,16,12-01-2026 19:35
3879,Rayaan Chandra,22,3449002782,New,NULL,18,12-01-2026 19:35
3880,Tanvi Krishnan,33,5231013305,New,NULL,15,12-01-2026 19:35
3881,Chakrika Ravel,23,8370600465,New,NULL,14,12-01-2026 19:35
3882,Anvi Varma,20,7179754666,New,NULL,13,12-01-2026 19:35
3883,Christopher Sule,67,3269489631,New,NULL,11,12-01-2026 19:35
3884,Nikita Chatterjee,28,1325933535,Referral,632,1,12-01-2026 19:35
3885,Aarnav Thaman,47,6508246571,New,NULL,7,12-01-2026 19:35
3886,Warda Jani,26,4553213924,New,NULL,17,12-01-2026 19:35
3887,Anamika Seshadri,44,6019481962,New,NULL,11,12-01-2026 19:35
3888,Yashodhara Varkey,77,7894307195,New,NULL,10,12-01-2026 19:35
3889,Gabriel Chada,35,9501349616,Referral,2422,15,12-01-2026 19:35
3890,Zaitra Barman,36,3918969721,New,NULL,7,12-01-2026 19:35
3891,Hamsini Kari,70,3152608335,New,NULL,8,12-01-2026 19:35
3892,Ishaan Shanker,78,4093342817,New,NULL,20,12-01-2026 19:35
3893,Ayushman Kakar,77,4065640705,New,NULL,9,12-01-2026 19:35
3894,Frederick Bali,44,2003039778,New,NULL,5,12-01-2026 19:35
3895,Gautam Dua,19,4361006772,Referral,2384,2,12-01-2026 19:35
3896,Vedika Bhatnagar,47,8906760297,New,NULL,12,12-01-2026 19:35
3897,Ethan Lanka,45,6373432567,Referral,410,4,12-01-2026 19:35
3898,Dominic Sundaram,23,663569748,New,NULL,17,12-01-2026 19:35
3899,Luke Sodhi,32,9931131939,New,NULL,8,12-01-2026 19:35
3900,Varenya Sani,23,6498819940,New,NULL,17,12-01-2026 19:35
3901,Januja Dora,22,7646084417,New,NULL,5,12-01-2026 19:35
3902,Vansha Salvi,69,2043934674,New,NULL,11,12-01-2026 19:35
3903,Krish Palla,43,2255897402,New,NULL,3,12-01-2026 19:35
3904,Arjun Kothari,81,2125625368,New,NULL,2,12-01-2026 19:35
3905,Darsh Dhawan,18,645119608,New,NULL,12,12-01-2026 19:35
3906,Arunima Chada,78,3309196964,New,NULL,9,12-01-2026 19:35
3907,Chandresh Nagarajan,78,9898169068,New,NULL,18,12-01-2026 19:35
3908,Naveen Khatri,27,7479187965,New,NULL,16,12-01-2026 19:35
3909,Praneel Gopal,82,6065499358,New,NULL,10,12-01-2026 19:35
3910,Lakshmi Tak,46,1968059648,Referral,2331,7,12-01-2026 19:35
3911,Keya Dhillon,76,3820404605,New,NULL,9,12-01-2026 19:35
3912,Gopal Bath,40,5698997065,Referral,3850,20,12-01-2026 19:35
3913,Bimala Soni,36,5268505525,Referral,40,20,12-01-2026 19:35
3914,Nandini Ravi,30,3406260058,New,NULL,20,12-01-2026 19:35
3915,Warhi Mitter,39,1579233260,New,NULL,10,12-01-2026 19:35
3916,Naveen Narayan,48,8011447600,New,NULL,13,12-01-2026 19:35
3917,Gaurav Goda,40,2530489783,New,NULL,20,12-01-2026 19:35
3918,Abhimanyu Maharaj,73,5728397994,New,NULL,11,12-01-2026 19:35
3919,Chanakya Vasa,64,5907188738,New,NULL,18,12-01-2026 19:35
3920,Rohan Purohit,26,356833079,New,NULL,20,12-01-2026 19:35
3921,Kevin Bhakta,29,948298394,New,NULL,20,12-01-2026 19:35
3922,Amara Badal,21,5403354613,New,NULL,20,12-01-2026 19:35
3923,Chaitaly Chandran,69,8684642207,New,NULL,10,12-01-2026 19:35
3924,Dhriti Parmar,63,1363767496,Referral,2870,7,12-01-2026 19:35
3925,Yasti Chowdhury,23,9783792124,New,NULL,1,12-01-2026 19:35
3926,Laksh Dani,23,5950148255,New,NULL,14,12-01-2026 19:35
3927,Dev Bassi,75,7304991358,New,NULL,17,12-01-2026 19:35
3928,Azaan Sachdev,71,3165298158,New,NULL,8,12-01-2026 19:35
3929,Wriddhish Parmer,76,9359283834,New,NULL,11,12-01-2026 19:35
3930,Vamakshi Desai,32,2571285290,New,NULL,12,12-01-2026 19:35
3931,Anmol Chand,59,7229617258,New,NULL,10,12-01-2026 19:35
3932,Urmi Barad,37,8650581444,New,NULL,4,12-01-2026 19:35
3933,Edhitha Babu,43,9137264786,New,NULL,13,12-01-2026 19:35
3934,Dev Balakrishnan,59,5136485588,New,NULL,20,12-01-2026 19:35
3935,Hema Jha,76,9750760578,New,NULL,1,12-01-2026 19:35
3936,Ira Iyer,51,727373149,New,NULL,16,12-01-2026 19:35
3937,Priya Mohan,72,4956788796,New,NULL,9,12-01-2026 19:35
3938,Ekantika Naidu,58,9215120152,New,NULL,7,12-01-2026 19:35
3939,Mitesh Yadav,67,6122985519,New,NULL,13,12-01-2026 19:35
3940,Nidra Dugal,42,6475298250,New,NULL,15,12-01-2026 19:35
3941,Tanvi Bahri,55,70741922,New,NULL,4,12-01-2026 19:35
3942,Indrajit Subramanian,68,73001590,New,NULL,14,12-01-2026 19:35
3943,Jeet Minhas,19,7465259280,New,NULL,11,12-01-2026 19:35
3944,Eesha Banik,38,2033560086,New,NULL,20,12-01-2026 19:35
3945,Sathvik Upadhyay,35,937801636,Referral,3497,17,12-01-2026 19:35
3946,Karan Purohit,35,328305005,New,NULL,9,12-01-2026 19:35
3947,Matthew Aurora,44,3346896230,Referral,1722,16,12-01-2026 19:35
3948,Mekhala Kalita,33,3934408135,New,NULL,17,12-01-2026 19:35
3949,Ekiya Suresh,76,4730284499,New,NULL,6,12-01-2026 19:35
3950,Rishi Garde,76,522605462,New,NULL,7,12-01-2026 19:35
3951,Kamala Kothari,46,4764924175,New,NULL,15,12-01-2026 19:35
3952,Yatin Pandit,74,6390567071,New,NULL,1,12-01-2026 19:35
3953,Shravya Kapadia,60,965161010,New,NULL,11,12-01-2026 19:35
3954,Idika Chadha,27,4596237510,Referral,3332,2,12-01-2026 19:35
3955,Advaith Narang,79,5601474214,New,NULL,10,12-01-2026 19:35
3956,Pranav Shukla,53,8140963175,New,NULL,15,12-01-2026 19:35
3957,Vansha Reddy,35,1343333715,New,NULL,13,12-01-2026 19:35
3958,Nihal Kapoor,83,3416369986,New,NULL,1,12-01-2026 19:35
3959,Dakshesh Sanghvi,29,2731873229,New,NULL,20,12-01-2026 19:35
3960,Devika Tank,73,2330832506,New,NULL,4,12-01-2026 19:35
3961,Rajata Sampath,22,1179215013,New,NULL,5,12-01-2026 19:35
3962,Gabriel Comar,63,319515892,New,NULL,19,12-01-2026 19:35
3963,Daksh Bose,59,9751748164,New,NULL,10,12-01-2026 19:35
3964,Ishaan Choudhry,57,2846639142,New,NULL,8,12-01-2026 19:35
3965,Thomas Balay,30,7401783415,New,NULL,4,12-01-2026 19:35
3966,Aahana Kota,51,3226216458,Referral,1788,18,12-01-2026 19:35
3967,Harini Khosla,55,9633767067,New,NULL,12,12-01-2026 19:35
3968,Hemani Sood,61,3035556526,New,NULL,13,12-01-2026 19:35
3969,Vamakshi Salvi,69,5963931905,New,NULL,8,12-01-2026 19:35
3970,Jagdish Lata,83,1780862354,New,NULL,16,12-01-2026 19:35
3971,Charvi Samra,43,5054811286,New,NULL,1,12-01-2026 19:35
3972,Ishita Kala,33,9041136228,New,NULL,18,12-01-2026 19:35
3973,Ekansh Gole,66,2296945378,New,NULL,15,12-01-2026 19:35
3974,Ekapad Pai,27,7661812242,Referral,1086,6,12-01-2026 19:35
3975,Pushti Raj,28,8968268701,New,NULL,5,12-01-2026 19:35
3976,Darika Sharma,76,9093859140,New,NULL,16,12-01-2026 19:35
3977,Xiti Jhaveri,84,8530818562,New,NULL,5,12-01-2026 19:35
3978,Ubika Varma,63,3466524422,New,NULL,8,12-01-2026 19:35
3979,Jeet Swamy,69,2885111615,New,NULL,4,12-01-2026 19:35
3980,Rachita Bhandari,62,4387370398,New,NULL,13,12-01-2026 19:35
3981,Nilima Shere,36,8186059803,New,NULL,10,12-01-2026 19:35
3982,Daniel Mishra,72,1510722457,New,NULL,16,12-01-2026 19:35
3983,Brijesh Grewal,82,266107759,New,NULL,7,12-01-2026 19:35
3984,Tanvi Divan,82,132088982,New,NULL,20,12-01-2026 19:35
3985,Pooja Kashyap,47,4457838880,New,NULL,4,12-01-2026 19:35
3986,Maanas Brar,22,1643364188,New,NULL,2,12-01-2026 19:35
3987,Jasmit Kala,61,5820179717,New,NULL,16,12-01-2026 19:35
3988,Shivansh Tata,31,9804574387,New,NULL,16,12-01-2026 19:35
3989,Nathaniel Arya,62,5846064181,New,NULL,19,12-01-2026 19:35
3990,Dominic Ravi,36,265857670,New,NULL,8,12-01-2026 19:35
3991,Anay Shenoy,28,2638929870,New,NULL,11,12-01-2026 19:35
3992,Nicholas Parsa,81,2692131133,New,NULL,13,12-01-2026 19:35
3993,Chandani Mani,42,1842695490,New,NULL,9,12-01-2026 19:35
3994,Aashi Barad,35,5724586544,New,NULL,2,12-01-2026 19:35
3995,Frederick Bhatia,51,4740020033,New,NULL,7,12-01-2026 19:35
3996,Laksh Dora,27,7202000618,New,NULL,16,12-01-2026 19:35
3997,Nachiket Tak,76,6157657183,New,NULL,9,12-01-2026 19:35
3998,Udarsh Ghosh,68,3450292131,New,NULL,1,12-01-2026 19:35
3999,Rushil Sagar,80,1682470271,New,NULL,6,12-01-2026 19:35
4000,Divya Bava,80,3206376597,New,NULL,4,12-01-2026 19:35
4001,Sai Kar,52,2337740360,New,NULL,4,12-01-2026 19:35
4002,Girindra Goda,51,3947316435,Referral,3580,7,12-01-2026 19:35
4003,Isha Dhaliwal,78,2969209062,New,NULL,16,12-01-2026 19:35
4004,Elijah Dugal,49,1771901669,New,NULL,15,12-01-2026 19:35
4005,Madhav Patil,27,157487808,New,NULL,1,12-01-2026 19:35
4006,Jackson Murthy,38,3881084488,New,NULL,2,12-01-2026 19:35
4007,Nachiket Lad,19,8228229876,Referral,57,17,12-01-2026 19:35
4008,Geetika Sood,55,7666576458,New,NULL,18,12-01-2026 19:35
4009,Warjas Loke,72,3000364607,New,NULL,3,12-01-2026 19:35
4010,Raagini Krish,32,1721475286,New,NULL,9,12-01-2026 19:35
4011,Ikshita Dhaliwal,62,1699751299,New,NULL,17,12-01-2026 19:35
4012,Chasmum Venkatesh,54,6855672424,New,NULL,20,12-01-2026 19:35
4013,Charles Lata,85,687602861,Referral,3769,10,12-01-2026 19:35
4014,Saumya Varghese,35,2271965317,New,NULL,14,12-01-2026 19:35
4015,Agastya Aurora,62,658010196,New,NULL,17,12-01-2026 19:35
4016,Wridesh Mahajan,34,3643037645,New,NULL,17,12-01-2026 19:35
4017,Vedant Agarwal,26,4374447370,New,NULL,17,12-01-2026 19:35
4018,Vedant Comar,61,6455320620,New,NULL,16,12-01-2026 19:35
4019,Nisha Kade,59,3479607134,New,NULL,1,12-01-2026 19:35
4020,Oni Gandhi,18,6757253362,New,NULL,9,12-01-2026 19:35
4021,Riya Sarraf,23,8210642622,New,NULL,14,12-01-2026 19:35
4022,Lucky Mohan,56,847572591,New,NULL,17,12-01-2026 19:35
4023,Noah Brar,51,2982648277,New,NULL,8,12-01-2026 19:35
4024,Madhav Wable,53,6788376117,New,NULL,7,12-01-2026 19:35
4025,Sanya Magar,46,7431410071,New,NULL,6,12-01-2026 19:35
4026,Joshua Soni,82,2053312807,New,NULL,8,12-01-2026 19:35
4027,Damini Doshi,32,8002094657,New,NULL,5,12-01-2026 19:35
4028,Wazir Singhal,57,7635655906,Referral,3227,19,12-01-2026 19:35
4029,Kala Ray,30,2414387121,New,NULL,15,12-01-2026 19:35
4030,Ati Din,66,3679082243,New,NULL,11,12-01-2026 19:35
4031,Pushti Sura,30,5365678625,New,NULL,11,12-01-2026 19:35
4032,Ansh Tank,65,3331593440,New,NULL,4,12-01-2026 19:35
4033,Chaitaly Sami,77,5561064869,New,NULL,17,12-01-2026 19:35
4034,Vincent Peri,35,3242653783,New,NULL,7,12-01-2026 19:35
4035,Charvi Zacharia,51,5625826891,New,NULL,12,12-01-2026 19:35
4036,Falan Sandal,33,9117455320,Referral,2112,15,12-01-2026 19:35
4037,Rajata Vaidya,36,1178288971,New,NULL,9,12-01-2026 19:35
4038,Farhan Naik,47,6256479267,New,NULL,4,12-01-2026 19:35
4039,Chandani Kata,20,3470281191,New,NULL,3,12-01-2026 19:35
4040,Omya Suresh,52,2647291907,New,NULL,1,12-01-2026 19:35
4041,Sai Keer,22,2818796225,New,NULL,11,12-01-2026 19:35
4042,Ikshita Keer,81,213208486,Referral,3409,15,12-01-2026 19:35
4043,Sara Peri,51,674570246,New,NULL,13,12-01-2026 19:35
4044,Bhavini Sabharwal,68,8377061142,New,NULL,7,12-01-2026 19:35
4045,Oscar Varughese,26,2838639868,Referral,890,18,12-01-2026 19:35
4046,Qasim Butala,73,2548419717,New,NULL,2,12-01-2026 19:35
4047,Nidhi Narayan,77,1425899494,Referral,2194,9,12-01-2026 19:35
4048,Jackson Mukhopadhyay,80,9385987638,Referral,2338,18,12-01-2026 19:35
4049,Udyati Dara,56,8358686685,New,NULL,1,12-01-2026 19:35
4050,Vedhika Baral,77,935025251,New,NULL,5,12-01-2026 19:35
4051,Gaurangi Ray,20,1614292159,Referral,193,15,12-01-2026 19:35
4052,Upasna Comar,28,8320167616,New,NULL,9,12-01-2026 19:35
4053,Ikshita Mammen,23,680556091,New,NULL,20,12-01-2026 19:35
4054,Yauvani Sood,68,6708930673,New,NULL,7,12-01-2026 19:35
4055,Krisha Butala,79,5501722737,New,NULL,3,12-01-2026 19:35
4056,Wriddhish Ratta,67,6738304194,New,NULL,16,12-01-2026 19:35
4057,Yatin Goda,80,6984586027,New,NULL,4,12-01-2026 19:35
4058,Advika Parmar,35,9348083082,New,NULL,2,12-01-2026 19:35
4059,Simon Kulkarni,81,7452694332,New,NULL,18,12-01-2026 19:35
4060,Girish Bhakta,67,6580420021,New,NULL,4,12-01-2026 19:35
4061,Tanish Krish,49,7139616647,New,NULL,4,12-01-2026 19:35
4062,Chandresh Tara,74,8015923350,New,NULL,20,12-01-2026 19:35
4063,Harish Natt,66,8921514536,New,NULL,5,12-01-2026 19:35
4064,Tanay Ramakrishnan,54,7718223436,New,NULL,3,12-01-2026 19:35
4065,Dayita Wali,51,3160890302,New,NULL,16,12-01-2026 19:35
4066,Azad Pandya,60,4336079398,New,NULL,7,12-01-2026 19:35
4067,Dhriti Menon,54,6649783695,New,NULL,15,12-01-2026 19:35
4068,Faras Narula,52,7991607175,New,NULL,11,12-01-2026 19:35
4069,Niharika Gulati,64,7640093371,New,NULL,7,12-01-2026 19:35
4070,Nathaniel Narasimhan,33,3931998363,New,NULL,2,12-01-2026 19:35
4071,Isaac Kapur,80,4872021089,New,NULL,2,12-01-2026 19:35
4072,Chaitaly Nayar,42,9650284844,New,NULL,19,12-01-2026 19:35
4073,Yauvani Sengupta,31,885465858,New,NULL,3,12-01-2026 19:35
4074,Isha Menon,18,8924518051,New,NULL,4,12-01-2026 19:35
4075,Adweta Dash,60,4751992701,New,NULL,3,12-01-2026 19:35
4076,Noah Prabhu,28,7885616354,New,NULL,7,12-01-2026 19:35
4077,Pallavi Bajaj,72,496290441,New,NULL,4,12-01-2026 19:35
4078,Chandran Walla,39,4070270241,New,NULL,17,12-01-2026 19:35
4079,Kamala Zacharia,84,2754558183,New,NULL,9,12-01-2026 19:35
4080,Udyati Chad,36,9294874287,New,NULL,15,12-01-2026 19:35
4081,Patrick Raman,66,7188192485,New,NULL,7,12-01-2026 19:35
4082,Gagan Om,49,7273074459,New,NULL,7,12-01-2026 19:35
4083,Udyati Som,46,6164197541,New,NULL,5,12-01-2026 19:35
4084,Abeer Gupta,85,9243033910,New,NULL,2,12-01-2026 19:35
4085,Ekani Jain,55,2859145221,New,NULL,10,12-01-2026 19:35
4086,Meghana Muni,22,1743821065,New,NULL,15,12-01-2026 19:35
4087,Mitesh Kale,56,1027813483,New,NULL,12,12-01-2026 19:35
4088,Sneha Jha,54,4315731805,New,NULL,18,12-01-2026 19:35
4089,Manya Mannan,24,3607162104,New,NULL,3,12-01-2026 19:35
4090,Oviya Bhatia,61,595021957,New,NULL,12,12-01-2026 19:35
4091,Patrick Merchant,38,17835359,New,NULL,18,12-01-2026 19:35
4092,Eesha Pillay,20,4808823272,New,NULL,4,12-01-2026 19:35
4093,Alka Din,58,5743393370,New,NULL,14,12-01-2026 19:35
4094,Girish Din,18,8452474154,New,NULL,17,12-01-2026 19:35
4095,Abeer Bhat,61,1821761251,New,NULL,7,12-01-2026 19:35
4096,Anirudh Contractor,59,7706547173,New,NULL,13,12-01-2026 19:35
4097,Jacob Aggarwal,40,3150890478,New,NULL,13,12-01-2026 19:35
4098,Adya Shankar,18,8994118015,New,NULL,2,12-01-2026 19:35
4099,Jyoti Dhawan,70,8077315798,New,NULL,6,12-01-2026 19:35
4100,Frado Tailor,24,6638491594,New,NULL,5,12-01-2026 19:35
4101,Vrishti Sami,76,7311284206,Referral,815,18,12-01-2026 19:35
4102,Raagini Golla,36,6715625677,New,NULL,14,12-01-2026 19:35
4103,Omaja Wadhwa,70,8097873158,New,NULL,16,12-01-2026 19:35
4104,Daniel Ramachandran,48,6098477716,New,NULL,10,12-01-2026 19:35
4105,Anmol Natarajan,83,9942718265,New,NULL,7,12-01-2026 19:35
4106,Neelima Ravi,26,5970980252,New,NULL,13,12-01-2026 19:35
4107,Madhav Toor,31,8514628403,New,NULL,16,12-01-2026 19:35
4108,Jeremiah Rastogi,81,3628743393,New,NULL,1,12-01-2026 19:35
4109,Chatura Krish,36,3158637838,New,NULL,12,12-01-2026 19:35
4110,Amruta Palan,55,9153260405,New,NULL,15,12-01-2026 19:35
4111,Ati Gera,73,8896807217,New,NULL,18,12-01-2026 19:35
4112,Widisha Sachar,54,1493983199,New,NULL,5,12-01-2026 19:35
4113,Chaaya Gulati,65,8366672137,New,NULL,11,12-01-2026 19:35
4114,Gaurika Mann,62,1268445924,New,NULL,11,12-01-2026 19:35
4115,Jhalak Batra,51,2381991151,New,NULL,16,12-01-2026 19:35
4116,Amara Narain,56,7630728826,New,NULL,10,12-01-2026 19:35
4117,Ayush Patla,39,8004288662,New,NULL,1,12-01-2026 19:35
4118,Naksh Narula,35,5122765461,New,NULL,4,12-01-2026 19:35
4119,Zayan Sodhi,67,6015154574,New,NULL,19,12-01-2026 19:35
4120,Ekaja Deol,26,1492222633,Referral,1507,4,12-01-2026 19:35
4121,Zayan Sabharwal,35,8847165018,New,NULL,15,12-01-2026 19:35
4122,Nilima Venkataraman,34,8803009240,New,NULL,7,12-01-2026 19:35
4123,Anvi Dhingra,61,8301407226,New,NULL,8,12-01-2026 19:35
4124,Shivani Lad,85,8620234647,New,NULL,3,12-01-2026 19:35
4125,Gayathri Oza,23,8793025565,New,NULL,3,12-01-2026 19:35
4126,Patrick Sagar,66,5340918899,New,NULL,12,12-01-2026 19:35
4127,Nilima Bava,38,8272567701,New,NULL,7,12-01-2026 19:35
4128,Baljiwan Bhandari,22,4082883032,New,NULL,17,12-01-2026 19:35
4129,Nirja Gokhale,76,5472258879,New,NULL,6,12-01-2026 19:35
4130,Ekbal Barman,53,5417206720,New,NULL,13,12-01-2026 19:35
4131,Tara Swaminathan,71,8264094344,New,NULL,18,12-01-2026 19:35
4132,Zayan Saini,62,190047880,New,NULL,1,12-01-2026 19:35
4133,Eta Rama,78,1705378806,New,NULL,13,12-01-2026 19:35
4134,Yashasvi Venkatesh,76,2209707586,New,NULL,5,12-01-2026 19:35
4135,Krishna Ghose,74,1702045786,New,NULL,13,12-01-2026 19:35
4136,Harinakshi Bali,40,5211336630,New,NULL,8,12-01-2026 19:35
4137,Nimrat Bir,54,1049417420,New,NULL,14,12-01-2026 19:35
4138,Wyatt Sura,25,5002274606,New,NULL,8,12-01-2026 19:35
4139,Janani Shenoy,81,1517395999,New,NULL,1,12-01-2026 19:35
4140,Anika Dora,38,6151905459,New,NULL,2,12-01-2026 19:35
4141,Jacob Sekhon,71,8209163772,New,NULL,13,12-01-2026 19:35
4142,Chanchal Agrawal,19,6688153563,New,NULL,2,12-01-2026 19:35
4143,Hemangini Ahluwalia,37,1480561968,Referral,482,14,12-01-2026 19:35
4144,Aarini More,41,3778070403,New,NULL,5,12-01-2026 19:35
4145,Samaksh Bera,22,5767288695,New,NULL,9,12-01-2026 19:35
4146,Radha Das,75,6026945937,New,NULL,7,12-01-2026 19:35
4147,Champak Gandhi,36,4558000280,New,NULL,16,12-01-2026 19:35
4148,Tamanna Samra,27,1076495551,New,NULL,20,12-01-2026 19:35
4149,Xalak Jain,47,3774476207,New,NULL,1,12-01-2026 19:35
4150,Rohan Ratta,53,8899527000,New,NULL,17,12-01-2026 19:35
4151,Ishaan Mall,69,674148920,New,NULL,4,12-01-2026 19:35
4152,Tara Ramaswamy,36,4366221843,New,NULL,12,12-01-2026 19:35
4153,Mitesh Saini,18,9165565919,New,NULL,15,12-01-2026 19:35
4154,Kritika Shan,34,3684895018,New,NULL,3,12-01-2026 19:35
4155,Leela Ramesh,27,8939030589,New,NULL,19,12-01-2026 19:35
4156,Forum Walla,59,1857761772,New,NULL,6,12-01-2026 19:35
4157,Lavanya Pau,81,2311220968,New,NULL,13,12-01-2026 19:35
4158,Ayushman Kari,60,4850872456,New,NULL,10,12-01-2026 19:35
4159,Hemani Joshi,48,7073817724,New,NULL,3,12-01-2026 19:35
4160,Warjas Banerjee,49,8576453362,New,NULL,1,12-01-2026 19:35
4161,Ikshita Sani,66,8939551249,New,NULL,6,12-01-2026 19:35
4162,Pranit Sanghvi,46,9164774559,New,NULL,20,12-01-2026 19:35
4163,Hamsini Nair,39,5482257721,New,NULL,17,12-01-2026 19:35
4164,Eta Puri,52,1212102524,New,NULL,16,12-01-2026 19:35
4165,Noah Muni,31,3601906554,New,NULL,3,12-01-2026 19:35
4166,Jatin Chhabra,33,3586457453,New,NULL,17,12-01-2026 19:35
4167,Pranav Issac,32,2572803955,Referral,130,14,12-01-2026 19:35
4168,Anika Mukherjee,77,5665520789,New,NULL,1,12-01-2026 19:35
4169,Hitesh Korpal,42,1624156656,New,NULL,3,12-01-2026 19:35
4170,Avni Dey,22,2905452320,New,NULL,14,12-01-2026 19:35
4171,Rachit Manne,70,4212425328,New,NULL,6,12-01-2026 19:35
4172,Tamanna Mannan,85,6162590797,New,NULL,20,12-01-2026 19:35
4173,Chavvi Mand,68,9368269012,New,NULL,11,12-01-2026 19:35
4174,Max Vaidya,55,9326835787,New,NULL,7,12-01-2026 19:35
4175,Mohammed Buch,23,8676386910,Referral,1800,3,12-01-2026 19:35
4176,Caleb Varughese,45,6480629014,New,NULL,4,12-01-2026 19:35
4177,Vedant Gaba,40,1782702801,New,NULL,10,12-01-2026 19:35
4178,Xiti Joshi,42,6902148100,New,NULL,5,12-01-2026 19:35
4179,Dakshesh Doctor,39,7586212650,New,NULL,1,12-01-2026 19:35
4180,Arjun Bhandari,71,7053545435,New,NULL,15,12-01-2026 19:35
4181,Yashica Memon,82,3504878222,New,NULL,17,12-01-2026 19:35
4182,Gautami Dube,76,3633297680,New,NULL,8,12-01-2026 19:35
4183,Dayamai Pandey,41,1313574458,New,NULL,3,12-01-2026 19:35
4184,Jack Konda,26,5812931572,New,NULL,12,12-01-2026 19:35
4185,Gautam Banerjee,28,6978844984,New,NULL,7,12-01-2026 19:35
4186,Dev Batta,33,5073642964,New,NULL,8,12-01-2026 19:35
4187,Rohan Bhakta,60,4737727041,New,NULL,12,12-01-2026 19:35
4188,Bhanumati Hayre,40,7683854547,New,NULL,6,12-01-2026 19:35
4189,Nirja Nadkarni,63,9189623521,New,NULL,3,12-01-2026 19:35
4190,Indali Dave,22,3751061230,New,NULL,7,12-01-2026 19:35
4191,Daksha Desai,21,3085827876,New,NULL,4,12-01-2026 19:35
4192,Harita Chatterjee,37,7678197834,New,NULL,4,12-01-2026 19:35
4193,Aahana Parsa,33,8033976071,New,NULL,4,12-01-2026 19:35
4194,Priya Batta,23,5297849780,New,NULL,16,12-01-2026 19:35
4195,Reva Dhingra,59,4271347546,New,NULL,7,12-01-2026 19:35
4196,Harinakshi Singhal,34,9917305249,New,NULL,20,12-01-2026 19:35
4197,Isaac Ramachandran,74,3249864475,New,NULL,9,12-01-2026 19:35
4198,Anmol Ganesan,73,1653540033,New,NULL,9,12-01-2026 19:35
4199,Finn Tata,58,1493757366,New,NULL,16,12-01-2026 19:35
4200,Aishani Madan,83,8076834303,New,NULL,8,12-01-2026 19:35
4201,Logan Grover,44,725442276,New,NULL,17,12-01-2026 19:35
4202,Nidra Deshmukh,68,9597710086,New,NULL,15,12-01-2026 19:35
4203,Ojas Goda,83,7999919836,Referral,4103,6,12-01-2026 19:35
4204,Anay Rajagopalan,83,4348036147,New,NULL,2,12-01-2026 19:35
4205,Max Gour,41,8671792278,New,NULL,15,12-01-2026 19:35
4206,Jagvi Padmanabhan,76,7680647102,New,NULL,20,12-01-2026 19:35
4207,Pavani Dash,84,4658305928,New,NULL,7,12-01-2026 19:35
4208,Warda Tandon,56,462204576,New,NULL,16,12-01-2026 19:35
4209,Ronith Wable,72,1255547051,New,NULL,12,12-01-2026 19:35
4210,Sneha Anand,46,5487263166,New,NULL,18,12-01-2026 19:35
4211,Yashoda Sawhney,27,1396858405,New,NULL,19,12-01-2026 19:35
4212,Teerth Dubey,40,3308007896,New,NULL,7,12-01-2026 19:35
4213,Faqid Sant,30,5106856870,New,NULL,2,12-01-2026 19:35
4214,Eshana Kade,21,7892742068,New,NULL,12,12-01-2026 19:35
4215,Urmi Pandey,42,4086644228,New,NULL,13,12-01-2026 19:35
4216,Kritika Goyal,29,7086022525,New,NULL,3,12-01-2026 19:35
4217,Harita Hayre,78,9521798387,New,NULL,5,12-01-2026 19:35
4218,Harshil Wable,85,6650189246,New,NULL,12,12-01-2026 19:35
4219,Nakul Ganesan,74,5647083423,New,NULL,14,12-01-2026 19:35
4220,Rajeshri Parmar,46,2255021008,New,NULL,2,12-01-2026 19:35
4221,Diya Bava,63,2673394528,New,NULL,7,12-01-2026 19:35
4222,Orinder Sridhar,39,3568378124,New,NULL,10,12-01-2026 19:35
4223,Mohammed Dalal,59,3571951032,New,NULL,7,12-01-2026 19:35
4224,Devika Shukla,36,8166933460,New,NULL,1,12-01-2026 19:35
4225,Shivani Wadhwa,74,6411014237,New,NULL,2,12-01-2026 19:35
4226,Qasim Nayar,19,8205320631,New,NULL,11,12-01-2026 19:35
4227,Ethan Chadha,34,3153282081,New,NULL,12,12-01-2026 19:35
4228,Kamala Mahal,20,5641307375,New,NULL,12,12-01-2026 19:35
4229,Mugdha Sastry,27,2746616880,New,NULL,20,12-01-2026 19:35
4230,Krishna Setty,65,7059057440,New,NULL,20,12-01-2026 19:35
4231,Jeet Mahajan,63,2644117091,New,NULL,6,12-01-2026 19:35
4232,Abhiram Kara,83,8904948072,New,NULL,14,12-01-2026 19:35
4233,Urvashi Dixit,23,1202187546,New,NULL,17,12-01-2026 19:35
4234,Turvi Ravi,55,6504509383,New,NULL,9,12-01-2026 19:35
4235,Vrishti Ram,56,9440054416,New,NULL,16,12-01-2026 19:35
4236,Yatin Solanki,22,7245362502,New,NULL,5,12-01-2026 19:35
4237,Kevin Bobal,47,9919698042,New,NULL,12,12-01-2026 19:35
4238,Shravya Sura,81,3499413181,New,NULL,18,12-01-2026 19:35
4239,Ekbal Sathe,20,3387423988,Referral,57,5,12-01-2026 19:35
4240,Chandran Ravel,57,4934782022,New,NULL,16,12-01-2026 19:35
4241,Gaurang Kurian,56,5668096576,Referral,840,11,12-01-2026 19:35
4242,Shravya Shankar,18,5867732701,New,NULL,20,12-01-2026 19:35
4243,Daksha Barad,54,3700283168,New,NULL,1,12-01-2026 19:35
4244,Gavin Sem,20,214204163,New,NULL,20,12-01-2026 19:35
4245,Indrajit Butala,31,3452998337,New,NULL,14,12-01-2026 19:35
4246,Tara Sant,48,4945075148,New,NULL,12,12-01-2026 19:35
4247,Ucchal Das,48,7475688590,New,NULL,19,12-01-2026 19:35
4248,Anamika Chowdhury,65,9891281218,New,NULL,10,12-01-2026 19:35
4249,Gaurav Acharya,84,717839097,New,NULL,15,12-01-2026 19:35
4250,Niharika Balay,80,1848377889,New,NULL,3,12-01-2026 19:35
4251,Omisha Grewal,27,1887832731,New,NULL,14,12-01-2026 19:35
4252,Upkaar Aurora,43,1897544164,New,NULL,4,12-01-2026 19:35
4253,Caleb Dass,54,5909151552,New,NULL,15,12-01-2026 19:35
4254,Vansha Hora,79,793908858,New,NULL,16,12-01-2026 19:35
4255,Aradhana Raman,44,6300309510,New,NULL,5,12-01-2026 19:35
4256,Rachit Sastry,51,8960276448,New,NULL,3,12-01-2026 19:35
4257,Jairaj Kala,55,5258791338,New,NULL,6,12-01-2026 19:35
4258,Bhavna Boase,35,2858325600,New,NULL,18,12-01-2026 19:35
4259,Amol Sastry,61,17433095,New,NULL,7,12-01-2026 19:35
4260,Kiaan Chaudhari,27,1615340697,New,NULL,17,12-01-2026 19:35
4261,Krisha Chauhan,66,6314255054,New,NULL,14,12-01-2026 19:35
4262,Ati Gera,37,3215448242,New,NULL,17,12-01-2026 19:35
4263,Meera Merchant,60,6813114197,New,NULL,16,12-01-2026 19:35
4264,Anay Anand,52,1999769087,New,NULL,1,12-01-2026 19:35
4265,Chakrika De,69,9450931073,New,NULL,3,12-01-2026 19:35
4266,Manan Rajan,28,5300184698,New,NULL,1,12-01-2026 19:35
4267,Ekapad Pandey,62,9005193328,New,NULL,12,12-01-2026 19:35
4268,Gabriel Mangat,85,576434362,New,NULL,12,12-01-2026 19:35
4269,Alexander Thaman,27,3842838066,New,NULL,19,12-01-2026 19:35
4270,Varenya Zachariah,22,1248099707,New,NULL,6,12-01-2026 19:35
4271,Yashodhara Cheema,40,7800500877,New,NULL,5,12-01-2026 19:35
4272,Sarthak Kashyap,47,3932303431,Referral,719,17,12-01-2026 19:35
4273,Sathvik Wadhwa,43,3822424442,New,NULL,11,12-01-2026 19:35
4274,Gautam Gulati,79,7188304997,New,NULL,11,12-01-2026 19:35
4275,Zaid Puri,30,4821240414,New,NULL,11,12-01-2026 19:35
4276,Vihaan Kala,53,4389061366,New,NULL,11,12-01-2026 19:35
4277,Diya Savant,80,6710013337,New,NULL,19,12-01-2026 19:35
4278,Eta Gade,56,9142966702,New,NULL,5,12-01-2026 19:35
4279,Chatura Anand,71,8828684760,New,NULL,11,12-01-2026 19:35
4280,Shravya Shanker,72,9430740882,New,NULL,2,12-01-2026 19:35
4281,Adya Ganesh,52,3895266482,New,NULL,17,12-01-2026 19:35
4282,Leena Sarkar,47,1185873204,New,NULL,19,12-01-2026 19:35
4283,Dhruv Zacharia,59,2852988158,New,NULL,11,12-01-2026 19:35
4284,Mugdha Chahal,35,8107319153,New,NULL,15,12-01-2026 19:35
4285,Meghana Parikh,21,6902872305,New,NULL,12,12-01-2026 19:35
4286,Krish Bava,21,2359383456,Referral,3811,5,12-01-2026 19:35
4287,Kevin Hayre,52,7273273928,New,NULL,7,12-01-2026 19:35
4288,Wriddhish Rastogi,38,2663735799,New,NULL,13,12-01-2026 19:35
4289,Gaurika Dey,68,4453963168,New,NULL,3,12-01-2026 19:35
4290,Tanish Singh,66,9733536966,New,NULL,10,12-01-2026 19:35
4291,Lila Parikh,55,2189219550,New,NULL,19,12-01-2026 19:35
4292,Tejas Singhal,72,2536620727,New,NULL,6,12-01-2026 19:35
4293,Falak Apte,41,789357635,New,NULL,8,12-01-2026 19:35
4294,Janaki Madan,29,1180353,New,NULL,9,12-01-2026 19:35
4295,Samar Ray,40,9259815145,New,NULL,18,12-01-2026 19:35
4296,Wyatt Kakar,85,5439484434,New,NULL,7,12-01-2026 19:35
4297,Yauvani Chanda,71,8213073356,New,NULL,5,12-01-2026 19:35
4298,Chaitanya Aggarwal,58,3328247320,New,NULL,15,12-01-2026 19:35
4299,Zayyan Chaudry,58,2456286170,Referral,785,4,12-01-2026 19:35
4300,Pahal Pillai,49,4622650965,New,NULL,8,12-01-2026 19:35
4301,Vansha Khanna,56,4059972731,New,NULL,5,12-01-2026 19:35
4302,Charvi Hora,79,4078856199,New,NULL,18,12-01-2026 19:35
4303,Radha Uppal,22,7565507133,New,NULL,16,12-01-2026 19:35
4304,Tamanna Bedi,48,5375827736,Referral,4275,1,12-01-2026 19:35
4305,Krish Mane,58,1514331261,New,NULL,6,12-01-2026 19:35
4306,Ansh Sathe,19,7788022812,New,NULL,10,12-01-2026 19:35
4307,Qarin Cherian,58,7452217788,New,NULL,11,12-01-2026 19:35
4308,Wriddhish Shere,20,2835388283,New,NULL,1,12-01-2026 19:35
4309,Edhitha Pillay,29,605591783,New,NULL,10,12-01-2026 19:35
4310,Oscar Edwin,28,8958431138,New,NULL,7,12-01-2026 19:35
4311,Warjas Kurian,28,2340449367,New,NULL,16,12-01-2026 19:35
4312,Mitali Dhar,20,4609382177,New,NULL,11,12-01-2026 19:35
4313,Nidra Narang,37,4628517456,New,NULL,7,12-01-2026 19:35
4314,Ishaan Prakash,63,4763139679,New,NULL,5,12-01-2026 19:35
4315,Balveer Dani,52,1437597722,New,NULL,13,12-01-2026 19:35
4316,Raghav Lad,36,9619094010,New,NULL,11,12-01-2026 19:35
4317,Christopher Kumar,52,746174009,New,NULL,15,12-01-2026 19:35
4318,Meghana Uppal,63,6992252099,New,NULL,4,12-01-2026 19:35
4319,Upasna Mutti,38,5183724237,New,NULL,6,12-01-2026 19:35
4320,Elijah Dora,68,139790053,New,NULL,18,12-01-2026 19:35
4321,Anthony Krishnamurthy,62,6798463405,New,NULL,19,12-01-2026 19:35
4322,Aarnav Halder,19,3698506371,New,NULL,1,12-01-2026 19:35
4323,Yatin Raj,57,4033104349,Referral,1062,20,12-01-2026 19:35
4324,Osha Khanna,61,7158741497,New,NULL,12,12-01-2026 19:35
4325,Harinakshi Chaudry,32,8136180625,New,NULL,13,12-01-2026 19:35
4326,Oeshi Saran,72,3469070840,New,NULL,11,12-01-2026 19:35
4327,Wishi Bava,27,2863130627,New,NULL,18,12-01-2026 19:35
4328,Vrishti Bumb,73,8275067889,New,NULL,9,12-01-2026 19:35
4329,Qadim Handa,31,3183531628,New,NULL,4,12-01-2026 19:35
4330,Samaksh Ganesh,61,4260011729,New,NULL,7,12-01-2026 19:35
4331,Maanav Patla,50,1148102636,New,NULL,14,12-01-2026 19:35
4332,Sneha Bava,74,5899721068,New,NULL,19,12-01-2026 19:35
4333,Wyatt Rana,19,5538250098,New,NULL,14,12-01-2026 19:35
4334,Aarush Rastogi,44,2466699798,New,NULL,16,12-01-2026 19:35
4335,Lavanya Raju,23,2906185610,New,NULL,8,12-01-2026 19:35
4336,Ayaan Sarkar,69,1414399796,New,NULL,1,12-01-2026 19:35
4337,Agastya Nayar,71,988780233,New,NULL,19,12-01-2026 19:35
4338,Shaurya Char,60,6044273104,New,NULL,3,12-01-2026 19:35
4339,Krishna Mandal,43,2605407010,New,NULL,1,12-01-2026 19:35
4340,Qushi Das,42,1555006143,Referral,1855,15,12-01-2026 19:35
4341,Xiti Pandey,42,4964080461,New,NULL,13,12-01-2026 19:35
4342,Pranit Soman,40,6388215718,New,NULL,4,12-01-2026 19:35
4343,Siddharth Ratta,47,9297918811,New,NULL,7,12-01-2026 19:35
4344,Jack Narula,56,4490951880,New,NULL,9,12-01-2026 19:35
4345,Yamini Saran,41,1347139935,New,NULL,20,12-01-2026 19:35
4346,Zayan Arya,32,8028815281,New,NULL,8,12-01-2026 19:35
4347,Ishita Kala,67,3132719947,New,NULL,3,12-01-2026 19:35
4348,Darsh Raman,82,173767254,New,NULL,10,12-01-2026 19:35
4349,Anya Rege,84,7216131267,New,NULL,1,12-01-2026 19:35
4350,Lopa Varkey,53,9291654103,New,NULL,17,12-01-2026 19:35
4351,Nirja Handa,31,7725986148,New,NULL,7,12-01-2026 19:35
4352,Vincent Mannan,77,51424284,New,NULL,13,12-01-2026 19:35
4353,Inaya Sood,45,8868384391,New,NULL,8,12-01-2026 19:35
4354,Waida Joshi,55,9775814183,New,NULL,4,12-01-2026 19:35
4355,Hemal Datta,56,9558989166,New,NULL,5,12-01-2026 19:35
4356,Chatresh Sarin,21,7586729177,New,NULL,14,12-01-2026 19:35
4357,Imaran Master,24,6302092679,New,NULL,10,12-01-2026 19:35
4358,Zehaan Sodhi,84,1392457508,New,NULL,17,12-01-2026 19:35
4359,Deepa Mammen,29,3889624499,New,NULL,17,12-01-2026 19:35
4360,Radha Lanka,75,1702496294,New,NULL,3,12-01-2026 19:35
4361,Gopal Brar,21,6810015721,New,NULL,2,12-01-2026 19:35
4362,Vansha Zachariah,34,1264897968,New,NULL,18,12-01-2026 19:35
4363,Isaiah Agate,76,6821946867,New,NULL,8,12-01-2026 19:35
4364,Omkaar Lall,72,1278337001,New,NULL,3,12-01-2026 19:35
4365,Dev Guha,54,1427662609,New,NULL,15,12-01-2026 19:35
4366,Urmi Magar,78,1707968796,New,NULL,9,12-01-2026 19:35
4367,Nathaniel Shah,84,671046487,New,NULL,10,12-01-2026 19:35
4368,Darsh Chacko,61,4827425193,New,NULL,8,12-01-2026 19:35
4369,Oviya Padmanabhan,77,5170183468,New,NULL,17,12-01-2026 19:35
4370,Damyanti Brar,70,9885754295,New,NULL,4,12-01-2026 19:35
4371,Osha Lad,39,3692575120,New,NULL,5,12-01-2026 19:35
4372,Ishaan Chawla,41,9665554425,New,NULL,8,12-01-2026 19:35
4373,Ekta Mittal,27,3382386673,Referral,1004,10,12-01-2026 19:35
4374,Neelima Sama,62,1850387961,New,NULL,1,12-01-2026 19:35
4375,Janani Menon,30,5778756278,New,NULL,7,12-01-2026 19:35
4376,Rachana Borde,32,6653352153,New,NULL,10,12-01-2026 19:35
4377,Zaid Arora,66,730805510,New,NULL,1,12-01-2026 19:35
4378,Aditya Chauhan,32,1984738059,New,NULL,1,12-01-2026 19:35
4379,Damyanti Ramachandran,74,3952416194,New,NULL,1,12-01-2026 19:35
4380,Ijaya Choudhry,37,8777441236,New,NULL,1,12-01-2026 19:35
4381,Vinaya Gaba,78,6367929360,Referral,1887,17,12-01-2026 19:35
4382,Mahika Ahluwalia,51,9910931550,New,NULL,18,12-01-2026 19:35
4383,Mugdha Bava,33,1386691153,New,NULL,7,12-01-2026 19:35
4384,Baljiwan Dugar,32,223900097,New,NULL,3,12-01-2026 19:35
4385,Nicholas Borra,48,1404833931,New,NULL,15,12-01-2026 19:35
4386,Jeevika Chada,40,5976629134,New,NULL,19,12-01-2026 19:35
4387,Turvi Suresh,70,1569579752,New,NULL,3,12-01-2026 19:35
4388,Advaith Pant,38,3560457987,New,NULL,6,12-01-2026 19:35
4389,Mekhala Mane,82,8408630762,Referral,833,11,12-01-2026 19:35
4390,Manya Johal,64,8288815031,New,NULL,6,12-01-2026 19:35
4391,Yutika Nadig,55,1934534108,New,NULL,7,12-01-2026 19:35
4392,Shaurya Tata,61,5234486041,New,NULL,13,12-01-2026 19:35
4393,Luke Kara,81,5165025690,New,NULL,1,12-01-2026 19:35
4394,Aadi Chandran,48,9532149564,Referral,1800,13,12-01-2026 19:35
4395,William Manda,52,2779064739,New,NULL,15,12-01-2026 19:35
4396,Anika Sahni,51,8593282623,New,NULL,17,12-01-2026 19:35
4397,Bhavani Pau,47,4399486294,New,NULL,17,12-01-2026 19:35
4398,Harinakshi Nagarajan,85,3059541606,New,NULL,12,12-01-2026 19:35
4399,Ekaraj Rao,80,9252625691,New,NULL,11,12-01-2026 19:35
4400,Faqid Kala,72,3719700343,New,NULL,13,12-01-2026 19:35
4401,Luke Lalla,23,5136914326,New,NULL,12,12-01-2026 19:35
4402,Jackson Bassi,76,3898534440,New,NULL,1,12-01-2026 19:35
4403,Yashica Saha,62,8545862474,New,NULL,17,12-01-2026 19:35
4404,Ayushman Sangha,43,4616743300,New,NULL,6,12-01-2026 19:35
4405,Dakshesh Ravi,28,6031119100,Referral,2384,15,12-01-2026 19:35
4406,Saksham Sane,73,4059751451,New,NULL,11,12-01-2026 19:35
4407,Maya Merchant,46,5841726684,New,NULL,8,12-01-2026 19:35
4408,Azaan Uppal,59,1950009990,New,NULL,1,12-01-2026 19:35
4409,Girish Devan,37,2788541632,New,NULL,19,12-01-2026 19:35
4410,Xalak Arora,77,2300353518,New,NULL,15,12-01-2026 19:35
4411,Jagat Sagar,75,5234912120,New,NULL,17,12-01-2026 19:35
4412,Hitesh Kant,44,44164103,New,NULL,5,12-01-2026 19:35
4413,Ekta Gopal,74,9073338213,New,NULL,16,12-01-2026 19:35
4414,Urvi Cherian,25,5562544306,New,NULL,17,12-01-2026 19:35
4415,Unni Chaudhari,61,3192242010,New,NULL,4,12-01-2026 19:35
4416,Utkarsh Parmar,29,8282365711,New,NULL,13,12-01-2026 19:35
4417,Neelima Kaul,36,943108824,New,NULL,15,12-01-2026 19:35
4418,Reva Zachariah,77,1773192273,New,NULL,11,12-01-2026 19:35
4419,Bhavani Mani,42,260973434,New,NULL,3,12-01-2026 19:35
4420,Pallavi Deep,18,6542479169,Referral,1283,7,12-01-2026 19:35
4421,Varsha Kale,45,4002656636,New,NULL,9,12-01-2026 19:35
4422,Tarak Char,20,91242014,New,NULL,9,12-01-2026 19:35
4423,Dalbir Sastry,45,7965090384,New,NULL,8,12-01-2026 19:35
4424,Siddharth Bobal,76,40448293,New,NULL,11,12-01-2026 19:35
4425,Widisha Mall,56,7263437272,New,NULL,13,12-01-2026 19:35
4426,Om Iyengar,81,1036559936,New,NULL,4,12-01-2026 19:35
4427,Gautam Mahajan,64,9840247134,New,NULL,5,12-01-2026 19:35
4428,Ishwar Yohannan,31,2628641166,Referral,3370,6,12-01-2026 19:35
4429,Chandani Contractor,33,2599735448,Referral,1542,13,12-01-2026 19:35
4430,Charvi Brahmbhatt,55,8106156076,New,NULL,4,12-01-2026 19:35
4431,Balvan Minhas,82,114063003,Referral,359,4,12-01-2026 19:35
4432,Hemangini Karpe,29,8518493367,New,NULL,4,12-01-2026 19:35
4433,Lakshit Sankaran,37,4923535005,New,NULL,2,12-01-2026 19:35
4434,Manya Tata,70,5961267272,New,NULL,9,12-01-2026 19:35
4435,Bhavna Halder,38,4612479030,Referral,517,6,12-01-2026 19:35
4436,Rachita Venkataraman,61,6959447480,New,NULL,18,12-01-2026 19:35
4437,Gauri Sandal,83,2424434893,New,NULL,18,12-01-2026 19:35
4438,Vaishnavi Krishna,58,6103461086,New,NULL,2,12-01-2026 19:35
4439,Imaran Chaudry,43,51327228,Referral,1658,9,12-01-2026 19:35
4440,Krishna Grewal,77,3051753151,New,NULL,13,12-01-2026 19:35
4441,Jagdish Chakraborty,41,3920318067,New,NULL,3,12-01-2026 19:35
4442,Darika Palla,63,6026096950,New,NULL,3,12-01-2026 19:35
4443,Advika Krishna,30,7965567546,New,NULL,20,12-01-2026 19:35
4444,Jeet Chanda,49,7868957304,New,NULL,16,12-01-2026 19:35
4445,Gaurang Mandal,58,6625857747,New,NULL,18,12-01-2026 19:35
4446,Fitan Kala,77,905725157,New,NULL,10,12-01-2026 19:35
4447,Neelima Gill,35,9896788728,New,NULL,20,12-01-2026 19:35
4448,Kiaan Kamdar,80,3937361868,New,NULL,3,12-01-2026 19:35
4449,Aradhana Kannan,74,2916383994,New,NULL,13,12-01-2026 19:35
4450,Jagrati Minhas,25,4874223227,New,NULL,7,12-01-2026 19:35
4451,Aachal Hari,50,1369912388,New,NULL,1,12-01-2026 19:35
4452,Falan Mitra,50,5015497223,New,NULL,6,12-01-2026 19:35
4453,Dev Cherian,38,2190743611,New,NULL,5,12-01-2026 19:35
4454,Urishilla Sharma,78,6181470659,New,NULL,10,12-01-2026 19:35
4455,Balveer Naidu,64,8315032447,New,NULL,1,12-01-2026 19:35
4456,Nathan Sachar,50,949897556,Referral,2759,2,12-01-2026 19:35
4457,Anika Oommen,57,4132394318,New,NULL,20,12-01-2026 19:35
4458,Falak Mall,55,7587514487,New,NULL,4,12-01-2026 19:35
4459,Krishna Kapadia,44,8021220997,New,NULL,8,12-01-2026 19:35
4460,Ansh Varkey,20,3281986099,New,NULL,2,12-01-2026 19:35
4461,Zaitra Srivastava,30,1551240083,New,NULL,18,12-01-2026 19:35
4462,Benjamin Dua,80,635949399,New,NULL,2,12-01-2026 19:35
4463,Mason Bumb,78,6866266320,Referral,3626,10,12-01-2026 19:35
4464,Mahika Sidhu,78,9447715667,New,NULL,3,12-01-2026 19:35
4465,Dayamai Pillai,64,7525654476,New,NULL,20,12-01-2026 19:35
4466,Yashvi Ray,30,4111329167,New,NULL,10,12-01-2026 19:35
4467,Ekaraj Deshpande,71,9431851930,New,NULL,2,12-01-2026 19:35
4468,Aarna Dada,63,5483726100,New,NULL,9,12-01-2026 19:35
4469,Avi Anand,39,3885884048,New,NULL,5,12-01-2026 19:35
4470,Leela More,19,3665193969,New,NULL,14,12-01-2026 19:35
4471,Alka Salvi,72,3918721538,New,NULL,4,12-01-2026 19:35
4472,Panini Madan,66,9297942329,New,NULL,8,12-01-2026 19:35
4473,Xiti Murthy,70,5652497613,New,NULL,14,12-01-2026 19:35
4474,Aarav Bhakta,69,1710579739,New,NULL,20,12-01-2026 19:35
4475,Hemang Walia,76,1812026788,Referral,4136,13,12-01-2026 19:35
4476,Vrishti Yadav,85,3926282917,New,NULL,16,12-01-2026 19:35
4477,Ekapad Narain,63,1875475036,New,NULL,1,12-01-2026 19:35
4478,Pranav Shukla,27,6772114776,New,NULL,15,12-01-2026 19:35
4479,Amaira Kala,62,7974261590,New,NULL,11,12-01-2026 19:35
4480,Tanay Gandhi,43,3652832395,New,NULL,9,12-01-2026 19:35
4481,Ekaraj Verma,34,7630150373,Referral,2333,11,12-01-2026 19:35
4482,Reyansh Karnik,46,68936638,New,NULL,17,12-01-2026 19:35
4483,Harinakshi Pathak,18,5607006217,New,NULL,14,12-01-2026 19:35
4484,Indrajit Loyal,66,3058068355,New,NULL,9,12-01-2026 19:35
4485,Yatin Venkataraman,22,4748343691,New,NULL,15,12-01-2026 19:35
4486,William Loyal,66,3714572578,New,NULL,5,12-01-2026 19:35
4487,Arjun Tiwari,21,1048181707,New,NULL,15,12-01-2026 19:35
4488,Widisha Lad,41,334270074,New,NULL,20,12-01-2026 19:35
4489,Jagrati Varkey,37,8765413501,New,NULL,13,12-01-2026 19:35
4490,Falguni Bhandari,61,9310348203,New,NULL,13,12-01-2026 19:35
4491,Quincy Sha,80,2904616030,New,NULL,11,12-01-2026 19:35
4492,Yatin Cheema,33,9992813786,New,NULL,12,12-01-2026 19:35
4493,Advik Prasad,72,4558652297,New,NULL,4,12-01-2026 19:35
4494,Rachita Dayal,65,9558381204,New,NULL,10,12-01-2026 19:35
4495,Tanmayi Das,80,5098609879,New,NULL,3,12-01-2026 19:35
4496,Qushi Kadakia,53,5902746604,New,NULL,10,12-01-2026 19:35
4497,Gayathri Kanda,25,6511427676,New,NULL,2,12-01-2026 19:35
4498,Bahadurjit De,20,2774226109,New,NULL,5,12-01-2026 19:35
4499,Gayathri Dewan,38,2964044332,New,NULL,12,12-01-2026 19:35
4500,Dominic Kothari,53,1735730331,New,NULL,7,12-01-2026 19:35
4501,Ladli Bath,29,6172848317,New,NULL,3,12-01-2026 19:35
4502,Falak Khosla,23,7896469097,New,NULL,5,12-01-2026 19:35
4503,Vansha Narain,48,9977655656,New,NULL,6,12-01-2026 19:35
4504,Vritti Bora,39,6644656514,New,NULL,6,12-01-2026 19:35
4505,Max Raman,20,2755617911,New,NULL,13,12-01-2026 19:35
4506,Reva Chander,77,3586121852,Referral,359,3,12-01-2026 19:35
4507,Christopher Prasad,84,6018976926,New,NULL,5,12-01-2026 19:35
4508,Niharika Devi,18,4261300416,New,NULL,9,12-01-2026 19:35
4509,Jacob Vig,32,4588390156,New,NULL,2,12-01-2026 19:35
4510,Sarthak Bobal,46,3390869661,New,NULL,10,12-01-2026 19:35
4511,Veer Ramanathan,41,7369858651,New,NULL,3,12-01-2026 19:35
4512,Kashish Dyal,82,2904926865,New,NULL,20,12-01-2026 19:35
4513,Samesh Sura,54,4745023604,New,NULL,10,12-01-2026 19:35
4514,Yauvani Das,36,7815438142,New,NULL,18,12-01-2026 19:35
4515,Dipta Dayal,28,3841324264,New,NULL,10,12-01-2026 19:35
4516,Amol Kibe,65,6856156426,New,NULL,16,12-01-2026 19:35
4517,Vasudha Sankaran,52,189957792,New,NULL,18,12-01-2026 19:35
4518,Kavya Chowdhury,31,3260908555,New,NULL,5,12-01-2026 19:35
4519,Edhitha Varkey,50,4147884223,New,NULL,13,12-01-2026 19:35
4520,Lakshit Ramaswamy,57,5437424051,New,NULL,7,12-01-2026 19:35
4521,Chameli Rege,67,825588372,New,NULL,11,12-01-2026 19:35
4522,Panini Saran,51,1172088430,New,NULL,10,12-01-2026 19:35
4523,Janani Sule,32,2569578908,Referral,3683,17,12-01-2026 19:35
4524,Jeremiah Mani,52,9340467106,New,NULL,8,12-01-2026 19:35
4525,Upkaar Salvi,36,8306883531,New,NULL,13,12-01-2026 19:35
4526,George Bhardwaj,32,6688698789,Referral,3707,7,12-01-2026 19:35
4527,Qabil Gill,24,9345115033,New,NULL,7,12-01-2026 19:35
4528,Maya Jha,28,6654393218,New,NULL,15,12-01-2026 19:35
4529,Bhavika Pillay,53,646695755,New,NULL,9,12-01-2026 19:35
4530,Wyatt Chatterjee,72,7651175684,New,NULL,9,12-01-2026 19:35
4531,Robert Deol,58,2093874576,New,NULL,20,12-01-2026 19:35
4532,Alexander Swaminathan,69,6631311059,New,NULL,11,12-01-2026 19:35
4533,Oscar Pall,67,5005127833,New,NULL,12,12-01-2026 19:35
4534,Avni Mistry,65,3190473543,New,NULL,7,12-01-2026 19:35
4535,Jagdish Kadakia,24,6586621872,New,NULL,2,12-01-2026 19:35
4536,Vamakshi Bail,67,7323408575,New,NULL,20,12-01-2026 19:35
4537,Nimrat Guha,37,6744753088,New,NULL,12,12-01-2026 19:35
4538,Jeevika Bakshi,21,1870793065,New,NULL,19,12-01-2026 19:35
4539,Kalpit Balay,50,8007950697,New,NULL,10,12-01-2026 19:35
4540,Maya Nadig,33,9867525241,New,NULL,11,12-01-2026 19:35
4541,Quincy Parekh,27,6180940234,New,NULL,2,12-01-2026 19:35
4542,Wriddhish Tailor,73,2643285721,New,NULL,2,12-01-2026 19:35
4543,Ucchal Nayar,46,3743337417,Referral,3390,16,12-01-2026 19:35
4544,Netra Narang,47,1069577613,New,NULL,15,12-01-2026 19:35
4545,Neel Barad,27,6501935880,New,NULL,14,12-01-2026 19:35
4546,Radha Nagarajan,68,7587608241,New,NULL,12,12-01-2026 19:35
4547,Urmi Saraf,81,2748060534,New,NULL,15,12-01-2026 19:35
4548,Liam Golla,63,6970914165,New,NULL,4,12-01-2026 19:35
4549,Isaac Nazareth,69,5033289732,New,NULL,2,12-01-2026 19:35
4550,Tristan Khanna,60,6121873780,New,NULL,14,12-01-2026 19:35
4551,Ishwar Palla,75,5126439009,New,NULL,2,12-01-2026 19:35
4552,Neel Bora,58,5287057100,New,NULL,13,12-01-2026 19:35
4553,Upkaar Radhakrishnan,31,1468366353,New,NULL,11,12-01-2026 19:35
4554,Jacob Chokshi,74,4306660668,New,NULL,14,12-01-2026 19:35
4555,Abha Dugar,64,3586253677,New,NULL,10,12-01-2026 19:35
4556,Mason Walia,68,4064613185,New,NULL,20,12-01-2026 19:35
4557,Ayushman Bhasin,37,2486170836,New,NULL,8,12-01-2026 19:35
4558,Tarak Saraf,26,9224058363,New,NULL,11,12-01-2026 19:35
4559,Netra Sani,53,4676929647,New,NULL,2,12-01-2026 19:35
4560,Peter Manda,82,4590048603,New,NULL,4,12-01-2026 19:35
4561,Manya Bajaj,35,4968148346,New,NULL,12,12-01-2026 19:35
4562,Bhavani Kapoor,34,7290085470,New,NULL,14,12-01-2026 19:35
4563,Varsha Bains,84,1212355200,New,NULL,19,12-01-2026 19:35
4564,Amrita Joshi,52,1098407988,New,NULL,7,12-01-2026 19:35
4565,Chakradev Gaba,77,5274702662,New,NULL,19,12-01-2026 19:35
4566,Anusha Kohli,69,2779524865,New,NULL,17,12-01-2026 19:35
4567,Upadhriti Bassi,61,3233342763,New,NULL,14,12-01-2026 19:35
4568,Raksha Ganesan,27,4217529092,New,NULL,20,12-01-2026 19:35
4569,Kritika Banerjee,79,8397779189,New,NULL,13,12-01-2026 19:35
4570,Aarush Prabhakar,19,3923067479,New,NULL,14,12-01-2026 19:35
4571,Chatura Pathak,84,3660818514,New,NULL,17,12-01-2026 19:35
4572,Leena Jayaraman,59,9181273214,New,NULL,20,12-01-2026 19:35
4573,Kritika Kibe,78,7182716530,New,NULL,20,12-01-2026 19:35
4574,Hamsini Lanka,57,7434394637,New,NULL,3,12-01-2026 19:35
4575,Lila Narayanan,35,3808498088,New,NULL,10,12-01-2026 19:35
4576,Urvashi Grover,55,6266009243,New,NULL,8,12-01-2026 19:35
4577,Jeremiah Hayre,85,4058630240,New,NULL,4,12-01-2026 19:35
4578,Yasti Venkatesh,47,38167601,New,NULL,12,12-01-2026 19:35
4579,Kabir Iyer,71,8029421879,New,NULL,12,12-01-2026 19:35
4580,Ishita Shukla,72,9641173175,New,NULL,19,12-01-2026 19:35
4581,Zarna Cherian,73,1538522846,New,NULL,15,12-01-2026 19:35
4582,Eta Manda,44,4251939839,New,NULL,14,12-01-2026 19:35
4583,Matthew Parekh,54,9630185575,New,NULL,6,12-01-2026 19:35
4584,Faras Kumer,32,4428338952,New,NULL,12,12-01-2026 19:35
4585,Chasmum Agrawal,53,4380166313,New,NULL,1,12-01-2026 19:35
4586,Xavier Chandra,79,3891768862,New,NULL,11,12-01-2026 19:35
4587,Osha Sibal,38,2513373454,New,NULL,13,12-01-2026 19:35
4588,Wyatt Bala,55,9246754806,New,NULL,20,12-01-2026 19:35
4589,Libni Oommen,33,5390556029,New,NULL,1,12-01-2026 19:35
4590,Omkaar Verma,61,820729688,New,NULL,9,12-01-2026 19:35
4591,Lakshmi Grewal,23,7142514491,New,NULL,8,12-01-2026 19:35
4592,Dhruv Jayaraman,21,6491804695,New,NULL,18,12-01-2026 19:35
4593,Chaitanya Nori,43,4893161003,New,NULL,14,12-01-2026 19:35
4594,Jatin Lala,52,9778890249,New,NULL,11,12-01-2026 19:35
4595,Chameli Uppal,80,2007979394,New,NULL,6,12-01-2026 19:35
4596,Krishna Butala,68,7346699539,New,NULL,20,12-01-2026 19:35
4597,Omkaar Keer,33,8946677450,New,NULL,5,12-01-2026 19:35
4598,Parth Narayan,68,7461791707,New,NULL,18,12-01-2026 19:35
4599,Ryan Sahni,48,6817108269,New,NULL,1,12-01-2026 19:35
4600,Vedika Prabhakar,82,8957366734,New,NULL,14,12-01-2026 19:35
4601,Udyati Kakar,20,5030793989,New,NULL,15,12-01-2026 19:35
4602,Harrison Bajwa,61,3211427412,New,NULL,16,12-01-2026 19:35
4603,Riya Kalla,38,3616821064,New,NULL,8,12-01-2026 19:35
4604,Nandini Barad,35,3401239268,New,NULL,20,12-01-2026 19:35
4605,Daniel Korpal,85,66393117,New,NULL,6,12-01-2026 19:35
4606,Waida Raman,31,4789251612,New,NULL,13,12-01-2026 19:35
4607,Alka Srivastava,22,5514110827,New,NULL,13,12-01-2026 19:35
4608,Gaurika Atwal,30,4876006243,Referral,2145,2,12-01-2026 19:35
4609,Ranveer Narayan,62,3588098779,Referral,233,2,12-01-2026 19:35
4610,Aradhana Kuruvilla,26,1200575719,New,NULL,3,12-01-2026 19:35
4611,Jason Koshy,47,5339498220,Referral,1755,19,12-01-2026 19:35
4612,Alexander Bhardwaj,49,8151856069,New,NULL,20,12-01-2026 19:35
4613,Manan Suri,62,3668755684,New,NULL,12,12-01-2026 19:35
4614,Oni Lal,41,8825528435,New,NULL,20,12-01-2026 19:35
4615,Kritika Kant,62,68271377,New,NULL,12,12-01-2026 19:35
4616,Lopa Barad,21,9725315343,New,NULL,2,12-01-2026 19:35
4617,Vivaan Sankar,42,4263841810,New,NULL,1,12-01-2026 19:35
4618,Dhriti Vig,46,9425414328,New,NULL,8,12-01-2026 19:35
4619,Kabir Jaggi,51,2103269967,Referral,1884,16,12-01-2026 19:35
4620,Anita Suresh,78,233061823,New,NULL,7,12-01-2026 19:35
4621,Dakshesh Mangat,33,9287800435,New,NULL,6,12-01-2026 19:35
4622,Aishani Sharaf,31,2757613640,New,NULL,5,12-01-2026 19:35
4623,Rushil Mane,34,5435364335,New,NULL,11,12-01-2026 19:35
4624,Peter Uppal,74,916623410,New,NULL,12,12-01-2026 19:35
4625,Jackson Sani,62,9279035881,New,NULL,3,12-01-2026 19:35
4626,Nirja Ratta,51,3624482406,New,NULL,16,12-01-2026 19:35
4627,Aarna Gade,72,3273914953,New,NULL,9,12-01-2026 19:35
4628,Girik Bala,64,9237418413,New,NULL,19,12-01-2026 19:35
4629,Aryan Minhas,47,8297166776,New,NULL,10,12-01-2026 19:35
4630,Vasana Kaur,18,3887275354,New,NULL,7,12-01-2026 19:35
4631,Unnati Loke,35,4914117987,New,NULL,17,12-01-2026 19:35
4632,Dayamai Swaminathan,75,857916971,New,NULL,11,12-01-2026 19:35
4633,Gopal Chadha,57,8039321887,New,NULL,9,12-01-2026 19:35
4634,Maanas Aurora,19,8830555082,New,NULL,14,12-01-2026 19:35
4635,Warhi De,54,1133832554,New,NULL,16,12-01-2026 19:35
4636,Keya Narayanan,54,8511311351,Referral,90,18,12-01-2026 19:35
4637,Yahvi Narasimhan,81,6782033833,New,NULL,16,12-01-2026 19:35
4638,Anika Chaudhari,43,9794922872,New,NULL,2,12-01-2026 19:35
4639,Abhimanyu Upadhyay,76,1881801724,New,NULL,4,12-01-2026 19:35
4640,Rachit Nadkarni,84,6061397384,New,NULL,18,12-01-2026 19:35
4641,Lakshit Sha,22,8637001779,New,NULL,18,12-01-2026 19:35
4642,Baghyawati Swamy,18,8098459119,New,NULL,11,12-01-2026 19:35
4643,Pallavi Handa,77,531858306,New,NULL,14,12-01-2026 19:35
4644,Urvashi Andra,43,8717468787,New,NULL,19,12-01-2026 19:35
4645,Anay Uppal,39,6420871440,New,NULL,6,12-01-2026 19:35
4646,Naksh Sagar,18,7243114572,New,NULL,3,12-01-2026 19:35
4647,Gopal Raja,60,8916210897,New,NULL,10,12-01-2026 19:35
4648,Chatresh Pandya,75,1345489874,New,NULL,8,12-01-2026 19:35
4649,Vincent Mukhopadhyay,44,1457993781,New,NULL,5,12-01-2026 19:35
4650,Harish Choudhry,68,4128312024,New,NULL,15,12-01-2026 19:35
4651,Wishi Atwal,64,5974927690,Referral,548,6,12-01-2026 19:35
4652,Eta Vaidya,43,1489896568,New,NULL,7,12-01-2026 19:35
4653,Gaurang Khosla,50,1694045438,New,NULL,12,12-01-2026 19:35
4654,Neha Chaudhuri,23,3542701360,New,NULL,16,12-01-2026 19:35
4655,Nimrat Comar,40,6460248967,New,NULL,18,12-01-2026 19:35
4656,Devika Bansal,50,1071104565,New,NULL,14,12-01-2026 19:35
4657,Dayamai Kaur,42,3711334567,New,NULL,13,12-01-2026 19:35
4658,Elijah Brahmbhatt,21,7888090888,New,NULL,10,12-01-2026 19:35
4659,Sanya Bassi,67,4533461016,New,NULL,16,12-01-2026 19:35
4660,Jonathan Bal,74,322931709,Referral,3855,16,12-01-2026 19:35
4661,Dakshesh Vala,29,8221564382,New,NULL,7,12-01-2026 19:35
4662,Abhiram Bansal,74,9284029009,New,NULL,19,12-01-2026 19:35
4663,Dominic Brahmbhatt,23,647462591,New,NULL,8,12-01-2026 19:35
4664,Jagrati Narula,51,7546971956,New,NULL,10,12-01-2026 19:35
4665,Owen Sampath,24,1875323381,New,NULL,4,12-01-2026 19:35
4666,Fariq Lala,56,5351033890,New,NULL,9,12-01-2026 19:35
4667,Atharv Ravi,43,5535965767,New,NULL,1,12-01-2026 19:35
4668,Priya Dyal,55,3483156727,New,NULL,3,12-01-2026 19:35
4669,Prisha Sundaram,69,4396236946,New,NULL,7,12-01-2026 19:35
4670,Nakul Dani,77,7813279792,New,NULL,20,12-01-2026 19:35
4671,Ayushman Dara,51,8132763285,Referral,2257,11,12-01-2026 19:35
4672,Ladli Deep,41,3317952005,New,NULL,16,12-01-2026 19:35
4673,Atharv Agate,73,9924393742,New,NULL,11,12-01-2026 19:35
4674,Jeremiah Gill,44,3163016678,New,NULL,18,12-01-2026 19:35
4675,Tripti Balakrishnan,54,2322339080,New,NULL,3,12-01-2026 19:35
4676,Harini Singh,25,4630703899,New,NULL,13,12-01-2026 19:35
4677,Raksha Borah,36,1286676071,New,NULL,2,12-01-2026 19:35
4678,Forum Gandhi,38,8097458233,New,NULL,5,12-01-2026 19:35
4679,Matthew Bawa,50,6909930534,New,NULL,8,12-01-2026 19:35
4680,Odika Vyas,62,6945516261,New,NULL,8,12-01-2026 19:35
4681,George Trivedi,60,379915490,New,NULL,5,12-01-2026 19:35
4682,Baljiwan Mandal,84,5136693856,New,NULL,5,12-01-2026 19:35
4683,Ijaya Sidhu,38,4668135068,New,NULL,13,12-01-2026 19:35
4684,Mohammed Kurian,72,5524548511,Referral,4547,19,12-01-2026 19:35
4685,Harshil Chahal,53,5316784316,New,NULL,12,12-01-2026 19:35
4686,Amaira Dugar,73,6138616461,New,NULL,8,12-01-2026 19:35
4687,Gaurav Sanghvi,49,8471765750,New,NULL,9,12-01-2026 19:35
4688,Urishilla Palla,47,4089945120,New,NULL,5,12-01-2026 19:35
4689,Daksha Contractor,45,8445877358,New,NULL,6,12-01-2026 19:35
4690,Amrita Munshi,53,2294269603,New,NULL,18,12-01-2026 19:35
4691,Tanvi Sachdev,61,4165564977,Referral,3396,18,12-01-2026 19:35
4692,Yamini Barman,85,2148429253,New,NULL,7,12-01-2026 19:35
4693,Harita Bahl,64,4512237004,New,NULL,2,12-01-2026 19:35
4694,Ria Shroff,51,8129123400,New,NULL,17,12-01-2026 19:35
4695,Chakradhar Sawhney,31,2837424778,Referral,2009,15,12-01-2026 19:35
4696,Jason Konda,54,8007999335,New,NULL,7,12-01-2026 19:35
4697,Aarna Doctor,50,7254291223,New,NULL,19,12-01-2026 19:35
4698,Gayathri Agarwal,77,8860231188,New,NULL,7,12-01-2026 19:35
4699,Ranveer Jain,38,6615443027,New,NULL,3,12-01-2026 19:35
4700,Timothy Kuruvilla,20,1511401125,Referral,2682,15,12-01-2026 19:35
4701,Warinder Ratta,81,9456199282,New,NULL,18,12-01-2026 19:35
4702,Samar Pandya,63,1947129471,New,NULL,2,12-01-2026 19:35
4703,Jyoti Tella,37,656842086,New,NULL,10,12-01-2026 19:35
4704,Inaya Dora,62,7602801936,New,NULL,12,12-01-2026 19:35
4705,Ucchal Maharaj,82,5273802016,New,NULL,9,12-01-2026 19:35
4706,Ucchal Sani,75,1859291396,New,NULL,20,12-01-2026 19:35
4707,Panini Sunder,35,9159504481,New,NULL,17,12-01-2026 19:35
4708,Nathan Modi,72,8252997763,New,NULL,11,12-01-2026 19:35
4709,Yauvani Dugar,43,5719208432,New,NULL,4,12-01-2026 19:35
4710,Barkha Bakshi,38,6483778186,New,NULL,19,12-01-2026 19:35
4711,Kala Basak,21,1352596349,New,NULL,3,12-01-2026 19:35
4712,Chandresh Sen,75,992250625,New,NULL,1,12-01-2026 19:35
4713,Qabil Das,48,5913055772,New,NULL,9,12-01-2026 19:35
4714,Maanas Sane,20,9729902507,Referral,2196,11,12-01-2026 19:35
4715,Mitesh Pathak,42,2965016191,New,NULL,19,12-01-2026 19:35
4716,Dalbir Mohan,81,31312209,New,NULL,5,12-01-2026 19:35
4717,Christopher Lad,46,9387341059,New,NULL,4,12-01-2026 19:35
4718,Kavya Bandi,83,374243829,New,NULL,11,12-01-2026 19:35
4719,Indrajit Khosla,24,4266912023,New,NULL,12,12-01-2026 19:35
4720,Widisha Datta,23,4667255415,Referral,1523,1,12-01-2026 19:35
4721,Xiti Mahal,46,8276822144,Referral,1838,11,12-01-2026 19:35
4722,Dalaja Srinivasan,59,4140350605,New,NULL,15,12-01-2026 19:35
4723,Meghana Hari,47,796635966,Referral,1518,4,12-01-2026 19:35
4724,George Shah,81,9740721121,New,NULL,16,12-01-2026 19:35
4725,Ekani Bose,68,3186639601,New,NULL,7,12-01-2026 19:35
4726,Ishaan Kibe,20,657889181,New,NULL,8,12-01-2026 19:35
4727,Tanmayi Bose,24,2773490870,Referral,1450,8,12-01-2026 19:35
4728,Neelima Garde,27,5787144903,New,NULL,15,12-01-2026 19:35
4729,Amaira Pandey,85,1467741564,Referral,1090,13,12-01-2026 19:35
4730,Nimrat Vasa,47,9946893194,New,NULL,11,12-01-2026 19:35
4731,Ekantika Bahri,32,6859174791,New,NULL,5,12-01-2026 19:35
4732,Aditya Bains,42,3831930796,New,NULL,12,12-01-2026 19:35
4733,Lucky Savant,33,2751506144,Referral,2391,18,12-01-2026 19:35
4734,Jalsa Chaudhary,72,2136121058,New,NULL,16,12-01-2026 19:35
4735,Kalpit Pau,63,1696609308,New,NULL,7,12-01-2026 19:35
4736,Widisha Bhat,71,918926812,New,NULL,9,12-01-2026 19:35
4737,Simon Minhas,44,9053137739,New,NULL,1,12-01-2026 19:35
4738,Teerth Dalal,55,9492606901,New,NULL,14,12-01-2026 19:35
4739,Vincent Chadha,85,1031010684,New,NULL,6,12-01-2026 19:35
4740,Ati Chaudhry,52,5237647221,New,NULL,16,12-01-2026 19:35
4741,Oviya Ganesh,27,8838971422,New,NULL,7,12-01-2026 19:35
4742,Vrishti Oza,71,7572461007,New,NULL,2,12-01-2026 19:35
4743,Rachana Brar,40,3099821710,New,NULL,12,12-01-2026 19:35
4744,Liam Pingle,44,7974278038,New,NULL,2,12-01-2026 19:35
4745,Lakshmi Sidhu,84,7750137625,New,NULL,8,12-01-2026 19:35
4746,Oeshi Chokshi,26,7484639468,New,NULL,8,12-01-2026 19:35
4747,Anita Vaidya,71,3116691,New,NULL,17,12-01-2026 19:35
4748,Robert Lata,29,5851096584,New,NULL,4,12-01-2026 19:35
4749,Ekiya Boase,55,2363893999,Referral,800,5,12-01-2026 19:35
4750,Yadavi Om,52,4799323402,New,NULL,7,12-01-2026 19:35
4751,Udant Keer,70,485108447,New,NULL,1,12-01-2026 19:35
4752,Teerth Mitra,63,6885547438,New,NULL,12,12-01-2026 19:35
4753,Amol Seth,82,4243237807,New,NULL,9,12-01-2026 19:35
4754,Upkaar Raju,83,5861633062,New,NULL,13,12-01-2026 19:35
4755,Mitesh Mittal,56,34992517,New,NULL,7,12-01-2026 19:35
4756,Ira Goel,25,7591714093,Referral,44,2,12-01-2026 19:35
4757,Eiravati Barman,84,7404174232,New,NULL,19,12-01-2026 19:35
4758,Sudiksha Bhatia,32,1560684977,Referral,1536,6,12-01-2026 19:35
4759,Faraj Butala,18,3243373919,New,NULL,8,12-01-2026 19:35
4760,Manthan Saraf,46,6670050188,New,NULL,20,12-01-2026 19:35
4761,Om Joshi,30,3448408827,New,NULL,10,12-01-2026 19:35
4762,Alexander Balasubramanian,38,5586435786,New,NULL,14,12-01-2026 19:35
4763,Wazir Goda,37,2430203397,New,NULL,15,12-01-2026 19:35
4764,Pratyush Chakraborty,36,8787640668,New,NULL,18,12-01-2026 19:35
4765,Avi Nadkarni,45,491845375,Referral,3880,1,12-01-2026 19:35
4766,Samaksh Bhagat,33,7507044446,New,NULL,10,12-01-2026 19:35
4767,Agastya Dhar,59,6358686922,New,NULL,7,12-01-2026 19:35
4768,Fitan Balasubramanian,42,3012834832,New,NULL,11,12-01-2026 19:35
4769,Inaya Dani,74,7527602730,New,NULL,7,12-01-2026 19:35
4770,Samesh Sant,21,1444539704,New,NULL,15,12-01-2026 19:35
4771,Yashica Shanker,81,9631042641,New,NULL,10,12-01-2026 19:35
4772,Karan Nigam,34,9542086882,New,NULL,14,12-01-2026 19:35
4773,Aayush Dutt,62,9433169674,New,NULL,20,12-01-2026 19:35
4774,Victor Mani,84,9395944257,New,NULL,10,12-01-2026 19:35
4775,Rachana Ram,24,1530204290,New,NULL,7,12-01-2026 19:35
4776,Gunbir Karpe,67,2824854207,New,NULL,6,12-01-2026 19:35
4777,Upma Sabharwal,49,9154035244,Referral,1421,17,12-01-2026 19:35
4778,Saumya Khatri,53,4955461691,Referral,246,19,12-01-2026 19:35
4779,Lopa Tandon,23,1345092457,New,NULL,5,12-01-2026 19:35
4780,Jairaj Wali,37,5980155485,New,NULL,17,12-01-2026 19:35
4781,Madhav Chander,46,9541440371,New,NULL,9,12-01-2026 19:35
4782,Vivaan Walia,55,8492681024,New,NULL,2,12-01-2026 19:35
4783,Charita Barad,34,8897384699,New,NULL,15,12-01-2026 19:35
4784,Aarnav Kashyap,81,7801327093,New,NULL,18,12-01-2026 19:35
4785,Ranbir Kibe,49,1469080545,New,NULL,12,12-01-2026 19:35
4786,Jyoti Bains,82,3081485801,New,NULL,16,12-01-2026 19:35
4787,Ria De,30,4584703116,New,NULL,10,12-01-2026 19:35
4788,Bhavini DÔÇÖAlia,22,158628878,New,NULL,7,12-01-2026 19:35
4789,Siya Naidu,23,1195642012,New,NULL,6,12-01-2026 19:35
4790,Jasmit Saran,44,5954275326,New,NULL,15,12-01-2026 19:35
4791,Krisha Mallick,52,1335603476,New,NULL,5,12-01-2026 19:35
4792,Diya Raja,21,9131861955,Referral,115,20,12-01-2026 19:35
4793,Dhriti Rau,76,8886364408,Referral,841,7,12-01-2026 19:35
4794,Tamanna Sunder,36,9761817530,New,NULL,2,12-01-2026 19:35
4795,Chandani Sha,42,7858103205,Referral,917,5,12-01-2026 19:35
4796,Chaitaly Guha,30,4656361851,New,NULL,8,12-01-2026 19:35
4797,Dalbir Barad,72,6329869611,Referral,4612,19,12-01-2026 19:35
4798,Nihal Narayanan,31,9084246936,New,NULL,5,12-01-2026 19:35
4799,Aayush Johal,62,7971824357,New,NULL,9,12-01-2026 19:35
4800,Samesh Purohit,41,2600803648,New,NULL,17,12-01-2026 19:35
4801,Ladli Bhalla,48,2513770154,New,NULL,17,12-01-2026 19:35
4802,Dakshesh Natarajan,30,7811394140,New,NULL,4,12-01-2026 19:35
4803,Naveen Ben,64,5792448467,New,NULL,18,12-01-2026 19:35
4804,Netra Bir,34,7572347420,New,NULL,6,12-01-2026 19:35
4805,Indira Contractor,38,8604725802,New,NULL,16,12-01-2026 19:35
4806,Nathaniel Subramanian,60,5192974387,Referral,3567,20,12-01-2026 19:35
4807,Yasti Shan,64,7698679251,New,NULL,8,12-01-2026 19:35
4808,Alka Kar,58,8490087385,Referral,4031,6,12-01-2026 19:35
4809,Wishi Kakar,83,8581345279,Referral,99,8,12-01-2026 19:35
4810,Praneel Tripathi,24,8784184020,New,NULL,3,12-01-2026 19:35
4811,Aachal Das,73,676378387,New,NULL,18,12-01-2026 19:35
4812,Azaan Gour,83,9343342400,New,NULL,3,12-01-2026 19:35
4813,Rishi Verma,69,6707592789,New,NULL,14,12-01-2026 19:35
4814,Aishani Jayaraman,33,3491092198,New,NULL,14,12-01-2026 19:35
4815,Azad Vasa,78,4790266406,New,NULL,6,12-01-2026 19:35
4816,Rehaan Murty,22,9178335000,New,NULL,17,12-01-2026 19:35
4817,Faris Ram,24,7804231418,New,NULL,11,12-01-2026 19:35
4818,Matthew Trivedi,26,8101421361,New,NULL,4,12-01-2026 19:35
4819,Ojasvi Manne,31,1498817754,New,NULL,4,12-01-2026 19:35
4820,Hema Savant,49,2368601871,New,NULL,6,12-01-2026 19:35
4821,Ethan Kalita,49,1784112267,New,NULL,7,12-01-2026 19:35
4822,Priya Chopra,43,1062496472,New,NULL,18,12-01-2026 19:35
4823,Vamakshi Mann,25,5556735787,New,NULL,4,12-01-2026 19:35
4824,Baghyawati Rai,19,3537568868,New,NULL,2,12-01-2026 19:35
4825,Charan Chandra,22,6467208851,New,NULL,1,12-01-2026 19:35
4826,Champak Sabharwal,42,9447017200,New,NULL,4,12-01-2026 19:35
4827,Gaurav Din,31,1748226741,New,NULL,8,12-01-2026 19:35
4828,Harish Tata,37,6131016406,New,NULL,2,12-01-2026 19:35
4829,Varsha Barad,24,7327337562,New,NULL,11,12-01-2026 19:35
4830,Manthan Divan,40,859905720,New,NULL,9,12-01-2026 19:35
4831,Dayamai Kalla,41,7866983757,New,NULL,6,12-01-2026 19:35
4832,Rachita Sachar,25,4471761761,New,NULL,18,12-01-2026 19:35
4833,Forum Kothari,18,6683273122,New,NULL,4,12-01-2026 19:35
4834,Rehaan Kothari,74,3936695837,New,NULL,11,12-01-2026 19:35
4835,Patrick Badami,34,6852907173,New,NULL,6,12-01-2026 19:35
4836,Ganga Mammen,29,7716326077,New,NULL,16,12-01-2026 19:35
4837,Shravya Tella,40,7373183489,New,NULL,11,12-01-2026 19:35
4838,Neel Lad,75,4985457690,New,NULL,17,12-01-2026 19:35
4839,Max Dixit,25,106932192,Referral,757,2,12-01-2026 19:35
4840,Nidhi Rege,50,677581885,New,NULL,8,12-01-2026 19:35
4841,Yauvani Modi,44,5239067783,New,NULL,18,12-01-2026 19:35
4842,Onveer Krish,40,5022600303,New,NULL,2,12-01-2026 19:35
4843,Ayushman Ahuja,28,6872630021,New,NULL,19,12-01-2026 19:35
4844,Jagvi Kulkarni,37,4731309072,New,NULL,4,12-01-2026 19:35
4845,Ikshita Sangha,37,7828866150,New,NULL,6,12-01-2026 19:35
4846,Zehaan Ramaswamy,27,6849489508,New,NULL,9,12-01-2026 19:35
4847,Riya Kashyap,41,8977274554,New,NULL,7,12-01-2026 19:35
4848,Bhavini Chawla,53,4036738446,New,NULL,14,12-01-2026 19:35
4849,Baljiwan Puri,85,3621228961,New,NULL,8,12-01-2026 19:35
4850,Manbir Sood,18,2883410962,New,NULL,13,12-01-2026 19:35
4851,Alka Dar,85,7378439825,New,NULL,20,12-01-2026 19:35
4852,Ethan Mammen,70,1996913261,New,NULL,7,12-01-2026 19:35
4853,Devansh Chopra,21,9760280526,New,NULL,14,12-01-2026 19:35
4854,Alka Sinha,81,3871563188,New,NULL,7,12-01-2026 19:35
4855,Sanaya Jain,77,2044382705,New,NULL,3,12-01-2026 19:35
4856,Alka Narain,40,2474256569,New,NULL,19,12-01-2026 19:35
4857,Krisha Yogi,70,203725500,New,NULL,2,12-01-2026 19:35
4858,Praneel Andra,57,1430812858,New,NULL,7,12-01-2026 19:35
4859,Kritika Sachar,46,2503866147,New,NULL,18,12-01-2026 19:35
4860,Falak Agrawal,28,3853165693,New,NULL,10,12-01-2026 19:35
4861,Yagnesh Venkatesh,37,729692063,New,NULL,18,12-01-2026 19:35
4862,Jagat Rama,24,9443126744,New,NULL,11,12-01-2026 19:35
4863,Zarna Ghosh,70,5379986407,New,NULL,10,12-01-2026 19:35
4864,Parth Kuruvilla,81,4771061871,New,NULL,9,12-01-2026 19:35
4865,Lopa Tandon,56,9125257661,New,NULL,9,12-01-2026 19:35
4866,Chaitaly Dhar,78,6072583137,New,NULL,2,12-01-2026 19:35
4867,Jonathan Ranganathan,74,4618822644,New,NULL,3,12-01-2026 19:35
4868,Omya Bhasin,35,887448551,New,NULL,15,12-01-2026 19:35
4869,Nimrat Dada,75,4174199044,New,NULL,11,12-01-2026 19:35
4870,Veer Gade,61,3539364668,New,NULL,17,12-01-2026 19:35
4871,Ekapad Mistry,52,8590650030,New,NULL,20,12-01-2026 19:35
4872,Azaan Ravel,64,786929523,New,NULL,3,12-01-2026 19:35
4873,Neha Comar,60,23878457,New,NULL,14,12-01-2026 19:35
4874,Yashodhara Choudhry,26,1535268787,New,NULL,17,12-01-2026 19:35
4875,Vritti Maharaj,82,7670000485,New,NULL,5,12-01-2026 19:35
4876,Chavvi Wali,57,1822944103,New,NULL,17,12-01-2026 19:35
4877,Yoshita Jha,42,5552346215,New,NULL,14,12-01-2026 19:35
4878,Darsh Bhargava,22,9699675185,New,NULL,11,12-01-2026 19:35
4879,Prisha Maharaj,83,4323151546,New,NULL,15,12-01-2026 19:35
4880,Jeet Bhatia,40,1338988840,New,NULL,4,12-01-2026 19:35
4881,Dalaja Krishna,42,1455213564,Referral,2039,17,12-01-2026 19:35
4882,Upasna Sharma,80,4202052141,New,NULL,1,12-01-2026 19:35
4883,Lavanya Nayak,20,5656741436,New,NULL,14,12-01-2026 19:35
4884,Vasana Gupta,55,8605824221,New,NULL,6,12-01-2026 19:35
4885,Aishani Jhaveri,24,277966046,New,NULL,9,12-01-2026 19:35
4886,Harshil DÔÇÖAlia,33,1787173960,New,NULL,2,12-01-2026 19:35
4887,Geetika Sanghvi,29,6749546502,New,NULL,7,12-01-2026 19:35
4888,Yochana Sridhar,28,7579344821,Referral,4165,20,12-01-2026 19:35
4889,Upkaar Mand,33,5394253863,New,NULL,9,12-01-2026 19:35
4890,Hemani Balay,22,447726527,New,NULL,6,12-01-2026 19:35
4891,Victor Ganguly,36,9302225722,New,NULL,13,12-01-2026 19:35
4892,Harshil Pai,61,6488033980,New,NULL,18,12-01-2026 19:35
4893,Maanav Seshadri,29,9543575915,New,NULL,16,12-01-2026 19:35
4894,Radhika Ben,48,328137555,New,NULL,11,12-01-2026 19:35
4895,Jackson Kar,83,5021228343,New,NULL,10,12-01-2026 19:35
4896,Naveen Issac,77,615716750,Referral,4717,12,12-01-2026 19:35
4897,Jeremiah Lalla,81,8538576833,New,NULL,2,12-01-2026 19:35
4898,Jonathan Dua,57,9111422220,New,NULL,3,12-01-2026 19:35
4899,Darsh Mitra,59,5060164446,New,NULL,18,12-01-2026 19:35
4900,Ati Tandon,27,9411044801,New,NULL,11,12-01-2026 19:35
4901,Radhika Shah,57,139133552,New,NULL,8,12-01-2026 19:35
4902,Radha Balakrishnan,55,506883571,New,NULL,1,12-01-2026 19:35
4903,Niharika Sridhar,55,5871428662,New,NULL,9,12-01-2026 19:35
4904,Charles Chhabra,70,2328057442,New,NULL,6,12-01-2026 19:35
4905,Anita Nayar,65,6284135630,New,NULL,18,12-01-2026 19:35
4906,Oni Nadkarni,31,5568567878,New,NULL,15,12-01-2026 19:35
4907,Hemani Virk,69,9976482954,New,NULL,17,12-01-2026 19:35
4908,Hemangini Kapadia,23,7381918763,New,NULL,20,12-01-2026 19:35
4909,Vincent DÔÇÖAlia,22,7755960078,Referral,2321,16,12-01-2026 19:35
4910,Aditya Narayanan,37,8636340407,New,NULL,8,12-01-2026 19:35
4911,Yauvani Comar,70,2784600241,New,NULL,10,12-01-2026 19:35
4912,Vedika Nazareth,19,3734253623,New,NULL,11,12-01-2026 19:35
4913,Fitan Kar,26,260797134,New,NULL,14,12-01-2026 19:35
4914,Girik Choudhry,52,3862437745,New,NULL,10,12-01-2026 19:35
4915,Kamya Sama,62,5112498734,New,NULL,5,12-01-2026 19:35
4916,Rayaan Dhawan,34,3780118100,New,NULL,20,12-01-2026 19:35
4917,Gopal Dass,53,6806652588,New,NULL,20,12-01-2026 19:35
4918,Nicholas Ratti,18,779502903,Referral,1202,17,12-01-2026 19:35
4919,Advik Vaidya,82,3738042441,New,NULL,20,12-01-2026 19:35
4920,Kala Lanka,20,4726238560,New,NULL,3,12-01-2026 19:35
4921,Manthan Aggarwal,20,2581018958,New,NULL,15,12-01-2026 19:35
4922,Indali Parikh,75,4140702062,New,NULL,1,12-01-2026 19:35
4923,Bishakha Kala,72,5770859274,New,NULL,13,12-01-2026 19:35
4924,Balhaar Chowdhury,41,3699343432,Referral,757,16,12-01-2026 19:35
4925,Vaishnavi Gaba,74,602423675,New,NULL,1,12-01-2026 19:35
4926,Yahvi Rattan,81,2317940002,New,NULL,17,12-01-2026 19:35
4927,Abhiram Varghese,73,7493984643,New,NULL,16,12-01-2026 19:35
4928,Jyoti Dutta,62,4177130842,Referral,959,16,12-01-2026 19:35
4929,Jagrati Doshi,43,9966826578,New,NULL,9,12-01-2026 19:35
4930,Harini Srivastava,47,1235060358,New,NULL,2,12-01-2026 19:35
4931,Dayita Mandal,49,5815348587,New,NULL,12,12-01-2026 19:35
4932,Urishilla Sabharwal,19,879887401,New,NULL,8,12-01-2026 19:35
4933,Zayyan Shetty,34,5062068335,New,NULL,13,12-01-2026 19:35
4934,Max Kakar,20,105518908,Referral,2750,7,12-01-2026 19:35
4935,Chanchal Jhaveri,76,7569313495,New,NULL,13,12-01-2026 19:35
4936,Chandani Sane,24,1208114377,New,NULL,11,12-01-2026 19:35
4937,Ishani Bala,63,7262961006,New,NULL,18,12-01-2026 19:35
4938,Pahal Brahmbhatt,79,3753640399,New,NULL,3,12-01-2026 19:35
4939,Vedant Acharya,72,9940535571,New,NULL,4,12-01-2026 19:35
4940,Lila Mani,55,8399337129,New,NULL,15,12-01-2026 19:35
4941,Mekhala Andra,76,8466853458,New,NULL,10,12-01-2026 19:35
4942,Yashawini Mane,46,549019455,New,NULL,2,12-01-2026 19:35
4943,Maanas Malhotra,24,2438300049,New,NULL,8,12-01-2026 19:35
4944,Qadim Rao,52,739523420,New,NULL,5,12-01-2026 19:35
4945,Ansh Baria,35,9366769419,New,NULL,19,12-01-2026 19:35
4946,Jairaj Dara,19,304637422,New,NULL,5,12-01-2026 19:35
4947,Hamsini Pandey,85,1103760787,New,NULL,14,12-01-2026 19:35
4948,Gunbir Chowdhury,51,38285137,New,NULL,6,12-01-2026 19:35
4949,Wridesh Srinivas,50,518316862,New,NULL,9,12-01-2026 19:35
4950,Vritti Dave,53,4385564747,New,NULL,5,12-01-2026 19:35
4951,Kamya Vig,63,2640393592,New,NULL,10,12-01-2026 19:35
4952,Indrajit Kar,51,6038360544,New,NULL,1,12-01-2026 19:35
4953,Vanya Deshpande,74,1651301327,Referral,133,11,12-01-2026 19:35
4954,Irya Kannan,71,6700847079,New,NULL,7,12-01-2026 19:35
4955,Zaitra Raman,20,4805536886,New,NULL,4,12-01-2026 19:35
4956,Ekaraj Parsa,49,2197040174,New,NULL,13,12-01-2026 19:35
4957,Brinda Madan,71,4406035381,New,NULL,18,12-01-2026 19:35
4958,Oliver Bava,56,4894797724,New,NULL,2,12-01-2026 19:35
4959,Vasudha Taneja,19,5891565757,New,NULL,17,12-01-2026 19:35
4960,Janani Purohit,32,6492574858,Referral,1871,9,12-01-2026 19:35
4961,Aashi Shankar,65,8638512531,New,NULL,18,12-01-2026 19:35
4962,Faras Sandhu,69,259938519,New,NULL,3,12-01-2026 19:35
4963,Laksh Krish,72,8532164203,New,NULL,20,12-01-2026 19:35
4964,Radhika Nayak,65,4925304822,New,NULL,12,12-01-2026 19:35
4965,Madhav Narasimhan,22,6218504789,New,NULL,9,12-01-2026 19:35
4966,Jyoti Dhillon,33,7954042479,New,NULL,12,12-01-2026 19:35
4967,Vansha Dhillon,22,5110340607,New,NULL,9,12-01-2026 19:35
4968,Hardik Shere,18,5670617828,New,NULL,9,12-01-2026 19:35
4969,Owen Comar,49,9649445464,New,NULL,5,12-01-2026 19:35
4970,Hredhaan Mammen,50,8792535639,New,NULL,10,12-01-2026 19:35
4971,Amara Kadakia,28,878540973,New,NULL,7,12-01-2026 19:35
4972,Alka Shere,44,8834714671,New,NULL,2,12-01-2026 19:35
4973,Aarini Thakur,24,637227306,New,NULL,3,12-01-2026 19:35
4974,Pranit Ramachandran,18,6821699211,New,NULL,14,12-01-2026 19:35
4975,Omisha Kara,59,9888894869,New,NULL,6,12-01-2026 19:35
4976,Reva Chaudry,82,9411904864,New,NULL,3,12-01-2026 19:35
4977,Ethan Talwar,66,6784121310,New,NULL,14,12-01-2026 19:35
4978,Meera Madan,69,2647456696,New,NULL,10,12-01-2026 19:35
4979,Anamika Tella,43,4741074926,New,NULL,8,12-01-2026 19:35
4980,Tarak Edwin,74,1593368419,New,NULL,10,12-01-2026 19:35
4981,Aarna Ghose,27,7798023464,New,NULL,14,12-01-2026 19:35
4982,Janaki Arya,62,3944979767,New,NULL,4,12-01-2026 19:35
4983,Fariq Bala,35,2465250190,Referral,144,5,12-01-2026 19:35
4984,Wakeeta Viswanathan,35,4019224755,New,NULL,7,12-01-2026 19:35
4985,Arin Arya,39,2506983009,Referral,2274,10,12-01-2026 19:35
4986,Parth Hegde,40,3995760939,New,NULL,9,12-01-2026 19:35
4987,Chandani Ganesan,45,6870387501,Referral,1515,13,12-01-2026 19:35
4988,Ronith Chanda,19,2632988087,New,NULL,8,12-01-2026 19:35
4989,Ishanvi Oak,46,7942184157,New,NULL,5,12-01-2026 19:35
4990,Yashawini Rana,62,670884441,New,NULL,20,12-01-2026 19:35
4991,Ishwar Kari,60,632366613,New,NULL,3,12-01-2026 19:35
4992,Gauri Kibe,64,3821221698,New,NULL,15,12-01-2026 19:35
4993,Praneel Andra,26,7882423189,New,NULL,1,12-01-2026 19:35
4994,Nirja Saini,30,9358355988,New,NULL,17,12-01-2026 19:35
4995,Chandresh Shere,32,1444668560,New,NULL,1,12-01-2026 19:35
4996,Chakradev Datta,28,8794319403,New,NULL,20,12-01-2026 19:35
4997,Saksham Brahmbhatt,39,4901132909,New,NULL,13,12-01-2026 19:35
4998,Saksham Handa,76,3289235335,New,NULL,7,12-01-2026 19:35
4999,Chatura Kala,44,1844665783,New,NULL,4,12-01-2026 19:35
5000,Odika Behl,50,8813385968,New,NULL,15,12-01-2026 19:35
5001,Alexander Nath,68,7855744816,New,NULL,14,12-01-2026 19:35
5002,Aayush Guha,70,8079748710,New,NULL,2,12-01-2026 19:35
5003,Onkar Sheth,71,9029869352,New,NULL,11,12-01-2026 19:35
5004,Vyanjana Krish,51,2758201876,New,NULL,13,12-01-2026 19:35
5005,Pratyush Lalla,47,2571808958,New,NULL,17,12-01-2026 19:35
5006,Vincent De,36,2491614186,New,NULL,19,12-01-2026 19:35
5007,Ojas Gade,43,655814845,New,NULL,10,12-01-2026 19:35
5008,Anita Shenoy,76,3894240132,New,NULL,20,12-01-2026 19:35
5009,Wishi Bhatti,45,1711935116,New,NULL,9,12-01-2026 19:35
5010,Diya Chatterjee,68,3321902490,New,NULL,11,12-01-2026 19:35
5011,Chakradev Kalla,72,3972427488,New,NULL,2,12-01-2026 19:35
5012,Neel Thakur,61,1051482096,New,NULL,5,12-01-2026 19:35
5013,Janya Barad,41,3201358324,New,NULL,3,12-01-2026 19:35
5014,Yadavi Barman,68,8947414731,New,NULL,2,12-01-2026 19:35
5015,Jack Bhatnagar,77,5588627926,New,NULL,17,12-01-2026 19:35
5016,Vidhi Bhattacharyya,43,5571699931,New,NULL,12,12-01-2026 19:35
5017,Anita Dhar,46,7645133685,New,NULL,7,12-01-2026 19:35
5018,Ayush Prabhu,30,3078624789,New,NULL,2,12-01-2026 19:35
5019,Xalak Mukherjee,27,5155086434,New,NULL,1,12-01-2026 19:35
5020,Vanya Keer,58,6157310576,New,NULL,10,12-01-2026 19:35
5021,Saksham Singh,46,90659064,Referral,4678,18,12-01-2026 19:35
5022,Ayaan Dhaliwal,70,586152088,New,NULL,17,12-01-2026 19:35
5023,Rushil Varma,60,9430987376,New,NULL,5,12-01-2026 19:35
5024,Nandini Goda,54,4286511518,New,NULL,5,12-01-2026 19:35
5025,Daniel Karnik,59,928907098,New,NULL,6,12-01-2026 19:35
5026,Geetika Brar,78,2226568126,New,NULL,20,12-01-2026 19:35
5027,Timothy Rajan,67,1441950397,New,NULL,20,12-01-2026 19:35
5028,Vihaan Sem,39,6956740204,New,NULL,10,12-01-2026 19:35
5029,Simon Srinivasan,52,8382771221,New,NULL,19,12-01-2026 19:35
5030,Chameli Basak,60,6902338147,New,NULL,4,12-01-2026 19:35
5031,Rishi Kuruvilla,72,6746993904,New,NULL,17,12-01-2026 19:35
5032,Yashvi Goyal,44,3442784110,Referral,2972,7,12-01-2026 19:35
5033,Triveni Ratti,33,3490546903,New,NULL,19,12-01-2026 19:35
5034,Kritika Sabharwal,24,9286933925,New,NULL,16,12-01-2026 19:35
5035,Yatan Golla,22,8235451328,New,NULL,1,12-01-2026 19:35
5036,Omisha Thaman,61,8533859662,Referral,1853,18,12-01-2026 19:35
5037,Upma Patel,62,3925138982,Referral,4037,19,12-01-2026 19:35
5038,Forum Gandhi,66,84136289,New,NULL,12,12-01-2026 19:35
5039,Aashi Varty,56,1673126695,Referral,4235,16,12-01-2026 19:35
5040,Jairaj Iyer,40,972696289,Referral,1679,3,12-01-2026 19:35
5041,Jatin Hans,51,9319890335,New,NULL,5,12-01-2026 19:35
5042,Aishani Sangha,70,5586653985,New,NULL,6,12-01-2026 19:35
5043,Omkaar Sarma,76,2100132402,New,NULL,6,12-01-2026 19:35
5044,Arin Sastry,54,8451889908,New,NULL,8,12-01-2026 19:35
5045,Timothy Suri,80,4826387191,New,NULL,8,12-01-2026 19:35
5046,Chandani Dhar,61,318171844,New,NULL,8,12-01-2026 19:35
5047,Mitali Kala,18,9086873920,New,NULL,19,12-01-2026 19:35
5048,Keya Raj,32,4160084176,New,NULL,7,12-01-2026 19:35
5049,Samarth Johal,42,838552717,New,NULL,14,12-01-2026 19:35
5050,Nathan Patla,45,3485407636,Referral,3245,10,12-01-2026 19:35
5051,Victor Sahni,61,4498644504,New,NULL,13,12-01-2026 19:35
5052,Bimala Balan,67,4848224953,New,NULL,14,12-01-2026 19:35
5053,Praneel Dewan,34,1043551267,New,NULL,1,12-01-2026 19:35
5054,Aarush Dubey,72,266403648,New,NULL,18,12-01-2026 19:35
5055,Banjeet Sama,42,1758320936,New,NULL,17,12-01-2026 19:35
5056,Max Bansal,57,1360151920,New,NULL,7,12-01-2026 19:35
5057,Madhavi Puri,69,1399377697,New,NULL,10,12-01-2026 19:35
5058,Ojasvi Baral,67,2926469262,New,NULL,19,12-01-2026 19:35
5059,Yuvraj Edwin,64,7188099926,New,NULL,19,12-01-2026 19:35
5060,Darpan Sibal,69,9678886834,New,NULL,10,12-01-2026 19:35
5061,Harini Wali,54,1329588293,New,NULL,7,12-01-2026 19:35
5062,Ryan Brar,55,4828366918,New,NULL,20,12-01-2026 19:35
5063,Chaman Vasa,32,2627149431,New,NULL,8,12-01-2026 19:35
5064,Girindra Misra,49,6183081749,New,NULL,9,12-01-2026 19:35
5065,Yatin Mishra,20,102532434,New,NULL,17,12-01-2026 19:35
5066,Nitesh Sekhon,53,8474729593,New,NULL,17,12-01-2026 19:35
5067,Pushti Oak,55,4253157823,New,NULL,16,12-01-2026 19:35
5068,Madhavi Dalal,21,2816781957,New,NULL,15,12-01-2026 19:35
5069,Samuel Chada,51,3699788720,New,NULL,18,12-01-2026 19:35
5070,Hema Khare,63,9106947482,New,NULL,20,12-01-2026 19:35
5071,Priya Morar,46,5414600270,New,NULL,15,12-01-2026 19:35
5072,Yamini Badal,82,6519862391,New,NULL,20,12-01-2026 19:35
5073,Chaitanya Lall,80,3611423618,New,NULL,13,12-01-2026 19:35
5074,Januja Toor,40,8842287838,New,NULL,15,12-01-2026 19:35
5075,Aarush Gara,22,543909115,New,NULL,10,12-01-2026 19:35
5076,Matthew Keer,63,6342283325,New,NULL,3,12-01-2026 19:35
5077,Aryan Comar,36,7944797649,New,NULL,18,12-01-2026 19:35
5078,Yutika Chander,71,633402706,New,NULL,18,12-01-2026 19:35
5079,Adya Saxena,20,6654555624,New,NULL,14,12-01-2026 19:35
5080,Veer Mitter,47,635637120,New,NULL,11,12-01-2026 19:35
5081,Nachiket Suresh,52,672310337,New,NULL,8,12-01-2026 19:35
5082,Mahika Natt,63,9395700279,New,NULL,2,12-01-2026 19:35
5083,Ekiya Dubey,35,4072737854,New,NULL,2,12-01-2026 19:35
5084,Yutika Hayre,49,3027769261,New,NULL,14,12-01-2026 19:35
5085,Sanya Sehgal,30,8333008001,New,NULL,3,12-01-2026 19:35
5086,Gautam Mandal,51,8692332320,New,NULL,13,12-01-2026 19:35
5087,Gagan Subramanian,30,4020217460,New,NULL,9,12-01-2026 19:35
5088,Forum Sule,41,27980536,New,NULL,13,12-01-2026 19:35
5089,Daksha Khurana,37,5221795598,New,NULL,17,12-01-2026 19:35
5090,Anamika Choudhury,22,7150755417,New,NULL,18,12-01-2026 19:35
5091,Warinder Bora,28,1264129641,Referral,3821,19,12-01-2026 19:35
5092,Samar Malhotra,53,7853605054,Referral,888,19,12-01-2026 19:35
5093,Sara Krishnamurthy,74,268329059,New,NULL,18,12-01-2026 19:35
5094,Daniel Narang,34,2196974486,New,NULL,11,12-01-2026 19:35
5095,Eshana Dass,36,716203024,New,NULL,14,12-01-2026 19:35
5096,Rudra Sharma,65,856943520,New,NULL,1,12-01-2026 19:35
5097,Om Basak,47,1561396977,New,NULL,9,12-01-2026 19:35
5098,Bachittar Saxena,34,1080360803,New,NULL,6,12-01-2026 19:35
5099,Pranav Arya,36,9986195444,New,NULL,12,12-01-2026 19:35
5100,Ojas Borde,79,3056536430,New,NULL,6,12-01-2026 19:35
5101,Agastya Garde,29,6783038252,New,NULL,14,12-01-2026 19:35
5102,Vasana Malhotra,27,4679867150,New,NULL,12,12-01-2026 19:35
5103,Alexander Wable,83,1160118029,New,NULL,5,12-01-2026 19:35
5104,Watika Bir,47,2054818592,New,NULL,19,12-01-2026 19:35
5105,Lakshmi Magar,76,3902278280,New,NULL,5,12-01-2026 19:35
5106,Anita Rao,35,5697202494,New,NULL,14,12-01-2026 19:35
5107,Meera Sahota,40,792747919,New,NULL,11,12-01-2026 19:35
5108,Vidhi Morar,73,5261066732,New,NULL,18,12-01-2026 19:35
5109,Vivaan Ghose,22,5367445394,New,NULL,17,12-01-2026 19:35
5110,Isaac Buch,76,3962201581,Referral,697,1,12-01-2026 19:35
5111,Chaman Dara,44,3332186103,New,NULL,20,12-01-2026 19:35
5112,Darika Dewan,38,9897517181,New,NULL,4,12-01-2026 19:35
5113,Harsh Som,39,5965094645,New,NULL,2,12-01-2026 19:35
5114,Nimrat Saha,59,2627945174,New,NULL,14,12-01-2026 19:35
5115,Victor Thaker,65,2427097055,New,NULL,9,12-01-2026 19:35
5116,Gautami Kant,84,4516168205,New,NULL,14,12-01-2026 19:35
5117,Anirudh Doshi,73,8012673798,New,NULL,4,12-01-2026 19:35
5118,Aradhana Dass,51,3384173247,New,NULL,2,12-01-2026 19:35
5119,Onkar Koshy,29,6602877168,New,NULL,3,12-01-2026 19:35
5120,Amrita Krish,49,6440193060,New,NULL,2,12-01-2026 19:35
5121,Kashvi Taneja,52,2929504443,New,NULL,14,12-01-2026 19:35
5122,Vasatika Seshadri,80,8046899594,Referral,3208,19,12-01-2026 19:35
5123,Reyansh Chahal,30,9368062251,New,NULL,11,12-01-2026 19:35
5124,Jason Kata,31,3300741757,New,NULL,3,12-01-2026 19:35
5125,Samarth Rajagopalan,80,1541569309,New,NULL,2,12-01-2026 19:35
5126,Jatin Mannan,73,5573553165,New,NULL,9,12-01-2026 19:35
5127,Rehaan Buch,57,8954425386,New,NULL,19,12-01-2026 19:35
5128,Saksham Chadha,71,1670600650,New,NULL,3,12-01-2026 19:35
5129,Balhaar Nagar,59,2008053190,New,NULL,8,12-01-2026 19:35
5130,Henry Raj,30,4128614683,Referral,1386,2,12-01-2026 19:35
5131,Maya Dora,67,4569955012,New,NULL,3,12-01-2026 19:35
5132,Leela Dewan,62,4604250786,New,NULL,12,12-01-2026 19:35
5133,Aahana Bora,84,5986650316,New,NULL,12,12-01-2026 19:35
5134,Avni Nayar,83,7194451572,New,NULL,3,12-01-2026 19:35
5135,Rajata Srinivasan,28,7177697315,New,NULL,13,12-01-2026 19:35
5136,Jhalak Jayaraman,26,1539788666,Referral,1431,10,12-01-2026 19:35
5137,Warhi Loyal,57,7344549697,Referral,2127,1,12-01-2026 19:35
5138,Vrinda Mital,43,579496283,New,NULL,20,12-01-2026 19:35
5139,Lila Ganesan,34,6725435301,New,NULL,8,12-01-2026 19:35
5140,Zaitra Pandey,57,438697380,New,NULL,13,12-01-2026 19:35
5141,Pratyush Tata,46,3951665895,New,NULL,17,12-01-2026 19:35
5142,Pooja Singh,35,8088615379,New,NULL,15,12-01-2026 19:35
5143,Eesha Sathe,60,2024892585,New,NULL,3,12-01-2026 19:35
5144,Siya Malhotra,33,7911386143,New,NULL,7,12-01-2026 19:35
5145,Kavya Borde,47,362092699,New,NULL,20,12-01-2026 19:35
5146,Gabriel Gopal,30,9393690180,New,NULL,10,12-01-2026 19:35
5147,Avi Kamdar,61,2221833748,Referral,332,15,12-01-2026 19:35
5148,Triya Gokhale,19,3098128254,New,NULL,16,12-01-2026 19:35
5149,Wishi Kurian,53,9054802155,New,NULL,5,12-01-2026 19:35
5150,Lekha Pingle,26,5938153522,New,NULL,9,12-01-2026 19:35
5151,Ridhi Oza,83,1055407911,New,NULL,2,12-01-2026 19:35
5152,Chatresh Virk,75,1084602897,New,NULL,16,12-01-2026 19:35
5153,Abhiram Kale,66,3806277024,New,NULL,6,12-01-2026 19:35
5154,Zashil Murthy,82,485203209,New,NULL,18,12-01-2026 19:35
5155,Faras Nayak,85,1226151776,New,NULL,13,12-01-2026 19:35
5156,Chaman Deo,84,7646633240,New,NULL,19,12-01-2026 19:35
5157,David Kulkarni,27,6214155185,New,NULL,18,12-01-2026 19:35
5158,Chandran Kapur,35,5982175537,New,NULL,15,12-01-2026 19:35
5159,Girish Narang,45,5758761547,New,NULL,14,12-01-2026 19:35
5160,Pushti Swamy,18,3030811209,New,NULL,11,12-01-2026 19:35
5161,Lohit Brar,81,9481318334,New,NULL,3,12-01-2026 19:35
5162,Viraj Chaudhuri,36,9599107144,Referral,1518,8,12-01-2026 19:35
5163,Ishita Joshi,32,908861102,New,NULL,6,12-01-2026 19:35
5164,Kashish Kade,30,4359603483,Referral,59,11,12-01-2026 19:35
5165,Kala Pathak,53,4134156702,New,NULL,8,12-01-2026 19:35
5166,Rajeshri Raval,39,3087320638,New,NULL,15,12-01-2026 19:35
5167,Gabriel Dixit,65,3711050803,New,NULL,6,12-01-2026 19:35
5168,Zayan Sundaram,84,7572624683,New,NULL,14,12-01-2026 19:35
5169,Darpan Sura,67,7803859917,New,NULL,4,12-01-2026 19:35
5170,Fiyaz Ranganathan,60,1895599184,New,NULL,16,12-01-2026 19:35
5171,Upasna Baria,22,7055519414,New,NULL,14,12-01-2026 19:35
5172,Bhavya Sahni,60,2024044997,New,NULL,18,12-01-2026 19:35
5173,Ekapad Kadakia,70,869315845,Referral,4984,4,12-01-2026 19:35
5174,Garima Sahota,73,6848656969,New,NULL,6,12-01-2026 19:35
5175,Xalak Seth,51,4953753611,New,NULL,1,12-01-2026 19:35
5176,Gaurangi Cheema,49,7966451834,New,NULL,12,12-01-2026 19:35
5177,Netra Karpe,40,8732744217,New,NULL,15,12-01-2026 19:35
5178,Lopa Bala,39,6775463868,New,NULL,11,12-01-2026 19:35
5179,Nidra Mahajan,73,2311541471,Referral,3970,6,12-01-2026 19:35
5180,Aarnav Wason,64,3665090454,New,NULL,5,12-01-2026 19:35
5181,Noah Shere,60,609910092,New,NULL,9,12-01-2026 19:35
5182,Suhani Kuruvilla,64,5247156055,Referral,3140,18,12-01-2026 19:35
5183,Yachana Sridhar,81,1565692285,New,NULL,12,12-01-2026 19:35
5184,Ridhi Tripathi,37,6989648542,New,NULL,17,12-01-2026 19:35
5185,Hritik Brar,71,5873318666,New,NULL,18,12-01-2026 19:35
5186,Ikbal Walia,64,2414686688,New,NULL,19,12-01-2026 19:35
5187,Jason Prashad,79,9048096557,Referral,3913,5,12-01-2026 19:35
5188,Jason Divan,50,9999303923,Referral,728,14,12-01-2026 19:35
5189,Bhanumati Devi,50,1045276735,New,NULL,4,12-01-2026 19:35
5190,Orinder Rattan,27,7813000415,New,NULL,12,12-01-2026 19:35
5191,Warjas Bhatnagar,39,9708446457,New,NULL,15,12-01-2026 19:35
5192,Devika Bhavsar,63,1382288798,Referral,547,8,12-01-2026 19:35
5193,Zinal Taneja,81,2334355470,New,NULL,4,12-01-2026 19:35
5194,Alexander Raj,21,7392077644,New,NULL,9,12-01-2026 19:35
5195,Vyanjana Chandra,76,7800991896,New,NULL,19,12-01-2026 19:35
5196,Aarna Wason,80,4419390954,New,NULL,15,12-01-2026 19:35
5197,Zinal Devan,72,4018578373,New,NULL,19,12-01-2026 19:35
5198,Abeer Sandhu,54,2430549874,Referral,911,2,12-01-2026 19:35
5199,Omisha Nori,48,5967357362,New,NULL,12,12-01-2026 19:35
5200,Zaid Dixit,31,8470736839,New,NULL,12,12-01-2026 19:35
5201,Hamsini Lanka,60,5310468598,New,NULL,2,12-01-2026 19:35
5202,Suhani Badami,83,3768347297,New,NULL,16,12-01-2026 19:35
5203,Xiti Chatterjee,20,2878640076,New,NULL,7,12-01-2026 19:35
5204,Zayyan Chakrabarti,45,4033628424,New,NULL,17,12-01-2026 19:35
5205,Eesha Dhawan,37,8420036932,New,NULL,4,12-01-2026 19:35
5206,Anika Gupta,85,4661123942,Referral,2241,6,12-01-2026 19:35
5207,Mitali Dhawan,83,7494548824,New,NULL,4,12-01-2026 19:35
5208,Jeremiah Srinivasan,36,2698456192,New,NULL,12,12-01-2026 19:35
5209,Priya Choudhury,67,6534239299,New,NULL,15,12-01-2026 19:35
5210,Ekavir Dash,50,8136364560,New,NULL,11,12-01-2026 19:35
5211,Alexander Rama,71,2861652117,New,NULL,2,12-01-2026 19:35
5212,Samar Sangha,66,7739962270,New,NULL,9,12-01-2026 19:35
5213,Dev Talwar,63,6673529029,New,NULL,1,12-01-2026 19:35
5214,Vrinda Soni,33,576593669,New,NULL,7,12-01-2026 19:35
5215,Saanvi Choudhary,84,1038141388,New,NULL,7,12-01-2026 19:35
5216,Aishani Shenoy,47,808960408,New,NULL,7,12-01-2026 19:35
5217,Amruta Narasimhan,82,1166675629,New,NULL,7,12-01-2026 19:35
5218,Pratyush Dalal,58,3427980483,New,NULL,12,12-01-2026 19:35
5219,Waida Apte,60,8345828183,New,NULL,4,12-01-2026 19:35
5220,Peter Sangha,42,6865854839,New,NULL,16,12-01-2026 19:35
5221,Ojas Kari,61,356100615,New,NULL,3,12-01-2026 19:35
5222,Saksham Dhingra,47,8647447272,New,NULL,17,12-01-2026 19:35
5223,Hemang Doshi,47,5495199548,New,NULL,17,12-01-2026 19:35
5224,Krish Saxena,83,7896187045,New,NULL,15,12-01-2026 19:35
5225,Janaki Baral,62,939173255,New,NULL,7,12-01-2026 19:35
5226,Ekani Saraf,38,6308820130,Referral,5211,9,12-01-2026 19:35
5227,Nilima Pandya,71,2975212244,New,NULL,14,12-01-2026 19:35
5228,Adweta Peri,19,6254417577,New,NULL,14,12-01-2026 19:35
5229,Yadavi Hari,72,9150070916,New,NULL,11,12-01-2026 19:35
5230,Krisha Krish,27,2931052243,New,NULL,5,12-01-2026 19:35
5231,Vrishti Keer,35,6867192542,New,NULL,20,12-01-2026 19:35
5232,Isha Rout,68,8948399721,New,NULL,4,12-01-2026 19:35
5233,Manbir Manne,61,8531532522,New,NULL,20,12-01-2026 19:35
5234,Dakshesh Sem,19,7342663860,New,NULL,18,12-01-2026 19:35
5235,Omisha Chandran,27,4176127076,New,NULL,4,12-01-2026 19:35
5236,Aarav Cherian,21,3589621577,New,NULL,8,12-01-2026 19:35
5237,Charan Chadha,64,9970982897,New,NULL,7,12-01-2026 19:35
5238,Ishita Sandal,56,6378354701,New,NULL,19,12-01-2026 19:35
5239,Chandran Goyal,31,9673417822,New,NULL,10,12-01-2026 19:35
5240,Zehaan Ramakrishnan,37,578239926,New,NULL,9,12-01-2026 19:35
5241,Pahal Shan,55,2796131292,New,NULL,1,12-01-2026 19:35
5242,Urmi Sami,23,2756177606,New,NULL,1,12-01-2026 19:35
5243,Yashasvi Dua,41,5270804060,New,NULL,13,12-01-2026 19:35
5244,Vrinda Zachariah,48,1595737230,Referral,4894,16,12-01-2026 19:35
5245,Om Rattan,48,5382394081,New,NULL,17,12-01-2026 19:35
5246,Unnati Chad,50,1125198596,Referral,3586,7,12-01-2026 19:35
5247,Orinder Sarkar,83,2522292913,Referral,4920,5,12-01-2026 19:35
5248,Gaurangi Sethi,21,2991576883,New,NULL,19,12-01-2026 19:35
5249,Gagan Chhabra,70,257264385,New,NULL,6,12-01-2026 19:35
5250,Dalaja Bath,84,4954801945,New,NULL,14,12-01-2026 19:35
5251,Hemang Sampath,32,1408885000,New,NULL,4,12-01-2026 19:35
5252,Vrinda Atwal,38,9244229478,New,NULL,19,12-01-2026 19:35
5253,Onkar Grover,70,2065228824,New,NULL,6,12-01-2026 19:35
5254,Tristan Sampath,23,2007143197,New,NULL,18,12-01-2026 19:35
5255,Gauri Gupta,78,8393573223,Referral,692,10,12-01-2026 19:35
5256,Hemani Walla,40,3720468275,New,NULL,9,12-01-2026 19:35
5257,Logan Sha,62,7154045710,New,NULL,5,12-01-2026 19:35
5258,Farhan Chand,20,1916765278,New,NULL,19,12-01-2026 19:35
5259,Sudiksha Singh,54,6193125178,New,NULL,17,12-01-2026 19:35
5260,Dalbir Varty,20,4504931297,New,NULL,17,12-01-2026 19:35
5261,Jack Swaminathan,63,7481345803,New,NULL,3,12-01-2026 19:35
5262,Vedant Rai,73,7194966361,New,NULL,6,12-01-2026 19:35
5263,Ganga Hari,28,3842773974,New,NULL,5,12-01-2026 19:35
5264,Rachana Bail,52,8958983804,New,NULL,6,12-01-2026 19:35
5265,Yadavi Handa,43,7338535695,Referral,2417,14,12-01-2026 19:35
5266,Ekaja Sharaf,85,2309765084,New,NULL,14,12-01-2026 19:35
5267,Hemal Sane,50,3582779953,Referral,2588,11,12-01-2026 19:35
5268,Vihaan Ravel,65,3222229230,New,NULL,10,12-01-2026 19:35
5269,Madhavi Sachar,35,880616363,New,NULL,20,12-01-2026 19:35
5270,Aadhya Maharaj,31,5685185567,New,NULL,5,12-01-2026 19:35
5271,Shivani Bora,64,9162871357,New,NULL,12,12-01-2026 19:35
5272,Utkarsh Joshi,38,4864676055,New,NULL,17,12-01-2026 19:35
5273,Alka Kala,63,1470789800,New,NULL,8,12-01-2026 19:35
5274,Chavvi Rama,25,3083951042,New,NULL,1,12-01-2026 19:35
5275,Jack Uppal,19,6996149351,New,NULL,2,12-01-2026 19:35
5276,Chaitanya Sama,36,5292938565,New,NULL,8,12-01-2026 19:35
5277,Nachiket Trivedi,41,6392789881,New,NULL,14,12-01-2026 19:35
5278,Baghyawati Bora,81,1153948328,New,NULL,11,12-01-2026 19:35
5279,Bhavya Joshi,83,6521234915,New,NULL,17,12-01-2026 19:35
5280,Jackson Chhabra,78,8398609150,New,NULL,1,12-01-2026 19:35
5281,Vihaan Mohan,67,8856588399,New,NULL,11,12-01-2026 19:35
5282,Abha Dhillon,50,2022702813,New,NULL,18,12-01-2026 19:35
5283,Bhavika Mane,44,2670812564,New,NULL,7,12-01-2026 19:35
5284,Janani Nair,38,4187670130,New,NULL,2,12-01-2026 19:35
5285,Odika Jha,31,2239030159,New,NULL,9,12-01-2026 19:35
5286,Nitara Iyer,62,8591172479,Referral,4836,16,12-01-2026 19:35
5287,Azaan Bora,67,5700204483,New,NULL,20,12-01-2026 19:35
5288,Mitali Sarma,58,2121914974,New,NULL,15,12-01-2026 19:35
5289,Owen Doshi,78,2547874675,New,NULL,2,12-01-2026 19:35
5290,Hemani Walia,39,6043371380,New,NULL,9,12-01-2026 19:35
5291,Chavvi Ahluwalia,48,8255473480,New,NULL,9,12-01-2026 19:35
5292,Bhavini Shanker,39,7925336272,New,NULL,1,12-01-2026 19:35
5293,Balvan De,61,7561948319,New,NULL,5,12-01-2026 19:35
5294,Jonathan Vasa,33,4731440027,New,NULL,15,12-01-2026 19:35
5295,Vritti Rama,57,3939814156,New,NULL,19,12-01-2026 19:35
5296,Neel Lall,36,7449828040,Referral,1722,13,12-01-2026 19:35
5297,Lipika Badal,27,6896770664,New,NULL,13,12-01-2026 19:35
5298,Yug Chandran,66,7195603234,New,NULL,1,12-01-2026 19:35
5299,Yug Sama,81,4884752685,New,NULL,20,12-01-2026 19:35
5300,Upma Gara,44,5589217155,Referral,1451,14,12-01-2026 19:35
5301,Dalbir Kala,20,567376361,New,NULL,19,12-01-2026 19:35
5302,Kashvi Agrawal,63,3440341224,New,NULL,9,12-01-2026 19:35
5303,Xavier Soni,62,1140526583,New,NULL,4,12-01-2026 19:35
5304,Yatan Venkatesh,42,4092575127,New,NULL,18,12-01-2026 19:35
5305,Benjamin Sabharwal,28,62048029,New,NULL,19,12-01-2026 19:35
5306,Ekta Bassi,48,8008533837,New,NULL,5,12-01-2026 19:35
5307,Sara Lal,31,3329599837,New,NULL,7,12-01-2026 19:35
5308,Sarthak Bobal,42,7891418203,Referral,2049,3,12-01-2026 19:35
5309,Sai Bhagat,33,4333809701,Referral,3283,6,12-01-2026 19:35
5310,Qarin Varghese,38,5688573853,New,NULL,1,12-01-2026 19:35
5311,Hredhaan Mall,23,9632281506,New,NULL,19,12-01-2026 19:35
5312,Rehaan Rao,72,4331127842,New,NULL,4,12-01-2026 19:35
5313,Omkaar Sathe,54,2211933369,New,NULL,2,12-01-2026 19:35
5314,Anay Loyal,41,9023113405,New,NULL,2,12-01-2026 19:35
5315,Krisha Nair,50,1639386534,New,NULL,12,12-01-2026 19:35
5316,Edhitha Goyal,44,982587108,New,NULL,17,12-01-2026 19:35
5317,Upadhriti Mangat,27,1446950782,New,NULL,12,12-01-2026 19:35
5318,Daniel Goel,81,5662460088,New,NULL,3,12-01-2026 19:35
5319,Abdul Narayanan,23,2124694907,Referral,4486,15,12-01-2026 19:35
5320,Luke Kale,77,4381196775,New,NULL,16,12-01-2026 19:35
5321,Devika Sule,26,5439696076,Referral,283,18,12-01-2026 19:35
5322,Utkarsh Sankaran,65,1206939886,New,NULL,16,12-01-2026 19:35
5323,Ethan Nagar,64,4814567508,Referral,2888,6,12-01-2026 19:35
5324,Ethan Shere,50,3572893624,New,NULL,5,12-01-2026 19:35
5325,Indali Chhabra,45,9094955973,New,NULL,13,12-01-2026 19:35
5326,Janaki Mann,67,2900582295,Referral,2707,10,12-01-2026 19:35
5327,Charvi Natt,22,59316962,Referral,4091,13,12-01-2026 19:35
5328,Agastya Mander,18,1353349252,Referral,2355,15,12-01-2026 19:35
5329,Chaaya Bajwa,81,5512662107,New,NULL,13,12-01-2026 19:35
5330,Krishna Mutti,74,3144170472,New,NULL,13,12-01-2026 19:35
5331,Reyansh Shah,81,5483022856,Referral,2553,17,12-01-2026 19:35
5332,Eta Sarma,70,9232608710,New,NULL,7,12-01-2026 19:35
5333,Imaran Suri,36,6385307612,New,NULL,19,12-01-2026 19:35
5334,Ikshita Bahri,80,6764798120,Referral,2585,17,12-01-2026 19:35
5335,Frederick Pathak,22,2989124277,New,NULL,3,12-01-2026 19:35
5336,Charita Kaur,21,8296204114,New,NULL,15,12-01-2026 19:35
5337,Warjas Dugar,78,6309348431,New,NULL,2,12-01-2026 19:35
5338,Amaira Sinha,73,5277823710,New,NULL,5,12-01-2026 19:35
5339,Yashodhara Srivastava,36,6602804485,New,NULL,18,12-01-2026 19:35
5340,Viraj Batra,55,1772036115,New,NULL,3,12-01-2026 19:35
5341,Falak Chatterjee,50,64418151,New,NULL,13,12-01-2026 19:35
5342,Triveni Bora,40,3947002720,New,NULL,20,12-01-2026 19:35
5343,Jasmit Kanda,73,1287390026,New,NULL,3,12-01-2026 19:35
5344,Hemang Ganesan,83,1559996868,New,NULL,10,12-01-2026 19:35
5345,Ryan Murty,41,4939175918,New,NULL,14,12-01-2026 19:35
5346,Lucky Rajan,40,7243685210,New,NULL,4,12-01-2026 19:35
5347,Aarush Mammen,26,6261730139,New,NULL,20,12-01-2026 19:35
5348,Zehaan Iyer,78,9891958390,Referral,505,4,12-01-2026 19:35
5349,Arin Bose,19,8020555304,New,NULL,10,12-01-2026 19:35
5350,Lucky Dalal,69,8801688322,New,NULL,9,12-01-2026 19:35
5351,Ekiya Dada,79,5348942819,Referral,2495,11,12-01-2026 19:35
5352,Tanvi Balay,81,1319889001,New,NULL,13,12-01-2026 19:35
5353,Riya Venkataraman,19,1590982638,New,NULL,3,12-01-2026 19:35
5354,Eta Yohannan,73,5727557310,New,NULL,20,12-01-2026 19:35
5355,Karan Dugal,50,1716477624,Referral,2732,20,12-01-2026 19:35
5356,Mitesh Setty,53,9383840842,New,NULL,19,12-01-2026 19:35
5357,Ganga Dugar,84,4828271649,New,NULL,17,12-01-2026 19:35
5358,Maya Bahri,35,7513039525,New,NULL,10,12-01-2026 19:35
5359,Barkha Dani,38,2294232672,Referral,4379,6,12-01-2026 19:35
5360,Imaran Buch,52,5828766353,New,NULL,10,12-01-2026 19:35
5361,George Bali,75,7036985861,New,NULL,10,12-01-2026 19:35
5362,Finn Swaminathan,23,8962646295,New,NULL,4,12-01-2026 19:35
5363,Mugdha Misra,34,4745281642,New,NULL,8,12-01-2026 19:35
5364,Vihaan Majumdar,31,3733711326,New,NULL,14,12-01-2026 19:35
5365,Brinda Naik,24,7876339282,New,NULL,5,12-01-2026 19:35
5366,Eshana Rastogi,65,3164725335,New,NULL,7,12-01-2026 19:35
5367,Geetika Sule,71,9648674145,New,NULL,3,12-01-2026 19:35
5368,Triveni Bahl,85,1946497500,New,NULL,3,12-01-2026 19:35
5369,Tanish Konda,53,1253038201,New,NULL,14,12-01-2026 19:35
5370,Hemang Khatri,59,2468713760,New,NULL,7,12-01-2026 19:35
5371,Chaitaly Kata,22,2813174479,New,NULL,7,12-01-2026 19:35
5372,Ishani Bhatnagar,65,5458511818,New,NULL,14,12-01-2026 19:35
5373,Zilmil Banik,71,5267460943,New,NULL,1,12-01-2026 19:35
5374,Hema Sule,69,7964156221,Referral,5084,10,12-01-2026 19:35
5375,Yadavi Dua,18,3716727635,Referral,2029,13,12-01-2026 19:35
5376,Lipika Kale,27,2847727194,New,NULL,11,12-01-2026 19:35
5377,Rehaan Hayre,30,1165850469,New,NULL,8,12-01-2026 19:35
5378,Vamakshi Joshi,24,4902724399,New,NULL,16,12-01-2026 19:35
5379,Riya Walla,80,1197978,New,NULL,3,12-01-2026 19:35
5380,Vedika Garg,67,2594520317,New,NULL,14,12-01-2026 19:35
5381,Pranit Kohli,45,4466504322,New,NULL,20,12-01-2026 19:35
5382,Mitesh Chadha,68,4644699332,New,NULL,19,12-01-2026 19:35
5383,Irya Kant,54,4940450639,New,NULL,12,12-01-2026 19:35
5384,Kiaan Chawla,21,104600181,New,NULL,9,12-01-2026 19:35
5385,Urishilla Bawa,83,798584329,Referral,3695,7,12-01-2026 19:35
5386,Rohan Palla,31,3121994279,Referral,1566,2,12-01-2026 19:35
5387,Tarak Anne,29,8966846708,New,NULL,8,12-01-2026 19:35
5388,Faris Sant,32,2062871369,New,NULL,12,12-01-2026 19:35
5389,Kai Mody,41,835481499,New,NULL,14,12-01-2026 19:35
5390,Anusha Issac,61,6407546997,New,NULL,19,12-01-2026 19:35
5391,Qushi Kant,19,5406963514,New,NULL,6,12-01-2026 19:35
5392,Baghyawati Kala,45,6457820147,New,NULL,5,12-01-2026 19:35
5393,Sneha Vohra,32,3604070777,Referral,1706,15,12-01-2026 19:35
5394,Liam Das,75,9803922251,New,NULL,5,12-01-2026 19:35
5395,Victor Pathak,68,4682810980,New,NULL,1,12-01-2026 19:35
5396,Vrishti Borah,72,1533895952,New,NULL,3,12-01-2026 19:35
5397,Yoshita Dhar,50,1722532558,New,NULL,14,12-01-2026 19:35
5398,Varsha Mann,71,1726977878,New,NULL,11,12-01-2026 19:35
5399,Indrajit Rattan,20,9853339345,New,NULL,15,12-01-2026 19:35
5400,Eiravati Mane,47,9177363096,New,NULL,4,12-01-2026 19:35
5401,Devika Karpe,27,8881630406,New,NULL,5,12-01-2026 19:35
5402,Barkha Kannan,82,760503631,New,NULL,4,12-01-2026 19:35
5403,Avni Parekh,52,2806681355,New,NULL,13,12-01-2026 19:35
5404,Nilima Arora,73,5416251863,New,NULL,11,12-01-2026 19:35
5405,Dipta Dutta,76,6899551502,New,NULL,5,12-01-2026 19:35
5406,Yashasvi Sundaram,67,4792363495,New,NULL,6,12-01-2026 19:35
5407,Radha Kala,70,3755303819,Referral,4948,1,12-01-2026 19:35
5408,Faraj Jani,64,9025978880,Referral,4571,12,12-01-2026 19:35
5409,Hemangini Varkey,59,8345434910,New,NULL,6,12-01-2026 19:35
5410,Chandresh Singh,69,9206707794,New,NULL,19,12-01-2026 19:35
5411,Yug Anne,49,4785306359,New,NULL,20,12-01-2026 19:35
5412,Jack Dada,63,7397226339,New,NULL,10,12-01-2026 19:35
5413,Zaid Banerjee,34,1655529504,New,NULL,4,12-01-2026 19:35
5414,Girindra Mody,51,2519135394,New,NULL,3,12-01-2026 19:35
5415,Wakeeta Mann,64,4204426070,New,NULL,2,12-01-2026 19:35
5416,Odika Yogi,37,7272050941,New,NULL,19,12-01-2026 19:35
5417,Dominic Biswas,31,6056145778,New,NULL,13,12-01-2026 19:35
5418,Warinder Natt,20,7690138425,New,NULL,20,12-01-2026 19:35
5419,Reyansh Shankar,81,7780279695,New,NULL,8,12-01-2026 19:35
5420,Faraj Mukhopadhyay,50,4203171938,New,NULL,9,12-01-2026 19:35
5421,Daksh Kumer,51,9147094494,New,NULL,8,12-01-2026 19:35
5422,Victor Munshi,18,699516256,New,NULL,18,12-01-2026 19:35
5423,Leena Dayal,67,4390019922,New,NULL,7,12-01-2026 19:35
5424,Krish Vyas,74,8959964434,New,NULL,18,12-01-2026 19:35
5425,Ansh Goel,23,1748603909,New,NULL,14,12-01-2026 19:35
5426,Bishakha Prashad,82,8829907531,New,NULL,17,12-01-2026 19:35
5427,Faqid Varkey,70,4435988187,New,NULL,8,12-01-2026 19:35
5428,Vivaan Narasimhan,60,8565748337,New,NULL,13,12-01-2026 19:35
5429,Lekha Kanda,67,7040274214,New,NULL,15,12-01-2026 19:35
5430,Watika Purohit,54,8242468682,New,NULL,12,12-01-2026 19:35
5431,Hemangini Oza,19,9928920465,Referral,1932,5,12-01-2026 19:35
5432,Lajita Edwin,52,7321422753,New,NULL,11,12-01-2026 19:35
5433,Chatresh Kadakia,60,9322755946,New,NULL,6,12-01-2026 19:35
5434,Jagrati Tailor,83,6859800948,New,NULL,16,12-01-2026 19:35
5435,Anamika Borde,78,3521707081,New,NULL,6,12-01-2026 19:35
5436,Tristan Nath,32,2270155744,New,NULL,5,12-01-2026 19:35
5437,Chanchal Kanda,65,5673389177,Referral,1457,3,12-01-2026 19:35
5438,Girish Gole,72,6831472133,New,NULL,13,12-01-2026 19:35
5439,Kavya Chokshi,24,2614429712,New,NULL,19,12-01-2026 19:35
5440,Isaac Brar,40,5704927424,New,NULL,19,12-01-2026 19:35
5441,Indira Khanna,21,4070392613,New,NULL,12,12-01-2026 19:35
5442,Omisha Hayre,72,4191868830,New,NULL,4,12-01-2026 19:35
5443,Meera Sood,25,9849756892,New,NULL,8,12-01-2026 19:35
5444,Nimrat Golla,55,5439510792,New,NULL,20,12-01-2026 19:35
5445,Omaja Chad,24,4944289153,New,NULL,12,12-01-2026 19:35
5446,Veer Mitter,19,4799214026,New,NULL,9,12-01-2026 19:35
5447,Jacob Sengupta,52,1136266926,New,NULL,11,12-01-2026 19:35
5448,Chaitanya Nagar,70,3875562791,New,NULL,1,12-01-2026 19:35
5449,Balhaar Yohannan,26,3754038850,New,NULL,17,12-01-2026 19:35
5450,Udant Sibal,61,7841988934,New,NULL,10,12-01-2026 19:35
5451,Pranav Choudhary,79,6030841478,New,NULL,7,12-01-2026 19:35
5452,Sanya Sahota,33,6809503526,New,NULL,9,12-01-2026 19:35
5453,Vrishti Raj,36,5453340938,New,NULL,4,12-01-2026 19:35
5454,Azad Ram,59,2483924589,New,NULL,19,12-01-2026 19:35
5455,Gopal Gade,22,4853865486,New,NULL,13,12-01-2026 19:35
5456,Yashawini Yohannan,85,3146944133,Referral,2317,4,12-01-2026 19:35
5457,Inaya Dora,54,7259527098,New,NULL,4,12-01-2026 19:35
5458,Arunima Kashyap,58,3038537610,New,NULL,3,12-01-2026 19:35
5459,Yachana Kala,27,917186646,New,NULL,12,12-01-2026 19:35
5460,Dayita Mittal,77,8477290031,New,NULL,6,12-01-2026 19:35
5461,Pallavi Bawa,50,5109993184,New,NULL,15,12-01-2026 19:35
5462,Ganga Kota,25,1801780122,New,NULL,2,12-01-2026 19:35
5463,Saumya Agate,82,5887750961,New,NULL,1,12-01-2026 19:35
5464,Gavin Basak,22,9549339611,New,NULL,16,12-01-2026 19:35
5465,Hemangini Doshi,18,4075937519,New,NULL,1,12-01-2026 19:35
5466,Saumya Buch,57,3377051979,New,NULL,4,12-01-2026 19:35
5467,Farhan Din,64,6730487110,New,NULL,3,12-01-2026 19:35
5468,Wriddhish Ravi,21,5532993549,New,NULL,16,12-01-2026 19:35
5469,Qabil Sachar,57,5327806305,New,NULL,13,12-01-2026 19:35
5470,Qasim Sami,41,5395309073,New,NULL,19,12-01-2026 19:35
5471,Leena Saraf,66,6208349335,New,NULL,18,12-01-2026 19:35
5472,Yagnesh Morar,85,6574172170,New,NULL,9,12-01-2026 19:35
5473,Girish Morar,58,7695678672,New,NULL,20,12-01-2026 19:35
5474,Darsh Lad,84,1808556044,Referral,3999,7,12-01-2026 19:35
5475,Wridesh Das,24,4308857940,Referral,2842,15,12-01-2026 19:35
5476,Krishna Dhar,25,1217423745,New,NULL,18,12-01-2026 19:35
5477,Ekanta Bawa,59,7183782972,New,NULL,14,12-01-2026 19:35
5478,Samuel Chaudhry,67,2186196537,New,NULL,20,12-01-2026 19:35
5479,Shivani Chakraborty,46,2599242094,New,NULL,14,12-01-2026 19:35
5480,Yochana Deshmukh,81,6785912106,New,NULL,4,12-01-2026 19:35
5481,Kavya Luthra,81,2161317253,New,NULL,13,12-01-2026 19:35
5482,Harsh Loke,64,7948493727,New,NULL,10,12-01-2026 19:35
5483,Geetika Kalla,18,8900783718,New,NULL,5,12-01-2026 19:35
5484,Nitesh Mandal,33,7302367971,New,NULL,16,12-01-2026 19:35
5485,Joshua Badal,84,1146999885,New,NULL,12,12-01-2026 19:35
5486,Dakshesh Mand,72,273203846,New,NULL,19,12-01-2026 19:35
5487,Unni Borde,82,3865031997,New,NULL,1,12-01-2026 19:35
5488,Gayathri Sheth,79,2914638190,New,NULL,5,12-01-2026 19:35
5489,Tamanna Kota,80,104087779,New,NULL,6,12-01-2026 19:35
5490,Karan Bhatia,57,1961986005,New,NULL,11,12-01-2026 19:35
5491,Onkar Bedi,67,9267671198,New,NULL,18,12-01-2026 19:35
5492,Veer Swaminathan,68,1576602135,New,NULL,6,12-01-2026 19:35
5493,Bachittar Kakar,28,7168910948,New,NULL,1,12-01-2026 19:35
5494,Odika Vasa,75,8831893110,New,NULL,7,12-01-2026 19:35
5495,Charles Nadig,71,15617203,New,NULL,11,12-01-2026 19:35
5496,Ekapad Shah,54,2684580464,Referral,5329,17,12-01-2026 19:35
5497,Farhan Narain,51,3729209556,New,NULL,17,12-01-2026 19:35
5498,Urvashi Barman,25,1456563313,New,NULL,17,12-01-2026 19:35
5499,Krish Dhar,19,8871067656,New,NULL,19,12-01-2026 19:35
5500,Patrick Kapoor,64,9417486350,New,NULL,6,12-01-2026 19:35
5501,Baljiwan Rattan,78,3412302271,New,NULL,12,12-01-2026 19:35
5502,Ekbal Vora,66,2150006863,New,NULL,5,12-01-2026 19:35
5503,Kevin Vig,56,950299075,New,NULL,12,12-01-2026 19:35
5504,Devika Toor,40,5649456220,Referral,3950,9,12-01-2026 19:35
5505,Nandini Sangha,66,3716282008,New,NULL,7,12-01-2026 19:35
5506,Ira Rama,45,4171355054,New,NULL,3,12-01-2026 19:35
5507,Maanav Bains,32,5267341046,New,NULL,14,12-01-2026 19:35
5508,Garima Babu,46,9907290869,New,NULL,5,12-01-2026 19:35
5509,Osha Kalita,38,6370640390,New,NULL,12,12-01-2026 19:35
5510,Darpan Ranganathan,29,2125797814,New,NULL,12,12-01-2026 19:35
5511,Nilima Ben,52,1522793803,New,NULL,12,12-01-2026 19:35
5512,Pushti Borah,68,694249527,New,NULL,18,12-01-2026 19:35
5513,Avi Bakshi,21,7551723665,New,NULL,8,12-01-2026 19:35
5514,Ekanta Chahal,39,5877143557,New,NULL,17,12-01-2026 19:35
5515,Shivansh Thakur,81,3345793545,New,NULL,16,12-01-2026 19:35
5516,Manan Kapadia,43,1772138489,Referral,5224,18,12-01-2026 19:35
5517,Hiral Pant,31,5771847407,New,NULL,17,12-01-2026 19:35
5518,Rajeshri Rajagopal,25,7102516125,New,NULL,2,12-01-2026 19:35
5519,Chakradev Bal,42,598693627,New,NULL,17,12-01-2026 19:35
5520,Upma Nath,56,5619932258,New,NULL,5,12-01-2026 19:35
5521,Sudiksha Bhakta,34,1280372742,New,NULL,7,12-01-2026 19:35
5522,Kashvi Dugar,29,5564014540,New,NULL,18,12-01-2026 19:35
5523,Fariq Balan,56,1741398929,New,NULL,6,12-01-2026 19:35
5524,Urvashi Karan,25,4978553816,New,NULL,13,12-01-2026 19:35
5525,Liam Barad,72,4742600007,New,NULL,2,12-01-2026 19:35
5526,Ekantika Borah,21,6584765348,New,NULL,13,12-01-2026 19:35
5527,Yoshita Gupta,35,621557571,New,NULL,2,12-01-2026 19:35
5528,Anita Karan,80,4042207904,New,NULL,4,12-01-2026 19:35
5529,Charan Mahal,38,1756312927,New,NULL,18,12-01-2026 19:35
5530,Anjali Sahota,77,2756866401,New,NULL,10,12-01-2026 19:35
5531,Jairaj Ben,28,4271004932,New,NULL,8,12-01-2026 19:35
5532,Vasatika Hari,23,9853212598,Referral,1664,2,12-01-2026 19:35
5533,Chameli Om,37,5505784397,New,NULL,18,12-01-2026 19:35
5534,Elijah Morar,47,9356538319,New,NULL,17,12-01-2026 19:35
5535,Janani Yadav,70,2526535400,New,NULL,3,12-01-2026 19:35
5536,Deepa Contractor,46,5582602268,New,NULL,5,12-01-2026 19:35
5537,Harsh Oommen,72,7204744329,New,NULL,20,12-01-2026 19:35
5538,Vedhika Bhatt,21,3980238793,New,NULL,19,12-01-2026 19:35
5539,Ekanta Ghosh,61,6202291594,New,NULL,17,12-01-2026 19:35
5540,Hema Barman,50,7273735069,New,NULL,2,12-01-2026 19:35
5541,Tanvi Kapadia,27,4022719268,New,NULL,14,12-01-2026 19:35
5542,Mohini More,40,5924184260,New,NULL,10,12-01-2026 19:35
5543,Jasmit Gade,45,1932112436,New,NULL,7,12-01-2026 19:35
5544,Frederick Dass,25,8920887468,New,NULL,11,12-01-2026 19:35
5545,Rachit More,45,9684194245,New,NULL,3,12-01-2026 19:35
5546,Anay Bhakta,42,3676860632,New,NULL,11,12-01-2026 19:35
5547,Gabriel Sundaram,38,7065260761,New,NULL,16,12-01-2026 19:35
5548,Umang Kibe,60,620684886,Referral,5228,19,12-01-2026 19:35
5549,Ikbal Gopal,29,4245297228,New,NULL,7,12-01-2026 19:35
5550,Turvi Khosla,76,2273018821,New,NULL,6,12-01-2026 19:35
5551,Chavvi Shroff,58,1633189845,New,NULL,17,12-01-2026 19:35
5552,Gaurang Kohli,18,1278485435,New,NULL,16,12-01-2026 19:35
5553,Warinder Ranganathan,34,2409979979,New,NULL,9,12-01-2026 19:35
5554,Harrison Tara,52,7554097221,New,NULL,12,12-01-2026 19:35
5555,Dhriti Chacko,63,737051857,New,NULL,2,12-01-2026 19:35
5556,Lakshmi Bakshi,36,9027389081,Referral,3749,4,12-01-2026 19:35
5557,Henry Joshi,47,623759428,New,NULL,16,12-01-2026 19:35
5558,Aryan Goswami,70,6595581084,New,NULL,19,12-01-2026 19:35
5559,Yashoda Naidu,42,1815182384,New,NULL,20,12-01-2026 19:35
5560,Triya Nagy,73,4286661869,New,NULL,5,12-01-2026 19:35
5561,Mekhala Boase,71,3805756164,New,NULL,8,12-01-2026 19:35
5562,Finn Gade,33,7398805882,New,NULL,19,12-01-2026 19:35
5563,Jatin Mukherjee,20,9107868612,New,NULL,20,12-01-2026 19:35
5564,Robert Swaminathan,81,9781629934,New,NULL,5,12-01-2026 19:35
5565,Kabir Edwin,75,521293961,New,NULL,8,12-01-2026 19:35
5566,Amaira Kibe,57,9061466984,New,NULL,11,12-01-2026 19:35
5567,Rachita Arya,35,9558470317,New,NULL,15,12-01-2026 19:35
5568,Bhavya Karpe,61,6923812710,New,NULL,20,12-01-2026 19:35
5569,Falan Dora,34,3656030076,New,NULL,12,12-01-2026 19:35
5570,Harita Bala,64,6524909748,New,NULL,7,12-01-2026 19:35
5571,Theodore Sami,27,6580312139,New,NULL,19,12-01-2026 19:35
5572,Balhaar Biswas,20,9729144293,New,NULL,2,12-01-2026 19:35
5573,Samar Patel,39,4517252292,New,NULL,19,12-01-2026 19:35
5574,Balhaar Chahal,39,4580186575,New,NULL,4,12-01-2026 19:35
5575,Aditya Goel,18,9978426471,New,NULL,4,12-01-2026 19:35
5576,Varsha Bhargava,70,3349069010,New,NULL,3,12-01-2026 19:35
5577,Indira Narayanan,18,3143668256,Referral,4242,19,12-01-2026 19:35
5578,Arin Chokshi,76,9666058182,New,NULL,9,12-01-2026 19:35
5579,Kamala Narayanan,46,7692253735,New,NULL,9,12-01-2026 19:35
5580,Ishaan Minhas,35,669410989,New,NULL,2,12-01-2026 19:35
5581,Eiravati Nair,32,7896174393,New,NULL,4,12-01-2026 19:35
5582,Udant Mahal,69,170105522,New,NULL,5,12-01-2026 19:35
5583,Naveen Rama,25,3597017596,New,NULL,5,12-01-2026 19:35
5584,Lekha Mukhopadhyay,22,5423287664,New,NULL,19,12-01-2026 19:35
5585,Aarini Palla,76,3734493404,New,NULL,18,12-01-2026 19:35
5586,Ekta Narayanan,73,141383975,New,NULL,16,12-01-2026 19:35
5587,Maanas Anand,51,4706289549,New,NULL,6,12-01-2026 19:35
5588,Ria Sheth,52,9904693844,New,NULL,14,12-01-2026 19:35
5589,Yasti Bains,19,9784816042,New,NULL,15,12-01-2026 19:35
5590,Elijah Peri,18,9796795147,New,NULL,13,12-01-2026 19:35
5591,Qasim Agarwal,29,7603464122,New,NULL,5,12-01-2026 19:35
5592,Rayaan Som,77,7064245427,New,NULL,4,12-01-2026 19:35
5593,Raagini Mangal,84,6362659277,New,NULL,11,12-01-2026 19:35
5594,Hredhaan Konda,63,5358298218,New,NULL,2,12-01-2026 19:35
5595,Yasti Dhillon,69,2252592248,New,NULL,2,12-01-2026 19:35
5596,Victor Kakar,64,5049342143,New,NULL,12,12-01-2026 19:35
5597,Sarthak Patil,53,6216482450,New,NULL,2,12-01-2026 19:35
5598,Urvashi Kanda,24,6261993162,New,NULL,15,12-01-2026 19:35
5599,Girindra Guha,64,8256936003,New,NULL,5,12-01-2026 19:35
5600,Maya Jhaveri,25,9453271970,New,NULL,4,12-01-2026 19:35
5601,Sanya Zachariah,76,5328833831,New,NULL,16,12-01-2026 19:35
5602,Jalsa Sabharwal,38,7344243394,Referral,3990,13,12-01-2026 19:35
5603,Arin Parekh,65,2338649018,New,NULL,17,12-01-2026 19:35
5604,Maanav Pillay,50,7219244267,New,NULL,10,12-01-2026 19:35
5605,Arjun Mody,26,8653471221,Referral,4408,4,12-01-2026 19:35
5606,Ishaan Wadhwa,70,2043206204,New,NULL,11,12-01-2026 19:35
5607,Anjali Jaggi,39,5767564371,New,NULL,7,12-01-2026 19:35
5608,Charita Singhal,58,8532111106,New,NULL,17,12-01-2026 19:35
5609,Liam Talwar,45,1699873665,New,NULL,8,12-01-2026 19:35
5610,Karan Garg,71,2531631309,New,NULL,8,12-01-2026 19:35
5611,Jyoti Hans,22,677702306,New,NULL,12,12-01-2026 19:35
5612,Jasmit Naidu,72,6105824887,Referral,5409,6,12-01-2026 19:35
5613,Gauri Grewal,71,7848153837,New,NULL,16,12-01-2026 19:35
5614,Bishakha Sathe,19,2229275511,New,NULL,17,12-01-2026 19:35
5615,Zehaan Chand,65,7624627609,New,NULL,1,12-01-2026 19:35
5616,Sai Sahota,54,6700908007,New,NULL,8,12-01-2026 19:35
5617,Raghav Jain,42,2304087832,New,NULL,9,12-01-2026 19:35
5618,Dayamai Suresh,61,4146888930,New,NULL,16,12-01-2026 19:35
5619,Deepa Kade,83,3049966698,New,NULL,11,12-01-2026 19:35
5620,Madhavi Khanna,66,8474676013,New,NULL,17,12-01-2026 19:35
5621,Ryan Sarin,37,5441862118,New,NULL,19,12-01-2026 19:35
5622,Gabriel Jayaraman,31,3527598817,New,NULL,20,12-01-2026 19:35
5623,Alexander Narasimhan,53,7649102515,New,NULL,13,12-01-2026 19:35
5624,Ayaan Wali,77,659674228,New,NULL,9,12-01-2026 19:35
5625,Liam Ratta,56,8841674674,Referral,4182,17,12-01-2026 19:35
5626,Abhimanyu Shukla,37,9445855185,New,NULL,15,12-01-2026 19:35
5627,Aarush Dayal,24,4704785717,New,NULL,20,12-01-2026 19:35
5628,Krishna Krishna,56,3897453436,New,NULL,1,12-01-2026 19:35
5629,Ekavir Mannan,44,8399610353,New,NULL,9,12-01-2026 19:35
5630,Nilima Kar,45,5231918278,New,NULL,15,12-01-2026 19:35
5631,Ishwar Dugal,25,9411268774,New,NULL,8,12-01-2026 19:35
5632,Barkha Kaul,32,5327616595,New,NULL,4,12-01-2026 19:35
5633,Onkar Ahluwalia,81,3429159590,New,NULL,16,12-01-2026 19:35
5634,Osha Khare,58,7930979026,Referral,4189,18,12-01-2026 19:35
5635,Abha Baral,46,3107398523,Referral,5532,8,12-01-2026 19:35
5636,Ubika Bhakta,31,4778386970,New,NULL,14,12-01-2026 19:35
5637,Vamakshi Tripathi,44,5581220117,New,NULL,10,12-01-2026 19:35
5638,Hiral Hayer,31,7904316184,New,NULL,11,12-01-2026 19:35
5639,Samar Dutt,58,6279068093,New,NULL,16,12-01-2026 19:35
5640,Isaac Gulati,84,5460676669,New,NULL,16,12-01-2026 19:35
5641,Finn Parmer,18,6907196602,New,NULL,14,12-01-2026 19:35
5642,Chavvi Mander,42,3183218163,New,NULL,17,12-01-2026 19:35
5643,Tristan Ganesh,80,7422336244,New,NULL,7,12-01-2026 19:35
5644,Ethan Kohli,71,4828882909,New,NULL,7,12-01-2026 19:35
5645,Eta Sehgal,82,5411442144,New,NULL,12,12-01-2026 19:35
5646,Vamakshi Sidhu,82,7637163931,New,NULL,2,12-01-2026 19:35
5647,Noah Bumb,36,6785220265,Referral,916,8,12-01-2026 19:35
5648,Lakshit Rana,34,9723706742,New,NULL,19,12-01-2026 19:35
5649,Harish Saran,29,95347130,New,NULL,4,12-01-2026 19:35
5650,Amol Nadig,44,8977998702,New,NULL,9,12-01-2026 19:35
5651,Sanya Bhatt,29,2218561290,New,NULL,7,12-01-2026 19:35
5652,Tarak Gara,21,2346812908,New,NULL,12,12-01-2026 19:35
5653,Leena Sha,45,2396195124,New,NULL,9,12-01-2026 19:35
5654,Mitali Bhatti,39,4696315449,New,NULL,19,12-01-2026 19:35
5655,Janani Deshpande,33,2465329819,New,NULL,12,12-01-2026 19:35
5656,Isha Sehgal,30,7455656114,New,NULL,10,12-01-2026 19:35
5657,Baghyawati Pillay,31,5252444055,New,NULL,13,12-01-2026 19:35
5658,Bhavani Bava,69,6563885397,New,NULL,8,12-01-2026 19:35
5659,Aahana Warrior,49,9768712556,Referral,3934,13,12-01-2026 19:35
5660,Bhavini Singhal,26,6443658917,New,NULL,17,12-01-2026 19:35
5661,Jonathan Khalsa,71,8002678000,New,NULL,9,12-01-2026 19:35
5662,Sanya Natt,70,7985047774,New,NULL,17,12-01-2026 19:35
5663,Bahadurjit Mane,63,8609473957,Referral,1090,9,12-01-2026 19:35
5664,Frederick Srinivasan,73,8532435244,New,NULL,13,12-01-2026 19:35
5665,Rachana Sehgal,35,6015162661,New,NULL,7,12-01-2026 19:35
5666,Omisha Keer,50,6298702456,New,NULL,11,12-01-2026 19:35
5667,Pranit Singhal,39,9440493100,New,NULL,20,12-01-2026 19:35
5668,Yochana Shukla,29,9005633946,New,NULL,10,12-01-2026 19:35
5669,Samar Parmer,77,348246068,New,NULL,16,12-01-2026 19:35
5670,Abeer Gokhale,72,1979542003,New,NULL,7,12-01-2026 19:35
5671,Ikbal Pai,43,8393738107,New,NULL,18,12-01-2026 19:35
5672,Akshay Narayan,82,1423166877,New,NULL,8,12-01-2026 19:35
5673,Osha Bhavsar,27,5846198759,New,NULL,14,12-01-2026 19:35
5674,Sathvik Dhillon,66,1018370710,New,NULL,2,12-01-2026 19:35
5675,Jasmit Shetty,25,9266573609,New,NULL,11,12-01-2026 19:35
5676,Kalpit Jha,38,7024503570,New,NULL,11,12-01-2026 19:35
5677,Diya Minhas,78,5023834893,New,NULL,1,12-01-2026 19:35
5678,Zaitra Malhotra,42,8664623580,New,NULL,14,12-01-2026 19:35
5679,Ganga Varughese,34,1580719230,New,NULL,16,12-01-2026 19:35
5680,Krishna Dugal,53,3880629242,New,NULL,19,12-01-2026 19:35
5681,Krishna Tak,20,4938880412,New,NULL,16,12-01-2026 19:35
5682,Kashvi Dasgupta,63,1198124918,New,NULL,17,12-01-2026 19:35
5683,Ikshita Solanki,34,6539644104,Referral,5190,14,12-01-2026 19:35
5684,Varsha Hayer,55,9300930553,New,NULL,20,12-01-2026 19:35
5685,Warda Ganesan,50,871991367,New,NULL,10,12-01-2026 19:35
5686,Nilima Chanda,76,9956852553,New,NULL,2,12-01-2026 19:35
5687,Hritik Kapoor,83,7104500125,New,NULL,20,12-01-2026 19:35
5688,Irya Pant,21,4289970059,New,NULL,16,12-01-2026 19:35
5689,Yashawini Mital,22,3360599084,New,NULL,11,12-01-2026 19:35
5690,Pushti Chada,56,6728315943,New,NULL,5,12-01-2026 19:35
5691,Faris Kunda,69,7079161071,New,NULL,18,12-01-2026 19:35
5692,Nicholas Murthy,44,4294431374,New,NULL,6,12-01-2026 19:35
5693,Sathvik Iyengar,79,8718529981,New,NULL,16,12-01-2026 19:35
5694,Gunbir Badal,19,2700241846,Referral,2264,8,12-01-2026 19:35
5695,Gayathri Bakshi,45,516272904,New,NULL,11,12-01-2026 19:35
5696,Wakeeta Bose,78,2786257067,New,NULL,14,12-01-2026 19:35
5697,Rudra Loyal,44,7175452171,New,NULL,14,12-01-2026 19:35
5698,Onveer Anand,46,8512163378,New,NULL,4,12-01-2026 19:35
5699,Chameli Nath,36,9343999424,New,NULL,3,12-01-2026 19:35
5700,Idika Patla,53,750173341,Referral,1536,17,12-01-2026 19:35
5701,Rushil Minhas,74,383667039,New,NULL,11,12-01-2026 19:35
5702,Hredhaan Shere,36,4073636969,Referral,1459,11,12-01-2026 19:35
5703,Indali Palla,62,3411843695,New,NULL,2,12-01-2026 19:35
5704,Vamakshi Johal,60,4194365521,New,NULL,12,12-01-2026 19:35
5705,Mahika Sami,67,9377263998,Referral,4605,10,12-01-2026 19:35
5706,Faras Mangal,48,8885193924,New,NULL,17,12-01-2026 19:35
5707,Kala Khare,80,3040448536,New,NULL,12,12-01-2026 19:35
5708,Wyatt Brar,20,9007342212,New,NULL,9,12-01-2026 19:35
5709,Rajata Dey,46,6712652439,New,NULL,9,12-01-2026 19:35
5710,Yashodhara Chaudry,31,2378906042,New,NULL,6,12-01-2026 19:35
5711,Jairaj Sanghvi,33,1372888828,Referral,211,5,12-01-2026 19:35
5712,Brinda Gill,20,7329113392,New,NULL,19,12-01-2026 19:35
5713,Ishaan Iyer,23,9885127629,New,NULL,1,12-01-2026 19:35
5714,Dominic Ahluwalia,71,6235990405,New,NULL,1,12-01-2026 19:35
5715,Hritik Krish,70,5607804367,Referral,1222,20,12-01-2026 19:35
5716,Vihaan Minhas,75,761787498,New,NULL,2,12-01-2026 19:35
5717,Megha Deshpande,21,6870673040,New,NULL,9,12-01-2026 19:35
5718,Geetika Sama,51,1672439278,New,NULL,2,12-01-2026 19:35
5719,Unnati Grover,65,5860287633,New,NULL,9,12-01-2026 19:35
5720,Dalaja Goel,39,1182387097,Referral,3898,1,12-01-2026 19:35
5721,Farhan Biswas,63,6146841833,New,NULL,12,12-01-2026 19:35
5722,Meera Dugar,27,4520433823,New,NULL,10,12-01-2026 19:35
5723,Advika Raju,69,1677958338,New,NULL,20,12-01-2026 19:35
5724,Pushti Sarkar,41,42065811,New,NULL,19,12-01-2026 19:35
5725,Advik Ranganathan,83,6541678733,New,NULL,1,12-01-2026 19:35
5726,Falak Bala,50,4708489981,New,NULL,6,12-01-2026 19:35
5727,Balveer Mander,64,2922963390,New,NULL,6,12-01-2026 19:35
5728,Irya Borah,72,4867773564,New,NULL,13,12-01-2026 19:35
5729,Jonathan Srinivas,58,6139577727,New,NULL,19,12-01-2026 19:35
5730,Lajita Bahl,43,4372590083,New,NULL,19,12-01-2026 19:35
5731,Upadhriti Patel,28,1353390268,New,NULL,5,12-01-2026 19:35
5732,Oscar Bala,68,1449042660,New,NULL,8,12-01-2026 19:35
5733,Waida Sundaram,32,8276076220,New,NULL,8,12-01-2026 19:35
5734,Vasatika Kapoor,37,2908403870,New,NULL,10,12-01-2026 19:35
5735,Ira Anne,43,1321822557,Referral,5232,4,12-01-2026 19:35
5736,Jai Bail,79,7062683761,New,NULL,13,12-01-2026 19:35
5737,Timothy Jani,28,3699699893,New,NULL,11,12-01-2026 19:35
5738,Sarthak Lad,19,3144090854,Referral,5731,16,12-01-2026 19:35
5739,Osha Chandran,53,5788440675,New,NULL,3,12-01-2026 19:35
5740,Yamini Kade,67,3590190268,New,NULL,19,12-01-2026 19:35
5741,Bachittar Bhatia,77,6386258019,New,NULL,8,12-01-2026 19:35
5742,Yatin Taneja,56,4456805316,New,NULL,9,12-01-2026 19:35
5743,Dalbir Toor,41,8279247039,New,NULL,11,12-01-2026 19:35
5744,Ayushman Srinivasan,72,9188890075,New,NULL,10,12-01-2026 19:35
5745,Warda Sant,24,9111761651,New,NULL,5,12-01-2026 19:35
5746,Zayyan Behl,48,198074754,New,NULL,13,12-01-2026 19:35
5747,Shivansh Mohan,31,4731488567,New,NULL,20,12-01-2026 19:35
5748,Bhavna Balay,57,4259563057,Referral,3729,10,12-01-2026 19:35
5749,Gayathri Kanda,32,7115218391,New,NULL,15,12-01-2026 19:35
5750,Urmi Kari,62,731524244,Referral,3394,14,12-01-2026 19:35
5751,Ikbal Lalla,47,1131090508,New,NULL,19,12-01-2026 19:35
5752,Sanaya Dara,82,1263810960,New,NULL,10,12-01-2026 19:35
5753,Jeevika Mammen,23,1608683791,New,NULL,17,12-01-2026 19:35
5754,Chaitaly Padmanabhan,77,5500316676,New,NULL,4,12-01-2026 19:35
5755,Ekalinga Muni,51,9485074312,New,NULL,19,12-01-2026 19:35
5756,Jason Kohli,21,4466344407,New,NULL,16,12-01-2026 19:35
5757,Xavier Dave,84,6719973049,New,NULL,8,12-01-2026 19:35
5758,Warinder Ganesh,28,163256064,New,NULL,5,12-01-2026 19:35
5759,Mohini Sethi,23,5983918172,New,NULL,9,12-01-2026 19:35
5760,Jhalak Parmer,47,4704867384,Referral,1444,16,12-01-2026 19:35
5761,Utkarsh Majumdar,71,393576383,New,NULL,16,12-01-2026 19:35
5762,Farhan Nazareth,31,5101184794,New,NULL,14,12-01-2026 19:35
5763,Vidhi Palan,19,5943549682,New,NULL,6,12-01-2026 19:35
5764,Irya Trivedi,65,2067142310,New,NULL,15,12-01-2026 19:35
5765,Yashawini Bhat,38,9687857802,New,NULL,9,12-01-2026 19:35
5766,Harini Mall,24,7299752932,New,NULL,15,12-01-2026 19:35
5767,Sneha Chokshi,46,2922828658,New,NULL,18,12-01-2026 19:35
5768,Faraj Srinivasan,42,9150435381,Referral,2490,12,12-01-2026 19:35
5769,Yug Chauhan,30,5410153060,New,NULL,7,12-01-2026 19:35
5770,Warjas Ratti,39,8914429046,New,NULL,5,12-01-2026 19:35
5771,Christopher Choudhry,44,4234573050,New,NULL,12,12-01-2026 19:35
5772,Sanya Kaur,49,5595803477,New,NULL,18,12-01-2026 19:35
5773,Aarush Baral,46,8148658739,New,NULL,5,12-01-2026 19:35
5774,Sarthak Deep,58,2534919894,New,NULL,1,12-01-2026 19:35
5775,Aditya Doctor,68,4392841851,New,NULL,8,12-01-2026 19:35
5776,Chavvi Narang,25,428518401,New,NULL,19,12-01-2026 19:35
5777,Hardik Bera,26,324236481,New,NULL,13,12-01-2026 19:35
5778,Qadim Dhillon,50,4304916415,New,NULL,10,12-01-2026 19:35
5779,Shivani Patla,46,1717919225,New,NULL,9,12-01-2026 19:35
5780,Yug Sheth,73,3962192749,New,NULL,8,12-01-2026 19:35
5781,Arya Khare,36,5232630520,New,NULL,4,12-01-2026 19:35
5782,Rachita Biswas,34,3181850977,New,NULL,14,12-01-2026 19:35
5783,Aishani Mammen,56,4188092053,New,NULL,13,12-01-2026 19:35
5784,Abdul Sachar,45,7887717492,New,NULL,18,12-01-2026 19:35
5785,Turvi Sahni,30,297797070,New,NULL,15,12-01-2026 19:35
5786,Ekapad Ghose,31,1979822433,New,NULL,19,12-01-2026 19:35
5787,Yadavi Nazareth,57,1434903581,New,NULL,18,12-01-2026 19:35
5788,Peter Sani,32,3901919857,New,NULL,2,12-01-2026 19:35
5789,Faraj Patla,42,1437359937,New,NULL,1,12-01-2026 19:35
5790,Rajeshri Mukherjee,23,4300460046,New,NULL,15,12-01-2026 19:35
5791,Mason Tara,48,5558610449,New,NULL,10,12-01-2026 19:35
5792,Sathvik Mishra,77,427050956,New,NULL,11,12-01-2026 19:35
5793,Janya Gandhi,75,6341346630,New,NULL,18,12-01-2026 19:35
5794,Vritti Nadig,25,7196935587,New,NULL,4,12-01-2026 19:35
5795,Omisha Mangat,26,168246586,New,NULL,17,12-01-2026 19:35
5796,Sai Uppal,24,3313444754,New,NULL,17,12-01-2026 19:35
5797,Azad Ray,46,5241943790,New,NULL,1,12-01-2026 19:35
5798,Vincent Agrawal,84,5167126263,New,NULL,5,12-01-2026 19:35
5799,Yamini Grover,23,6016808394,New,NULL,3,12-01-2026 19:35
5800,Guneet Anne,77,7495148200,New,NULL,10,12-01-2026 19:35
5801,Amrita Lad,83,8499248804,New,NULL,8,12-01-2026 19:35
5802,Qadim Acharya,34,3465941879,New,NULL,13,12-01-2026 19:35
5803,Yachana Talwar,77,6546854833,New,NULL,11,12-01-2026 19:35
5804,Sneha Sengupta,39,451772115,New,NULL,20,12-01-2026 19:35
5805,Balendra Keer,53,965616477,New,NULL,14,12-01-2026 19:35
5806,Madhavi Rastogi,38,9376872844,New,NULL,19,12-01-2026 19:35
5807,Naveen Balakrishnan,29,4005604899,Referral,1985,20,12-01-2026 19:35
5808,Mohammed Madan,49,8846251999,Referral,5595,11,12-01-2026 19:35
5809,Omisha Patel,27,6264513795,New,NULL,18,12-01-2026 19:35
5810,Omaja Dewan,47,8465038673,New,NULL,13,12-01-2026 19:35
5811,Rudra Krishna,40,3061188409,Referral,4796,16,12-01-2026 19:35
5812,Vedant Bava,40,3108593585,New,NULL,12,12-01-2026 19:35
5813,Saksham Kumar,44,276950596,New,NULL,15,12-01-2026 19:35
5814,Chaitaly Kannan,47,8154164014,New,NULL,13,12-01-2026 19:35
5815,Nikita Chaudhari,49,1800093180,New,NULL,20,12-01-2026 19:35
5816,Rohan Tailor,32,5512212403,New,NULL,13,12-01-2026 19:35
5817,Peter Nagi,57,6923425348,Referral,5054,15,12-01-2026 19:35
5818,Bhavya Apte,73,3016217996,New,NULL,15,12-01-2026 19:35
5819,Chakradhar Mukhopadhyay,19,438131065,New,NULL,14,12-01-2026 19:35
5820,Yachana Bawa,59,2374339429,New,NULL,10,12-01-2026 19:35
5821,Raksha Shere,35,7809802762,New,NULL,20,12-01-2026 19:35
5822,Jeremiah Pillay,68,9807796572,New,NULL,13,12-01-2026 19:35
5823,Yauvani Bali,60,4265297203,New,NULL,12,12-01-2026 19:35
5824,Anthony Mahal,52,3281055911,New,NULL,14,12-01-2026 19:35
5825,Jalsa Nagy,38,6515806964,New,NULL,15,12-01-2026 19:35
5826,Mohammed Bajwa,34,3949343527,Referral,1279,6,12-01-2026 19:35
5827,Andrew Atwal,47,2238920367,New,NULL,6,12-01-2026 19:35
5828,Ekantika Dhawan,43,3384537728,New,NULL,8,12-01-2026 19:35
5829,Widisha Nair,80,2239545554,New,NULL,6,12-01-2026 19:35
5830,Abhiram Malhotra,30,1273467803,New,NULL,1,12-01-2026 19:35
5831,Vinaya Prasad,44,6207276040,New,NULL,8,12-01-2026 19:35
5832,Omkaar Nagarajan,20,7388585220,New,NULL,19,12-01-2026 19:35
5833,Aarini Rattan,27,6715400748,New,NULL,3,12-01-2026 19:35
5834,Adweta Kapoor,77,127289559,New,NULL,1,12-01-2026 19:35
5835,Damini Gour,69,1748863428,New,NULL,5,12-01-2026 19:35
5836,Dalaja Magar,46,3220448192,New,NULL,7,12-01-2026 19:35
5837,Rushil Kari,49,3275320229,New,NULL,14,12-01-2026 19:35
5838,Megha Bedi,61,7784218419,New,NULL,7,12-01-2026 19:35
5839,Odika Solanki,76,5206489772,Referral,4118,15,12-01-2026 19:35
5840,Xalak Basak,20,3267293360,New,NULL,12,12-01-2026 19:35
5841,Faqid Patel,72,9532935728,New,NULL,4,12-01-2026 19:35
5842,Vansha Borah,73,9729152472,New,NULL,2,12-01-2026 19:35
5843,Rohan Subramaniam,65,2550657517,New,NULL,18,12-01-2026 19:35
5844,Naksh Memon,18,8037682139,New,NULL,13,12-01-2026 19:35
5845,Balveer Dey,33,959206037,New,NULL,20,12-01-2026 19:35
5846,Udant Gaba,58,1882567969,Referral,4406,12,12-01-2026 19:35
5847,Damini Chaudhry,74,7281825749,New,NULL,4,12-01-2026 19:35
5848,Arunima Lalla,63,5785962301,New,NULL,13,12-01-2026 19:35
5849,Gautam Garg,75,1834522846,Referral,3620,7,12-01-2026 19:35
5850,Chaman Sunder,75,3197279805,New,NULL,7,12-01-2026 19:35
5851,Mekhala Dhawan,48,6807094281,New,NULL,7,12-01-2026 19:35
5852,Jonathan Gala,85,6623669382,New,NULL,2,12-01-2026 19:35
5853,Chakradev Reddy,70,1786952298,New,NULL,9,12-01-2026 19:35
5854,Sanaya Tiwari,21,6930707953,New,NULL,2,12-01-2026 19:35
5855,Qushi Tiwari,22,8613761283,New,NULL,6,12-01-2026 19:35
5856,Nilima Sridhar,68,8828911558,New,NULL,1,12-01-2026 19:35
5857,Raksha Prabhakar,46,3484172920,New,NULL,5,12-01-2026 19:35
5858,Aarnav Dhaliwal,32,2104475475,New,NULL,12,12-01-2026 19:35
5859,Arunima Bail,22,7607478821,New,NULL,11,12-01-2026 19:35
5860,Zashil Agrawal,75,4075438355,New,NULL,6,12-01-2026 19:35
5861,Hritik Dhingra,28,4497640823,Referral,3524,6,12-01-2026 19:35
5862,Odika Sane,55,6492965425,New,NULL,13,12-01-2026 19:35
5863,Madhav Lall,47,2639317532,New,NULL,6,12-01-2026 19:35
5864,Ranveer Sinha,26,4143670486,New,NULL,15,12-01-2026 19:35
5865,Harish Bahl,35,6602891007,New,NULL,8,12-01-2026 19:35
5866,Tanveer Choudhry,53,6670148839,Referral,1558,6,12-01-2026 19:35
5867,Turvi Maharaj,19,5399895722,New,NULL,1,12-01-2026 19:35
5868,Nathan Ramaswamy,24,9943422584,New,NULL,2,12-01-2026 19:35
5869,Yashodhara Kannan,65,3309067042,New,NULL,18,12-01-2026 19:35
5870,Harish Bedi,35,2286596766,New,NULL,8,12-01-2026 19:35
5871,Manya Sachdeva,56,3982109424,Referral,4878,10,12-01-2026 19:35
5872,Aayush Natt,24,6390576894,New,NULL,12,12-01-2026 19:35
5873,Krishna Deshmukh,60,413642267,New,NULL,7,12-01-2026 19:35
5874,Janani Jani,68,266585614,New,NULL,11,12-01-2026 19:35
5875,Amaira Mangal,64,5928310446,New,NULL,3,12-01-2026 19:35
5876,Ranbir Murty,65,2684473040,New,NULL,6,12-01-2026 19:35
5877,Bhavna Bhatnagar,73,1845082125,New,NULL,2,12-01-2026 19:35
5878,Reyansh Wable,81,833463185,New,NULL,1,12-01-2026 19:35
5879,Krisha Nagar,66,2150355736,New,NULL,20,12-01-2026 19:35
5880,Tristan Chaudry,57,9107999872,New,NULL,3,12-01-2026 19:35
5881,Chatura Rajagopalan,36,7629537652,New,NULL,16,12-01-2026 19:35
5882,Ucchal Comar,83,8050972635,New,NULL,20,12-01-2026 19:35
5883,Jagrati Pillay,28,5944540480,New,NULL,2,12-01-2026 19:35
5884,Ira Kade,84,2728997618,New,NULL,6,12-01-2026 19:35
5885,Kevin Banerjee,47,9057800217,New,NULL,19,12-01-2026 19:35
5886,Anita Sood,26,3612379500,New,NULL,14,12-01-2026 19:35
5887,Tanveer Mukherjee,35,5206343688,New,NULL,11,12-01-2026 19:35
5888,Jalsa Iyengar,34,5616378963,Referral,4234,10,12-01-2026 19:35
5889,Yatan Sahota,56,6921207004,New,NULL,10,12-01-2026 19:35
5890,Darsh Prabhakar,74,6687185800,New,NULL,12,12-01-2026 19:35
5891,Lucky Barad,39,2937387620,New,NULL,11,12-01-2026 19:35
5892,Aadhya Koshy,46,5116578513,New,NULL,9,12-01-2026 19:35
5893,Tanvi Ram,55,9456401897,New,NULL,4,12-01-2026 19:35
5894,Ishwar Dubey,22,8056750014,New,NULL,13,12-01-2026 19:35
5895,Patrick Goda,73,3225019804,Referral,2300,20,12-01-2026 19:35
5896,Damyanti Jayaraman,52,1614291904,New,NULL,17,12-01-2026 19:35
5897,Ansh Lall,82,3364638035,New,NULL,14,12-01-2026 19:35
5898,Onkar Naidu,68,9829044303,New,NULL,12,12-01-2026 19:35
5899,Saumya Handa,31,3013643088,New,NULL,18,12-01-2026 19:35
5900,Ladli Deshmukh,44,7665012478,New,NULL,14,12-01-2026 19:35
5901,Harita Chada,58,8302700986,Referral,4973,12,12-01-2026 19:35
5902,Gauri Varughese,64,1194884711,New,NULL,2,12-01-2026 19:35
5903,Balvan Mitra,69,6082438276,New,NULL,15,12-01-2026 19:35
5904,Warjas Trivedi,23,6433167898,New,NULL,12,12-01-2026 19:35
5905,Lucky Prasad,79,4741282108,Referral,1547,15,12-01-2026 19:35
5906,Abeer Choudhury,66,8831265918,New,NULL,11,12-01-2026 19:35
5907,Sai Nori,38,6826909264,Referral,1578,10,12-01-2026 19:35
5908,Saksham Cheema,84,4970828428,New,NULL,8,12-01-2026 19:35
5909,Rajeshri Jha,30,9400918899,New,NULL,14,12-01-2026 19:35
5910,Wishi Tripathi,55,4026402987,New,NULL,18,12-01-2026 19:35
5911,Ekaja Mann,18,6953772266,Referral,1756,19,12-01-2026 19:35
5912,Rehaan Ravel,50,3022884241,New,NULL,12,12-01-2026 19:35
5913,Sara Chowdhury,44,7175598224,New,NULL,10,12-01-2026 19:35
5914,Ekaraj Ramakrishnan,21,3975607320,New,NULL,5,12-01-2026 19:35
5915,Shivani Doshi,75,7617548247,Referral,1483,5,12-01-2026 19:35
5916,Champak Dubey,24,8739832602,New,NULL,12,12-01-2026 19:35
5917,Riya Raj,50,3255931899,New,NULL,16,12-01-2026 19:35
5918,Simon Ben,53,4945760701,New,NULL,4,12-01-2026 19:35
5919,Divya Bhatti,78,6402061644,Referral,4997,18,12-01-2026 19:35
5920,Yamini Pai,85,7297823053,New,NULL,2,12-01-2026 19:35
5921,Jonathan Goel,64,9741242977,New,NULL,14,12-01-2026 19:35
5922,Laban Bhakta,74,2005429915,New,NULL,11,12-01-2026 19:35
5923,Bahadurjit Ahluwalia,42,6039184476,New,NULL,12,12-01-2026 19:35
5924,Daniel Date,21,8452050271,New,NULL,11,12-01-2026 19:35
5925,Xavier Ramachandran,39,195330694,Referral,1778,2,12-01-2026 19:35
5926,Nirja Malhotra,32,7676570224,New,NULL,7,12-01-2026 19:35
5927,Tanvi Chaudhuri,47,9451673389,New,NULL,13,12-01-2026 19:35
5928,Samarth Bir,45,7569599824,New,NULL,14,12-01-2026 19:35
5929,Yochana Devan,58,4262765108,New,NULL,8,12-01-2026 19:35
5930,Panini Sama,57,4989197291,New,NULL,9,12-01-2026 19:35
5931,Xiti Muni,47,8684142807,New,NULL,15,12-01-2026 19:35
5932,Karan Palla,42,595178978,New,NULL,1,12-01-2026 19:35
5933,Wahab Krishna,22,9530507175,New,NULL,11,12-01-2026 19:35
5934,Vanya Babu,74,2107145904,New,NULL,19,12-01-2026 19:35
5935,Tristan Kothari,49,1704229380,New,NULL,9,12-01-2026 19:35
5936,Laban Mishra,61,6479487115,New,NULL,5,12-01-2026 19:35
5937,Lucky Pall,75,3603140941,New,NULL,9,12-01-2026 19:35
5938,Aarush Cheema,84,6084828728,New,NULL,7,12-01-2026 19:35
5939,Shivani Bala,52,3817379469,New,NULL,7,12-01-2026 19:35
5940,Adweta Atwal,39,988829418,New,NULL,8,12-01-2026 19:35
5941,Dhruv Bala,20,748208065,New,NULL,14,12-01-2026 19:35
5942,Anmol Pingle,69,5049307617,New,NULL,13,12-01-2026 19:35
5943,Anay Kant,35,5165962511,New,NULL,12,12-01-2026 19:35
5944,Naksh Lanka,24,7169806800,New,NULL,3,12-01-2026 19:35
5945,Balendra Banerjee,29,355383420,New,NULL,4,12-01-2026 19:35
5946,Anvi Rao,21,4899610088,Referral,1631,8,12-01-2026 19:35
5947,Benjamin Boase,80,3945186277,New,NULL,12,12-01-2026 19:35
5948,Abeer Balasubramanian,35,5967518026,New,NULL,8,12-01-2026 19:35
5949,Jonathan Loke,37,256072725,Referral,2732,5,12-01-2026 19:35
5950,Geetika Dube,19,995107381,Referral,545,6,12-01-2026 19:35
5951,Gaurika Kaur,35,9240983125,New,NULL,15,12-01-2026 19:35
5952,Gautam Jayaraman,67,6939443014,New,NULL,17,12-01-2026 19:35
5953,Krisha Deshpande,57,1898416675,New,NULL,11,12-01-2026 19:35
5954,Ekansh Ganesh,21,731800014,New,NULL,8,12-01-2026 19:35
5955,Ijaya Thaman,46,1910225499,New,NULL,9,12-01-2026 19:35
5956,Madhavi Prabhu,27,7118287630,New,NULL,7,12-01-2026 19:35
5957,Bhanumati Mahajan,82,9987287095,New,NULL,17,12-01-2026 19:35
5958,Henry Sha,32,6380420604,New,NULL,3,12-01-2026 19:35
5959,Hitesh Kari,28,3671106088,New,NULL,3,12-01-2026 19:35
5960,Anvi Kaul,52,2777160756,New,NULL,16,12-01-2026 19:35
5961,Yug Devi,79,2971110787,Referral,565,14,12-01-2026 19:35
5962,Faqid Dua,39,6434225614,New,NULL,16,12-01-2026 19:35
5963,Yadavi Nadkarni,29,7711148037,New,NULL,6,12-01-2026 19:35
5964,Ayush Karpe,77,8931843593,New,NULL,10,12-01-2026 19:35
5965,Triya Tak,72,1935717124,New,NULL,17,12-01-2026 19:35
5966,Caleb Korpal,63,7200860848,Referral,4154,8,12-01-2026 19:35
5967,Ojasvi Dey,75,3736241054,New,NULL,9,12-01-2026 19:35
5968,Warda Mani,50,9659165678,New,NULL,4,12-01-2026 19:35
5969,Ubika Pathak,46,8271125199,New,NULL,6,12-01-2026 19:35
5970,Neha Rai,57,6550908080,New,NULL,17,12-01-2026 19:35
5971,Tara Dugar,39,2033725183,Referral,5247,19,12-01-2026 19:35
5972,Barkha Kumer,75,7678695898,New,NULL,13,12-01-2026 19:35
5973,Sneha Subramanian,34,7949019943,New,NULL,3,12-01-2026 19:35
5974,Vasudha Ram,40,5111019895,New,NULL,14,12-01-2026 19:35
5975,Oscar Reddy,47,5471842446,New,NULL,17,12-01-2026 19:35
5976,Vrishti Saha,85,4740973119,New,NULL,8,12-01-2026 19:35
5977,Shivani Nagarajan,84,7479810049,New,NULL,8,12-01-2026 19:35
5978,Vrinda Naik,19,643944803,New,NULL,18,12-01-2026 19:35
5979,Tanish Baral,31,7957005294,New,NULL,9,12-01-2026 19:35
5980,Anvi Seth,21,1832281644,New,NULL,4,12-01-2026 19:35
5981,Zaitra Korpal,28,1778324525,New,NULL,17,12-01-2026 19:35
5982,Oni Thakur,72,2758309869,New,NULL,19,12-01-2026 19:35
5983,Udarsh Sabharwal,22,2383418996,New,NULL,3,12-01-2026 19:35
5984,Advaith Saran,35,4761217624,Referral,4020,9,12-01-2026 19:35
5985,Upasna Virk,30,5993737847,New,NULL,9,12-01-2026 19:35
5986,Xalak Kannan,18,8149434163,New,NULL,1,12-01-2026 19:35
5987,Bimala Khurana,62,8747908860,New,NULL,12,12-01-2026 19:35
5988,Kamya Pall,70,5226395530,New,NULL,20,12-01-2026 19:35
5989,Panini Acharya,48,5034545163,Referral,331,7,12-01-2026 19:35
5990,Devansh Sarraf,51,1040119223,New,NULL,15,12-01-2026 19:35
5991,Watika Joshi,37,4947076310,New,NULL,16,12-01-2026 19:35
5992,Atharv Kala,44,2532350040,New,NULL,20,12-01-2026 19:35
5993,Liam Ratti,30,8749860899,New,NULL,15,12-01-2026 19:35
5994,Daniel Mohanty,82,5767625394,New,NULL,16,12-01-2026 19:35
5995,Yamini Sachdeva,41,4400689844,New,NULL,14,12-01-2026 19:35
5996,Zarna Nair,68,5629532583,New,NULL,6,12-01-2026 19:35
5997,Balendra Madan,65,7117600059,Referral,2659,11,12-01-2026 19:35
5998,Mitali Kapadia,37,1692148871,New,NULL,9,12-01-2026 19:35
5999,Ayush Brahmbhatt,24,4626707376,New,NULL,7,12-01-2026 19:35
6000,Yasti Sachdeva,55,128750186,New,NULL,1,12-01-2026 19:35
6001,Amruta Doctor,79,6980437227,New,NULL,15,12-01-2026 19:35
6002,Meera Choudhury,73,1860902219,New,NULL,5,12-01-2026 19:35
6003,Yatan Merchant,58,7732866292,New,NULL,13,12-01-2026 19:35
6004,Max Mammen,61,8520036101,New,NULL,3,12-01-2026 19:35
6005,Elijah Kade,24,4808546176,New,NULL,3,12-01-2026 19:35
6006,Jatin Loyal,74,2562419481,Referral,4970,6,12-01-2026 19:35
6007,Radha Reddy,21,9810030117,New,NULL,15,12-01-2026 19:35
6008,Dayamai Thaker,70,3478833384,New,NULL,18,12-01-2026 19:35
6009,Hardik Banerjee,59,2209898090,New,NULL,15,12-01-2026 19:35
6010,Advika Jain,76,3945857709,New,NULL,4,12-01-2026 19:35
6011,Ryan Karnik,37,6328785565,New,NULL,9,12-01-2026 19:35
6012,Pushti Padmanabhan,38,8962899392,New,NULL,8,12-01-2026 19:35
6013,Nisha Bera,68,4722661993,New,NULL,3,12-01-2026 19:35
6014,Aachal Rege,64,1762033403,New,NULL,1,12-01-2026 19:35
6015,Keya Nayak,65,4931576844,New,NULL,10,12-01-2026 19:35
6016,Champak Oommen,38,8831147208,New,NULL,16,12-01-2026 19:35
6017,Advik Shetty,28,176502592,New,NULL,14,12-01-2026 19:35
6018,Siya Sodhi,68,4523853656,New,NULL,4,12-01-2026 19:35
6019,Raksha Balakrishnan,83,2231824364,New,NULL,18,12-01-2026 19:35
6020,Pavani Parsa,67,6231894035,New,NULL,15,12-01-2026 19:35
6021,Unnati Narayan,35,8860521815,New,NULL,14,12-01-2026 19:35
6022,Zaid Lad,74,5693488520,New,NULL,5,12-01-2026 19:35
6023,Yashawini Sharma,39,66173258,Referral,1042,1,12-01-2026 19:35
6024,Frederick Gupta,82,1031522453,New,NULL,11,12-01-2026 19:35
6025,Ekavir Bora,22,2642029923,New,NULL,12,12-01-2026 19:35
6026,Tanmayi Bhagat,65,1184193586,New,NULL,19,12-01-2026 19:35
6027,Chaaya Sen,78,9665374189,New,NULL,15,12-01-2026 19:35
6028,Keya Grover,48,404938286,New,NULL,13,12-01-2026 19:35
6029,Reva Dash,38,9787698774,New,NULL,15,12-01-2026 19:35
6030,Yashica Parikh,32,7190797394,New,NULL,10,12-01-2026 19:35
6031,Anika Oza,44,6545869816,New,NULL,12,12-01-2026 19:35
6032,Vyanjana Srivastava,61,9374506216,New,NULL,1,12-01-2026 19:35
6033,Samaksh Oza,72,9413755755,New,NULL,5,12-01-2026 19:35
6034,Dayamai Pradhan,36,9379312832,New,NULL,19,12-01-2026 19:35
6035,Vasatika Buch,79,430431710,New,NULL,10,12-01-2026 19:35
6036,Panini Hora,61,3949966590,New,NULL,5,12-01-2026 19:35
6037,Mohammed Badami,42,6667166824,New,NULL,13,12-01-2026 19:35
6038,Aashi Gokhale,82,5441877546,New,NULL,20,12-01-2026 19:35
6039,Dayita Bali,43,9648061622,New,NULL,17,12-01-2026 19:35
6040,Omaja Kunda,62,9482657426,New,NULL,19,12-01-2026 19:35
6041,Ekantika Lall,79,2564651301,New,NULL,9,12-01-2026 19:35
6042,Yadavi Karan,51,3539973832,New,NULL,13,12-01-2026 19:35
6043,Upma Merchant,35,9994364288,New,NULL,13,12-01-2026 19:35
6044,Harini Ghose,77,2619813091,New,NULL,3,12-01-2026 19:35
6045,Charan Puri,49,2675741116,New,NULL,18,12-01-2026 19:35
6046,Benjamin Amble,27,2405416194,New,NULL,9,12-01-2026 19:35
6047,Tejas Rao,77,3459694401,New,NULL,16,12-01-2026 19:35
6048,Anvi Hegde,37,8588988098,New,NULL,19,12-01-2026 19:35
6049,Nimrat Deo,70,3429749181,New,NULL,15,12-01-2026 19:35
6050,Ganga Chaudhuri,46,5261668841,New,NULL,6,12-01-2026 19:35
6051,Chavvi Baria,76,7448524012,Referral,5718,2,12-01-2026 19:35
6052,Anirudh Chhabra,31,9844572313,New,NULL,16,12-01-2026 19:35
6053,Chaman Chadha,82,8195011842,New,NULL,4,12-01-2026 19:35
6054,Avni Chad,44,2735225660,New,NULL,15,12-01-2026 19:35
6055,Chaaya Baria,26,861266969,Referral,5276,20,12-01-2026 19:35
6056,Warda Mani,44,9987686081,Referral,399,18,12-01-2026 19:35
6057,Abeer Choudhry,40,728411797,New,NULL,1,12-01-2026 19:35
6058,Darika Bose,42,3888922864,New,NULL,10,12-01-2026 19:35
6059,Girindra Karnik,43,8061794295,New,NULL,8,12-01-2026 19:35
6060,Pushti Sahota,55,1515079102,New,NULL,9,12-01-2026 19:35
6061,Deepa Shetty,45,2607113600,New,NULL,12,12-01-2026 19:35
6062,Fitan Naik,25,6355500326,New,NULL,1,12-01-2026 19:35
6063,Faraj Gera,60,9952808957,New,NULL,9,12-01-2026 19:35
6064,Urvi Parmar,44,8900970240,New,NULL,4,12-01-2026 19:35
6065,Nidra Lal,54,9892533688,New,NULL,19,12-01-2026 19:35
6066,Victor Gaba,24,4349942579,New,NULL,7,12-01-2026 19:35
6067,Yug Shenoy,57,4848032973,New,NULL,11,12-01-2026 19:35
6068,Abha Ghosh,37,8725192319,New,NULL,6,12-01-2026 19:35
6069,Ridhi Nazareth,65,5039201113,New,NULL,3,12-01-2026 19:35
6070,Omya Shukla,76,4586126422,New,NULL,1,12-01-2026 19:35
6071,Barkha Sibal,64,5614265970,New,NULL,2,12-01-2026 19:35
6072,Viraj Ranganathan,51,4428100451,Referral,1159,2,12-01-2026 19:35
6073,Dhruv Ramesh,19,4508234264,New,NULL,19,12-01-2026 19:35
6074,Ikbal Gola,54,4403941739,New,NULL,8,12-01-2026 19:35
6075,Faras Bajwa,35,3367124316,New,NULL,20,12-01-2026 19:35
6076,Anvi Varkey,68,1946053939,New,NULL,3,12-01-2026 19:35
6077,Indali Bhandari,38,7000571566,New,NULL,7,12-01-2026 19:35
6078,Avi Johal,21,7905082867,New,NULL,5,12-01-2026 19:35
6079,Hredhaan Anand,78,7588293470,New,NULL,1,12-01-2026 19:35
6080,Om Nagi,32,5469348879,New,NULL,17,12-01-2026 19:35
6081,Dakshesh Chander,35,5700919505,New,NULL,8,12-01-2026 19:35
6082,Onkar Modi,20,421276935,New,NULL,5,12-01-2026 19:35
6083,Ishani Lad,68,6253704922,New,NULL,13,12-01-2026 19:35
6084,Leela Deol,46,5378135383,New,NULL,9,12-01-2026 19:35
6085,Warhi Jhaveri,43,7568892420,New,NULL,19,12-01-2026 19:35
6086,Eshana Halder,24,2664661505,New,NULL,4,12-01-2026 19:35
6087,Kala Ratti,36,9504598592,New,NULL,2,12-01-2026 19:35
6088,Aarnav Bali,82,754104742,New,NULL,12,12-01-2026 19:35
6089,Kevin Ramaswamy,46,8080008692,New,NULL,15,12-01-2026 19:35
6090,Ekta Ray,84,4390308219,New,NULL,6,12-01-2026 19:35
6091,Ayushman Mohanty,37,6788475484,New,NULL,10,12-01-2026 19:35
6092,Avi Sarna,22,4641119212,New,NULL,9,12-01-2026 19:35
6093,Bhavya Soni,84,6422755687,New,NULL,14,12-01-2026 19:35
6094,Krishna Deshpande,83,179605840,New,NULL,8,12-01-2026 19:35
6095,Chakradev Sani,18,3451644039,New,NULL,15,12-01-2026 19:35
6096,Xiti Chana,53,1963735941,New,NULL,8,12-01-2026 19:35
6097,Riya Patla,50,4056177890,Referral,2439,6,12-01-2026 19:35
6098,Aayush Lala,21,8215472785,New,NULL,13,12-01-2026 19:35
6099,Ryan Dhingra,82,4563512876,New,NULL,11,12-01-2026 19:35
6100,Jagdish Mandal,27,6447733816,New,NULL,18,12-01-2026 19:35
6101,Gautam Sampath,77,4118501721,New,NULL,4,12-01-2026 19:35
6102,Tanveer Parmer,49,4967940074,Referral,2254,14,12-01-2026 19:35
6103,Indali Narayan,21,3904222013,New,NULL,19,12-01-2026 19:35
6104,George Chad,38,9507157827,New,NULL,14,12-01-2026 19:35
6105,Tanish Doctor,81,8264184055,New,NULL,4,12-01-2026 19:35
6106,Sarthak Mallick,19,7125618864,New,NULL,14,12-01-2026 19:35
6107,Amara Dhillon,81,3448724990,New,NULL,13,12-01-2026 19:35
6108,Chaaya Chaudhuri,46,8667257529,New,NULL,19,12-01-2026 19:35
6109,Oviya Pandit,47,4232328210,New,NULL,12,12-01-2026 19:35
6110,Waida Chacko,31,8009545758,Referral,5899,20,12-01-2026 19:35
6111,Gagan Nadig,54,4267625029,New,NULL,6,12-01-2026 19:35
6112,Qasim Chopra,25,6246758744,New,NULL,7,12-01-2026 19:35
6113,Hemangini Majumdar,50,8847676075,Referral,5135,5,12-01-2026 19:35
6114,Siya Tripathi,75,5705520319,Referral,5953,16,12-01-2026 19:35
6115,Liam Prakash,79,6478223056,New,NULL,10,12-01-2026 19:35
6116,Abha Tata,65,5277119253,New,NULL,9,12-01-2026 19:35
6117,Ryan Dhingra,56,5423869431,New,NULL,10,12-01-2026 19:35
6118,Ijaya Sunder,46,9467391625,New,NULL,12,12-01-2026 19:35
6119,Aarini Wadhwa,64,7085540025,New,NULL,19,12-01-2026 19:35
6120,Hemani Desai,61,9059843954,New,NULL,8,12-01-2026 19:35
6121,Nikita Cheema,80,6441308498,New,NULL,4,12-01-2026 19:35
6122,Pallavi Walia,55,2610725922,New,NULL,19,12-01-2026 19:35
6123,Radhika Bail,75,5065007983,New,NULL,20,12-01-2026 19:35
6124,Wahab Mukherjee,77,679404831,New,NULL,1,12-01-2026 19:35
6125,Gagan Kaul,28,5988225796,New,NULL,2,12-01-2026 19:35
6126,Arya Mander,46,2927282503,New,NULL,4,12-01-2026 19:35
6127,Jairaj Kale,41,752009066,New,NULL,20,12-01-2026 19:35
6128,Harshil Kumer,75,3518230141,Referral,186,14,12-01-2026 19:35
6129,Guneet Kibe,80,7196511313,Referral,3479,5,12-01-2026 19:35
6130,Neelima Prakash,31,3268702567,New,NULL,1,12-01-2026 19:35
6131,Dominic Tank,40,9233087333,New,NULL,2,12-01-2026 19:35
6132,Zashil Patla,52,9794564732,New,NULL,2,12-01-2026 19:35
6133,Lila Wali,28,9783567833,New,NULL,16,12-01-2026 19:35
6134,Girindra Gole,33,3570421351,New,NULL,2,12-01-2026 19:35
6135,Vansha Iyengar,23,688228710,New,NULL,7,12-01-2026 19:35
6136,Amrita Mannan,63,8040107263,New,NULL,9,12-01-2026 19:35
6137,Yash Jha,54,828678488,New,NULL,7,12-01-2026 19:35
6138,Balvan Shenoy,84,7839552933,New,NULL,4,12-01-2026 19:35
6139,Sathvik Joshi,38,277649334,New,NULL,8,12-01-2026 19:35
6140,Chaitanya Dixit,22,9088905657,New,NULL,1,12-01-2026 19:35
6141,Jagvi Garde,63,3182668265,Referral,305,10,12-01-2026 19:35
6142,Lipika Ravel,60,6293490637,New,NULL,10,12-01-2026 19:35
6143,Harish Sule,44,1880314794,New,NULL,13,12-01-2026 19:35
6144,Yadavi Brahmbhatt,46,9865618860,New,NULL,15,12-01-2026 19:35
6145,Faris Gupta,45,2508163056,New,NULL,17,12-01-2026 19:35
6146,Aarnav Varty,38,1986124983,New,NULL,2,12-01-2026 19:35
6147,Vamakshi Bora,34,9000219182,New,NULL,8,12-01-2026 19:35
6148,Kevin Chaudhry,78,7870056868,New,NULL,6,12-01-2026 19:35
6149,Imaran DÔÇÖAlia,48,8961987415,Referral,5500,12,12-01-2026 19:35
6150,Yutika Mahajan,65,4877504391,New,NULL,5,12-01-2026 19:35
6151,Neelima Varughese,48,3228086295,Referral,1279,20,12-01-2026 19:35
6152,Warhi Suresh,78,6490738665,New,NULL,12,12-01-2026 19:35
6153,Ranbir Korpal,42,8416738399,New,NULL,13,12-01-2026 19:35
6154,Tara Hora,43,7047034653,New,NULL,13,12-01-2026 19:35
6155,Ekapad Krishnan,74,9014274205,New,NULL,9,12-01-2026 19:35
6156,Pranav Pillai,54,7252375961,New,NULL,5,12-01-2026 19:35
6157,Dayamai Banerjee,81,40420477,New,NULL,7,12-01-2026 19:35
6158,Liam Sane,74,6490733112,New,NULL,10,12-01-2026 19:35
6159,Nandini Patla,28,5412159515,New,NULL,1,12-01-2026 19:35
6160,Zashil Purohit,31,23449650,New,NULL,5,12-01-2026 19:35
6161,Lucky Savant,52,8638531905,New,NULL,15,12-01-2026 19:35
6162,Devika Chatterjee,72,707818469,New,NULL,9,12-01-2026 19:35
6163,Azad Narula,60,9928553649,New,NULL,18,12-01-2026 19:35
6164,Darsh Singhal,84,9840001389,New,NULL,16,12-01-2026 19:35
6165,Jyoti Nori,37,439246053,Referral,1698,17,12-01-2026 19:35
6166,Chanakya Kamdar,23,3817574914,New,NULL,20,12-01-2026 19:35
6167,Yatan Misra,57,4830581799,New,NULL,16,12-01-2026 19:35
6168,Onveer Mann,36,4306585052,New,NULL,11,12-01-2026 19:35
6169,Onveer Gandhi,66,6627588321,New,NULL,18,12-01-2026 19:35
6170,Charita Pingle,41,5028427753,New,NULL,10,12-01-2026 19:35
6171,Zarna Koshy,84,4554868313,New,NULL,4,12-01-2026 19:35
6172,Indrajit Ghosh,49,5477846759,New,NULL,15,12-01-2026 19:35
6173,Bhavika Loke,29,9326600694,New,NULL,12,12-01-2026 19:35
6174,Vivaan Kurian,32,5553083112,New,NULL,15,12-01-2026 19:35
6175,Sai Sahni,52,6253649045,Referral,3566,9,12-01-2026 19:35
6176,Nihal Kari,82,6718372871,New,NULL,19,12-01-2026 19:35
6177,Faqid Chowdhury,63,4325681390,New,NULL,2,12-01-2026 19:35
6178,Eiravati Bath,28,3494325039,New,NULL,20,12-01-2026 19:35
6179,Yadavi Sarna,29,7065873292,New,NULL,15,12-01-2026 19:35
6180,William Morar,42,4849809598,New,NULL,18,12-01-2026 19:35
6181,Yoshita Suresh,71,607584080,New,NULL,8,12-01-2026 19:35
6182,Devika Mallick,32,1900216102,New,NULL,2,12-01-2026 19:35
6183,Isaac Jayaraman,67,582982890,New,NULL,1,12-01-2026 19:35
6184,Qabil Sekhon,59,5661370251,New,NULL,15,12-01-2026 19:35
6185,Baljiwan Behl,18,1478263778,New,NULL,16,12-01-2026 19:35
6186,Advik Randhawa,82,8022606959,New,NULL,5,12-01-2026 19:35
6187,Dalaja Chandra,53,572566540,New,NULL,11,12-01-2026 19:35
6188,Arya Patla,51,1367641596,New,NULL,17,12-01-2026 19:35
6189,Anjali Majumdar,62,9818488705,New,NULL,5,12-01-2026 19:35
6190,Adya Joshi,79,8703741666,Referral,1106,15,12-01-2026 19:35
6191,Lajita Khanna,77,6702602975,New,NULL,4,12-01-2026 19:35
6192,Urvi Gera,76,9762095623,New,NULL,3,12-01-2026 19:35
6193,Advaith Gulati,23,5543423281,New,NULL,6,12-01-2026 19:35
6194,Tanveer Mane,32,8338027302,New,NULL,14,12-01-2026 19:35
6195,Adya Mand,24,9724492751,New,NULL,13,12-01-2026 19:35
6196,Anvi Sunder,85,7361303205,New,NULL,7,12-01-2026 19:35
6197,Samesh Mitter,54,7501238541,New,NULL,20,12-01-2026 19:35
6198,Karan Mangal,39,9373102099,Referral,142,15,12-01-2026 19:35
6199,Bhavya Mangal,47,3534190562,New,NULL,15,12-01-2026 19:35
6200,Mitali Banik,46,9826528629,New,NULL,14,12-01-2026 19:35
6201,Krishna Trivedi,35,8283288806,New,NULL,8,12-01-2026 19:35
6202,Arya Iyer,35,7974660886,New,NULL,19,12-01-2026 19:35
6203,Max Radhakrishnan,43,6070977331,New,NULL,15,12-01-2026 19:35
6204,Chandresh Bhandari,75,5816452916,New,NULL,20,12-01-2026 19:35
6205,Maanav Arya,20,2344061948,New,NULL,13,12-01-2026 19:35
6206,Bahadurjit Devi,29,2565049943,New,NULL,9,12-01-2026 19:35
6207,Udyati Date,56,5080628100,New,NULL,20,12-01-2026 19:35
6208,Jasmit Mukherjee,62,7247427935,New,NULL,16,12-01-2026 19:35
6209,Yashasvi Borra,64,9564391097,New,NULL,14,12-01-2026 19:35
6210,Eesha Puri,81,9560209930,Referral,2590,15,12-01-2026 19:35
6211,Imaran Brahmbhatt,41,9388303998,New,NULL,18,12-01-2026 19:35
6212,Peter Wagle,30,4598522429,New,NULL,7,12-01-2026 19:35
6213,Wazir Dutt,23,7198509817,New,NULL,18,12-01-2026 19:35
6214,Imaran Agate,77,938192459,New,NULL,9,12-01-2026 19:35
6215,Prisha Butala,62,7895058982,New,NULL,2,12-01-2026 19:35
6216,Fiyaz Gandhi,44,8384786094,New,NULL,2,12-01-2026 19:35
6217,Vasana Chakraborty,60,9745386649,New,NULL,19,12-01-2026 19:35
6218,Tarak Purohit,80,3070372204,New,NULL,20,12-01-2026 19:35
6219,Mitali Chahal,44,4776715151,New,NULL,15,12-01-2026 19:35
6220,Bhavika Swamy,37,9881110161,New,NULL,17,12-01-2026 19:35
6221,Damini Kale,79,847404407,New,NULL,11,12-01-2026 19:35
6222,Barkha Sachar,74,7930744965,New,NULL,5,12-01-2026 19:35
6223,Gavin Dua,63,2584602298,New,NULL,2,12-01-2026 19:35
6224,Sara Mandal,79,6347104314,New,NULL,11,12-01-2026 19:35
6225,Chaman Bera,75,2098829965,New,NULL,15,12-01-2026 19:35
6226,Yug Manne,41,1654843051,New,NULL,2,12-01-2026 19:35
6227,Zayyan Kade,50,6436444291,New,NULL,6,12-01-2026 19:35
6228,Advay Sandhu,78,5135207014,New,NULL,16,12-01-2026 19:35
6229,Imaran Narasimhan,69,1171514170,New,NULL,20,12-01-2026 19:35
6230,Advay Raju,42,5194623994,New,NULL,18,12-01-2026 19:35
6231,Vedant Chana,80,6409446264,New,NULL,15,12-01-2026 19:35
6232,Pranav Chad,32,5511582642,New,NULL,15,12-01-2026 19:35
6233,Ishita Butala,42,4816014114,New,NULL,4,12-01-2026 19:35
6234,Ekbal Kaul,55,6420570687,New,NULL,4,12-01-2026 19:35
6235,Aarna Jain,84,383258134,New,NULL,10,12-01-2026 19:35
6236,Wyatt Nagarajan,37,6563318753,Referral,4025,13,12-01-2026 19:35
6237,Urishilla Bir,31,5777562340,New,NULL,3,12-01-2026 19:35
6238,Omisha Shan,69,7966867392,New,NULL,20,12-01-2026 19:35
6239,Teerth Bal,50,1068513443,New,NULL,3,12-01-2026 19:35
6240,Onkar Gera,20,5437468097,New,NULL,12,12-01-2026 19:35
6241,Udyati Venkataraman,63,3907320395,New,NULL,20,12-01-2026 19:35
6242,Ikshita Swamy,46,9974736252,New,NULL,8,12-01-2026 19:35
6243,Ria Dara,76,3365498558,New,NULL,3,12-01-2026 19:35
6244,Avi Grover,36,1887034384,Referral,2521,2,12-01-2026 19:35
6245,Hiral Soman,18,2481923218,New,NULL,9,12-01-2026 19:35
6246,Girindra Sridhar,21,2911843029,New,NULL,7,12-01-2026 19:35
6247,Oliver Madan,84,8988656877,New,NULL,5,12-01-2026 19:35
6248,Ekanta Kadakia,81,1869006064,New,NULL,3,12-01-2026 19:35
6249,Kevin Tank,42,813926716,New,NULL,11,12-01-2026 19:35
6250,Ira Prasad,59,871781623,New,NULL,7,12-01-2026 19:35
6251,Anjali Hari,38,3737247618,New,NULL,5,12-01-2026 19:35
6252,Manan Kuruvilla,70,132434478,New,NULL,5,12-01-2026 19:35
6253,Aadi Tank,72,1633336850,New,NULL,14,12-01-2026 19:35
6254,Hamsini Reddy,31,8669634838,New,NULL,3,12-01-2026 19:35
6255,Rushil Prabhakar,22,6691892490,New,NULL,15,12-01-2026 19:35
6256,Neha Patil,18,5331903067,New,NULL,19,12-01-2026 19:35
6257,Samar Sangha,33,9454499289,New,NULL,15,12-01-2026 19:35
6258,Janaki Pingle,39,214087236,New,NULL,15,12-01-2026 19:35
6259,Bhavini Sahota,39,9314896164,New,NULL,3,12-01-2026 19:35
6260,Jack Mall,57,5368856714,New,NULL,4,12-01-2026 19:35
6261,Saanvi Vasa,61,2304289937,New,NULL,8,12-01-2026 19:35
6262,Meghana Dar,43,2403187586,New,NULL,11,12-01-2026 19:35
6263,Rishi Vyas,45,7903019606,New,NULL,18,12-01-2026 19:35
6264,Jairaj Dasgupta,27,6752172381,New,NULL,18,12-01-2026 19:35
6265,Libni Yadav,43,7497227986,New,NULL,10,12-01-2026 19:35
6266,Mugdha Datta,34,1866781344,New,NULL,8,12-01-2026 19:35
6267,Ganga Bhardwaj,79,4444891631,New,NULL,6,12-01-2026 19:35
6268,Gunbir Divan,31,1716743034,New,NULL,12,12-01-2026 19:35
6269,Theodore Karpe,44,783480336,New,NULL,1,12-01-2026 19:35
6270,Indali Raja,53,7198977291,New,NULL,2,12-01-2026 19:35
6271,Ekta Sridhar,68,3904788466,New,NULL,12,12-01-2026 19:35
6272,Dayita Chada,38,618179166,New,NULL,6,12-01-2026 19:35
6273,Shivansh Jain,61,3791625202,New,NULL,9,12-01-2026 19:35
6274,Anthony Kaul,70,7547070,New,NULL,14,12-01-2026 19:35
6275,Unni Chandran,35,9390391788,New,NULL,14,12-01-2026 19:35
6276,Chanakya Mistry,19,3149014229,New,NULL,6,12-01-2026 19:35
6277,Rishi Manda,67,2515194996,New,NULL,3,12-01-2026 19:35
6278,Varsha Devi,52,1510261468,New,NULL,4,12-01-2026 19:35
6279,Onkar Bains,20,8883597339,New,NULL,19,12-01-2026 19:35
6280,Bina Bali,32,8295956238,New,NULL,11,12-01-2026 19:35
6281,Chameli Madan,63,8074288512,New,NULL,15,12-01-2026 19:35
6282,Triya Upadhyay,50,6278509591,New,NULL,6,12-01-2026 19:35
6283,Nathaniel Barad,33,6158752623,New,NULL,2,12-01-2026 19:35
6284,Dayamai Modi,68,8872850777,New,NULL,14,12-01-2026 19:35
6285,Dalaja Jha,53,6459508245,New,NULL,16,12-01-2026 19:35
6286,Lohit Venkatesh,37,9588502098,New,NULL,16,12-01-2026 19:35
6287,Anita Murty,43,1035379048,New,NULL,14,12-01-2026 19:35
6288,Dalbir Shanker,27,7553679678,New,NULL,5,12-01-2026 19:35
6289,Nachiket Gole,32,5751840183,New,NULL,16,12-01-2026 19:35
6290,Thomas Samra,38,440253407,New,NULL,14,12-01-2026 19:35
6291,Naksh DÔÇÖAlia,67,1793329973,New,NULL,15,12-01-2026 19:35
6292,Indrajit Bal,64,2253993261,New,NULL,19,12-01-2026 19:35
6293,Noah Contractor,78,2228546021,New,NULL,9,12-01-2026 19:35
6294,Girish Upadhyay,19,8333532320,New,NULL,14,12-01-2026 19:35
6295,Krish Mital,79,4169835641,New,NULL,18,12-01-2026 19:35
6296,Xalak Verma,48,9993377032,New,NULL,15,12-01-2026 19:35
6297,Vidhi Savant,32,4077618770,New,NULL,14,12-01-2026 19:35
6298,Raagini Kala,77,8245875358,New,NULL,17,12-01-2026 19:35
6299,Yashasvi Dave,77,9543445427,New,NULL,16,12-01-2026 19:35
6300,Girik Kadakia,48,1496600605,New,NULL,12,12-01-2026 19:35
6301,Hemani Tiwari,43,770115441,Referral,465,9,12-01-2026 19:35
6302,Jeremiah Swamy,41,1768254451,New,NULL,20,12-01-2026 19:35
6303,Dipta Kapadia,68,1439656506,New,NULL,10,12-01-2026 19:35
6304,Raagini Cheema,19,737470462,New,NULL,11,12-01-2026 19:35
6305,Tara Vyas,62,8723354548,New,NULL,14,12-01-2026 19:35
6306,Rohan Soman,81,8380003646,New,NULL,6,12-01-2026 19:35
6307,Azad Chaudhary,85,4536252361,New,NULL,16,12-01-2026 19:35
6308,Rajeshri Natarajan,35,6569705375,New,NULL,9,12-01-2026 19:35
6309,Charita Bawa,85,4921188454,New,NULL,5,12-01-2026 19:35
6310,Gautam Oak,19,6233309395,New,NULL,13,12-01-2026 19:35
6311,Sarthak Mohanty,34,1094780798,New,NULL,15,12-01-2026 19:35
6312,Zashil Iyer,75,5149507100,New,NULL,20,12-01-2026 19:35
6313,Meera Chaudry,50,5940723087,New,NULL,19,12-01-2026 19:35
6314,Ganga Wali,19,1949050787,Referral,1425,6,12-01-2026 19:35
6315,Devansh Nori,25,5733374682,Referral,975,2,12-01-2026 19:35
6316,Vinaya Sarkar,57,3638550794,New,NULL,9,12-01-2026 19:35
6317,Chasmum Shere,23,2896441381,New,NULL,19,12-01-2026 19:35
6318,Thomas Chand,72,2316831914,New,NULL,3,12-01-2026 19:35
6319,Lucky Pandit,67,7597177606,New,NULL,12,12-01-2026 19:35
6320,Siddharth Ganesan,56,3645964503,New,NULL,19,12-01-2026 19:35
6321,Ekapad Singh,58,1351730577,Referral,593,19,12-01-2026 19:35
6322,Guneet Morar,64,6009246315,New,NULL,2,12-01-2026 19:35
6323,Ekavir Ram,48,3667670878,New,NULL,6,12-01-2026 19:35
6324,Kamya Bahl,39,310835656,New,NULL,17,12-01-2026 19:35
6325,Inaya Doctor,51,9671130600,New,NULL,15,12-01-2026 19:35
6326,Mugdha Puri,36,5261365148,New,NULL,18,12-01-2026 19:35
6327,Chaaya Rai,29,7424021433,New,NULL,6,12-01-2026 19:35
6328,Ekalinga Pandya,36,9704609977,New,NULL,8,12-01-2026 19:35
6329,Balendra Raja,73,5387808526,New,NULL,7,12-01-2026 19:35
6330,Zehaan Shanker,23,2110452641,New,NULL,19,12-01-2026 19:35
6331,Karan Master,70,6211918267,New,NULL,11,12-01-2026 19:35
6332,Hamsini Bal,75,7786329815,New,NULL,11,12-01-2026 19:35
6333,Nachiket Lad,53,1062672499,New,NULL,10,12-01-2026 19:35
6334,Ranbir Lad,74,7939368195,New,NULL,4,12-01-2026 19:35
6335,Harish Shan,21,5865365496,Referral,2611,8,12-01-2026 19:35
6336,Watika Balay,44,8853936952,Referral,5061,10,12-01-2026 19:35
6337,Xiti Sur,38,4062527765,New,NULL,9,12-01-2026 19:35
6338,Tripti Andra,65,9108197761,New,NULL,10,12-01-2026 19:35
6339,Zashil Menon,39,9589173384,New,NULL,14,12-01-2026 19:35
6340,Laksh Prakash,42,5118702704,New,NULL,14,12-01-2026 19:35
6341,Gaurang Nath,79,4373763809,New,NULL,7,12-01-2026 19:35
6342,Faqid Dhar,45,2994508704,Referral,2688,6,12-01-2026 19:35
6343,Aditya Soman,63,320461239,New,NULL,12,12-01-2026 19:35
6344,Amruta Bir,24,3210363221,New,NULL,15,12-01-2026 19:35
6345,Krisha Rastogi,65,4604276579,New,NULL,13,12-01-2026 19:35
6346,Kashish Ramakrishnan,18,3560891310,New,NULL,2,12-01-2026 19:35
6347,Thomas Mand,41,6444229327,New,NULL,4,12-01-2026 19:35
6348,Om Sanghvi,41,4031571008,New,NULL,14,12-01-2026 19:35
6349,Ikshita Saini,58,4653182016,New,NULL,17,12-01-2026 19:35
6350,Tanay Verma,82,6282322557,New,NULL,15,12-01-2026 19:35
6351,Priya Dave,21,7679678274,New,NULL,15,12-01-2026 19:35
6352,Pranit Hari,66,6191151631,New,NULL,17,12-01-2026 19:35
6353,Ayaan Basu,74,4422641359,New,NULL,12,12-01-2026 19:35
6354,Oscar Chahal,58,3267026383,New,NULL,2,12-01-2026 19:35
6355,Nachiket Thakur,27,7479366510,New,NULL,11,12-01-2026 19:35
6356,Tarak Warrior,30,7618276674,New,NULL,19,12-01-2026 19:35
6357,Ryan Dave,21,4289771764,New,NULL,15,12-01-2026 19:35
6358,Arin Mishra,63,3989325534,New,NULL,11,12-01-2026 19:35
6359,Abdul Korpal,24,9357497249,New,NULL,8,12-01-2026 19:35
6360,Indira Kapoor,28,5699847756,New,NULL,1,12-01-2026 19:35
6361,Wahab Bal,53,397405569,Referral,2530,2,12-01-2026 19:35
6362,Faqid Sastry,56,3782378480,New,NULL,18,12-01-2026 19:35
6363,Vyanjana Morar,58,3190406874,New,NULL,1,12-01-2026 19:35
6364,Baghyawati Parekh,73,1378544309,New,NULL,5,12-01-2026 19:35
6365,Yashoda Tripathi,51,6950172022,New,NULL,12,12-01-2026 19:35
6366,Lakshmi Sant,42,7535128811,New,NULL,16,12-01-2026 19:35
6367,Omkaar Ganesh,23,2647632714,New,NULL,6,12-01-2026 19:35
6368,Balendra Rana,47,9690830685,New,NULL,14,12-01-2026 19:35
6369,Charan Gill,53,9638580113,New,NULL,13,12-01-2026 19:35
6370,Gautami Nayar,34,16905460,New,NULL,8,12-01-2026 19:35
6371,Dhruv Solanki,58,6702899935,New,NULL,19,12-01-2026 19:35
6372,Dalaja Tandon,29,7817659111,New,NULL,5,12-01-2026 19:35
6373,Atharv Pingle,24,1192275828,New,NULL,3,12-01-2026 19:35
6374,Harrison Jain,77,9954817109,Referral,2644,11,12-01-2026 19:35
6375,Laksh Gill,29,1143564574,New,NULL,6,12-01-2026 19:35
6376,Bhanumati Toor,51,8372873015,New,NULL,18,12-01-2026 19:35
6377,Unnati Sidhu,83,6994825000,New,NULL,14,12-01-2026 19:35
6378,Pushti Murthy,50,9009639492,New,NULL,14,12-01-2026 19:35
6379,Faraj Sandhu,41,6701771384,New,NULL,2,12-01-2026 19:35
6380,Chaitaly Maharaj,82,4200458432,New,NULL,17,12-01-2026 19:35
6381,Frederick Nayar,45,6606095563,New,NULL,1,12-01-2026 19:35
6382,Zarna Aggarwal,64,7063395196,New,NULL,14,12-01-2026 19:35
6383,Vedhika Memon,76,4481926747,New,NULL,5,12-01-2026 19:35
6384,Nimrat Shenoy,70,1467020682,New,NULL,13,12-01-2026 19:35
6385,Mahika Muni,36,8050562469,New,NULL,6,12-01-2026 19:35
6386,Anya Jani,56,8162655663,New,NULL,12,12-01-2026 19:35
6387,Azaan Hari,58,2158498403,New,NULL,19,12-01-2026 19:35
6388,Ekapad Iyengar,39,1893565330,New,NULL,16,12-01-2026 19:35
6389,Owen Balay,80,1676043108,New,NULL,7,12-01-2026 19:35
6390,Omkaar Wali,79,978214012,New,NULL,18,12-01-2026 19:35
6391,Teerth Kohli,69,7782370180,New,NULL,18,12-01-2026 19:35
6392,Eiravati Apte,20,262706714,New,NULL,15,12-01-2026 19:35
6393,Anjali Panchal,42,935094407,New,NULL,5,12-01-2026 19:35
6394,Indali Thaker,51,5163282803,New,NULL,20,12-01-2026 19:35
6395,Balendra Tara,36,7693695213,New,NULL,20,12-01-2026 19:35
6396,Zilmil Ramanathan,66,9098922309,New,NULL,10,12-01-2026 19:35
6397,Bishakha Shankar,73,7155523971,New,NULL,5,12-01-2026 19:35
6398,Qadim Gola,54,6201036200,New,NULL,20,12-01-2026 19:35
6399,Mohammed Munshi,56,2436870359,New,NULL,3,12-01-2026 19:35
6400,Manbir Gole,40,6168473911,Referral,4454,13,12-01-2026 19:35
6401,Yachana Lad,48,4676308148,New,NULL,9,12-01-2026 19:35
6402,Geetika Mangal,22,4267307660,Referral,4956,1,12-01-2026 19:35
6403,Jagrati Toor,37,1031276389,New,NULL,5,12-01-2026 19:35
6404,Aishani Muni,28,3278783382,New,NULL,13,12-01-2026 19:35
6405,Ranveer Tak,57,2604153726,New,NULL,20,12-01-2026 19:35
6406,Bishakha Ahuja,65,8469015313,New,NULL,9,12-01-2026 19:35
6407,Umang Khare,43,5167301972,New,NULL,16,12-01-2026 19:35
6408,Bina Sidhu,30,5172020020,New,NULL,4,12-01-2026 19:35
6409,Falak Thakur,51,3914706788,Referral,3451,16,12-01-2026 19:35
6410,Ayushman Mannan,50,7548811737,New,NULL,7,12-01-2026 19:35
6411,Faris Rana,24,7244672065,New,NULL,10,12-01-2026 19:35
6412,Faras DÔÇÖAlia,30,6897456682,New,NULL,9,12-01-2026 19:35
6413,Idika Naik,77,5979513775,New,NULL,13,12-01-2026 19:35
6414,Tanay Kant,60,4561636673,New,NULL,4,12-01-2026 19:35
6415,Omkaar Mitra,59,7208488076,New,NULL,7,12-01-2026 19:35
6416,Samaksh Bhatt,53,4416984992,New,NULL,1,12-01-2026 19:35
6417,Jackson Bhakta,55,1534851933,New,NULL,13,12-01-2026 19:35
6418,Charan Bawa,27,967995097,Referral,4709,18,12-01-2026 19:35
6419,Pavani Banik,53,3506713073,New,NULL,18,12-01-2026 19:35
6420,Ijaya Dixit,30,5961993652,New,NULL,13,12-01-2026 19:35
6421,Omisha Kulkarni,59,3675054311,New,NULL,11,12-01-2026 19:35
6422,Logan Dass,55,365943202,New,NULL,6,12-01-2026 19:35
6423,Daniel Kanda,21,626616301,New,NULL,6,12-01-2026 19:35
6424,David Pradhan,35,3855994235,New,NULL,13,12-01-2026 19:35
6425,Xavier Buch,64,6359615077,Referral,1853,6,12-01-2026 19:35
6426,Urishilla Shetty,67,1969475382,New,NULL,11,12-01-2026 19:35
6427,Praneel Date,35,3628765617,New,NULL,16,12-01-2026 19:35
6428,Panini Dass,62,2654729035,New,NULL,19,12-01-2026 19:35
6429,Manbir Prabhakar,80,8421336709,New,NULL,16,12-01-2026 19:35
6430,Nisha Agarwal,46,9836827528,New,NULL,5,12-01-2026 19:35
6431,Ronith Naidu,50,3280181190,New,NULL,2,12-01-2026 19:35
6432,Harrison Rout,80,8680434631,New,NULL,9,12-01-2026 19:35
6433,Hemangini Arora,80,7079779576,New,NULL,4,12-01-2026 19:35
6434,Tanish Tripathi,66,850371339,New,NULL,16,12-01-2026 19:35
6435,Vritti Dasgupta,80,4543496842,New,NULL,17,12-01-2026 19:35
6436,Zinal Zacharia,81,2192908768,New,NULL,6,12-01-2026 19:35
6437,Anirudh Subramaniam,57,1006312552,New,NULL,4,12-01-2026 19:35
6438,Banjeet Mitra,20,6462340577,New,NULL,8,12-01-2026 19:35
6439,Janya Bansal,40,5912160724,New,NULL,15,12-01-2026 19:35
6440,Anthony Ramaswamy,58,3563694901,New,NULL,2,12-01-2026 19:35
6441,Aishani Swamy,34,3305079266,New,NULL,12,12-01-2026 19:35
6442,Kiaan Venkataraman,70,6653136150,New,NULL,17,12-01-2026 19:35
6443,Yashica Kashyap,18,8697727001,New,NULL,2,12-01-2026 19:35
6444,Tanay Kapur,57,9616962723,New,NULL,14,12-01-2026 19:35
6445,Yutika Shere,75,1600429488,New,NULL,11,12-01-2026 19:35
6446,Januja Memon,53,358590881,New,NULL,20,12-01-2026 19:35
6447,Victor Rana,67,9838207902,New,NULL,12,12-01-2026 19:35
6448,Ekaja Raja,29,6806279191,New,NULL,5,12-01-2026 19:35
6449,Lakshit Dugar,19,8793311594,New,NULL,14,12-01-2026 19:35
6450,Ekbal Sahota,60,3719746184,New,NULL,4,12-01-2026 19:35
6451,Jairaj Bhandari,32,4096345686,New,NULL,6,12-01-2026 19:35
6452,Gaurangi Bail,21,8281810580,New,NULL,11,12-01-2026 19:35
6453,Yashodhara Contractor,30,4655388290,New,NULL,20,12-01-2026 19:35
6454,Manya Toor,23,1871535720,New,NULL,18,12-01-2026 19:35
6455,Faras Halder,35,7071200684,New,NULL,11,12-01-2026 19:35
6456,Samuel Nigam,36,6730877767,New,NULL,15,12-01-2026 19:35
6457,Karan Hari,54,6148754567,New,NULL,8,12-01-2026 19:35
6458,Devika Bhatnagar,27,526695735,New,NULL,5,12-01-2026 19:35
6459,Aditya Warrior,34,341123837,New,NULL,13,12-01-2026 19:35
6460,Yatan Khatri,70,2974072458,New,NULL,19,12-01-2026 19:35
6461,Yashasvi Kapur,19,5015621928,New,NULL,20,12-01-2026 19:35
6462,Tamanna Buch,72,4136002071,New,NULL,4,12-01-2026 19:35
6463,Anya Purohit,81,7594919100,Referral,2279,2,12-01-2026 19:35
6464,Chaaya Nagy,20,9724565364,New,NULL,1,12-01-2026 19:35
6465,Faraj Yadav,47,4386164925,New,NULL,13,12-01-2026 19:35
6466,Aarnav Dugar,50,6033789051,New,NULL,12,12-01-2026 19:35
6467,Vasana Wali,76,272287704,Referral,2227,19,12-01-2026 19:35
6468,Aditya Sagar,43,9757230839,New,NULL,4,12-01-2026 19:35
6469,Rehaan Sharaf,46,1088265189,New,NULL,15,12-01-2026 19:35
6470,Aahana Viswanathan,38,6285357052,New,NULL,19,12-01-2026 19:35
6471,Jhalak Manda,37,7172844516,New,NULL,8,12-01-2026 19:35
6472,Omaja Deo,36,6137878619,Referral,4886,5,12-01-2026 19:35
6473,Liam Shan,27,9273856495,New,NULL,10,12-01-2026 19:35
6474,Samar Hayer,41,2127894265,New,NULL,3,12-01-2026 19:35
6475,Falan Char,45,6600035791,New,NULL,17,12-01-2026 19:35
6476,Jonathan Sodhi,69,206217830,New,NULL,16,12-01-2026 19:35
6477,Madhav Sanghvi,37,3966136596,New,NULL,12,12-01-2026 19:35
6478,Simon Memon,51,6471369685,New,NULL,20,12-01-2026 19:35
6479,Yagnesh Ramachandran,69,9083820193,New,NULL,16,12-01-2026 19:35
6480,Tara Pandey,50,5068155448,New,NULL,7,12-01-2026 19:35
6481,Madhav Radhakrishnan,53,828102266,New,NULL,2,12-01-2026 19:35
6482,Kiaan Lata,54,9579687687,New,NULL,6,12-01-2026 19:35
6483,Lakshmi Tella,52,1236040730,New,NULL,13,12-01-2026 19:35
6484,Eesha Toor,82,8003223958,New,NULL,12,12-01-2026 19:35
6485,Anthony Thaker,25,9182114610,New,NULL,7,12-01-2026 19:35
6486,Anya Sahota,49,43184149,New,NULL,14,12-01-2026 19:35
6487,Pahal Goda,35,7284457373,New,NULL,13,12-01-2026 19:35
6488,Shivansh Lala,37,463750509,New,NULL,13,12-01-2026 19:35
6489,Triveni Loke,67,1305235137,New,NULL,12,12-01-2026 19:35
6490,Girindra Pall,20,6786580996,New,NULL,7,12-01-2026 19:35
6491,Naksh Basak,42,9308555545,New,NULL,12,12-01-2026 19:35
6492,Frado Divan,32,5732803114,Referral,444,17,12-01-2026 19:35
6493,Benjamin Shankar,44,5314046535,Referral,3349,1,12-01-2026 19:35
6494,Wazir Brar,41,7070024175,New,NULL,5,12-01-2026 19:35
6495,Warda Johal,31,6978836936,New,NULL,2,12-01-2026 19:35
6496,Kamya Chakraborty,78,9106544252,New,NULL,3,12-01-2026 19:35
6497,Harita Pant,54,5746638443,New,NULL,14,12-01-2026 19:35
6498,Manthan Gill,26,7208903735,New,NULL,2,12-01-2026 19:35
6499,Ikshita Sibal,42,4549347209,New,NULL,1,12-01-2026 19:35
6500,Omaja Bava,76,616352670,New,NULL,13,12-01-2026 19:35
6501,Jagat Kaul,55,1810799450,New,NULL,1,12-01-2026 19:35
6502,Bachittar Koshy,44,5962698412,New,NULL,18,12-01-2026 19:35
6503,Abeer Ganguly,83,680552879,New,NULL,9,12-01-2026 19:35
6504,Nicholas Oommen,59,4065258939,New,NULL,15,12-01-2026 19:35
6505,Devika Sachdeva,44,4089086277,Referral,5163,19,12-01-2026 19:35
6506,Ryan Madan,36,9003307115,Referral,2824,16,12-01-2026 19:35
6507,Ekalinga Desai,50,4271433559,Referral,6202,8,12-01-2026 19:35
6508,Kevin Lal,76,1543075301,New,NULL,9,12-01-2026 19:35
6509,Fiyaz Anand,55,6077336908,New,NULL,8,12-01-2026 19:35
6510,Netra Wason,64,6086836381,New,NULL,15,12-01-2026 19:35
6511,Pahal Raman,48,7337277956,New,NULL,6,12-01-2026 19:35
6512,Zansi Dass,77,7604680482,New,NULL,19,12-01-2026 19:35
6513,Hamsini Munshi,82,9661588329,New,NULL,18,12-01-2026 19:35
6514,Maya Rajagopalan,39,876038448,New,NULL,6,12-01-2026 19:35
6515,Bimala Prabhu,63,228353730,New,NULL,8,12-01-2026 19:35
6516,Upadhriti Oza,59,7817197367,New,NULL,11,12-01-2026 19:35
6517,Aachal Sundaram,35,7275726815,New,NULL,4,12-01-2026 19:35
6518,Hemani Padmanabhan,82,7586182060,New,NULL,11,12-01-2026 19:35
6519,Azaan Chaudhry,53,9775332926,New,NULL,3,12-01-2026 19:35
6520,Suhani Singh,81,4581630172,New,NULL,10,12-01-2026 19:35
6521,Gagan Raval,26,9337655776,New,NULL,5,12-01-2026 19:35
6522,Kiaan Keer,45,4869401500,New,NULL,10,12-01-2026 19:35
6523,Dhruv Lata,81,4043705799,New,NULL,5,12-01-2026 19:35
6524,Naveen Pai,49,4950941323,New,NULL,20,12-01-2026 19:35
6525,Jack Nair,24,2412958785,New,NULL,18,12-01-2026 19:35
6526,Fariq Aurora,30,4154845947,New,NULL,12,12-01-2026 19:35
6527,Rachana Deol,53,1117810657,New,NULL,2,12-01-2026 19:35
6528,Nachiket Sarraf,33,4899678093,New,NULL,14,12-01-2026 19:35
6529,Adweta Luthra,54,8227402818,New,NULL,3,12-01-2026 19:35
6530,Neel Barad,82,3468766817,New,NULL,19,12-01-2026 19:35
6531,Qushi Wali,74,1359972232,New,NULL,4,12-01-2026 19:35
6532,Rudra Varma,33,536421342,New,NULL,3,12-01-2026 19:35
6533,Om Chaudhari,18,3009293211,New,NULL,12,12-01-2026 19:35
6534,Chatresh Shere,42,822225130,New,NULL,10,12-01-2026 19:35
6535,Oviya Bath,69,757052116,New,NULL,17,12-01-2026 19:35
6536,Vivaan Shankar,84,8790200560,New,NULL,8,12-01-2026 19:35
6537,Ganga Minhas,83,9594548749,New,NULL,4,12-01-2026 19:35
6538,Nilima Chand,64,4478813506,New,NULL,5,12-01-2026 19:35
6539,Bishakha Prashad,40,3198518320,New,NULL,19,12-01-2026 19:35
6540,Jackson Samra,61,4138814350,New,NULL,12,12-01-2026 19:35
6541,Udyati Prabhakar,69,3023419044,New,NULL,16,12-01-2026 19:35
6542,Samaksh Seth,42,7279935448,New,NULL,16,12-01-2026 19:35
6543,Keya Kalita,66,7269884054,New,NULL,1,12-01-2026 19:35
6544,Yuvraj Kala,59,3201463853,Referral,5734,15,12-01-2026 19:35
6545,Nathan Verma,60,3125807953,New,NULL,17,12-01-2026 19:35
6546,Rachita Sule,20,4057313739,New,NULL,4,12-01-2026 19:35
6547,Ethan Sachdev,26,3970027848,New,NULL,8,12-01-2026 19:35
6548,Saanvi Bhardwaj,53,8144585681,New,NULL,3,12-01-2026 19:35
6549,Ranbir Sharaf,36,858130697,New,NULL,2,12-01-2026 19:35
6550,Damyanti Narayan,43,4548295232,New,NULL,5,12-01-2026 19:35
6551,Tamanna Kaur,69,1916963114,New,NULL,3,12-01-2026 19:35
6552,Tanveer Andra,30,1716620263,New,NULL,12,12-01-2026 19:35
6553,Laban Pillai,57,8339890803,New,NULL,11,12-01-2026 19:35
6554,Eesha Deo,81,2024758972,New,NULL,13,12-01-2026 19:35
6555,Januja Kota,75,3242933920,New,NULL,17,12-01-2026 19:35
6556,Abdul Doctor,34,6494471271,New,NULL,9,12-01-2026 19:35
6557,Yuvraj Bhatti,34,8799083237,New,NULL,2,12-01-2026 19:35
6558,Pooja Mishra,25,8559894050,New,NULL,19,12-01-2026 19:35
6559,Shivansh Yohannan,51,7396890788,New,NULL,8,12-01-2026 19:35
6560,Eiravati Wali,75,3806484104,New,NULL,15,12-01-2026 19:35
6561,Xavier Chandran,40,7855841619,New,NULL,8,12-01-2026 19:35
6562,Janaki Oza,76,499931757,New,NULL,6,12-01-2026 19:35
6563,Pahal Dhar,28,5213957258,New,NULL,19,12-01-2026 19:35
6564,Tarak Pradhan,36,2724415086,New,NULL,6,12-01-2026 19:35
6565,Balendra Mallick,76,8910961992,New,NULL,20,12-01-2026 19:35
6566,Arunima Lad,62,6376691511,New,NULL,13,12-01-2026 19:35
6567,Dalaja Borah,23,3608584676,Referral,3104,2,12-01-2026 19:35
6568,Neelima Bhargava,23,2127000289,New,NULL,5,12-01-2026 19:35
6569,Nirja Suri,82,588620623,New,NULL,11,12-01-2026 19:35
6570,Anmol Choudhary,71,4512593072,New,NULL,20,12-01-2026 19:35
6571,Amara Patla,54,8336957990,Referral,1969,12,12-01-2026 19:35
6572,Benjamin Kothari,41,9108846001,New,NULL,17,12-01-2026 19:35
6573,Oliver Shan,76,6030654214,New,NULL,13,12-01-2026 19:35
6574,Aarav Buch,58,2236653878,Referral,384,1,12-01-2026 19:35
6575,Bishakha Master,56,711653817,Referral,1462,2,12-01-2026 19:35
6576,Barkha Malhotra,81,3898092951,New,NULL,15,12-01-2026 19:35
6577,Harini Nadig,77,9617540650,New,NULL,8,12-01-2026 19:35
6578,Girik Rout,83,3016031478,New,NULL,7,12-01-2026 19:35
6579,Chaaya Sandhu,79,9198130201,New,NULL,7,12-01-2026 19:35
6580,Daniel Solanki,42,7459163929,New,NULL,14,12-01-2026 19:35
6581,Lopa Bath,25,4556710356,New,NULL,4,12-01-2026 19:35
6582,Vrishti Dua,72,7180404291,New,NULL,15,12-01-2026 19:35
6583,Balendra Saini,85,6595477872,New,NULL,2,12-01-2026 19:35
6584,Jagdish Dash,76,3109547406,Referral,6211,1,12-01-2026 19:35
6585,Hema Dora,30,3505207849,New,NULL,15,12-01-2026 19:35
6586,Balendra Chahal,40,2869964977,New,NULL,4,12-01-2026 19:35
6587,Nicholas Natarajan,61,80858894,New,NULL,17,12-01-2026 19:35
6588,Ishwar Bava,40,1559839697,New,NULL,5,12-01-2026 19:35
6589,Ekiya Shroff,34,4672501893,New,NULL,13,12-01-2026 19:35
6590,Charles Choudhary,27,9340098952,New,NULL,14,12-01-2026 19:35
6591,Yashica Prabhu,54,7424093041,New,NULL,19,12-01-2026 19:35
6592,Upasna Dada,63,3685793512,New,NULL,13,12-01-2026 19:35
6593,Zaid Srinivas,37,3009624487,New,NULL,7,12-01-2026 19:35
6594,Kai Raman,54,9428838726,New,NULL,3,12-01-2026 19:35
6595,Kiaan Khalsa,66,4907888473,New,NULL,7,12-01-2026 19:35
6596,Ekbal Ray,60,4187532195,New,NULL,7,12-01-2026 19:35
6597,Banjeet Dey,22,9946315922,New,NULL,16,12-01-2026 19:35
6598,Gautam Palla,51,8937879215,New,NULL,13,12-01-2026 19:35
6599,Dalbir Tara,34,2647289304,New,NULL,5,12-01-2026 19:35
6600,Shivansh Chaudhry,74,186375405,New,NULL,14,12-01-2026 19:35
6601,Arunima Menon,36,8230287204,New,NULL,15,12-01-2026 19:35
6602,Logan Pall,19,4215633359,New,NULL,18,12-01-2026 19:35
6603,Ishwar Lanka,44,9006094510,New,NULL,14,12-01-2026 19:35
6604,Jagvi Kadakia,56,2869991097,New,NULL,13,12-01-2026 19:35
6605,Lakshmi Ratti,77,9836631492,New,NULL,20,12-01-2026 19:35
6606,Harini Sachdeva,59,9759175200,New,NULL,13,12-01-2026 19:35
6607,Ekanta Srinivasan,19,821862198,New,NULL,2,12-01-2026 19:35
6608,Wahab Shetty,39,935547783,New,NULL,18,12-01-2026 19:35
6609,Charvi Sule,72,4030327417,Referral,5540,12,12-01-2026 19:35
6610,Xalak Shan,21,8512675931,New,NULL,4,12-01-2026 19:35
6611,Bachittar Mander,50,7679153724,New,NULL,17,12-01-2026 19:35
6612,Falguni Baria,50,6657944953,New,NULL,18,12-01-2026 19:35
6613,Hardik Virk,24,7813344340,New,NULL,13,12-01-2026 19:35
6614,Pooja Varughese,37,8776074715,New,NULL,6,12-01-2026 19:35
6615,Sarthak Nori,85,8866780626,New,NULL,16,12-01-2026 19:35
6616,Kala Vora,45,2127629587,New,NULL,3,12-01-2026 19:35
6617,Pahal Goyal,74,1131137013,New,NULL,8,12-01-2026 19:35
6618,Falak Vasa,30,2517995581,New,NULL,19,12-01-2026 19:35
6619,Aradhana Chatterjee,58,150539340,New,NULL,14,12-01-2026 19:35
6620,Xalak Rattan,67,1307578903,New,NULL,10,12-01-2026 19:35
6621,Yuvraj Deo,81,9588454380,New,NULL,12,12-01-2026 19:35
6622,Ekiya Sangha,50,8239849678,New,NULL,8,12-01-2026 19:35
6623,Upma Ramaswamy,19,9964791180,New,NULL,7,12-01-2026 19:35
6624,Wyatt Nazareth,26,8471805792,New,NULL,13,12-01-2026 19:35
6625,Qushi Kashyap,26,4973191793,New,NULL,7,12-01-2026 19:35
6626,Yochana Puri,78,8012199296,New,NULL,2,12-01-2026 19:35
6627,Rachit Bhagat,76,2377642437,New,NULL,11,12-01-2026 19:35
6628,Chaaya Khurana,20,4992814699,New,NULL,13,12-01-2026 19:35
6629,Jairaj Palla,69,2777181019,New,NULL,5,12-01-2026 19:35
6630,Maanav Nagi,25,7844904986,New,NULL,14,12-01-2026 19:35
6631,Balvan Deep,64,610004294,New,NULL,19,12-01-2026 19:35
6632,Vasatika Behl,30,7608111259,New,NULL,19,12-01-2026 19:35
6633,Aadi Warrior,80,3401423377,Referral,2927,1,12-01-2026 19:35
6634,Jhalak Vohra,45,5065862006,New,NULL,19,12-01-2026 19:35
6635,Pallavi Dubey,73,6031504761,New,NULL,15,12-01-2026 19:35
6636,Neelima Shanker,45,1282145334,New,NULL,7,12-01-2026 19:35
6637,Jyoti Bhat,78,4147335358,New,NULL,12,12-01-2026 19:35
6638,Ucchal Patla,82,6821548127,New,NULL,20,12-01-2026 19:35
6639,Faqid Dayal,41,6691971368,New,NULL,6,12-01-2026 19:35
6640,Logan Kara,79,1864933556,New,NULL,11,12-01-2026 19:35
6641,Niharika Sarin,75,5186923626,New,NULL,13,12-01-2026 19:35
6642,Ucchal Ahluwalia,46,2104699521,New,NULL,16,12-01-2026 19:35
6643,Arjun Baral,79,8951470934,New,NULL,1,12-01-2026 19:35
6644,Vedika Bhatt,57,6251737736,New,NULL,10,12-01-2026 19:35
6645,Kai Chand,62,5886071358,New,NULL,14,12-01-2026 19:35
6646,Saksham Taneja,66,5882033606,New,NULL,10,12-01-2026 19:35
6647,Warjas Dhaliwal,56,6756357140,New,NULL,4,12-01-2026 19:35
6648,Watika Mann,51,2285695632,New,NULL,11,12-01-2026 19:35
6649,Megha Sanghvi,30,7066838131,New,NULL,19,12-01-2026 19:35
6650,Atharv Sastry,65,777819051,New,NULL,15,12-01-2026 19:35
6651,Dipta Jaggi,51,8113605435,New,NULL,7,12-01-2026 19:35
6652,Noah Ghosh,51,6630250783,Referral,2636,14,12-01-2026 19:35
6653,Yachana Brar,61,5348956998,New,NULL,12,12-01-2026 19:35
6654,Umang Mani,23,8420274295,Referral,3968,8,12-01-2026 19:35
6655,Rachana Samra,27,9892574675,New,NULL,1,12-01-2026 19:35
6656,Yashoda Issac,82,998241306,Referral,492,2,12-01-2026 19:35
6657,Viraj Krishna,69,5687336607,New,NULL,10,12-01-2026 19:35
6658,Pranit Rai,78,4046422994,New,NULL,13,12-01-2026 19:35
6659,Garima Chandra,67,2037099806,New,NULL,13,12-01-2026 19:35
6660,Yagnesh Goda,56,4398065957,New,NULL,5,12-01-2026 19:35
6661,Gopal Balan,35,4140932320,New,NULL,3,12-01-2026 19:35
6662,Leela Dalal,34,8504438460,New,NULL,3,12-01-2026 19:35
6663,Ayushman Vala,19,2384966171,New,NULL,18,12-01-2026 19:35
6664,Veer Soman,56,7251763419,New,NULL,19,12-01-2026 19:35
6665,Meera Mane,56,3238696796,New,NULL,9,12-01-2026 19:35
6666,Matthew Jha,83,2339126892,New,NULL,15,12-01-2026 19:35
6667,Rohan Deshpande,78,2804481889,New,NULL,13,12-01-2026 19:35
6668,Jacob Baria,23,3277804826,New,NULL,13,12-01-2026 19:35
6669,Fitan Bal,57,4789168101,New,NULL,15,12-01-2026 19:35
6670,Chavvi Gulati,38,7670449187,New,NULL,6,12-01-2026 19:35
6671,Kashvi Sami,72,5972664875,New,NULL,7,12-01-2026 19:35
6672,Madhavi Dalal,69,3909174719,New,NULL,16,12-01-2026 19:35
6673,Utkarsh Varghese,37,2569495618,New,NULL,14,12-01-2026 19:35
6674,Nathan Chakrabarti,36,3932212890,New,NULL,15,12-01-2026 19:35
6675,Fiyaz Talwar,70,5895147878,New,NULL,5,12-01-2026 19:35
6676,Vrinda Gupta,60,3971544548,New,NULL,11,12-01-2026 19:35
6677,Bimala Rama,31,5149771826,New,NULL,16,12-01-2026 19:35
6678,Manbir Mital,31,4505367997,New,NULL,1,12-01-2026 19:35
6679,Tanmayi Gopal,30,7752646371,New,NULL,20,12-01-2026 19:35
6680,Samaksh Puri,69,2806358503,New,NULL,18,12-01-2026 19:35
6681,Zarna Bala,41,1620064890,New,NULL,10,12-01-2026 19:35
6682,Hitesh Raj,27,6459181558,New,NULL,12,12-01-2026 19:35
6683,Faris Boase,85,1994891088,Referral,1965,1,12-01-2026 19:35
6684,Kabir Parekh,45,9279760342,New,NULL,13,12-01-2026 19:35
6685,Faras Kalita,20,2649205060,New,NULL,3,12-01-2026 19:35
6686,Janya Chadha,72,2397299961,Referral,4790,5,12-01-2026 19:35
6687,Shivansh Pal,36,7145088306,New,NULL,16,12-01-2026 19:35
6688,Veda Jain,70,3246801004,New,NULL,16,12-01-2026 19:35
6689,Ojasvi Dyal,34,4386384310,New,NULL,1,12-01-2026 19:35
6690,Darsh Chauhan,81,6197947655,New,NULL,16,12-01-2026 19:35
6691,Jeevika Ram,29,948057213,New,NULL,12,12-01-2026 19:35
6692,Nimrat Goda,49,4869406843,New,NULL,5,12-01-2026 19:35
6693,Lopa Gola,59,5095111191,New,NULL,9,12-01-2026 19:35
6694,Kiaan Ben,42,4678569726,New,NULL,14,12-01-2026 19:35
6695,Chandani Chandra,39,3014173241,New,NULL,4,12-01-2026 19:35
6696,Chatresh Kant,26,1495823424,New,NULL,2,12-01-2026 19:35
6697,Bhavna Tak,37,958266228,New,NULL,20,12-01-2026 19:35
6698,Gopal Barman,29,5407153792,New,NULL,2,12-01-2026 19:35
6699,Nikita Baria,41,1112121074,New,NULL,8,12-01-2026 19:35
6700,Reva Krishna,29,2205934084,New,NULL,2,12-01-2026 19:35
6701,Neha Cheema,60,9809748107,New,NULL,17,12-01-2026 19:35
6702,Tanay Gala,57,8090745304,New,NULL,20,12-01-2026 19:35
6703,Faris Yadav,84,147522780,New,NULL,13,12-01-2026 19:35
6704,Ekta Murthy,79,6484295671,New,NULL,10,12-01-2026 19:35
6705,Daniel Muni,18,309603320,New,NULL,16,12-01-2026 19:35
6706,Anya Grover,23,6321804920,New,NULL,20,12-01-2026 19:35
6707,Samesh Roy,33,7377923676,New,NULL,10,12-01-2026 19:35
6708,Caleb Konda,65,9203467054,New,NULL,1,12-01-2026 19:35
6709,Ucchal Menon,47,5820285627,New,NULL,19,12-01-2026 19:35
6710,Edhitha Bains,62,6454526128,Referral,4117,15,12-01-2026 19:35
6711,Guneet Batra,48,7721665143,New,NULL,7,12-01-2026 19:35
6712,Vasatika Lalla,24,2656650522,New,NULL,20,12-01-2026 19:35
6713,Shivansh Sodhi,70,1706798662,New,NULL,10,12-01-2026 19:35
6714,Gunbir Bhandari,38,5043855831,New,NULL,7,12-01-2026 19:35
6715,Divya Hari,85,5758543506,New,NULL,19,12-01-2026 19:35
6716,Jeevika Khosla,32,9857647430,Referral,6010,20,12-01-2026 19:35
6717,Siya Choudhary,80,7651655568,New,NULL,15,12-01-2026 19:35
6718,Wazir Mutti,57,3098824157,New,NULL,19,12-01-2026 19:35
6719,David Oommen,23,1769865382,New,NULL,3,12-01-2026 19:35
6720,Warinder Sahni,61,2674350259,New,NULL,3,12-01-2026 19:35
6721,Yagnesh Shan,84,8980471545,New,NULL,7,12-01-2026 19:35
6722,Teerth Borah,62,1830510592,New,NULL,5,12-01-2026 19:35
6723,Parth Naik,78,2595644404,New,NULL,3,12-01-2026 19:35
6724,Anjali Gaba,49,8721531828,Referral,4243,19,12-01-2026 19:35
6725,Divya Pradhan,28,9416904349,New,NULL,16,12-01-2026 19:35
6726,Qushi Dugal,28,265347750,New,NULL,12,12-01-2026 19:35
6727,Jonathan Saini,35,1162809139,New,NULL,19,12-01-2026 19:35
6728,Damyanti Cherian,64,8018726662,New,NULL,16,12-01-2026 19:35
6729,Zashil Bose,32,5632620573,New,NULL,10,12-01-2026 19:35
6730,Ati Sundaram,68,2404515956,New,NULL,7,12-01-2026 19:35
6731,Urvi Amble,60,931750270,New,NULL,18,12-01-2026 19:35
6732,Wahab Karnik,37,9577806346,New,NULL,8,12-01-2026 19:35
6733,Jack Varkey,83,670116852,New,NULL,10,12-01-2026 19:35
6734,Ranbir Gill,52,5855194350,New,NULL,20,12-01-2026 19:35
6735,Eta Baria,66,6442973850,Referral,1566,12,12-01-2026 19:35
6736,Rudra Balan,85,7314713291,New,NULL,11,12-01-2026 19:35
6737,Onveer Mital,64,6188818234,New,NULL,4,12-01-2026 19:35
6738,Arin Bedi,47,5254830649,New,NULL,15,12-01-2026 19:35
6739,Liam Kanda,18,1164201182,New,NULL,20,12-01-2026 19:35
6740,Dominic Chaudhuri,53,6496373292,New,NULL,6,12-01-2026 19:35
6741,Kamya Padmanabhan,46,2116892543,New,NULL,8,12-01-2026 19:35
6742,Ekapad Bhat,38,3722150993,New,NULL,18,12-01-2026 19:35
6743,Triveni Boase,69,646057560,New,NULL,7,12-01-2026 19:35
6744,Hemang Mallick,64,1621689300,New,NULL,7,12-01-2026 19:35
6745,Yashoda Buch,53,1658699909,Referral,5040,7,12-01-2026 19:35
6746,Kashish Deol,61,548906320,New,NULL,9,12-01-2026 19:35
6747,Timothy Kurian,26,2593376387,New,NULL,13,12-01-2026 19:35
6748,Raagini Bhatti,64,1055645866,New,NULL,8,12-01-2026 19:35
6749,Rachita Trivedi,49,4796779747,New,NULL,1,12-01-2026 19:35
6750,Suhani Manne,78,1936243051,New,NULL,10,12-01-2026 19:35
6751,Rayaan Shankar,70,2823351096,New,NULL,10,12-01-2026 19:35
6752,Falan Patel,58,1380094135,New,NULL,16,12-01-2026 19:35
6753,Chakradhar Halder,60,3511545539,New,NULL,13,12-01-2026 19:35
6754,Odika Bir,46,6563861727,New,NULL,11,12-01-2026 19:35
6755,Vasana Badal,74,517596100,New,NULL,20,12-01-2026 19:35
6756,Siddharth Lalla,77,145670726,New,NULL,10,12-01-2026 19:35
6757,Timothy Balay,21,8119681814,New,NULL,16,12-01-2026 19:35
6758,Rachana Lad,76,1763983534,Referral,3548,5,12-01-2026 19:35
6759,Amara Bhavsar,43,1912692093,New,NULL,12,12-01-2026 19:35
6760,Abhiram Bhardwaj,71,4071475704,New,NULL,9,12-01-2026 19:35
6761,Samar Suri,78,3201063438,New,NULL,15,12-01-2026 19:35
6762,Umang Chawla,35,9801053116,New,NULL,4,12-01-2026 19:35
6763,Kala Chaudhuri,44,6548243977,New,NULL,9,12-01-2026 19:35
6764,Avni Gola,54,3769246605,Referral,3093,7,12-01-2026 19:35
6765,Hemal Nagarajan,71,3692766207,New,NULL,5,12-01-2026 19:35
6766,Chakrika Dutt,45,5449026586,New,NULL,12,12-01-2026 19:35
6767,Leena Ramesh,32,2214884032,New,NULL,19,12-01-2026 19:35
6768,Maanav Dada,78,6579556923,New,NULL,5,12-01-2026 19:35
6769,Gaurangi Nath,28,7436987685,New,NULL,1,12-01-2026 19:35
6770,Eshana Gour,43,2246017071,New,NULL,10,12-01-2026 19:35
6771,Yashawini Chacko,32,615032348,New,NULL,10,12-01-2026 19:35
6772,Anika Gala,60,9740998435,New,NULL,19,12-01-2026 19:35
6773,Oeshi Mody,79,8954775676,New,NULL,11,12-01-2026 19:35
6774,Aashi Grover,58,291843629,New,NULL,11,12-01-2026 19:35
6775,Charles Hans,59,8530064450,New,NULL,6,12-01-2026 19:35
6776,Tara Virk,84,8511015683,New,NULL,17,12-01-2026 19:35
6777,Nilima Chokshi,51,7453434800,New,NULL,13,12-01-2026 19:35
6778,Sai Barman,38,2533128964,New,NULL,1,12-01-2026 19:35
6779,Divya Rao,63,1431169453,Referral,3743,3,12-01-2026 19:35
6780,Adweta Sundaram,76,1929200944,New,NULL,3,12-01-2026 19:35
6781,Ekalinga Edwin,67,2928334511,New,NULL,9,12-01-2026 19:35
6782,Hiral Menon,45,8902833204,New,NULL,15,12-01-2026 19:35
6783,Indira Nagarajan,80,1647211579,New,NULL,11,12-01-2026 19:35
6784,Tamanna Kannan,68,5570149810,New,NULL,16,12-01-2026 19:35
6785,Ekanta Barad,76,8144048132,New,NULL,9,12-01-2026 19:35
6786,Rachit Ratti,57,1424833419,New,NULL,2,12-01-2026 19:35
6787,Mahika Gill,51,6754621882,New,NULL,16,12-01-2026 19:35
6788,Suhani Ganesh,58,4121316719,New,NULL,1,12-01-2026 19:35
6789,Frado Kohli,74,6975747184,New,NULL,6,12-01-2026 19:35
6790,Luke Narayan,36,1284169329,Referral,2518,12,12-01-2026 19:35
6791,Ishwar Mangal,39,8267525789,New,NULL,3,12-01-2026 19:35
6792,Fitan Chanda,55,554145144,New,NULL,8,12-01-2026 19:35
6793,Zaitra Khurana,71,498233342,New,NULL,17,12-01-2026 19:35
6794,Indrajit Patla,78,1714784423,New,NULL,18,12-01-2026 19:35
6795,Inaya Bhandari,59,8561743171,New,NULL,18,12-01-2026 19:35
6796,Zarna Batra,46,3072796000,New,NULL,8,12-01-2026 19:35
6797,Upkaar Parmer,25,3786791490,New,NULL,4,12-01-2026 19:35
6798,Lakshmi Mangat,20,2779594576,New,NULL,15,12-01-2026 19:35
6799,Arin Soman,43,7820342779,New,NULL,16,12-01-2026 19:35
6800,Kamya Chandra,36,9585856978,New,NULL,17,12-01-2026 19:35
6801,Rajeshri Mangat,45,9709664102,New,NULL,5,12-01-2026 19:35
6802,Advik Majumdar,20,7097145180,New,NULL,17,12-01-2026 19:35
6803,Kevin Mukhopadhyay,28,2400772571,New,NULL,10,12-01-2026 19:35
6804,Sai Dugal,20,3689531153,New,NULL,1,12-01-2026 19:35
6805,Zaitra Sangha,69,877598504,New,NULL,16,12-01-2026 19:35
6806,Jagvi Sarraf,23,5852674839,Referral,4384,20,12-01-2026 19:35
6807,Zehaan Agarwal,69,5640436331,New,NULL,2,12-01-2026 19:35
6808,Dhruv Sood,80,7714511182,New,NULL,8,12-01-2026 19:35
6809,Xiti Sidhu,57,8588189724,Referral,2858,12,12-01-2026 19:35
6810,Christopher Deep,67,3341029809,New,NULL,15,12-01-2026 19:35
6811,Dakshesh Bhasin,51,8243300606,New,NULL,11,12-01-2026 19:35
6812,Wyatt Tata,18,4913943273,New,NULL,2,12-01-2026 19:35
6813,Kashvi Varty,59,9807334533,New,NULL,2,12-01-2026 19:35
6814,Ikbal Kale,20,1841676492,New,NULL,3,12-01-2026 19:35
6815,Mitali Sekhon,67,3973264498,New,NULL,8,12-01-2026 19:35
6816,Indira Roy,85,3973911997,New,NULL,4,12-01-2026 19:35
6817,Jeet Sunder,39,3706859143,New,NULL,1,12-01-2026 19:35
6818,Balhaar Dhar,22,3420765964,New,NULL,18,12-01-2026 19:35
6819,Lila Guha,75,3049588103,New,NULL,15,12-01-2026 19:35
6820,Arjun Pathak,37,486357962,Referral,699,6,12-01-2026 19:35
6821,Advaith Mody,62,2753075235,New,NULL,3,12-01-2026 19:35
6822,Rehaan Karan,51,3711440094,New,NULL,16,12-01-2026 19:35
6823,Xavier Kapur,71,4365387744,New,NULL,17,12-01-2026 19:35
6824,Arunima Atwal,31,9524762839,New,NULL,17,12-01-2026 19:35
6825,Ryan Parekh,69,9082909986,New,NULL,20,12-01-2026 19:35
6826,Leela Rao,69,1484017236,New,NULL,2,12-01-2026 19:35
6827,Zashil Kanda,56,3878393263,New,NULL,3,12-01-2026 19:35
6828,Odika Dyal,42,2346643087,New,NULL,5,12-01-2026 19:35
6829,Veda Bora,78,9444708580,New,NULL,7,12-01-2026 19:35
6830,Jonathan Wali,34,6999009743,New,NULL,18,12-01-2026 19:35
6831,Patrick Brar,41,2833706269,New,NULL,12,12-01-2026 19:35
6832,Max Pillai,85,432331486,New,NULL,16,12-01-2026 19:35
6833,Tanay Venkatesh,78,3741724564,New,NULL,14,12-01-2026 19:35
6834,Yauvani Gulati,25,3607624097,New,NULL,20,12-01-2026 19:35
6835,Tanmayi Sidhu,49,7412451235,New,NULL,18,12-01-2026 19:35
6836,Akshay Singh,57,7332973371,New,NULL,16,12-01-2026 19:35
6837,Bina Chanda,79,9969912350,New,NULL,4,12-01-2026 19:35
6838,Kalpit Taneja,42,6443986148,New,NULL,5,12-01-2026 19:35
6839,Qadim Sidhu,43,8407123534,New,NULL,18,12-01-2026 19:35
6840,Yasti Tripathi,48,3053112405,Referral,6131,2,12-01-2026 19:35
6841,Nandini Wable,73,8523566630,New,NULL,4,12-01-2026 19:35
6842,Ranveer Dass,27,7263483138,New,NULL,20,12-01-2026 19:35
6843,Abha Rajagopal,64,393567327,New,NULL,4,12-01-2026 19:35
6844,Garima Oza,50,1706579615,New,NULL,10,12-01-2026 19:35
6845,Barkha Hans,81,7424042897,New,NULL,13,12-01-2026 19:35
6846,Champak Raj,31,4537382833,New,NULL,8,12-01-2026 19:35
6847,Nathan Chanda,61,7844190446,Referral,2716,14,12-01-2026 19:35
6848,Jasmit Agrawal,73,5082782481,New,NULL,19,12-01-2026 19:35
6849,Barkha Chaudhuri,57,839711759,New,NULL,13,12-01-2026 19:35
6850,Veer Upadhyay,58,1560851266,New,NULL,11,12-01-2026 19:35
6851,George Mand,46,5569676085,New,NULL,1,12-01-2026 19:35
6852,Falguni Sood,31,6363967049,New,NULL,6,12-01-2026 19:35
6853,Zilmil Mangal,26,3030182464,New,NULL,17,12-01-2026 19:35
6854,Hemangini Aggarwal,21,1186937148,Referral,45,11,12-01-2026 19:35
6855,Manthan Sura,63,5059221213,New,NULL,17,12-01-2026 19:35
6856,Darika Buch,39,8101509720,New,NULL,14,12-01-2026 19:35
6857,Vasudha Balay,77,5378957696,New,NULL,3,12-01-2026 19:35
6858,Meghana Luthra,78,1990748670,New,NULL,5,12-01-2026 19:35
6859,Warjas Swaminathan,63,2930815350,New,NULL,18,12-01-2026 19:35
6860,Tanay Sachdeva,24,629866937,New,NULL,16,12-01-2026 19:35
6861,Chavvi Ghose,75,5205485943,New,NULL,18,12-01-2026 19:35
6862,Wridesh Sundaram,30,8562803991,New,NULL,15,12-01-2026 19:35
6863,Arya Hari,44,6401973791,New,NULL,14,12-01-2026 19:35
6864,Vrishti Bath,23,3482898345,New,NULL,20,12-01-2026 19:35
6865,Ekbal Bajwa,54,3097972625,New,NULL,17,12-01-2026 19:35
6866,Vanya Walla,66,2034848953,New,NULL,6,12-01-2026 19:35
6867,Brijesh Kapoor,62,5041101790,New,NULL,19,12-01-2026 19:35
6868,Warda Parmer,32,7977269132,New,NULL,12,12-01-2026 19:35
6869,Chandresh Nagar,81,5690647811,New,NULL,6,12-01-2026 19:35
6870,Urmi Palan,50,5998746184,New,NULL,16,12-01-2026 19:35
6871,Siya Ahluwalia,64,7151938535,New,NULL,19,12-01-2026 19:35
6872,Pavani Dhingra,58,2317295075,New,NULL,5,12-01-2026 19:35
6873,Wyatt Oza,50,3428917018,New,NULL,8,12-01-2026 19:35
6874,Ranveer Sarna,83,9297851144,Referral,3491,17,12-01-2026 19:35
6875,Varenya Behl,84,9570503661,New,NULL,17,12-01-2026 19:35
6876,Abdul Bhasin,77,8927984077,New,NULL,4,12-01-2026 19:35
6877,Lucky Bava,32,4587204380,New,NULL,15,12-01-2026 19:35
6878,Amara Lall,49,3589753017,New,NULL,4,12-01-2026 19:35
6879,Udyati Sule,46,4909642500,New,NULL,17,12-01-2026 19:35
6880,Avni Uppal,56,3911959080,New,NULL,4,12-01-2026 19:35
6881,Andrew Chad,72,5135094205,New,NULL,5,12-01-2026 19:35
6882,Kamya Mannan,31,4710140449,New,NULL,12,12-01-2026 19:35
6883,Baghyawati Chadha,71,6613727347,New,NULL,9,12-01-2026 19:35
6884,Warinder Atwal,37,2036628203,Referral,4568,14,12-01-2026 19:35
6885,Christopher Luthra,38,7152442767,New,NULL,7,12-01-2026 19:35
6886,Jason Dey,74,9793702266,New,NULL,9,12-01-2026 19:35
6887,Zashil Golla,48,9847239879,New,NULL,9,12-01-2026 19:35
6888,Krishna Divan,76,5027452513,New,NULL,5,12-01-2026 19:35
6889,Gopal Sibal,76,5376805877,Referral,3372,8,12-01-2026 19:35
6890,Aahana Venkatesh,47,5336319288,New,NULL,7,12-01-2026 19:35
6891,Bahadurjit Chaudry,36,7847244502,New,NULL,3,12-01-2026 19:35
6892,Ekapad Dugar,48,2146202217,New,NULL,1,12-01-2026 19:35
6893,Damyanti Nori,56,2849821345,New,NULL,17,12-01-2026 19:35
6894,Ekiya Swamy,56,9870124214,New,NULL,18,12-01-2026 19:35
6895,Kritika Sharaf,33,7426921885,New,NULL,10,12-01-2026 19:35
6896,Isaiah Din,50,6589559475,New,NULL,4,12-01-2026 19:35
6897,Simon Sharaf,29,8243098152,New,NULL,18,12-01-2026 19:35
6898,Sai Sarna,72,2629651627,New,NULL,18,12-01-2026 19:35
6899,Viraj Dada,54,8671008445,New,NULL,11,12-01-2026 19:35
6900,Chaitaly Apte,34,2850556868,New,NULL,13,12-01-2026 19:35
6901,Alexander Hegde,31,3547306928,New,NULL,17,12-01-2026 19:35
6902,William Acharya,51,7668394823,New,NULL,5,12-01-2026 19:35
6903,Bhanumati Batra,53,1786843312,New,NULL,5,12-01-2026 19:35
6904,Pooja Mitter,83,586106405,New,NULL,5,12-01-2026 19:35
6905,Chanakya Lala,71,7369092740,New,NULL,14,12-01-2026 19:35
6906,Januja Pant,20,8172425644,New,NULL,9,12-01-2026 19:35
6907,Nidra Bail,69,1114390013,New,NULL,16,12-01-2026 19:35
6908,Liam Chana,59,6841305461,New,NULL,5,12-01-2026 19:35
6909,Radha Rama,19,6719788165,New,NULL,16,12-01-2026 19:35
6910,Ikbal Deep,27,7811267652,Referral,3836,18,12-01-2026 19:35
6911,Januja Zachariah,26,9122574353,New,NULL,16,12-01-2026 19:35
6912,Nihal Bobal,75,8764430936,New,NULL,12,12-01-2026 19:35
6913,Vritti Dani,51,4285085102,New,NULL,10,12-01-2026 19:35
6914,Champak Oza,54,5210065648,New,NULL,20,12-01-2026 19:35
6915,Vansha Menon,38,1609742422,New,NULL,17,12-01-2026 19:35
6916,Yagnesh Sant,69,4947713096,New,NULL,19,12-01-2026 19:35
6917,Oviya Taneja,51,9106708781,New,NULL,14,12-01-2026 19:35
6918,Omkaar Bhakta,63,3779974751,New,NULL,9,12-01-2026 19:35
6919,Falguni Chand,75,8595403994,Referral,5474,4,12-01-2026 19:35
6920,Gavin Suri,82,2151166100,New,NULL,6,12-01-2026 19:35
6921,Krishna Vasa,18,8622324388,Referral,2770,7,12-01-2026 19:35
6922,Omkaar Sarraf,81,3983385337,Referral,5287,6,12-01-2026 19:35
6923,Eiravati Sathe,33,6225177891,New,NULL,20,12-01-2026 19:35
6924,Arin Dave,21,4553278217,New,NULL,11,12-01-2026 19:35
6925,Rayaan Tak,69,147713397,New,NULL,19,12-01-2026 19:35
6926,Nimrat Choudhury,70,9369142364,New,NULL,9,12-01-2026 19:35
6927,Edhitha Koshy,62,9404212681,New,NULL,15,12-01-2026 19:35
6928,Elijah Behl,81,8672590265,New,NULL,3,12-01-2026 19:35
6929,Ekani Narayanan,78,8633367601,New,NULL,7,12-01-2026 19:35
6930,Forum Sha,53,7318793062,Referral,6183,14,12-01-2026 19:35
6931,Mitali Mangal,51,4061646143,New,NULL,20,12-01-2026 19:35
6932,Yashica Edwin,45,9225094572,New,NULL,4,12-01-2026 19:35
6933,Nirja Rama,71,6179086017,New,NULL,12,12-01-2026 19:35
6934,Ethan Badami,79,695166787,New,NULL,16,12-01-2026 19:35
6935,Vamakshi Kala,52,1759813031,New,NULL,14,12-01-2026 19:35
6936,Urmi Grewal,79,6805214430,New,NULL,3,12-01-2026 19:35
6937,Chakradev Sharaf,28,9881958510,New,NULL,5,12-01-2026 19:35
6938,Bahadurjit Bajaj,37,3201859093,New,NULL,14,12-01-2026 19:35
6939,Devansh Menon,72,7406175226,New,NULL,1,12-01-2026 19:35
6940,Yagnesh Mammen,51,2898571013,New,NULL,11,12-01-2026 19:35
6941,Gaurav Parsa,42,4330102143,Referral,6162,6,12-01-2026 19:35
6942,Aadi Bal,24,5989172631,New,NULL,13,12-01-2026 19:35
6943,Karan Hari,64,6646844964,New,NULL,4,12-01-2026 19:35
6944,Nachiket Jayaraman,70,8877143976,Referral,4372,11,12-01-2026 19:35
6945,Ojas Narang,74,5222557241,New,NULL,3,12-01-2026 19:35
6946,Hamsini Ahluwalia,48,27556756,Referral,4094,2,12-01-2026 19:35
6947,Kamala Ganguly,64,8843897910,New,NULL,18,12-01-2026 19:35
6948,Neelima Gole,35,2244660183,New,NULL,5,12-01-2026 19:35
6949,Vyanjana Muni,22,149164424,New,NULL,14,12-01-2026 19:35
6950,Adweta Bhat,78,105860776,New,NULL,4,12-01-2026 19:35
6951,Harish Chadha,42,5579442147,New,NULL,19,12-01-2026 19:35
6952,Harrison Palla,37,7597295294,New,NULL,20,12-01-2026 19:35
6953,Yasti Dutta,20,6411456286,New,NULL,7,12-01-2026 19:35
6954,Warjas Krishnamurthy,28,3671383193,New,NULL,7,12-01-2026 19:35
6955,Balvan Oza,77,1789185199,New,NULL,19,12-01-2026 19:35
6956,Meghana Seth,38,2426038398,New,NULL,11,12-01-2026 19:35
6957,Rayaan Ranganathan,35,1474246395,New,NULL,6,12-01-2026 19:35
6958,Kevin Chaudry,70,7129171528,New,NULL,6,12-01-2026 19:35
6959,Saanvi Arora,35,7705707609,New,NULL,16,12-01-2026 19:35
6960,Lila Tak,29,2519839418,New,NULL,7,12-01-2026 19:35
6961,Chameli Doshi,44,3173335445,New,NULL,2,12-01-2026 19:35
6962,Sachi Sant,83,681890269,New,NULL,18,12-01-2026 19:35
6963,Gauri Balay,59,9751897863,Referral,6816,15,12-01-2026 19:35
6964,Omya Gill,18,3503508335,Referral,1527,19,12-01-2026 19:35
6965,Krish Devi,41,5674808691,New,NULL,19,12-01-2026 19:35
6966,Arya Goswami,74,2488858230,New,NULL,17,12-01-2026 19:35
6967,Nitara Raman,56,265406678,New,NULL,17,12-01-2026 19:35
6968,Upadhriti Bose,71,3669990218,New,NULL,16,12-01-2026 19:35
6969,Thomas Dewan,82,9713579245,Referral,218,6,12-01-2026 19:35
6970,Dalbir Dewan,65,734607498,New,NULL,10,12-01-2026 19:35
6971,Harshil Bumb,83,134818274,New,NULL,11,12-01-2026 19:35
6972,Deepa Ganesh,68,5504390000,New,NULL,12,12-01-2026 19:35
6973,Xalak Gaba,37,2910078173,New,NULL,4,12-01-2026 19:35
6974,Diya Kant,64,8585633855,New,NULL,8,12-01-2026 19:35
6975,Manbir Goel,79,9638077475,New,NULL,11,12-01-2026 19:35
6976,Gautami Dubey,58,4255642862,New,NULL,4,12-01-2026 19:35
6977,Devansh Shanker,47,8912336598,New,NULL,19,12-01-2026 19:35
6978,Ojasvi Dass,48,9143874605,New,NULL,9,12-01-2026 19:35
6979,Leela Thaman,27,9884274136,New,NULL,14,12-01-2026 19:35
6980,Gagan Kalla,69,192278690,Referral,695,16,12-01-2026 19:35
6981,Naksh Kala,70,5818712379,New,NULL,11,12-01-2026 19:35
6982,Nimrat Soman,41,2734654219,New,NULL,10,12-01-2026 19:35
6983,Mitesh Narula,35,3551349655,New,NULL,4,12-01-2026 19:35
6984,Nidra Tripathi,33,2858041250,New,NULL,13,12-01-2026 19:35
6985,Nilima Kulkarni,67,2194906219,New,NULL,14,12-01-2026 19:35
6986,Xalak Mand,42,9732567581,New,NULL,8,12-01-2026 19:35
6987,Charita Vohra,42,6996936316,New,NULL,19,12-01-2026 19:35
6988,Daniel Mani,29,7831343838,Referral,1375,9,12-01-2026 19:35
6989,Darika Padmanabhan,75,7860432970,New,NULL,19,12-01-2026 19:35
6990,Rishi Sami,38,4983568851,Referral,318,14,12-01-2026 19:35
6991,Warjas Tandon,26,4095179196,New,NULL,13,12-01-2026 19:35
6992,Sanya Mittal,48,89931559,New,NULL,18,12-01-2026 19:35
6993,Arunima Padmanabhan,39,4485116949,New,NULL,11,12-01-2026 19:35
6994,Gagan Khalsa,51,6331668640,Referral,1237,2,12-01-2026 19:35
6995,Yamini Tandon,57,4784762837,New,NULL,20,12-01-2026 19:35
6996,Aryan Rastogi,63,927129660,New,NULL,5,12-01-2026 19:35
6997,Nachiket Kamdar,23,1286799991,New,NULL,20,12-01-2026 19:35
6998,Anamika Barad,85,1337649420,New,NULL,12,12-01-2026 19:35
6999,Om Kashyap,64,2044387356,New,NULL,12,12-01-2026 19:35
7000,Krishna Patil,47,4936932322,New,NULL,13,12-01-2026 19:35
7001,Onveer Srinivas,47,5629364887,New,NULL,9,12-01-2026 19:35
7002,Nandini Varughese,75,1714807545,New,NULL,17,12-01-2026 19:35
7003,Pushti Natarajan,32,8361763940,New,NULL,2,12-01-2026 19:35
7004,Gaurika Lalla,35,7918989887,New,NULL,12,12-01-2026 19:35
7005,Chasmum Wali,53,166012578,New,NULL,19,12-01-2026 19:35
7006,Gaurav Kadakia,38,637875994,New,NULL,16,12-01-2026 19:35
7007,Isaiah Rout,32,7980970478,New,NULL,3,12-01-2026 19:35
7008,Sara Bhat,20,9797456942,New,NULL,4,12-01-2026 19:35
7009,Hardik Panchal,35,7504303080,New,NULL,17,12-01-2026 19:35
7010,Bachittar Vasa,27,5033768237,New,NULL,3,12-01-2026 19:35
7011,Niharika Bedi,63,8292283382,New,NULL,6,12-01-2026 19:35
7012,Vasudha Chacko,83,5644052343,Referral,3704,8,12-01-2026 19:35
7013,Vasudha Sehgal,67,8390935142,New,NULL,18,12-01-2026 19:35
7014,Wahab Dubey,46,5367679583,New,NULL,2,12-01-2026 19:35
7015,Oliver Soman,24,6939130085,Referral,164,15,12-01-2026 19:35
7016,Rudra Toor,79,3991433515,New,NULL,16,12-01-2026 19:35
7017,Abeer Tailor,44,7812219938,New,NULL,7,12-01-2026 19:35
7018,Libni Shah,76,7484685646,New,NULL,17,12-01-2026 19:35
7019,Girindra Bora,28,9562271563,New,NULL,4,12-01-2026 19:35
7020,Panini Shroff,62,7499270935,New,NULL,16,12-01-2026 19:35
7021,Mohammed Sawhney,50,9434489662,New,NULL,19,12-01-2026 19:35
7022,Rajeshri Bajaj,34,2955378147,New,NULL,19,12-01-2026 19:35
7023,Gabriel Trivedi,22,7711219494,New,NULL,19,12-01-2026 19:35
7024,Yochana Varughese,81,688654215,New,NULL,18,12-01-2026 19:35
7025,Ryan Basu,79,4104854972,New,NULL,5,12-01-2026 19:35
7026,Edhitha Johal,72,936920976,New,NULL,17,12-01-2026 19:35
7027,Lopa Sant,81,6013064067,New,NULL,3,12-01-2026 19:35
7028,Widisha Tak,48,6347628676,New,NULL,18,12-01-2026 19:35
7029,Unnati Upadhyay,46,690730897,New,NULL,4,12-01-2026 19:35
7030,Jackson Salvi,42,9138109521,New,NULL,1,12-01-2026 19:35
7031,Harrison Bhattacharyya,79,1684285505,New,NULL,12,12-01-2026 19:35
7032,Advaith Padmanabhan,24,9252956733,New,NULL,5,12-01-2026 19:35
7033,Prisha Yogi,33,398886286,New,NULL,10,12-01-2026 19:35
7034,Netra Babu,68,2470975129,New,NULL,13,12-01-2026 19:35
7035,Victor Srivastava,30,8419188994,New,NULL,6,12-01-2026 19:35
7036,Anthony Bains,22,3908678564,New,NULL,3,12-01-2026 19:35
7037,Vidhi Prabhakar,32,3341391417,New,NULL,1,12-01-2026 19:35
7038,Nidra Prasad,31,1319528530,New,NULL,6,12-01-2026 19:35
7039,Jacob Mittal,27,9539274303,New,NULL,9,12-01-2026 19:35
7040,Neel Chauhan,22,8582409686,New,NULL,12,12-01-2026 19:35
7041,Kabir Madan,60,7581201312,New,NULL,7,12-01-2026 19:35
7042,Abhimanyu Savant,56,5364589856,New,NULL,5,12-01-2026 19:35
7043,Henry Butala,46,4735492917,Referral,3499,16,12-01-2026 19:35
7044,Nidra Bhatti,48,8109499144,New,NULL,19,12-01-2026 19:35
7045,Tanvi Agarwal,49,4606327875,New,NULL,7,12-01-2026 19:35
7046,Lekha Pillay,83,3383513546,New,NULL,18,12-01-2026 19:35
7047,Girish Om,72,73546031,New,NULL,1,12-01-2026 19:35
7048,Suhani Luthra,79,9555984255,New,NULL,17,12-01-2026 19:35
7049,Megha Walla,30,4313334879,New,NULL,5,12-01-2026 19:35
7050,Oeshi Tank,63,2252909563,New,NULL,8,12-01-2026 19:35
7051,Urishilla Raj,24,1678918656,New,NULL,7,12-01-2026 19:35
7052,Vyanjana Borah,65,7994451544,New,NULL,11,12-01-2026 19:35
7053,Zaitra Kulkarni,48,777283291,New,NULL,5,12-01-2026 19:35
7054,Joshua Barad,44,4263302117,New,NULL,16,12-01-2026 19:35
7055,Chasmum Tripathi,52,2941649717,New,NULL,4,12-01-2026 19:35
7056,Dayita Tripathi,35,7317211301,New,NULL,14,12-01-2026 19:35
7057,Vivaan Nori,37,2031585603,New,NULL,17,12-01-2026 19:35
7058,Chakradhar Ranganathan,40,9092653597,Referral,2903,12,12-01-2026 19:35
7059,Brijesh Bava,76,7156763888,New,NULL,6,12-01-2026 19:35
7060,Ekantika Singh,20,1751567937,New,NULL,13,12-01-2026 19:35
7061,Fiyaz Brahmbhatt,26,3408120118,New,NULL,15,12-01-2026 19:35
7062,Ojasvi Kamdar,74,3533276302,Referral,1030,12,12-01-2026 19:35
7063,Anmol Saini,78,122669008,New,NULL,17,12-01-2026 19:35
7064,Yashodhara Apte,39,5375715692,New,NULL,15,12-01-2026 19:35
7065,Yug Rajagopalan,60,2878547889,New,NULL,12,12-01-2026 19:35
7066,Wyatt Srinivas,32,4686372027,New,NULL,19,12-01-2026 19:35
7067,Gagan Bora,68,546664630,New,NULL,2,12-01-2026 19:35
7068,Siya Chander,45,6429668194,New,NULL,7,12-01-2026 19:35
7069,Ekanta Gokhale,28,9255926066,New,NULL,5,12-01-2026 19:35
7070,Eiravati Kumar,32,1779492112,New,NULL,18,12-01-2026 19:35
7071,Shravya Narain,28,4889139707,New,NULL,20,12-01-2026 19:35
7072,Nakul Sahota,51,9920611831,New,NULL,3,12-01-2026 19:35
7073,Siddharth Parekh,59,7672305278,New,NULL,8,12-01-2026 19:35
7074,Parth Suresh,25,2762161401,New,NULL,10,12-01-2026 19:35
7075,Rajeshri Basak,34,4873188183,New,NULL,17,12-01-2026 19:35
7076,Netra Mukhopadhyay,31,2570712707,New,NULL,3,12-01-2026 19:35
7077,Qarin Sur,40,3062523335,Referral,3310,6,12-01-2026 19:35
7078,Kalpit Savant,69,147291549,New,NULL,1,12-01-2026 19:35
7079,Kashish Shah,27,4463100742,New,NULL,9,12-01-2026 19:35
7080,Jhalak Goda,43,4346413839,New,NULL,10,12-01-2026 19:35
7081,Yamini Nazareth,40,5573259088,Referral,329,14,12-01-2026 19:35
7082,Yash Varty,34,9817760941,New,NULL,5,12-01-2026 19:35
7083,Advika Parmer,36,3968633945,New,NULL,15,12-01-2026 19:35
7084,Amol Chopra,51,5995780310,New,NULL,7,12-01-2026 19:35
7085,Farhan Amble,54,5997626500,New,NULL,15,12-01-2026 19:35
7086,Gaurav Tiwari,29,3261825443,New,NULL,3,12-01-2026 19:35
7087,Charan Varty,75,7038991061,New,NULL,4,12-01-2026 19:35
7088,Zansi Thakur,55,8691193097,New,NULL,3,12-01-2026 19:35
7089,Jalsa Wadhwa,48,7937707619,Referral,680,20,12-01-2026 19:35
7090,Mekhala Grover,43,2253758824,Referral,4430,11,12-01-2026 19:35
7091,Vihaan Joshi,76,4722070281,New,NULL,11,12-01-2026 19:35
7092,Nitesh Arya,48,5003247342,New,NULL,15,12-01-2026 19:35
7093,Anamika Nagy,73,1158282891,Referral,4810,11,12-01-2026 19:35
7094,Dipta Karnik,78,4239192341,New,NULL,20,12-01-2026 19:35
7095,Qadim Rege,51,43806260,New,NULL,10,12-01-2026 19:35
7096,Kamala Parikh,44,5144442555,New,NULL,8,12-01-2026 19:35
7097,Tripti Kulkarni,65,5368923389,New,NULL,13,12-01-2026 19:35
7098,Bimala Pant,52,2013139924,New,NULL,4,12-01-2026 19:35
7099,Ubika Mand,50,9240039525,New,NULL,5,12-01-2026 19:35
7100,Yashoda Dara,20,5712958619,New,NULL,14,12-01-2026 19:35
7101,Samar Konda,33,3933487499,Referral,3975,15,12-01-2026 19:35
7102,Owen Menon,62,1938881871,New,NULL,11,12-01-2026 19:35
7103,Indira Kuruvilla,48,3566110906,New,NULL,15,12-01-2026 19:35
7104,Vedhika Mani,22,627083742,New,NULL,5,12-01-2026 19:35
7105,Yashawini Kota,76,5490815541,New,NULL,18,12-01-2026 19:35
7106,Eiravati Khatri,53,7518056293,New,NULL,13,12-01-2026 19:35
7107,Lila Kunda,71,5355418351,New,NULL,15,12-01-2026 19:35
7108,Diya Sood,50,6158778243,New,NULL,7,12-01-2026 19:35
7109,Gunbir Manda,47,4337757047,New,NULL,1,12-01-2026 19:35
7110,Rayaan Rastogi,66,7442982183,New,NULL,11,12-01-2026 19:35
7111,Vritti Acharya,35,8450100202,New,NULL,17,12-01-2026 19:35
7112,Aarav Jaggi,28,4896646350,New,NULL,8,12-01-2026 19:35
7113,Daniel Dara,47,6323763238,Referral,4130,6,12-01-2026 19:35
7114,Abdul Khurana,43,6534021527,New,NULL,3,12-01-2026 19:35
7115,Suhani Ratti,49,8810584209,New,NULL,7,12-01-2026 19:35
7116,Zayan Kakar,67,4677483298,New,NULL,11,12-01-2026 19:35
7117,Harsh Menon,19,8401337440,New,NULL,4,12-01-2026 19:35
7118,Bhavini Zacharia,33,7733516313,New,NULL,16,12-01-2026 19:35
7119,Banjeet Nagi,19,3227180674,New,NULL,12,12-01-2026 19:35
7120,Darsh Comar,27,6859462374,New,NULL,20,12-01-2026 19:35
7121,Bina Ravel,57,4849662563,New,NULL,13,12-01-2026 19:35
7122,Mohammed Chandran,21,9533897508,New,NULL,3,12-01-2026 19:35
7123,Yashasvi Tiwari,75,3397715462,New,NULL,17,12-01-2026 19:35
7124,Tristan Arora,32,6700587055,New,NULL,15,12-01-2026 19:35
7125,Lila Chauhan,77,1746600954,New,NULL,11,12-01-2026 19:35
7126,Edhitha Gupta,79,3618461265,New,NULL,14,12-01-2026 19:35
7127,Nihal Bhatia,36,6460380472,New,NULL,1,12-01-2026 19:35
7128,Lucky Hayer,70,3473918257,New,NULL,9,12-01-2026 19:35
7129,Idika Rout,75,921286810,New,NULL,4,12-01-2026 19:35
7130,Diya Murthy,85,1114699295,New,NULL,5,12-01-2026 19:35
7131,Guneet Palan,50,8406262565,New,NULL,19,12-01-2026 19:35
7132,Nisha Kaul,58,3025154077,New,NULL,8,12-01-2026 19:35
7133,Laban Chaudhary,71,4240519931,New,NULL,8,12-01-2026 19:35
7134,Ayush Keer,28,7338258863,New,NULL,7,12-01-2026 19:35
7135,Amrita Mall,59,7669887713,New,NULL,9,12-01-2026 19:35
7136,Lopa Lala,24,3560826521,New,NULL,9,12-01-2026 19:35
7137,Sneha Shenoy,22,311110379,New,NULL,10,12-01-2026 19:35
7138,Chanakya Kuruvilla,83,7196390507,New,NULL,6,12-01-2026 19:35
7139,Edhitha Varma,66,5149205900,New,NULL,11,12-01-2026 19:35
7140,Mugdha Goswami,47,4463418234,New,NULL,8,12-01-2026 19:35
7141,Upadhriti Shere,44,3785319776,New,NULL,18,12-01-2026 19:35
7142,Falguni Mistry,66,4187047843,New,NULL,20,12-01-2026 19:35
7143,Urmi Minhas,77,8572480292,New,NULL,11,12-01-2026 19:35
7144,Reva Sheth,66,6523740800,New,NULL,16,12-01-2026 19:35
7145,Ishani Mand,22,7133657436,Referral,6030,16,12-01-2026 19:35
7146,Baljiwan Sundaram,42,6761534375,New,NULL,3,12-01-2026 19:35
7147,Darsh Krishnamurthy,70,4135874086,New,NULL,4,12-01-2026 19:35
7148,Joshua Kant,82,5345409550,New,NULL,9,12-01-2026 19:35
7149,Tanmayi Borah,62,3376484845,New,NULL,1,12-01-2026 19:35
7150,Osha Gade,66,2447313929,New,NULL,14,12-01-2026 19:35
7151,Nakul Kari,29,9153855110,New,NULL,16,12-01-2026 19:35
7152,Henry Pandya,48,6042877921,New,NULL,14,12-01-2026 19:35
7153,Omisha Modi,49,8197490048,New,NULL,3,12-01-2026 19:35
7154,Warinder Pall,69,3144381308,New,NULL,9,12-01-2026 19:35
7155,Aishani Dasgupta,85,2334278390,New,NULL,5,12-01-2026 19:35
7156,Karan Mand,25,3194003311,New,NULL,19,12-01-2026 19:35
7157,Bhanumati Kala,30,8430992431,Referral,2458,18,12-01-2026 19:35
7158,Advaith Memon,27,9660535938,Referral,5948,13,12-01-2026 19:35
7159,Ekantika Ravel,75,884976467,Referral,1884,2,12-01-2026 19:35
7160,Robert Chakrabarti,64,8871578884,New,NULL,5,12-01-2026 19:35
7161,Lipika Lalla,28,7523264035,New,NULL,3,12-01-2026 19:35
7162,Widisha Choudhry,83,1519578841,New,NULL,18,12-01-2026 19:35
7163,Wazir Saha,49,3208013303,New,NULL,19,12-01-2026 19:35
7164,Lajita Bakshi,41,5441724657,New,NULL,18,12-01-2026 19:35
7165,Qadim Bal,44,1742926391,New,NULL,18,12-01-2026 19:35
7166,Jasmit Gala,85,4133510737,New,NULL,9,12-01-2026 19:35
7167,Pushti Tak,28,4551428168,New,NULL,16,12-01-2026 19:35
7168,Prisha Chahal,64,2976622366,New,NULL,20,12-01-2026 19:35
7169,Chavvi Bandi,26,146693735,New,NULL,8,12-01-2026 19:35
7170,Ijaya Goda,55,3333505689,New,NULL,14,12-01-2026 19:35
7171,Charles Natt,40,7638095002,New,NULL,11,12-01-2026 19:35
7172,Victor Ravi,40,6807330024,New,NULL,16,12-01-2026 19:35
7173,Ethan Randhawa,62,4612867758,New,NULL,5,12-01-2026 19:35
7174,Upma Tank,66,3812226005,New,NULL,10,12-01-2026 19:35
7175,Rushil Hans,71,4575107684,New,NULL,20,12-01-2026 19:35
7176,Oscar Sawhney,36,4851721318,New,NULL,17,12-01-2026 19:35
7177,Utkarsh Bobal,25,193859559,Referral,4986,9,12-01-2026 19:35
7178,Krisha Srivastava,60,6036106175,New,NULL,13,12-01-2026 19:35
7179,Banjeet Randhawa,20,4377582849,New,NULL,20,12-01-2026 19:35
7180,Januja Mall,46,7872557811,New,NULL,19,12-01-2026 19:35
7181,Zansi Krishna,50,2600001832,New,NULL,9,12-01-2026 19:35
7182,Ati Nayak,53,1422003648,New,NULL,17,12-01-2026 19:35
7183,Bhavya Uppal,49,6859992920,Referral,4839,2,12-01-2026 19:35
7184,Vasudha Samra,25,2840098991,New,NULL,2,12-01-2026 19:35
7185,Harrison Basu,36,2416883579,New,NULL,2,12-01-2026 19:35
7186,Ekiya Sathe,40,8024657950,New,NULL,8,12-01-2026 19:35
7187,Samar Mangat,51,9468208575,New,NULL,16,12-01-2026 19:35
7188,Rohan Verma,57,9306544095,Referral,352,15,12-01-2026 19:35
7189,Nikita Narula,77,4678796125,New,NULL,9,12-01-2026 19:35
7190,Omkaar Choudhry,84,6869663284,New,NULL,12,12-01-2026 19:35
7191,Omya Rao,20,1374383292,New,NULL,1,12-01-2026 19:35
7192,Shivani Dyal,81,592294022,New,NULL,6,12-01-2026 19:35
7193,Garima Tiwari,31,5629072017,New,NULL,14,12-01-2026 19:35
7194,Rushil Wali,35,646347902,New,NULL,6,12-01-2026 19:35
7195,Yatin Menon,85,6251978220,New,NULL,19,12-01-2026 19:35
7196,Radhika Cherian,73,896989309,New,NULL,20,12-01-2026 19:35
7197,Tristan Konda,25,2806152911,New,NULL,16,12-01-2026 19:35
7198,Qabil Samra,39,4173080045,New,NULL,16,12-01-2026 19:35
7199,Sudiksha Sankaran,75,1976922629,New,NULL,5,12-01-2026 19:35
7200,Gauri Salvi,30,5423523771,New,NULL,18,12-01-2026 19:35
7201,Jyoti Rau,52,8591959018,New,NULL,1,12-01-2026 19:35
7202,Ryan Seth,50,4977453744,Referral,547,15,12-01-2026 19:35
7203,Ethan Dubey,68,4357796858,New,NULL,15,12-01-2026 19:35
7204,Mahika Chopra,82,7046565933,Referral,6703,19,12-01-2026 19:35
7205,Ekavir Chawla,47,1193440411,New,NULL,4,12-01-2026 19:35
7206,Krishna Mane,22,7356957836,New,NULL,5,12-01-2026 19:35
7207,Bhavani Loyal,44,7510642013,New,NULL,5,12-01-2026 19:35
7208,Urvashi Nanda,75,6369955705,New,NULL,4,12-01-2026 19:35
7209,Idika Deshpande,32,6283956907,New,NULL,16,12-01-2026 19:35
7210,Yamini Pau,36,2499101987,New,NULL,16,12-01-2026 19:35
7211,Indira Krish,63,5727211192,New,NULL,2,12-01-2026 19:35
7212,Udant Hegde,20,4920794730,New,NULL,14,12-01-2026 19:35
7213,Ranveer Lall,56,7800859385,New,NULL,6,12-01-2026 19:35
7214,Faqid Baria,61,9078237417,New,NULL,16,12-01-2026 19:35
7215,Nakul Nori,49,519345227,New,NULL,16,12-01-2026 19:35
7216,Girindra Aggarwal,28,1480381893,New,NULL,14,12-01-2026 19:35
7217,Falak Sagar,85,2798024192,New,NULL,1,12-01-2026 19:35
7218,Laban Sha,60,3713242027,New,NULL,7,12-01-2026 19:35
7219,Krishna Ben,76,1973687459,New,NULL,3,12-01-2026 19:35
7220,Darsh Shankar,42,6702798736,New,NULL,14,12-01-2026 19:35
7221,Falak Solanki,67,8995308812,New,NULL,2,12-01-2026 19:35
7222,Dayita Rao,85,6232356186,New,NULL,1,12-01-2026 19:35
7223,Aryan Karnik,83,8620131909,New,NULL,15,12-01-2026 19:35
7224,Hema Mann,85,105361042,New,NULL,7,12-01-2026 19:35
7225,Bhavani Pai,75,5044661984,New,NULL,9,12-01-2026 19:35
7226,Abeer Basu,84,8918968061,New,NULL,12,12-01-2026 19:35
7227,Aahana Chaudhary,73,8517544378,New,NULL,5,12-01-2026 19:35
7228,Advaith Purohit,39,3784171649,Referral,2467,20,12-01-2026 19:35
7229,Vansha Sharma,19,509264384,New,NULL,17,12-01-2026 19:35
7230,Faqid Lad,57,856518467,New,NULL,14,12-01-2026 19:35
7231,Dalaja Wadhwa,82,9958711895,New,NULL,1,12-01-2026 19:35
7232,Radhika Bhargava,57,6523563437,New,NULL,13,12-01-2026 19:35
7233,Owen Korpal,30,6965909145,New,NULL,10,12-01-2026 19:35
7234,Daksh Mandal,18,6927697494,New,NULL,11,12-01-2026 19:35
7235,Arjun Mody,71,3658771820,New,NULL,2,12-01-2026 19:35
7236,Qarin Badal,22,1394552663,New,NULL,17,12-01-2026 19:35
7237,Jagdish Lad,77,7133280033,New,NULL,20,12-01-2026 19:35
7238,Netra Wadhwa,69,291749150,New,NULL,4,12-01-2026 19:35
7239,Falguni Palla,72,6494105844,New,NULL,13,12-01-2026 19:35
7240,Victor Sahni,81,3784879822,New,NULL,9,12-01-2026 19:35
7241,Meghana Chaudry,85,543859159,New,NULL,2,12-01-2026 19:35
7242,Elijah Sandhu,21,5664922809,New,NULL,20,12-01-2026 19:35
7243,Alka Borah,65,3730150937,New,NULL,16,12-01-2026 19:35
7244,Jeevika Khanna,59,933893352,New,NULL,1,12-01-2026 19:35
7245,Abhimanyu Pillay,82,5867927423,New,NULL,18,12-01-2026 19:35
7246,Vidhi Chokshi,84,895732437,New,NULL,3,12-01-2026 19:35
7247,Praneel Pandey,69,888513953,New,NULL,3,12-01-2026 19:35
7248,Veda Savant,51,2930195735,New,NULL,6,12-01-2026 19:35
7249,Maya Khurana,64,496003276,Referral,4100,1,12-01-2026 19:35
7250,Nisha Kunda,76,4222349809,New,NULL,19,12-01-2026 19:35
7251,Triya Jain,25,3151548424,New,NULL,14,12-01-2026 19:35
7252,Bimala Deshpande,61,686976407,New,NULL,6,12-01-2026 19:35
7253,Alexander Cherian,53,2756832458,New,NULL,5,12-01-2026 19:35
7254,Nitara Bahri,42,9051234351,New,NULL,13,12-01-2026 19:35
7255,Ubika Peri,36,3661254228,New,NULL,8,12-01-2026 19:35
7256,Tanvi Srinivas,45,6243036670,New,NULL,7,12-01-2026 19:35
7257,Lekha Gokhale,44,5896341255,New,NULL,6,12-01-2026 19:35
7258,Isaac Murty,84,9783183374,New,NULL,14,12-01-2026 19:35
7259,Jairaj Borah,31,4879996181,New,NULL,19,12-01-2026 19:35
7260,Qasim Soni,83,8503727603,New,NULL,5,12-01-2026 19:35
7261,Amara Varma,38,73039451,New,NULL,11,12-01-2026 19:35
7262,Utkarsh Handa,54,9515493201,New,NULL,16,12-01-2026 19:35
7263,Manthan Sarna,23,9520451155,New,NULL,5,12-01-2026 19:35
7264,Madhav Rajan,57,1549121784,New,NULL,9,12-01-2026 19:35
7265,Isaiah Agarwal,60,9577844690,New,NULL,4,12-01-2026 19:35
7266,Kashvi Sibal,69,7547915594,New,NULL,4,12-01-2026 19:35
7267,Elijah Ganesan,60,2229741711,New,NULL,11,12-01-2026 19:35
7268,Rushil Deshpande,46,7345079120,New,NULL,17,12-01-2026 19:35
7269,Zarna Srinivas,73,2152613566,New,NULL,17,12-01-2026 19:35
7270,Harsh Aggarwal,27,7199126783,New,NULL,10,12-01-2026 19:35
7271,Devika Mangat,73,8005887567,New,NULL,14,12-01-2026 19:35
7272,Anjali Kibe,64,4656766746,New,NULL,5,12-01-2026 19:35
7273,Ucchal Kuruvilla,52,4384369830,New,NULL,7,12-01-2026 19:35
7274,Kai Reddy,60,5990553207,New,NULL,7,12-01-2026 19:35
7275,Ekantika Sharma,55,1523817596,New,NULL,7,12-01-2026 19:35
7276,Gabriel Lall,37,3244802985,New,NULL,14,12-01-2026 19:35
7277,Charles Tak,47,9323313172,New,NULL,20,12-01-2026 19:35
7278,Champak Chandra,27,4560735600,New,NULL,15,12-01-2026 19:35
7279,Falan Dixit,61,3210712484,New,NULL,16,12-01-2026 19:35
7280,Hemani Ghosh,67,1065222859,New,NULL,18,12-01-2026 19:35
7281,Ladli Banerjee,57,329286785,New,NULL,18,12-01-2026 19:35
7282,Bhanumati Krishna,61,3786572170,New,NULL,10,12-01-2026 19:35
7283,Nitara Menon,83,5619907833,New,NULL,13,12-01-2026 19:35
7284,Waida Singhal,73,7498344256,New,NULL,14,12-01-2026 19:35
7285,Aryan Pall,34,583522513,New,NULL,17,12-01-2026 19:35
7286,Pooja Palla,63,8049501450,New,NULL,5,12-01-2026 19:35
7287,Jagvi Mannan,75,7357433083,New,NULL,16,12-01-2026 19:35
7288,Lohit Doshi,53,2750050340,New,NULL,12,12-01-2026 19:35
7289,Turvi Raman,49,4928564760,New,NULL,13,12-01-2026 19:35
7290,Meera Bali,68,4250569886,New,NULL,2,12-01-2026 19:35
7291,Neel Bhargava,42,2438167839,New,NULL,7,12-01-2026 19:35
7292,Mason Prabhakar,71,5494093418,New,NULL,19,12-01-2026 19:35
7293,Sathvik Sastry,38,9308392537,New,NULL,4,12-01-2026 19:35
7294,Samuel Khurana,33,9979201804,New,NULL,14,12-01-2026 19:35
7295,Zarna Mallick,38,8759624972,New,NULL,19,12-01-2026 19:35
7296,Dayamai Ramachandran,71,1330256270,New,NULL,5,12-01-2026 19:35
7297,Vedika Kala,83,8741713951,New,NULL,6,12-01-2026 19:35
7298,Quincy Gaba,57,8384048553,New,NULL,15,12-01-2026 19:35
7299,Varenya Ahuja,55,3533838240,New,NULL,17,12-01-2026 19:35
7300,Bahadurjit Mani,37,8689284954,New,NULL,17,12-01-2026 19:35
7301,Faqid Gupta,48,372274119,New,NULL,20,12-01-2026 19:35
7302,Rehaan Rattan,70,9666043515,New,NULL,1,12-01-2026 19:35
7303,Avni Lala,18,2415405623,New,NULL,7,12-01-2026 19:35
7304,Akshay Dhawan,37,8017342991,New,NULL,12,12-01-2026 19:35
7305,Ladli Karpe,36,1700538113,Referral,4889,5,12-01-2026 19:35
7306,Aditya Rana,62,2992635337,New,NULL,18,12-01-2026 19:35
7307,Sachi Barad,78,1265656743,Referral,5455,6,12-01-2026 19:35
7308,Jagat Raj,78,9503959311,Referral,3430,5,12-01-2026 19:35
7309,Tanvi Swamy,71,966242541,New,NULL,8,12-01-2026 19:35
7310,Vinaya Varma,77,1711737768,New,NULL,1,12-01-2026 19:35
7311,Bimala Sem,50,9074233437,New,NULL,12,12-01-2026 19:35
7312,Dipta More,27,2556177436,New,NULL,3,12-01-2026 19:35
7313,Vedhika Pandit,74,6680332824,New,NULL,4,12-01-2026 19:35
7314,Jacob Natarajan,23,9546836351,New,NULL,5,12-01-2026 19:35
7315,Sai Sabharwal,84,8591071438,New,NULL,4,12-01-2026 19:35
7316,Jagrati Rastogi,31,8266669161,Referral,7196,17,12-01-2026 19:35
7317,Jhalak Varughese,73,1908451872,New,NULL,19,12-01-2026 19:35
7318,Nisha Sha,70,7283348359,New,NULL,6,12-01-2026 19:35
7319,Upkaar Trivedi,23,1925937063,New,NULL,10,12-01-2026 19:35
7320,Farhan Oommen,65,2258267573,New,NULL,7,12-01-2026 19:35
7321,Eshana Karnik,34,8763613066,New,NULL,15,12-01-2026 19:35
7322,Gaurangi Gopal,40,2187930960,New,NULL,18,12-01-2026 19:35
7323,Zehaan Sundaram,70,8609102289,New,NULL,13,12-01-2026 19:35
7324,Lila Sankaran,41,2669780111,New,NULL,19,12-01-2026 19:35
7325,Saumya Karpe,49,568512814,New,NULL,2,12-01-2026 19:35
7326,Harish Gour,74,149036882,Referral,2273,12,12-01-2026 19:35
7327,Bakhshi Dey,55,4012577087,New,NULL,10,12-01-2026 19:35
7328,Aishani Tailor,49,4224891606,New,NULL,3,12-01-2026 19:35
7329,Indrajit Devan,75,1076196510,New,NULL,1,12-01-2026 19:35
7330,Reyansh Memon,39,4622323766,New,NULL,17,12-01-2026 19:35
7331,Yuvraj Vora,74,3283870159,New,NULL,13,12-01-2026 19:35
7332,Guneet Shan,18,2697380652,New,NULL,16,12-01-2026 19:35
7333,Gunbir Dey,37,9281710839,New,NULL,20,12-01-2026 19:35
7334,Dev Sawhney,51,263046548,New,NULL,12,12-01-2026 19:35
7335,Ekaja Sharaf,23,3714704230,New,NULL,19,12-01-2026 19:35
7336,Neel Parsa,62,5661067494,New,NULL,1,12-01-2026 19:35
7337,Ekapad Banerjee,19,3875167317,New,NULL,13,12-01-2026 19:35
7338,Gavin Goel,48,5639206361,New,NULL,11,12-01-2026 19:35
7339,David Chaudhuri,18,290240642,Referral,6380,9,12-01-2026 19:35
7340,Dipta Manda,65,4690686365,New,NULL,9,12-01-2026 19:35
7341,Wyatt Naik,75,8154708300,Referral,6329,4,12-01-2026 19:35
7342,Madhavi Atwal,74,3845510404,New,NULL,12,12-01-2026 19:35
7343,Harsh Bains,51,4762877116,New,NULL,16,12-01-2026 19:35
7344,Nimrat Dhar,33,7922835487,New,NULL,16,12-01-2026 19:35
7345,Oni Chana,58,7899675588,New,NULL,17,12-01-2026 19:35
7346,Aarna Pant,74,6362911595,New,NULL,3,12-01-2026 19:35
7347,Ganga Oak,45,4197584645,Referral,2370,3,12-01-2026 19:35
7348,Hemani Khatri,73,6158304604,New,NULL,18,12-01-2026 19:35
7349,Azaan Singhal,65,2974704226,New,NULL,20,12-01-2026 19:35
7350,Aarnav Mital,63,2924129112,New,NULL,1,12-01-2026 19:35
7351,Aryan Bhasin,37,58835217,New,NULL,13,12-01-2026 19:35
7352,Dev Sarna,81,2749655027,New,NULL,2,12-01-2026 19:35
7353,Ganga Raghavan,23,8745558068,New,NULL,11,12-01-2026 19:35
7354,Ranveer Sachar,84,1786675157,New,NULL,12,12-01-2026 19:35
7355,Hitesh Parmer,18,1661573263,New,NULL,10,12-01-2026 19:35
7356,Jeet Prabhakar,85,8488435068,Referral,2684,4,12-01-2026 19:35
7357,Ladli Gulati,71,8043600437,New,NULL,9,12-01-2026 19:35
7358,Bhavini Kannan,55,9960917085,New,NULL,13,12-01-2026 19:35
7359,Ojas Mandal,35,233700939,New,NULL,3,12-01-2026 19:35
7360,Neha Dara,56,7392907576,New,NULL,10,12-01-2026 19:35
7361,Nihal Mistry,39,2457405422,Referral,6395,8,12-01-2026 19:35
7362,Meera Tella,72,8072004173,New,NULL,19,12-01-2026 19:35
7363,Ekta Banerjee,51,3179271685,New,NULL,14,12-01-2026 19:35
7364,Unni Ravi,57,6030912034,New,NULL,16,12-01-2026 19:35
7365,Dipta Krishnan,61,535556140,New,NULL,5,12-01-2026 19:35
7366,Banjeet Hans,47,8700750677,New,NULL,3,12-01-2026 19:35
7367,Daksh Dalal,83,9411339866,New,NULL,9,12-01-2026 19:35
7368,Akshay Palla,66,5748654255,New,NULL,18,12-01-2026 19:35
7369,Advik Srinivasan,20,7361396368,New,NULL,14,12-01-2026 19:35
7370,Jyoti Sastry,29,6127888534,New,NULL,20,12-01-2026 19:35
7371,Jeet Banik,59,8176454397,New,NULL,6,12-01-2026 19:35
7372,Anita Bhandari,25,9424358029,New,NULL,4,12-01-2026 19:35
7373,Yashvi Dhingra,74,5709301220,New,NULL,16,12-01-2026 19:35
7374,Girindra Anne,50,7755976029,New,NULL,19,12-01-2026 19:35
7375,Warda Arya,63,316678185,New,NULL,1,12-01-2026 19:35
7376,Jeevika Chandran,19,4035713180,New,NULL,5,12-01-2026 19:35
7377,Oviya Sidhu,58,1304839964,Referral,6049,3,12-01-2026 19:35
7378,Vasudha Pathak,83,3085108928,New,NULL,12,12-01-2026 19:35
7379,Samaksh Mammen,56,5575158625,New,NULL,2,12-01-2026 19:35
7380,Champak Dugar,73,1841680521,New,NULL,17,12-01-2026 19:35
7381,Vedant Dhar,36,1172958520,New,NULL,3,12-01-2026 19:35
7382,Kai Kade,60,4227429468,New,NULL,19,12-01-2026 19:35
7383,Zilmil Sehgal,55,3782341978,New,NULL,14,12-01-2026 19:35
7384,Libni Dey,68,4403322200,New,NULL,6,12-01-2026 19:35
7385,Warjas Malhotra,63,2511178801,New,NULL,12,12-01-2026 19:35
7386,Pushti Comar,34,1136699486,New,NULL,10,12-01-2026 19:35
7387,Ekapad Thakkar,28,4169111509,New,NULL,14,12-01-2026 19:35
7388,Veda Chakrabarti,21,7417712509,New,NULL,17,12-01-2026 19:35
7389,Oliver Seth,77,2726565417,Referral,1817,19,12-01-2026 19:35
7390,Hitesh Raman,45,6652136006,New,NULL,14,12-01-2026 19:35
7391,Akshay Manne,44,3019471319,New,NULL,10,12-01-2026 19:35
7392,Falak Sarraf,69,3918758818,New,NULL,4,12-01-2026 19:35
7393,Vedhika Singh,45,7515227375,New,NULL,14,12-01-2026 19:35
7394,Kritika Setty,41,6502975514,New,NULL,17,12-01-2026 19:35
7395,Vedant Solanki,84,7762612000,New,NULL,17,12-01-2026 19:35
7396,Agastya Devan,51,8669647495,Referral,3064,15,12-01-2026 19:35
7397,Isha Chakraborty,55,7757585866,New,NULL,6,12-01-2026 19:35
7398,Vedhika Rastogi,51,2508088183,New,NULL,3,12-01-2026 19:35
7399,Harrison Varughese,24,7145319445,New,NULL,12,12-01-2026 19:35
7400,Isaac Kapur,42,3238844097,New,NULL,1,12-01-2026 19:35
7401,Ranbir Koshy,72,7423646819,New,NULL,13,12-01-2026 19:35
7402,Krisha Choudhary,81,1888456714,New,NULL,3,12-01-2026 19:35
7403,Ijaya Kapoor,83,5434926475,New,NULL,10,12-01-2026 19:35
7404,Watika Raman,75,9088414389,New,NULL,12,12-01-2026 19:35
7405,Neha Dewan,27,3634659839,New,NULL,17,12-01-2026 19:35
7406,Mahika Pillai,58,4043975409,New,NULL,12,12-01-2026 19:35
7407,Urvashi Kuruvilla,68,5345443292,New,NULL,18,12-01-2026 19:35
7408,Viraj Ramakrishnan,75,5204370013,Referral,5021,3,12-01-2026 19:35
7409,Amrita Bava,61,632901902,New,NULL,12,12-01-2026 19:35
7410,Vamakshi Banerjee,75,91817130,Referral,1361,16,12-01-2026 19:35
7411,Dayita Yohannan,32,4921274280,New,NULL,3,12-01-2026 19:35
7412,Anya Tak,44,2400276545,New,NULL,2,12-01-2026 19:35
7413,Gaurav Mahajan,59,6628280530,New,NULL,4,12-01-2026 19:35
7414,Nirja Bhasin,69,2745513149,Referral,6823,9,12-01-2026 19:35
7415,Hemangini Sehgal,46,8545600499,New,NULL,18,12-01-2026 19:35
7416,Aryan Guha,83,3826122501,New,NULL,19,12-01-2026 19:35
7417,Yatin Krish,74,9083631750,New,NULL,12,12-01-2026 19:35
7418,Divya Saraf,64,9462890297,New,NULL,8,12-01-2026 19:35
7419,Ikshita Ganesh,40,756690884,New,NULL,8,12-01-2026 19:35
7420,Utkarsh Pathak,79,7273231626,New,NULL,7,12-01-2026 19:35
7421,Ekalinga Lad,50,5278531772,Referral,6157,2,12-01-2026 19:35
7422,Nidra Puri,79,7125331286,Referral,6259,16,12-01-2026 19:35
7423,Patrick Lanka,38,5708847058,New,NULL,11,12-01-2026 19:35
7424,Netra Choudhary,77,2264089613,New,NULL,2,12-01-2026 19:35
7425,Udyati Raja,76,6388144658,Referral,538,11,12-01-2026 19:35
7426,Urvashi Chauhan,82,9991950547,New,NULL,17,12-01-2026 19:35
7427,Wriddhish Taneja,23,1703343447,New,NULL,5,12-01-2026 19:35
7428,Lila Balan,32,7562516993,New,NULL,3,12-01-2026 19:35
7429,Ekalinga Pillai,18,9820158461,New,NULL,7,12-01-2026 19:35
7430,Abhiram Kulkarni,38,3252887709,New,NULL,16,12-01-2026 19:35
7431,Chaaya Ravi,62,1398352857,New,NULL,10,12-01-2026 19:35
7432,Bachittar Sathe,28,7256495610,New,NULL,3,12-01-2026 19:35
7433,Abhimanyu Mukherjee,33,6390923025,New,NULL,17,12-01-2026 19:35
7434,Maanas Guha,39,3890743441,New,NULL,16,12-01-2026 19:35
7435,Baljiwan Chaudhary,72,9143774027,New,NULL,16,12-01-2026 19:35
7436,Panini Krishna,49,1294682694,New,NULL,2,12-01-2026 19:35
7437,Anita Shetty,30,3604235405,New,NULL,10,12-01-2026 19:35
7438,Dalaja Dalal,81,7325391330,New,NULL,4,12-01-2026 19:35
7439,Bakhshi Oza,61,9147546357,New,NULL,9,12-01-2026 19:35
7440,Jacob Sekhon,38,6890676380,New,NULL,14,12-01-2026 19:35
7441,Meera Behl,46,4558861418,New,NULL,17,12-01-2026 19:35
7442,Ryan Chaudhary,67,3578402437,New,NULL,12,12-01-2026 19:35
7443,Aditya Chaudhry,45,2398093502,New,NULL,17,12-01-2026 19:35
7444,Zayan Mukhopadhyay,62,9203346756,New,NULL,18,12-01-2026 19:35
7445,Hema Oak,81,6818539795,New,NULL,13,12-01-2026 19:35
7446,Dalaja Bhalla,61,3428903498,New,NULL,6,12-01-2026 19:35
7447,Ansh Sharaf,41,8909335878,New,NULL,4,12-01-2026 19:35
7448,Joshua Kurian,24,6962379532,New,NULL,13,12-01-2026 19:35
7449,Luke Deep,19,9898850849,New,NULL,20,12-01-2026 19:35
7450,Falan Banerjee,61,6780721218,Referral,3561,16,12-01-2026 19:35
7451,Madhav Gulati,45,4281991381,New,NULL,12,12-01-2026 19:35
7452,Ishani Hegde,52,9777611679,New,NULL,11,12-01-2026 19:35
7453,Ronith Dewan,37,9701566776,New,NULL,17,12-01-2026 19:35
7454,Waida Ghosh,24,2537176789,New,NULL,6,12-01-2026 19:35
7455,Chameli Setty,25,5984670143,New,NULL,2,12-01-2026 19:35
7456,Mahika Mital,45,8321173886,New,NULL,14,12-01-2026 19:35
7457,Mekhala Borah,56,8904271736,New,NULL,11,12-01-2026 19:35
7458,Janani Saxena,46,5182726807,New,NULL,1,12-01-2026 19:35
7459,Fitan Khatri,45,6968086997,New,NULL,7,12-01-2026 19:35
7460,Prisha Gaba,19,3095756983,New,NULL,10,12-01-2026 19:35
7461,Lucky Mallick,62,6740257402,New,NULL,1,12-01-2026 19:35
7462,Ryan Varghese,20,2777844916,New,NULL,5,12-01-2026 19:35
7463,Chakradhar Venkataraman,47,9481173880,New,NULL,4,12-01-2026 19:35
7464,Patrick Mangal,56,6505177676,New,NULL,1,12-01-2026 19:35
7465,Edhitha Reddy,57,364083861,New,NULL,2,12-01-2026 19:35
7466,Caleb Barman,66,4955725308,Referral,4304,5,12-01-2026 19:35
7467,Aadhya Kapur,22,7593044393,New,NULL,4,12-01-2026 19:35
7468,Abdul Kata,61,4416302235,New,NULL,14,12-01-2026 19:35
7469,Elijah Khare,49,1805288069,New,NULL,18,12-01-2026 19:35
7470,Devansh Sabharwal,84,9436772355,New,NULL,17,12-01-2026 19:35
7471,Rohan Mohan,42,7357656863,New,NULL,3,12-01-2026 19:35
7472,Akshay Baria,43,7119130326,New,NULL,13,12-01-2026 19:35
7473,Anvi Rajagopal,74,3055035790,New,NULL,10,12-01-2026 19:35
7474,Girik Saini,54,7681230545,New,NULL,20,12-01-2026 19:35
7475,Owen Sridhar,33,9000919506,New,NULL,9,12-01-2026 19:35
7476,Forum Jaggi,54,6167255924,New,NULL,5,12-01-2026 19:35
7477,Faris Hayre,42,7058106702,New,NULL,2,12-01-2026 19:35
7478,Aditya Kibe,85,1084592546,New,NULL,7,12-01-2026 19:35
7479,Joshua Agarwal,18,8661537287,New,NULL,20,12-01-2026 19:35
7480,Vansha Vasa,22,971104892,New,NULL,5,12-01-2026 19:35
7481,Varenya Wagle,69,7542031498,New,NULL,13,12-01-2026 19:35
7482,Banjeet Mallick,38,7892269370,New,NULL,19,12-01-2026 19:35
7483,Qabil Nayak,38,1048073843,New,NULL,14,12-01-2026 19:35
7484,Amol Dugar,62,6653154293,New,NULL,5,12-01-2026 19:35
7485,Indira Parikh,43,7687106495,Referral,6555,8,12-01-2026 19:35
7486,Amaira Bala,42,5452914121,New,NULL,15,12-01-2026 19:35
7487,Laban Varghese,83,7019362510,New,NULL,5,12-01-2026 19:35
7488,Vinaya Virk,82,703586270,New,NULL,5,12-01-2026 19:35
7489,Wridesh Swaminathan,39,819050750,New,NULL,5,12-01-2026 19:35
7490,Chavvi Patla,21,8053611749,New,NULL,10,12-01-2026 19:35
7491,Chatresh Sehgal,36,6016876627,New,NULL,5,12-01-2026 19:35
7492,Priya Setty,43,6461321520,New,NULL,12,12-01-2026 19:35
7493,Kamya Seth,57,6783057757,New,NULL,18,12-01-2026 19:35
7494,Yashoda Varkey,38,5154337359,New,NULL,16,12-01-2026 19:35
7495,Ridhi Butala,52,5015151401,New,NULL,7,12-01-2026 19:35
7496,Faris Dora,70,2227211245,New,NULL,2,12-01-2026 19:35
7497,Manya Raman,18,1960865952,New,NULL,6,12-01-2026 19:35
7498,Ethan Cherian,64,4001873685,Referral,6380,7,12-01-2026 19:35
7499,Lohit Sagar,57,7796563773,New,NULL,12,12-01-2026 19:35
7500,Ranveer Lata,33,2031209292,New,NULL,20,12-01-2026 19:35
7501,Adweta Naidu,26,5358870700,New,NULL,18,12-01-2026 19:35
7502,Bakhshi Gupta,75,5157372703,New,NULL,18,12-01-2026 19:35
7503,Ijaya Vala,85,8723488970,New,NULL,12,12-01-2026 19:35
7504,Saumya Purohit,79,2507136902,New,NULL,14,12-01-2026 19:35
7505,Jairaj Ram,66,226550786,New,NULL,19,12-01-2026 19:35
7506,Dhriti Zacharia,36,6590949115,New,NULL,7,12-01-2026 19:35
7507,Gunbir Ratti,50,1803985881,New,NULL,15,12-01-2026 19:35
7508,Orinder Kant,25,8873445190,New,NULL,13,12-01-2026 19:35
7509,Parth Bhatia,61,2985426996,New,NULL,12,12-01-2026 19:35
7510,Samarth Hans,85,8583848905,New,NULL,14,12-01-2026 19:35
7511,Saksham Murthy,72,3274259725,Referral,7112,11,12-01-2026 19:35
7512,Robert Maharaj,43,8234756941,New,NULL,17,12-01-2026 19:35
7513,Upkaar Chaudhuri,32,7222391559,New,NULL,12,12-01-2026 19:35
7514,Vasatika Mukhopadhyay,66,9239286185,New,NULL,15,12-01-2026 19:35
7515,Panini Tiwari,60,4223298270,New,NULL,18,12-01-2026 19:35
7516,Yatin Kota,61,538165047,New,NULL,12,12-01-2026 19:35
7517,Ronith Gade,19,7097470822,New,NULL,20,12-01-2026 19:35
7518,Aarnav Andra,81,7235011819,Referral,4708,15,12-01-2026 19:35
7519,Frado Bansal,71,5233167442,New,NULL,20,12-01-2026 19:35
7520,Samaksh Narula,39,934457306,New,NULL,10,12-01-2026 19:35
7521,Eiravati Bhatnagar,76,6185749519,Referral,4530,14,12-01-2026 19:35
7522,Amruta Minhas,33,7940878896,New,NULL,17,12-01-2026 19:35
7523,Diya Chandra,81,1954936661,New,NULL,12,12-01-2026 19:35
7524,Orinder Dhaliwal,41,9444489178,New,NULL,10,12-01-2026 19:35
7525,Krishna Talwar,21,5396712326,New,NULL,13,12-01-2026 19:35
7526,Meera Pant,40,6639567651,New,NULL,15,12-01-2026 19:35
7527,George Cheema,42,2961099716,Referral,4504,17,12-01-2026 19:35
7528,Hredhaan Gill,64,4828552158,New,NULL,13,12-01-2026 19:35
7529,Nidhi Patla,41,3823061426,Referral,1840,9,12-01-2026 19:35
7530,Sanya Dube,37,6438824776,Referral,4554,1,12-01-2026 19:35
7531,Mohini Lalla,55,4944953744,New,NULL,15,12-01-2026 19:35
7532,Michael Sabharwal,61,8937937408,New,NULL,17,12-01-2026 19:35
7533,Avni Sathe,36,2844271092,New,NULL,2,12-01-2026 19:35
7534,Advay Sule,69,5615620945,New,NULL,6,12-01-2026 19:35
7535,Dev Muni,74,8281332908,New,NULL,13,12-01-2026 19:35
7536,Nicholas Oza,51,282166753,New,NULL,11,12-01-2026 19:35
7537,Tanveer Nori,24,5341646356,New,NULL,11,12-01-2026 19:35
7538,Ridhi Singh,59,8789628792,New,NULL,8,12-01-2026 19:35
7539,Saanvi Trivedi,84,2351623179,New,NULL,5,12-01-2026 19:35
7540,Zinal Korpal,35,4857698867,New,NULL,10,12-01-2026 19:35
7541,Urvashi Bora,79,8692954431,New,NULL,10,12-01-2026 19:35
7542,Maanav Sura,70,8565696158,New,NULL,19,12-01-2026 19:35
7543,Nimrat Bora,73,4952048179,New,NULL,13,12-01-2026 19:35
7544,Urvashi Chad,56,2204519762,New,NULL,4,12-01-2026 19:35
7545,Osha Naidu,25,9091216011,New,NULL,4,12-01-2026 19:35
7546,Saumya Chana,38,6193685962,New,NULL,9,12-01-2026 19:35
7547,Hemani Desai,78,6446092747,New,NULL,18,12-01-2026 19:35
7548,Upadhriti Soni,85,1670763846,New,NULL,5,12-01-2026 19:35
7549,Neel Aggarwal,63,9142207790,New,NULL,9,12-01-2026 19:35
7550,Avni Mitter,22,1257644388,New,NULL,7,12-01-2026 19:35
7551,Nikita Sankar,24,5120707629,New,NULL,15,12-01-2026 19:35
7552,Triveni Kar,22,157803735,New,NULL,18,12-01-2026 19:35
7553,Netra Soman,35,284509643,New,NULL,6,12-01-2026 19:35
7554,Dev Dara,39,1151871861,New,NULL,8,12-01-2026 19:35
7555,Kashish Bawa,82,2629744270,New,NULL,9,12-01-2026 19:35
7556,Dayita Kuruvilla,45,2726665398,New,NULL,8,12-01-2026 19:35
7557,Samarth Rau,44,4646557082,Referral,966,19,12-01-2026 19:35
7558,Gopal Viswanathan,62,6364159334,New,NULL,3,12-01-2026 19:35
7559,Yashodhara Hayer,37,2006146226,New,NULL,14,12-01-2026 19:35
7560,Warhi Bandi,33,3985649197,New,NULL,10,12-01-2026 19:35
7561,Viraj Rao,36,7790204537,New,NULL,4,12-01-2026 19:35
7562,Daksha Narasimhan,21,6764742965,New,NULL,7,12-01-2026 19:35
7563,Manthan Lad,78,6462147588,New,NULL,6,12-01-2026 19:35
7564,Yashvi Karnik,55,8793630273,New,NULL,17,12-01-2026 19:35
7565,Chaitanya Ghose,62,7455104516,New,NULL,2,12-01-2026 19:35
7566,Nandini Gandhi,71,2348384851,New,NULL,20,12-01-2026 19:35
7567,Harrison Sachdev,72,9530238243,New,NULL,9,12-01-2026 19:35
7568,Hardik Wadhwa,49,5636184479,New,NULL,15,12-01-2026 19:35
7569,Vincent Pandey,24,1271842823,New,NULL,19,12-01-2026 19:35
7570,Madhavi Mohan,63,2932004391,New,NULL,17,12-01-2026 19:35
7571,Lipika Sunder,50,8979594806,New,NULL,5,12-01-2026 19:35
7572,Reyansh Mitra,27,40423801,New,NULL,13,12-01-2026 19:35
7573,Kamala Kadakia,23,6838247289,New,NULL,9,12-01-2026 19:35
7574,Udyati Zachariah,72,3333001453,New,NULL,10,12-01-2026 19:35
7575,Ekta Vasa,53,7982146810,New,NULL,8,12-01-2026 19:35
7576,Rachita Dhawan,57,8768223040,New,NULL,9,12-01-2026 19:35
7577,Aahana Buch,45,1393462432,New,NULL,20,12-01-2026 19:35
7578,Chaaya Krishnan,23,7096918859,New,NULL,6,12-01-2026 19:35
7579,Devika Oommen,58,5829533224,New,NULL,15,12-01-2026 19:35
7580,Abha Aurora,53,913219093,New,NULL,12,12-01-2026 19:35
7581,Vaishnavi Grewal,57,4255594763,New,NULL,16,12-01-2026 19:35
7582,Damyanti Jha,66,7213063215,New,NULL,8,12-01-2026 19:35
7583,Bahadurjit Mutti,32,3003982250,New,NULL,15,12-01-2026 19:35
7584,Gautam Nadig,46,5712923675,New,NULL,18,12-01-2026 19:35
7585,Chandran Sankar,36,3848186892,New,NULL,20,12-01-2026 19:35
7586,Gaurangi Parikh,76,682989584,New,NULL,20,12-01-2026 19:35
7587,Wakeeta Dua,75,9690464802,New,NULL,18,12-01-2026 19:35
7588,Vedant Nagi,44,9662263285,New,NULL,8,12-01-2026 19:35
7589,Aarna Char,72,4726335898,New,NULL,17,12-01-2026 19:35
7590,Arin Bains,61,3032648979,New,NULL,9,12-01-2026 19:35
7591,Tanay Bhat,66,1276647245,New,NULL,16,12-01-2026 19:35
7592,Xalak Modi,80,3568662598,New,NULL,3,12-01-2026 19:35
7593,Riya Bala,45,6787184401,New,NULL,1,12-01-2026 19:35
7594,Max Choudhary,32,8985164591,New,NULL,18,12-01-2026 19:35
7595,Ubika Randhawa,26,7677865594,New,NULL,18,12-01-2026 19:35
7596,Parth Dube,55,8028603424,New,NULL,17,12-01-2026 19:35
7597,Eiravati Lad,31,1301073680,New,NULL,7,12-01-2026 19:35
7598,Finn Hora,84,4248289683,New,NULL,12,12-01-2026 19:35
7599,Arjun Lall,23,8211168544,New,NULL,10,12-01-2026 19:35
7600,Wridesh Pall,71,849657083,New,NULL,4,12-01-2026 19:35
7601,Nilima Hora,48,827485008,New,NULL,12,12-01-2026 19:35
7602,Jason Ghosh,73,9490496960,New,NULL,1,12-01-2026 19:35
7603,Lavanya Guha,50,4495378549,New,NULL,13,12-01-2026 19:35
7604,Vasatika Dubey,82,1623365860,New,NULL,11,12-01-2026 19:35
7605,Mekhala Khanna,37,20009851,Referral,3961,19,12-01-2026 19:35
7606,Wahab Kale,61,1571749401,New,NULL,6,12-01-2026 19:35
7607,Ekansh Gola,28,7346653100,New,NULL,4,12-01-2026 19:35
7608,Abdul Patel,82,5526003813,New,NULL,9,12-01-2026 19:35
7609,Lajita Narang,73,6641626843,New,NULL,14,12-01-2026 19:35
7610,Vamakshi Kadakia,60,2242985654,Referral,1879,17,12-01-2026 19:35
7611,Zayyan Mutti,76,5292150478,New,NULL,11,12-01-2026 19:35
7612,Yashodhara Badal,63,5806568991,New,NULL,9,12-01-2026 19:35
7613,Jairaj Dhillon,59,8942196396,New,NULL,16,12-01-2026 19:35
7614,Saumya Basak,26,958704475,Referral,6134,14,12-01-2026 19:35
7615,Lavanya Sura,71,1694714968,Referral,2677,15,12-01-2026 19:35
7616,Kamala Sehgal,26,5722238272,New,NULL,9,12-01-2026 19:35
7617,Jasmit Tandon,51,1083763011,New,NULL,13,12-01-2026 19:35
7618,Saksham Tara,49,5277182942,New,NULL,6,12-01-2026 19:35
7619,Yashodhara Narasimhan,28,1340531919,New,NULL,1,12-01-2026 19:35
7620,Onveer Andra,64,6073685841,New,NULL,3,12-01-2026 19:35
7621,Indali Thaman,85,1849347787,New,NULL,3,12-01-2026 19:35
7622,Rushil Mand,56,4396559108,New,NULL,18,12-01-2026 19:35
7623,Oni Chaudhari,46,6048081935,New,NULL,18,12-01-2026 19:35
7624,Isha Sankar,78,6061304948,New,NULL,12,12-01-2026 19:35
7625,Simon Mann,38,592143494,New,NULL,20,12-01-2026 19:35
7626,Teerth Dora,49,9438182325,New,NULL,8,12-01-2026 19:35
7627,Robert Chaudhary,37,5934862044,New,NULL,14,12-01-2026 19:35
7628,Hiral Oommen,18,7048631021,New,NULL,16,12-01-2026 19:35
7629,Raagini Uppal,18,1224730583,New,NULL,20,12-01-2026 19:35
7630,Lavanya Padmanabhan,85,7399193400,New,NULL,18,12-01-2026 19:35
7631,Chakradhar Korpal,26,7008041914,New,NULL,20,12-01-2026 19:35
7632,Leena Sem,76,3214579658,New,NULL,15,12-01-2026 19:35
7633,Mohini Kala,51,4632253488,New,NULL,1,12-01-2026 19:35
7634,Wazir Acharya,70,5589079421,New,NULL,4,12-01-2026 19:35
7635,Omya Gaba,36,4166648974,New,NULL,3,12-01-2026 19:35
7636,Ayushman Butala,45,9248833936,New,NULL,11,12-01-2026 19:35
7637,Viraj Pant,68,9787593367,New,NULL,18,12-01-2026 19:35
7638,Karan Savant,58,8753779152,New,NULL,8,12-01-2026 19:35
7639,Isaiah Cherian,34,5106470649,New,NULL,8,12-01-2026 19:35
7640,Isaac Murthy,18,3515909626,New,NULL,15,12-01-2026 19:35
7641,Ekaraj Pingle,70,6128006338,New,NULL,18,12-01-2026 19:35
7642,Pooja Gandhi,25,6005816618,New,NULL,17,12-01-2026 19:35
7643,Omisha Kadakia,82,9338785892,New,NULL,18,12-01-2026 19:35
7644,Indali Mitra,36,7724031215,New,NULL,9,12-01-2026 19:35
7645,Mason Wagle,73,7227746091,New,NULL,20,12-01-2026 19:35
7646,Girindra Randhawa,75,2292058622,New,NULL,6,12-01-2026 19:35
7647,Timothy Bakshi,76,3697154456,New,NULL,19,12-01-2026 19:35
7648,Chameli Dua,18,9333666578,New,NULL,12,12-01-2026 19:35
7649,Kalpit Kalla,27,8976383738,New,NULL,5,12-01-2026 19:35
7650,David Hegde,23,9931528392,New,NULL,18,12-01-2026 19:35
7651,Elijah Behl,27,4043060751,Referral,4895,9,12-01-2026 19:35
7652,Neel Dugal,19,5458003069,New,NULL,14,12-01-2026 19:35
7653,Suhani Savant,77,1481200446,New,NULL,12,12-01-2026 19:35
7654,Ekavir Mutti,27,4926343033,New,NULL,14,12-01-2026 19:35
7655,Rehaan Bobal,41,8699216884,New,NULL,16,12-01-2026 19:35
7656,Tara Rattan,84,884922727,New,NULL,11,12-01-2026 19:35
7657,Balvan Pai,24,4165067502,New,NULL,9,12-01-2026 19:35
7658,Oni Lata,22,6011141336,New,NULL,20,12-01-2026 19:35
7659,Vaishnavi Kannan,71,8712157720,New,NULL,4,12-01-2026 19:35
7660,Ekalinga Chaudhary,24,281684355,New,NULL,12,12-01-2026 19:35
7661,Chasmum Sastry,60,959704882,New,NULL,2,12-01-2026 19:35
7662,Dominic Mishra,50,1281052075,New,NULL,17,12-01-2026 19:35
7663,Lopa Vyas,57,9753961307,New,NULL,12,12-01-2026 19:35
7664,Samesh Gulati,72,8563526714,New,NULL,7,12-01-2026 19:35
7665,Ranveer Shan,57,5512535642,New,NULL,5,12-01-2026 19:35
7666,Champak Madan,80,9347721599,New,NULL,14,12-01-2026 19:35
7667,Theodore Deshpande,58,1357995786,New,NULL,5,12-01-2026 19:35
7668,Jason Deshpande,53,8075129878,New,NULL,20,12-01-2026 19:35
7669,Jagrati Kata,24,6868047502,Referral,3700,10,12-01-2026 19:35
7670,Bhavya Shankar,38,8243753407,New,NULL,14,12-01-2026 19:35
7671,Oviya Cherian,61,607259266,New,NULL,10,12-01-2026 19:35
7672,Oliver Chakrabarti,84,7007379765,New,NULL,1,12-01-2026 19:35
7673,Darsh Dhawan,39,2846070901,New,NULL,17,12-01-2026 19:35
7674,Upasna Boase,66,1627006200,New,NULL,6,12-01-2026 19:35
7675,Pavani Contractor,72,333783048,New,NULL,15,12-01-2026 19:35
7676,Harrison Wable,83,7993810464,New,NULL,4,12-01-2026 19:35
7677,Umang Shan,42,7838522256,New,NULL,7,12-01-2026 19:35
7678,Ojas Saxena,32,6352231759,New,NULL,10,12-01-2026 19:35
7679,Yashodhara Barad,53,2887494791,New,NULL,18,12-01-2026 19:35
7680,Farhan Aurora,83,856793576,New,NULL,14,12-01-2026 19:35
7681,Rajeshri Chaudhary,84,5116328233,New,NULL,19,12-01-2026 19:35
7682,Falguni Patla,45,741615471,New,NULL,11,12-01-2026 19:35
7683,Chandani Edwin,84,1627464585,New,NULL,15,12-01-2026 19:35
7684,Ria Yogi,51,8646542952,New,NULL,3,12-01-2026 19:35
7685,Mason Dhar,78,7485010810,New,NULL,13,12-01-2026 19:35
7686,Bimala Ramesh,83,6486280884,New,NULL,18,12-01-2026 19:35
7687,Yashica Zacharia,53,9245622672,New,NULL,18,12-01-2026 19:35
7688,Yagnesh Ben,18,9809725293,New,NULL,17,12-01-2026 19:35
7689,Darika Saini,70,916036550,New,NULL,12,12-01-2026 19:35
7690,Chaman Krishnan,26,8396648943,New,NULL,8,12-01-2026 19:35
7691,Leena Das,79,8833543145,New,NULL,16,12-01-2026 19:35
7692,Qabil Malhotra,35,8702761287,New,NULL,14,12-01-2026 19:35
7693,Dalbir Tandon,61,621848684,New,NULL,4,12-01-2026 19:35
7694,Alka Purohit,67,937002310,New,NULL,13,12-01-2026 19:35
7695,Charan Pingle,84,106970292,New,NULL,15,12-01-2026 19:35
7696,Hitesh Subramaniam,37,2929241398,New,NULL,6,12-01-2026 19:35
7697,Zarna Bhalla,25,5432154239,New,NULL,14,12-01-2026 19:35
7698,Veda Chaudry,83,7287717771,New,NULL,16,12-01-2026 19:35
7699,Hiral Sabharwal,21,3856910119,New,NULL,14,12-01-2026 19:35
7700,Gautami Seth,26,6058522262,Referral,7380,2,12-01-2026 19:35
7701,Guneet Sane,45,4423129806,New,NULL,15,12-01-2026 19:35
7702,Yashica Bhatti,80,7138074402,New,NULL,4,12-01-2026 19:35
7703,Anamika Morar,18,9722236430,New,NULL,8,12-01-2026 19:35
7704,Kashish Subramaniam,41,921625592,New,NULL,10,12-01-2026 19:35
7705,Nachiket Bobal,56,8209148443,New,NULL,7,12-01-2026 19:35
7706,Tarak Contractor,80,2831958367,New,NULL,19,12-01-2026 19:35
7707,Saksham Sarkar,47,6303502633,Referral,1434,7,12-01-2026 19:35
7708,Darika Guha,47,5015158847,Referral,488,18,12-01-2026 19:35
7709,Ojasvi Nigam,56,6143029048,New,NULL,9,12-01-2026 19:35
7710,Damyanti Bedi,33,8507061527,New,NULL,10,12-01-2026 19:35
7711,Kai Agate,23,4590441769,New,NULL,3,12-01-2026 19:35
7712,Farhan Narasimhan,41,8718248324,Referral,7597,7,12-01-2026 19:35
7713,Mohini Dubey,57,3808415453,New,NULL,13,12-01-2026 19:35
7714,David Sengupta,25,4563325574,New,NULL,13,12-01-2026 19:35
7715,Nakul Vohra,78,9075895680,New,NULL,18,12-01-2026 19:35
7716,Vihaan Mani,52,6087732087,New,NULL,5,12-01-2026 19:35
7717,Urmi Dube,27,484267938,New,NULL,9,12-01-2026 19:35
7718,Sanya Rajagopal,38,5248033917,New,NULL,2,12-01-2026 19:35
7719,Indira Pau,33,8326677409,New,NULL,18,12-01-2026 19:35
7720,Vrishti Karnik,27,2729898132,New,NULL,6,12-01-2026 19:35
7721,Chandani Raj,54,4005713062,New,NULL,17,12-01-2026 19:35
7722,Brijesh Shenoy,65,5955234957,New,NULL,1,12-01-2026 19:35
7723,Nitara Joshi,41,2588520297,New,NULL,6,12-01-2026 19:35
7724,Adya Gade,22,7229875296,New,NULL,1,12-01-2026 19:35
7725,Anthony Srivastava,21,589903256,New,NULL,18,12-01-2026 19:35
7726,Quincy Comar,23,3693772525,New,NULL,8,12-01-2026 19:35
7727,Isaiah Jayaraman,26,9990990940,New,NULL,12,12-01-2026 19:35
7728,Oliver Ramaswamy,85,2154088700,New,NULL,15,12-01-2026 19:35
7729,Reva Ranganathan,21,4201712065,New,NULL,18,12-01-2026 19:35
7730,Girindra Mahal,32,46592511,New,NULL,14,12-01-2026 19:35
7731,Krishna Kothari,57,5805702320,New,NULL,16,12-01-2026 19:35
7732,Turvi Radhakrishnan,77,3101534047,New,NULL,11,12-01-2026 19:35
7733,Gautami Rana,21,2622030239,New,NULL,10,12-01-2026 19:35
7734,Edhitha Kumar,21,2066968592,New,NULL,11,12-01-2026 19:35
7735,Bhanumati Tata,35,8182355603,New,NULL,7,12-01-2026 19:35
7736,Isaac Sur,45,7819213770,New,NULL,7,12-01-2026 19:35
7737,Lakshit Dara,55,895325866,New,NULL,18,12-01-2026 19:35
7738,Champak Vohra,68,6950502231,Referral,144,7,12-01-2026 19:35
7739,Bakhshi Vora,33,3421489616,New,NULL,19,12-01-2026 19:35
7740,Irya Swaminathan,61,8446701982,New,NULL,17,12-01-2026 19:35
7741,Siya Pillay,65,2527332216,New,NULL,7,12-01-2026 19:35
7742,Tanveer Sehgal,66,6889617918,Referral,1118,17,12-01-2026 19:35
7743,Elijah Saha,27,6504195023,New,NULL,2,12-01-2026 19:35
7744,Bhavika Anand,75,1770839466,New,NULL,6,12-01-2026 19:35
7745,Ikbal Bhalla,39,6554119569,New,NULL,18,12-01-2026 19:35
7746,Indali Sangha,82,9066885146,New,NULL,14,12-01-2026 19:35
7747,Quincy Deshmukh,45,5858781887,New,NULL,10,12-01-2026 19:35
7748,Faras Bhasin,50,4974739105,New,NULL,1,12-01-2026 19:35
7749,Mason Mand,73,4109241633,New,NULL,19,12-01-2026 19:35
7750,Krisha Dube,41,5028597889,New,NULL,14,12-01-2026 19:35
7751,Vidhi Ahluwalia,39,7983633678,New,NULL,17,12-01-2026 19:35
7752,Abhiram Choudhury,34,1289396101,New,NULL,1,12-01-2026 19:35
7753,Lila Chand,40,435904255,Referral,3566,18,12-01-2026 19:35
7754,Reva Rajan,36,2638274268,Referral,5476,15,12-01-2026 19:35
7755,Gaurika Mangal,40,919939301,Referral,2528,3,12-01-2026 19:35
7756,Ubika Mann,74,3627794584,Referral,3259,8,12-01-2026 19:35
7757,Ekaja Desai,73,55339274,New,NULL,2,12-01-2026 19:35
7758,Falan Ranganathan,26,9304156770,New,NULL,11,12-01-2026 19:35
7759,Ishani Mittal,22,3026380478,New,NULL,3,12-01-2026 19:35
7760,Nitesh Purohit,77,8527050676,New,NULL,17,12-01-2026 19:35
7761,Praneel Vaidya,54,194335033,Referral,6681,11,12-01-2026 19:35
7762,Wishi Bora,34,1712051921,Referral,3551,13,12-01-2026 19:35
7763,Advaith Murty,55,5665379984,New,NULL,1,12-01-2026 19:35
7764,Kamya Bansal,70,6062986613,New,NULL,10,12-01-2026 19:35
7765,Yatan Ranganathan,79,9854992524,New,NULL,10,12-01-2026 19:35
7766,Nisha Parsa,64,2756038242,New,NULL,1,12-01-2026 19:35
7767,Shivani Kaul,73,5407975820,New,NULL,16,12-01-2026 19:35
7768,Vincent Din,38,1411318887,New,NULL,1,12-01-2026 19:35
7769,Siya Naik,66,4564036476,New,NULL,10,12-01-2026 19:35
7770,Vidhi Chanda,54,742251853,New,NULL,13,12-01-2026 19:35
7771,Turvi Saran,52,2311547940,New,NULL,6,12-01-2026 19:35
7772,Vidhi Prabhu,25,9163798171,Referral,4041,5,12-01-2026 19:35
7773,Bahadurjit Palan,46,2767939475,New,NULL,7,12-01-2026 19:35
7774,Christopher Desai,47,4543086447,New,NULL,16,12-01-2026 19:35
7775,Christopher Sanghvi,25,9010428798,New,NULL,5,12-01-2026 19:35
7776,Vedant Chadha,40,5292310308,New,NULL,9,12-01-2026 19:35
7777,Vincent Palan,84,4380804965,New,NULL,14,12-01-2026 19:35
7778,Advay Walla,51,2834833551,New,NULL,7,12-01-2026 19:35
7779,Azaan Dixit,47,7109290521,New,NULL,3,12-01-2026 19:35
7780,Oscar Madan,49,5004096990,New,NULL,11,12-01-2026 19:35
7781,Damyanti Guha,50,4615970204,New,NULL,2,12-01-2026 19:35
7782,Aishani Sachdeva,43,1233768003,Referral,2653,14,12-01-2026 19:35
7783,Ganga Sarkar,32,4287194435,New,NULL,8,12-01-2026 19:35
7784,Aadhya Arya,55,1371315001,New,NULL,4,12-01-2026 19:35
7785,Neel Bali,53,5025067447,New,NULL,20,12-01-2026 19:35
7786,Nimrat Amble,74,3062796303,New,NULL,8,12-01-2026 19:35
7787,Kamala Mittal,66,4536114333,Referral,5806,15,12-01-2026 19:35
7788,Girindra Sama,21,5811823800,New,NULL,8,12-01-2026 19:35
7789,Ekavir Toor,32,1718062291,New,NULL,12,12-01-2026 19:35
7790,Aayush Munshi,64,6588476831,New,NULL,16,12-01-2026 19:35
7791,Nitara Savant,26,105305713,New,NULL,10,12-01-2026 19:35
7792,Libni Sundaram,81,5752659406,New,NULL,14,12-01-2026 19:35
7793,Yachana Krishnamurthy,36,8952728942,New,NULL,4,12-01-2026 19:35
7794,Yadavi Sastry,81,9838452055,New,NULL,16,12-01-2026 19:35
7795,Ekaraj Raj,42,6447434063,New,NULL,7,12-01-2026 19:35
7796,Warinder Mammen,65,5896559121,New,NULL,18,12-01-2026 19:35
7797,Advika Memon,49,6677344231,New,NULL,7,12-01-2026 19:35
7798,Aahana Desai,55,1989849124,New,NULL,3,12-01-2026 19:35
7799,Xalak Bajwa,54,484685990,New,NULL,12,12-01-2026 19:35
7800,Jyoti Ram,22,620445074,New,NULL,8,12-01-2026 19:35
7801,Kritika Sule,22,861759271,Referral,2694,14,12-01-2026 19:35
7802,Jack Sharma,75,7255166911,New,NULL,18,12-01-2026 19:35
7803,Ekantika Kapadia,83,551176521,New,NULL,1,12-01-2026 19:35
7804,Kiaan Loke,65,2619987821,New,NULL,6,12-01-2026 19:35
7805,Jyoti Gade,71,4271290077,New,NULL,19,12-01-2026 19:35
7806,Matthew Varma,54,21763271,New,NULL,20,12-01-2026 19:35
7807,Xalak Pradhan,30,7685078739,New,NULL,5,12-01-2026 19:35
7808,Wazir Zachariah,25,3355956736,New,NULL,17,12-01-2026 19:35
7809,Vansha Barad,18,7183127032,New,NULL,5,12-01-2026 19:35
7810,Falguni Kata,21,4268849686,New,NULL,9,12-01-2026 19:35
7811,Samarth Yadav,63,1292381557,New,NULL,12,12-01-2026 19:35
7812,Adweta Kota,60,9415474192,New,NULL,18,12-01-2026 19:35
7813,Amara Mahal,68,5700186097,New,NULL,11,12-01-2026 19:35
7814,Jason Dasgupta,43,8241802817,New,NULL,3,12-01-2026 19:35
7815,Jatin Deshmukh,82,8035198588,New,NULL,4,12-01-2026 19:35
7816,Irya Vohra,45,4249177207,New,NULL,10,12-01-2026 19:35
7817,Bahadurjit Pillay,41,4500567817,New,NULL,5,12-01-2026 19:35
7818,Kritika Chokshi,67,3615375665,New,NULL,20,12-01-2026 19:35
7819,Champak Deep,53,3289533962,Referral,5108,3,12-01-2026 19:35
7820,Nitesh Barman,71,6348134766,New,NULL,13,12-01-2026 19:35
7821,Jagrati Shetty,37,8684501534,New,NULL,18,12-01-2026 19:35
7822,Ansh Sarkar,35,9069536611,New,NULL,9,12-01-2026 19:35
7823,Samarth Gole,22,9056298549,New,NULL,13,12-01-2026 19:35
7824,Pooja Mittal,64,2121483683,New,NULL,12,12-01-2026 19:35
7825,Osha Sankar,83,74867184,New,NULL,10,12-01-2026 19:35
7826,Isha Nadkarni,46,4447125793,New,NULL,6,12-01-2026 19:35
7827,Warjas Ben,26,6395619893,New,NULL,1,12-01-2026 19:35
7828,Hemang Gola,38,4863317839,New,NULL,5,12-01-2026 19:35
7829,Leela Rajagopalan,18,7520775353,New,NULL,1,12-01-2026 19:35
7830,Damini Rattan,41,2237995002,New,NULL,16,12-01-2026 19:35
7831,Agastya Mand,55,2326974380,New,NULL,4,12-01-2026 19:35
7832,Dalaja Dhaliwal,27,7421547706,Referral,2724,19,12-01-2026 19:35
7833,Nathan Subramanian,48,6397543250,New,NULL,2,12-01-2026 19:35
7834,Anirudh Pall,28,7103824597,New,NULL,18,12-01-2026 19:35
7835,Krisha Dhar,43,5345777779,New,NULL,7,12-01-2026 19:35
7836,Vamakshi Date,83,3629437565,New,NULL,9,12-01-2026 19:35
7837,Utkarsh Shenoy,77,8351334109,New,NULL,20,12-01-2026 19:35
7838,Chaitaly Doshi,64,3831792734,New,NULL,17,12-01-2026 19:35
7839,Falguni Salvi,47,8220009458,New,NULL,15,12-01-2026 19:35
7840,Ekiya Dasgupta,25,9015743479,New,NULL,14,12-01-2026 19:35
7841,Chandran Venkataraman,36,4162456936,Referral,1543,5,12-01-2026 19:35
7842,Saanvi Minhas,84,1831651299,New,NULL,20,12-01-2026 19:35
7843,Caleb Naik,61,5067367290,New,NULL,20,12-01-2026 19:35
7844,Varsha Keer,45,4899273017,New,NULL,11,12-01-2026 19:35
7845,Hredhaan Halder,41,3209949451,New,NULL,7,12-01-2026 19:35
7846,Bakhshi Kala,70,7680120391,New,NULL,16,12-01-2026 19:35
7847,Vidhi Bassi,66,8249576735,New,NULL,6,12-01-2026 19:35
7848,Anya Kadakia,79,6379097560,New,NULL,2,12-01-2026 19:35
7849,Sathvik Mall,53,9056354279,New,NULL,9,12-01-2026 19:35
7850,Harshil Mital,70,9429112699,New,NULL,17,12-01-2026 19:35
7851,Oscar Madan,47,1093413994,New,NULL,11,12-01-2026 19:35
7852,Qasim Deol,42,4385929875,New,NULL,5,12-01-2026 19:35
7853,Theodore Lalla,33,7097972854,New,NULL,8,12-01-2026 19:35
7854,Ekaja Basu,61,1317281726,New,NULL,2,12-01-2026 19:35
7855,Osha Misra,65,5231450262,New,NULL,13,12-01-2026 19:35
7856,Vivaan Oza,79,7823151851,New,NULL,1,12-01-2026 19:35
7857,Advay Bhattacharyya,20,5712234667,New,NULL,11,12-01-2026 19:35
7858,Shivansh Maharaj,19,9057874059,New,NULL,14,12-01-2026 19:35
7859,Ijaya Nagarajan,58,2123956162,New,NULL,17,12-01-2026 19:35
7860,Keya Karan,64,573903021,New,NULL,19,12-01-2026 19:35
7861,Bhavini Maharaj,40,9777157670,New,NULL,17,12-01-2026 19:35
7862,Rajata Lalla,32,1474863291,New,NULL,6,12-01-2026 19:35
7863,Yuvraj Krish,51,8548578826,New,NULL,20,12-01-2026 19:35
7864,Arunima Bedi,38,2406632989,New,NULL,10,12-01-2026 19:35
7865,Bhavna Goel,60,1067381339,New,NULL,2,12-01-2026 19:35
7866,Dev Choudhary,77,3969114982,New,NULL,6,12-01-2026 19:35
7867,Jagdish Gara,81,5344579035,New,NULL,2,12-01-2026 19:35
7868,Advik Doctor,52,1517125844,New,NULL,19,12-01-2026 19:35
7869,Chanakya Gour,84,594609142,New,NULL,2,12-01-2026 19:35
7870,Arunima Shere,61,6781417209,New,NULL,1,12-01-2026 19:35
7871,Harini Bahl,28,5759325233,New,NULL,10,12-01-2026 19:35
7872,Anusha Nadig,48,7789431120,New,NULL,10,12-01-2026 19:35
7873,Yadavi Nazareth,77,5568822482,New,NULL,4,12-01-2026 19:35
7874,Ayush Prabhakar,63,4959813740,New,NULL,16,12-01-2026 19:35
7875,Fitan Singh,44,9411599115,New,NULL,3,12-01-2026 19:35
7876,Dayamai Kapur,19,2042301638,Referral,7617,4,12-01-2026 19:35
7877,Jalsa Baral,61,3436852037,New,NULL,6,12-01-2026 19:35
7878,Dakshesh Lalla,77,2557680797,New,NULL,12,12-01-2026 19:35
7879,Daniel Vyas,23,530214437,New,NULL,20,12-01-2026 19:35
7880,Tarak Kalla,27,8337882669,New,NULL,8,12-01-2026 19:35
7881,Siddharth Halder,49,3289514073,New,NULL,18,12-01-2026 19:35
7882,Shivansh Roy,63,9701522817,New,NULL,17,12-01-2026 19:35
7883,Kevin Iyengar,29,5758590342,New,NULL,18,12-01-2026 19:35
7884,Adya Kurian,37,2987125088,New,NULL,2,12-01-2026 19:35
7885,Hemang Jayaraman,18,6809725219,New,NULL,10,12-01-2026 19:35
7886,Chatura Gade,80,1371783877,New,NULL,10,12-01-2026 19:35
7887,Ekapad Tata,19,1090565147,New,NULL,15,12-01-2026 19:35
7888,Jonathan Pal,51,3374955494,New,NULL,8,12-01-2026 19:35
7889,Joshua Hegde,85,8589457319,New,NULL,8,12-01-2026 19:35
7890,Anusha Johal,21,2485037609,New,NULL,14,12-01-2026 19:35
7891,Osha Bedi,84,1424597688,New,NULL,15,12-01-2026 19:35
7892,Michael Singhal,24,1948366361,New,NULL,8,12-01-2026 19:35
7893,Megha Krish,69,3575020829,Referral,3398,9,12-01-2026 19:35
7894,Joshua Sood,29,4324321748,New,NULL,18,12-01-2026 19:35
7895,Nachiket Goel,53,3705070862,New,NULL,1,12-01-2026 19:35
7896,Teerth Rama,36,4998565672,New,NULL,16,12-01-2026 19:35
7897,Amrita Singhal,33,2687244120,New,NULL,5,12-01-2026 19:35
7898,Elijah Vala,61,3585944043,New,NULL,2,12-01-2026 19:35
7899,Veda Savant,81,5563907047,New,NULL,18,12-01-2026 19:35
7900,Daksh Gole,82,2908606513,New,NULL,17,12-01-2026 19:35
7901,Kashvi Bhatia,52,3347777946,New,NULL,9,12-01-2026 19:35
7902,Dalaja Batta,65,3017402960,Referral,6554,17,12-01-2026 19:35
7903,Frederick Rout,66,6362891061,New,NULL,15,12-01-2026 19:35
7904,Dominic Ben,46,7134796104,New,NULL,12,12-01-2026 19:35
7905,Wahab Vaidya,43,1523059710,New,NULL,7,12-01-2026 19:35
7906,Lipika Sem,66,7388791123,New,NULL,4,12-01-2026 19:35
7907,Neelima Atwal,31,7165387907,New,NULL,9,12-01-2026 19:35
7908,Omisha Mitra,20,7069648118,New,NULL,12,12-01-2026 19:35
7909,Max Sarna,62,165394321,New,NULL,12,12-01-2026 19:35
7910,Pranav Vyas,73,8852806519,New,NULL,9,12-01-2026 19:35
7911,Jai Bala,75,3922987590,New,NULL,15,12-01-2026 19:35
7912,Anita Chander,19,7548897739,New,NULL,20,12-01-2026 19:35
7913,Janani Thakkar,65,9005786795,Referral,3026,7,12-01-2026 19:35
7914,Jhalak Loke,77,3579696952,Referral,7250,11,12-01-2026 19:35
7915,Avni Dass,20,1554602665,New,NULL,15,12-01-2026 19:35
7916,Anusha Chakraborty,50,5699530542,New,NULL,19,12-01-2026 19:35
7917,Ekaraj Jaggi,33,3614288896,New,NULL,14,12-01-2026 19:35
7918,Thomas Bath,31,2590221669,New,NULL,7,12-01-2026 19:35
7919,Gunbir Devi,59,8280555532,New,NULL,1,12-01-2026 19:35
7920,Daksha Mishra,80,2474182194,New,NULL,14,12-01-2026 19:35
7921,Triveni Sibal,54,3263730643,Referral,961,18,12-01-2026 19:35
7922,Vincent Bajwa,48,4551820553,New,NULL,14,12-01-2026 19:35
7923,Ridhi Varkey,36,8743254696,New,NULL,6,12-01-2026 19:35
7924,Manbir Issac,56,3760667145,New,NULL,17,12-01-2026 19:35
7925,Faqid Swamy,32,9487126910,New,NULL,11,12-01-2026 19:35
7926,Zarna Gandhi,80,5990075424,New,NULL,17,12-01-2026 19:35
7927,Vasudha Mane,80,3253192380,New,NULL,18,12-01-2026 19:35
7928,Gaurangi Gulati,47,9500440558,New,NULL,8,12-01-2026 19:35
7929,Yashvi Rastogi,80,8464013254,New,NULL,14,12-01-2026 19:35
7930,Ishwar Dhar,36,66715722,New,NULL,11,12-01-2026 19:35
7931,Sathvik Barman,39,7255544608,New,NULL,10,12-01-2026 19:35
7932,Chatura Kala,55,2904484627,New,NULL,11,12-01-2026 19:35
7933,Frederick Mander,56,2155545433,New,NULL,15,12-01-2026 19:35
7934,Kabir Bumb,35,9261060204,Referral,6488,2,12-01-2026 19:35
7935,Farhan Cheema,49,4250976910,New,NULL,14,12-01-2026 19:35
7936,Kabir Chhabra,34,3532539463,New,NULL,16,12-01-2026 19:35
7937,Damini Salvi,74,9474817187,New,NULL,1,12-01-2026 19:35
7938,Sanya Sanghvi,61,6689341596,New,NULL,15,12-01-2026 19:35
7939,Priya Tandon,50,9886487735,New,NULL,16,12-01-2026 19:35
7940,Upadhriti Nadkarni,44,9920266382,New,NULL,11,12-01-2026 19:35
7941,Reva Chawla,55,6349442883,New,NULL,2,12-01-2026 19:35
7942,Darika Prabhakar,24,2793294888,Referral,3602,19,12-01-2026 19:35
7943,Vansha Merchant,37,983858038,New,NULL,20,12-01-2026 19:35
7944,Bakhshi Parmer,51,545016897,New,NULL,2,12-01-2026 19:35
7945,Fiyaz Bail,26,9182952616,Referral,7273,4,12-01-2026 19:35
7946,Timothy Nadkarni,42,1959947563,New,NULL,8,12-01-2026 19:35
7947,Manbir Dara,51,1476741735,Referral,1702,1,12-01-2026 19:35
7948,Indrajit Varty,18,8536769769,New,NULL,11,12-01-2026 19:35
7949,Jyoti Chakrabarti,34,2110076785,New,NULL,4,12-01-2026 19:35
7950,Lajita Sami,44,2501558733,New,NULL,14,12-01-2026 19:35
7951,Oni Badal,75,4067551604,New,NULL,14,12-01-2026 19:35
7952,Caleb Kalita,82,1642773360,New,NULL,14,12-01-2026 19:35
7953,Utkarsh Karpe,84,27787624,New,NULL,19,12-01-2026 19:35
7954,Meghana Borra,18,3916574100,New,NULL,7,12-01-2026 19:35
7955,Theodore Sankar,76,6936179085,New,NULL,8,12-01-2026 19:35
7956,Deepa Loyal,69,9335363090,Referral,2686,9,12-01-2026 19:35
7957,Saumya Choudhary,56,9044634829,New,NULL,7,12-01-2026 19:35
7958,Suhani Bava,69,9034806401,New,NULL,16,12-01-2026 19:35
7959,Karan Nigam,77,3924863585,New,NULL,1,12-01-2026 19:35
7960,Ekaja Sharaf,58,9890368534,New,NULL,11,12-01-2026 19:35
7961,Hiral Mitter,19,1865782788,New,NULL,1,12-01-2026 19:35
7962,Barkha Setty,55,8151170970,New,NULL,7,12-01-2026 19:35
7963,Dayamai Sachar,23,1635618581,New,NULL,3,12-01-2026 19:35
7964,Tanmayi Ramanathan,63,1737816878,New,NULL,5,12-01-2026 19:35
7965,Osha Saraf,61,9254811579,New,NULL,14,12-01-2026 19:35
7966,Ekansh Garde,82,9967583814,New,NULL,18,12-01-2026 19:35
7967,Qarin Badal,73,1547663032,Referral,5212,7,12-01-2026 19:35
7968,Krishna Sundaram,72,1861201951,Referral,2403,20,12-01-2026 19:35
7969,Liam Narasimhan,71,9125595499,Referral,6649,8,12-01-2026 19:35
7970,Janya Bera,33,4571841594,Referral,6113,8,12-01-2026 19:35
7971,Ayushman Jaggi,32,3178348470,Referral,3992,17,12-01-2026 19:35
7972,Jhalak More,63,3941425883,New,NULL,8,12-01-2026 19:35
7973,Udyati Seshadri,76,3669290137,New,NULL,6,12-01-2026 19:35
7974,Girik Chaudhry,85,8520457288,Referral,2302,1,12-01-2026 19:35
7975,Gautami Bumb,44,1656421007,New,NULL,4,12-01-2026 19:35
7976,Odika Murthy,59,9047291834,New,NULL,2,12-01-2026 19:35
7977,Liam Batta,23,6238429551,New,NULL,15,12-01-2026 19:35
7978,Kevin Bail,45,9536989281,New,NULL,20,12-01-2026 19:35
7979,Anay Tank,20,3391595651,New,NULL,17,12-01-2026 19:35
7980,Yachana Pathak,51,6173761807,New,NULL,3,12-01-2026 19:35
7981,Xiti Khatri,68,127066377,New,NULL,3,12-01-2026 19:35
7982,Jai Naik,68,8968154795,New,NULL,8,12-01-2026 19:35
7983,Praneel Kulkarni,67,8774103686,New,NULL,14,12-01-2026 19:35
7984,Aishani Kalla,38,9866618565,New,NULL,6,12-01-2026 19:35
7985,Wriddhish Kashyap,70,233607947,New,NULL,6,12-01-2026 19:35
7986,Isaac Garg,83,7352767624,New,NULL,16,12-01-2026 19:35
7987,Vritti Mody,69,8262378566,New,NULL,3,12-01-2026 19:35
7988,Omaja Wali,55,793159717,New,NULL,3,12-01-2026 19:35
7989,Akshay Kalla,64,9509650204,New,NULL,13,12-01-2026 19:35
7990,Prisha Anne,43,1747304211,Referral,6663,6,12-01-2026 19:35
7991,Naveen Raman,52,5131973048,New,NULL,18,12-01-2026 19:35
7992,Ekiya Hari,34,5691690475,New,NULL,12,12-01-2026 19:35
7993,Aachal Buch,79,6647935844,New,NULL,6,12-01-2026 19:35
7994,Ira Palla,82,8006144247,New,NULL,4,12-01-2026 19:35
7995,Radhika Handa,71,8456009053,New,NULL,18,12-01-2026 19:35
7996,Aadhya Guha,69,6488565567,New,NULL,14,12-01-2026 19:35
7997,Anay Prabhu,54,4372420821,New,NULL,5,12-01-2026 19:35
7998,Rayaan Dugar,80,4971043184,New,NULL,3,12-01-2026 19:35
7999,Owen Misra,76,6025499293,New,NULL,3,12-01-2026 19:35
8000,Reyansh Balay,20,3603328946,New,NULL,11,12-01-2026 19:35
,,,,,,,
