invoice_id,customer_id,staff_id,invoice_date,payment_mode,total_amount_items,total_tax,discount_amount,final_bill_amount
1,1154,1,"2025-02-21 00:00:00",Card,6749.00,245.00,0.00,6994.00
2,4900,6,"2025-10-27 00:00:00",UPI,2748.00,467.00,0.00,3215.00
3,5778,2,"2025-03-13 00:00:00",Card,2227.00,425.00,0.00,2652.00
4,5087,2,"2025-02-09 00:00:00",UPI,11442.00,435.00,0.00,11877.00
5,6427,10,"2025-09-23 00:00:00",Card,12341.00,255.00,0.00,12596.00
6,4959,18,"2025-12-26 00:00:00",Card,16128.00,194.00,0.00,16322.00
7,1541,9,"2025-11-22 00:00:00",Cash,6941.00,353.00,0.00,7294.00
8,1641,4,"2025-09-22 00:00:00",Cash,1934.00,184.00,0.00,2118.00
9,6443,10,"2025-09-01 00:00:00",Cash,4154.00,304.00,0.00,4458.00
10,6073,5,"2025-12-26 00:00:00",Card,1881.00,357.00,0.00,2238.00
11,4464,5,"2025-05-28 00:00:00",Card,3706.00,227.00,0.00,3933.00
12,3240,3,"2025-06-08 00:00:00",Card,10202.00,278.00,0.00,10480.00
13,1753,17,"2025-07-18 00:00:00",UPI,4977.00,289.00,0.00,5266.00
14,7405,8,"2025-03-23 00:00:00",Card,4030.00,465.00,0.00,4495.00
15,6167,3,"2025-08-12 00:00:00",Cash,13761.00,230.00,0.00,13991.00
16,3975,7,"2025-04-16 00:00:00",Cash,12098.00,425.00,0.00,12523.00
17,7393,2,"2026-01-11 00:00:00",Card,24489.00,388.00,0.00,24877.00
18,5284,5,"2025-07-23 00:00:00",UPI,2333.00,455.00,0.00,2788.00
19,1844,11,"2025-11-28 00:00:00",Cash,20328.00,221.00,0.00,20549.00
20,2265,2,"2025-09-24 00:00:00",Cash,1441.00,156.00,0.00,1597.00
21,17,11,"2025-01-23 00:00:00",Cash,5391.00,193.00,0.00,5584.00
22,95,15,"2025-06-17 00:00:00",Cash,6727.00,495.00,0.00,7222.00
23,5705,4,"2025-02-15 00:00:00",UPI,7738.00,492.00,0.00,8230.00
24,5529,7,"2025-06-30 00:00:00",Card,9015.00,173.00,0.00,9188.00
25,7632,15,"2025-12-17 00:00:00",UPI,1929.00,298.00,0.00,2227.00
26,6205,2,"2025-09-14 00:00:00",Cash,3252.00,172.00,0.00,3424.00
27,4383,11,"2025-09-18 00:00:00",Card,12645.00,383.00,0.00,13028.00
28,6202,14,"2025-09-06 00:00:00",UPI,9772.00,435.00,0.00,10207.00
29,557,4,"2025-11-21 00:00:00",UPI,2916.00,183.00,0.00,3099.00
30,544,2,"2025-08-11 00:00:00",Card,3630.00,497.00,0.00,4127.00
31,2038,11,"2025-11-16 00:00:00",Card,4561.00,237.00,0.00,4798.00
32,6447,11,"2025-03-02 00:00:00",Cash,6695.00,179.00,0.00,6874.00
33,6235,16,"2025-01-16 00:00:00",UPI,8774.00,374.00,0.00,9148.00
34,6881,8,"2025-08-20 00:00:00",UPI,5156.00,308.00,0.00,5464.00
35,2304,19,"2025-02-16 00:00:00",Card,9098.00,385.00,0.00,9483.00
36,6364,12,"2025-08-17 00:00:00",UPI,13301.00,216.00,0.00,13517.00
37,7720,10,"2025-11-04 00:00:00",Cash,11832.00,208.00,0.00,12040.00
38,3583,20,"2025-09-24 00:00:00",Card,14590.00,380.00,0.00,14970.00
39,7535,11,"2025-09-06 00:00:00",Card,6633.00,182.00,0.00,6815.00
40,6928,5,"2025-12-07 00:00:00",Cash,12094.00,385.00,0.00,12479.00
41,7093,5,"2025-12-02 00:00:00",Cash,10375.00,443.00,0.00,10818.00
42,2828,1,"2025-06-15 00:00:00",UPI,13114.00,206.00,0.00,13320.00
43,4193,7,"2025-12-23 00:00:00",Card,16703.00,175.00,0.00,16878.00
44,6672,19,"2025-11-03 00:00:00",UPI,10454.00,420.00,0.00,10874.00
45,187,11,"2025-07-28 00:00:00",Cash,15147.00,296.00,0.00,15443.00
46,7508,15,"2025-01-22 00:00:00",UPI,15013.00,340.00,0.00,15353.00
47,2686,3,"2025-07-24 00:00:00",Card,16815.00,411.00,0.00,17226.00
48,1373,8,"2025-10-01 00:00:00",Cash,7372.00,298.00,0.00,7670.00
49,5866,15,"2025-07-23 00:00:00",Card,8552.00,383.00,0.00,8935.00
50,3304,12,"2025-12-05 00:00:00",Card,3070.00,492.00,0.00,3562.00
51,474,2,"2025-07-20 00:00:00",Card,10440.00,390.00,0.00,10830.00
52,4136,19,"2025-03-24 00:00:00",UPI,10084.00,455.00,0.00,10539.00
53,2640,1,"2025-07-23 00:00:00",Card,8266.00,174.00,0.00,8440.00
54,5674,13,"2025-05-15 00:00:00",Card,888.00,259.00,0.00,1147.00
55,6147,13,"2025-08-29 00:00:00",Cash,5574.00,201.00,0.00,5775.00
56,4855,10,"2025-03-27 00:00:00",UPI,8770.00,407.00,0.00,9177.00
57,4457,2,"2025-04-11 00:00:00",Card,1342.00,483.00,0.00,1825.00
58,117,19,"2025-10-04 00:00:00",UPI,8924.00,323.00,0.00,9247.00
59,1544,18,"2025-10-08 00:00:00",Cash,8425.00,370.00,0.00,8795.00
60,4026,10,"2025-12-08 00:00:00",Cash,11697.00,425.00,0.00,12122.00
61,7934,2,"2025-12-24 00:00:00",Cash,11966.00,319.00,0.00,12285.00
62,465,7,"2025-08-02 00:00:00",Cash,7299.00,342.00,0.00,7641.00
63,4470,15,"2025-03-04 00:00:00",UPI,11771.00,397.00,0.00,12168.00
64,5930,19,"2025-03-09 00:00:00",Card,5974.00,284.00,0.00,6258.00
65,2897,14,"2025-03-03 00:00:00",UPI,14607.00,246.00,0.00,14853.00
66,4704,13,"2025-12-22 00:00:00",UPI,17548.00,407.00,0.00,17955.00
67,6216,9,"2025-01-14 00:00:00",Card,7385.00,152.00,0.00,7537.00
68,5455,2,"2025-11-16 00:00:00",Card,8994.00,465.00,0.00,9459.00
69,4747,11,"2025-10-19 00:00:00",UPI,4439.00,437.00,0.00,4876.00
70,1240,7,"2025-02-25 00:00:00",Cash,748.00,424.00,0.00,1172.00
71,3194,6,"2025-03-13 00:00:00",Card,8597.00,324.00,0.00,8921.00
72,818,18,"2025-02-23 00:00:00",Card,2356.00,446.00,0.00,2802.00
73,3494,4,"2025-07-15 00:00:00",Card,907.00,237.00,0.00,1144.00
74,6894,18,"2025-01-13 00:00:00",Cash,3877.00,186.00,0.00,4063.00
75,4508,20,"2025-02-06 00:00:00",Card,20548.00,230.00,0.00,20778.00
76,1531,16,"2025-12-28 00:00:00",Cash,17924.00,484.00,0.00,18408.00
77,3398,3,"2025-01-21 00:00:00",Card,4399.00,276.00,0.00,4675.00
78,6146,5,"2025-05-11 00:00:00",Cash,4602.00,460.00,0.00,5062.00
79,617,17,"2025-06-28 00:00:00",Cash,6833.00,412.00,0.00,7245.00
80,6498,8,"2025-03-21 00:00:00",Cash,5171.00,459.00,0.00,5630.00
81,5378,12,"2025-06-03 00:00:00",Card,12165.00,372.00,0.00,12537.00
82,5915,9,"2025-03-05 00:00:00",UPI,24010.00,486.00,0.00,24496.00
83,23,14,"2026-01-05 00:00:00",Cash,7662.00,396.00,0.00,8058.00
84,3851,13,"2025-08-08 00:00:00",Card,4465.00,347.00,0.00,4812.00
85,5468,9,"2025-09-23 00:00:00",Card,16756.00,450.00,0.00,17206.00
86,3010,4,"2025-08-24 00:00:00",Card,2752.00,359.00,0.00,3111.00
87,4528,20,"2025-12-29 00:00:00",Card,3967.00,438.00,0.00,4405.00
88,3775,16,"2025-04-07 00:00:00",UPI,11340.00,277.00,0.00,11617.00
89,385,11,"2025-03-15 00:00:00",Cash,2746.00,259.00,0.00,3005.00
90,2285,9,"2025-02-20 00:00:00",UPI,6298.00,468.00,0.00,6766.00
91,6508,4,"2025-11-20 00:00:00",Cash,25938.00,184.00,0.00,26122.00
92,1090,11,"2025-11-23 00:00:00",UPI,14943.00,461.00,0.00,15404.00
93,549,15,"2025-07-08 00:00:00",Card,6333.00,220.00,0.00,6553.00
94,4073,14,"2025-06-16 00:00:00",Cash,854.00,175.00,0.00,1029.00
95,3084,5,"2025-08-24 00:00:00",Card,4471.00,242.00,0.00,4713.00
96,4433,14,"2025-12-21 00:00:00",Cash,6049.00,401.00,0.00,6450.00
97,7366,1,"2025-06-01 00:00:00",UPI,2813.00,323.00,0.00,3136.00
98,128,12,"2025-07-20 00:00:00",Cash,2160.00,279.00,0.00,2439.00
99,477,3,"2025-11-24 00:00:00",Cash,3905.00,313.00,0.00,4218.00
100,4611,6,"2025-04-10 00:00:00",Card,2788.00,326.00,0.00,3114.00
101,1159,8,"2025-04-16 00:00:00",Card,4200.00,489.00,0.00,4689.00
102,4378,17,"2026-01-06 00:00:00",Cash,7854.00,168.00,0.00,8022.00
103,5619,3,"2025-06-07 00:00:00",Cash,798.00,351.00,0.00,1149.00
104,4397,8,"2025-01-30 00:00:00",Cash,18584.00,183.00,0.00,18767.00
105,3242,11,"2025-03-15 00:00:00",Card,15212.00,467.00,0.00,15679.00
106,1602,19,"2025-06-08 00:00:00",UPI,5089.00,298.00,0.00,5387.00
107,7792,16,"2025-12-22 00:00:00",Cash,6525.00,497.00,0.00,7022.00
108,1648,5,"2025-01-24 00:00:00",UPI,5207.00,499.00,0.00,5706.00
109,615,3,"2025-11-03 00:00:00",Card,7846.00,155.00,0.00,8001.00
110,684,4,"2025-03-04 00:00:00",Card,7328.00,422.00,0.00,7750.00
111,6738,16,"2025-07-27 00:00:00",Cash,18391.00,432.00,0.00,18823.00
112,1940,11,"2025-10-02 00:00:00",UPI,6992.00,383.00,0.00,7375.00
113,5669,5,"2025-12-14 00:00:00",UPI,21319.00,346.00,0.00,21665.00
114,7599,5,"2025-02-12 00:00:00",UPI,9510.00,203.00,0.00,9713.00
115,162,10,"2025-06-17 00:00:00",Cash,5977.00,321.00,0.00,6298.00
116,5677,4,"2025-03-07 00:00:00",Cash,14739.00,249.00,0.00,14988.00
117,1478,2,"2025-08-08 00:00:00",Cash,5536.00,187.00,0.00,5723.00
118,6547,13,"2025-06-28 00:00:00",Cash,3204.00,192.00,0.00,3396.00
119,3543,4,"2025-08-21 00:00:00",Card,12055.00,164.00,0.00,12219.00
120,3305,1,"2025-03-17 00:00:00",UPI,3611.00,319.00,0.00,3930.00
121,1720,15,"2025-07-14 00:00:00",UPI,14811.00,211.00,0.00,15022.00
122,7476,13,"2025-08-09 00:00:00",Card,6589.00,393.00,0.00,6982.00
123,500,20,"2025-01-15 00:00:00",UPI,9412.00,242.00,0.00,9654.00
124,6817,10,"2025-02-24 00:00:00",Cash,4844.00,264.00,0.00,5108.00
125,4280,16,"2025-06-23 00:00:00",Cash,2218.00,224.00,0.00,2442.00
126,3024,13,"2025-03-16 00:00:00",UPI,5084.00,286.00,0.00,5370.00
127,1022,5,"2025-09-06 00:00:00",Card,6521.00,442.00,0.00,6963.00
128,6758,16,"2025-07-23 00:00:00",UPI,2586.00,435.00,0.00,3021.00
129,4042,6,"2025-12-16 00:00:00",UPI,18908.00,153.00,0.00,19061.00
130,5080,5,"2025-12-09 00:00:00",UPI,11526.00,154.00,0.00,11680.00
131,7322,16,"2025-03-13 00:00:00",UPI,7782.00,353.00,0.00,8135.00
132,5499,19,"2025-12-28 00:00:00",Cash,9593.00,309.00,0.00,9902.00
133,3910,2,"2025-03-21 00:00:00",UPI,5406.00,265.00,0.00,5671.00
134,3511,6,"2025-05-09 00:00:00",Card,22142.00,197.00,0.00,22339.00
135,7872,11,"2025-08-01 00:00:00",UPI,8447.00,320.00,0.00,8767.00
136,1992,9,"2025-11-07 00:00:00",Card,7020.00,284.00,0.00,7304.00
137,5924,5,"2025-02-02 00:00:00",Cash,19741.00,262.00,0.00,20003.00
138,2464,13,"2025-08-28 00:00:00",Card,9032.00,407.00,0.00,9439.00
139,6539,6,"2025-08-13 00:00:00",UPI,3433.00,437.00,0.00,3870.00
140,3788,19,"2025-03-30 00:00:00",Cash,10639.00,450.00,0.00,11089.00
141,3457,12,"2025-08-28 00:00:00",UPI,9451.00,499.00,0.00,9950.00
142,2213,5,"2025-04-03 00:00:00",UPI,7349.00,282.00,0.00,7631.00
143,5671,5,"2025-07-12 00:00:00",UPI,5733.00,353.00,0.00,6086.00
144,7,8,"2025-03-01 00:00:00",Card,8345.00,373.00,0.00,8718.00
145,4142,15,"2025-12-14 00:00:00",Card,10670.00,399.00,0.00,11069.00
146,230,2,"2025-12-18 00:00:00",Cash,1841.00,273.00,0.00,2114.00
147,3662,18,"2025-03-15 00:00:00",Cash,10041.00,296.00,0.00,10337.00
148,4396,16,"2025-08-05 00:00:00",UPI,10486.00,156.00,0.00,10642.00
149,214,11,"2025-03-12 00:00:00",Cash,16589.00,354.00,0.00,16943.00
150,2978,8,"2025-05-24 00:00:00",Cash,9806.00,297.00,0.00,10103.00
151,1006,15,"2025-06-26 00:00:00",Card,14247.00,318.00,0.00,14565.00
152,7038,9,"2025-02-17 00:00:00",Cash,2619.00,373.00,0.00,2992.00
153,5538,1,"2025-04-23 00:00:00",Cash,4249.00,269.00,0.00,4518.00
154,5499,12,"2025-05-13 00:00:00",Cash,6445.00,270.00,0.00,6715.00
155,4914,20,"2025-01-23 00:00:00",UPI,5744.00,354.00,0.00,6098.00
156,5024,3,"2025-11-17 00:00:00",Card,12563.00,161.00,0.00,12724.00
157,5689,11,"2025-10-09 00:00:00",Cash,13692.00,196.00,0.00,13888.00
158,4529,14,"2025-12-09 00:00:00",UPI,7735.00,422.00,0.00,8157.00
159,1168,5,"2025-05-07 00:00:00",Cash,17556.00,313.00,0.00,17869.00
160,283,12,"2025-02-10 00:00:00",UPI,1251.00,330.00,0.00,1581.00
161,3682,19,"2025-02-05 00:00:00",Card,12332.00,282.00,0.00,12614.00
162,432,13,"2025-11-30 00:00:00",Card,2716.00,219.00,0.00,2935.00
163,3618,1,"2025-01-27 00:00:00",UPI,7308.00,398.00,0.00,7706.00
164,1258,19,"2025-12-08 00:00:00",UPI,10125.00,338.00,0.00,10463.00
165,3240,18,"2025-08-03 00:00:00",Cash,7823.00,246.00,0.00,8069.00
166,4961,7,"2025-10-07 00:00:00",Card,2192.00,382.00,0.00,2574.00
167,3150,10,"2025-12-05 00:00:00",Cash,7212.00,328.00,0.00,7540.00
168,2580,20,"2025-05-28 00:00:00",Card,1545.00,494.00,0.00,2039.00
169,6605,12,"2025-11-23 00:00:00",UPI,8520.00,270.00,0.00,8790.00
170,5025,14,"2025-01-23 00:00:00",UPI,5427.00,315.00,0.00,5742.00
171,3898,17,"2025-11-19 00:00:00",Card,13222.00,370.00,0.00,13592.00
172,7542,13,"2025-06-11 00:00:00",Card,7917.00,314.00,0.00,8231.00
173,7309,17,"2025-04-12 00:00:00",Cash,4622.00,339.00,0.00,4961.00
174,4760,18,"2025-05-28 00:00:00",Cash,12315.00,465.00,0.00,12780.00
175,6841,13,"2025-07-26 00:00:00",UPI,14257.00,479.00,0.00,14736.00
176,7464,11,"2025-10-02 00:00:00",UPI,1412.00,220.00,0.00,1632.00
177,3721,19,"2025-05-11 00:00:00",Cash,6495.00,242.00,0.00,6737.00
178,5007,11,"2026-01-09 00:00:00",Cash,6510.00,247.00,0.00,6757.00
179,5737,13,"2025-11-27 00:00:00",Cash,4265.00,232.00,0.00,4497.00
180,653,6,"2025-10-14 00:00:00",UPI,10836.00,437.00,0.00,11273.00
181,3238,12,"2025-08-12 00:00:00",Cash,6614.00,207.00,0.00,6821.00
182,5801,16,"2025-12-15 00:00:00",Cash,4358.00,170.00,0.00,4528.00
183,2881,17,"2025-03-17 00:00:00",Cash,24877.00,233.00,0.00,25110.00
184,1074,1,"2025-05-06 00:00:00",Cash,5900.00,224.00,0.00,6124.00
185,7336,15,"2025-02-01 00:00:00",UPI,10766.00,464.00,0.00,11230.00
186,4518,6,"2025-11-17 00:00:00",Card,16162.00,202.00,0.00,16364.00
187,6091,10,"2025-01-15 00:00:00",UPI,18307.00,458.00,0.00,18765.00
188,318,10,"2025-05-17 00:00:00",UPI,11697.00,203.00,0.00,11900.00
189,714,20,"2025-04-18 00:00:00",UPI,8958.00,235.00,0.00,9193.00
190,6596,17,"2025-12-19 00:00:00",Card,10453.00,358.00,0.00,10811.00
191,2200,16,"2025-10-27 00:00:00",Card,3243.00,164.00,0.00,3407.00
192,1793,4,"2025-06-05 00:00:00",Card,8371.00,443.00,0.00,8814.00
193,1351,14,"2025-11-13 00:00:00",Cash,4773.00,204.00,0.00,4977.00
194,2590,10,"2025-07-31 00:00:00",Card,14407.00,286.00,0.00,14693.00
195,3378,18,"2025-03-21 00:00:00",Cash,677.00,152.00,0.00,829.00
196,5174,13,"2025-03-30 00:00:00",UPI,5677.00,394.00,0.00,6071.00
197,7419,13,"2025-07-13 00:00:00",UPI,3116.00,173.00,0.00,3289.00
198,747,16,"2025-10-08 00:00:00",Card,2428.00,210.00,0.00,2638.00
199,7996,4,"2025-06-21 00:00:00",Card,3233.00,494.00,0.00,3727.00
200,480,15,"2025-05-22 00:00:00",Card,17819.00,436.00,0.00,18255.00
201,6642,2,"2025-07-13 00:00:00",Card,10150.00,291.00,0.00,10441.00
202,2401,15,"2025-04-25 00:00:00",Cash,12366.00,485.00,0.00,12851.00
203,1523,9,"2025-06-18 00:00:00",Cash,1413.00,402.00,0.00,1815.00
204,5271,12,"2025-02-13 00:00:00",UPI,1395.00,302.00,0.00,1697.00
205,2627,2,"2025-02-16 00:00:00",UPI,10995.00,414.00,0.00,11409.00
206,468,14,"2025-05-12 00:00:00",UPI,4927.00,325.00,0.00,5252.00
207,5338,2,"2025-10-06 00:00:00",Cash,4710.00,188.00,0.00,4898.00
208,6121,3,"2025-08-02 00:00:00",UPI,18572.00,153.00,0.00,18725.00
209,6288,16,"2025-05-07 00:00:00",Cash,11983.00,434.00,0.00,12417.00
210,6390,4,"2025-08-03 00:00:00",Card,14867.00,418.00,0.00,15285.00
211,2779,5,"2025-10-13 00:00:00",Cash,2117.00,247.00,0.00,2364.00
212,1115,17,"2025-06-12 00:00:00",Card,9267.00,468.00,0.00,9735.00
213,7120,15,"2025-09-19 00:00:00",Card,1361.00,248.00,0.00,1609.00
214,4327,10,"2025-06-10 00:00:00",UPI,3720.00,264.00,0.00,3984.00
215,5487,7,"2025-03-19 00:00:00",Cash,2865.00,322.00,0.00,3187.00
216,3453,1,"2025-07-10 00:00:00",Card,12234.00,260.00,0.00,12494.00
217,6436,16,"2025-06-27 00:00:00",Cash,4158.00,219.00,0.00,4377.00
218,5768,14,"2025-10-31 00:00:00",UPI,2686.00,175.00,0.00,2861.00
219,642,20,"2025-09-07 00:00:00",UPI,5372.00,473.00,0.00,5845.00
220,4621,2,"2025-05-24 00:00:00",Cash,14872.00,422.00,0.00,15294.00
221,4611,4,"2025-04-08 00:00:00",Cash,17805.00,356.00,0.00,18161.00
222,872,1,"2025-02-11 00:00:00",Cash,3509.00,295.00,0.00,3804.00
223,3524,11,"2025-03-17 00:00:00",Card,23789.00,320.00,0.00,24109.00
224,948,11,"2025-07-03 00:00:00",UPI,4517.00,243.00,0.00,4760.00
225,1880,5,"2025-03-22 00:00:00",UPI,3195.00,384.00,0.00,3579.00
226,4855,20,"2025-04-14 00:00:00",UPI,11627.00,374.00,0.00,12001.00
227,6740,16,"2025-08-21 00:00:00",Card,6057.00,223.00,0.00,6280.00
228,2170,11,"2025-05-21 00:00:00",Cash,15142.00,498.00,0.00,15640.00
229,4069,9,"2025-06-23 00:00:00",Card,3990.00,340.00,0.00,4330.00
230,7471,1,"2025-09-12 00:00:00",UPI,12585.00,228.00,0.00,12813.00
231,4354,11,"2025-06-27 00:00:00",UPI,5807.00,500.00,0.00,6307.00
232,548,17,"2025-09-29 00:00:00",Card,11622.00,335.00,0.00,11957.00
233,3467,17,"2025-12-03 00:00:00",UPI,9978.00,466.00,0.00,10444.00
234,2602,11,"2025-08-13 00:00:00",Cash,25192.00,272.00,0.00,25464.00
235,3059,7,"2025-09-30 00:00:00",Card,3724.00,270.00,0.00,3994.00
236,1940,15,"2025-05-03 00:00:00",Cash,5381.00,498.00,0.00,5879.00
237,3089,1,"2025-10-18 00:00:00",Cash,2413.00,233.00,0.00,2646.00
238,6481,5,"2025-07-18 00:00:00",UPI,5832.00,255.00,0.00,6087.00
239,7165,17,"2025-04-09 00:00:00",Cash,4260.00,476.00,0.00,4736.00
240,1485,5,"2025-08-10 00:00:00",Cash,22603.00,228.00,0.00,22831.00
241,3858,1,"2025-09-14 00:00:00",Cash,15067.00,451.00,0.00,15518.00
242,925,7,"2025-11-23 00:00:00",Card,7540.00,185.00,0.00,7725.00
243,2863,5,"2025-06-22 00:00:00",Cash,13935.00,243.00,0.00,14178.00
244,4082,18,"2025-08-18 00:00:00",Card,5872.00,278.00,0.00,6150.00
245,241,15,"2025-04-06 00:00:00",UPI,8403.00,238.00,0.00,8641.00
246,3097,20,"2025-05-31 00:00:00",Card,8412.00,500.00,0.00,8912.00
247,2324,4,"2025-11-09 00:00:00",UPI,10817.00,401.00,0.00,11218.00
248,4158,2,"2025-07-24 00:00:00",UPI,6464.00,429.00,0.00,6893.00
249,2510,17,"2025-01-12 00:00:00",Card,17646.00,224.00,0.00,17870.00
250,2006,20,"2025-01-15 00:00:00",Card,8445.00,174.00,0.00,8619.00
251,99,17,"2025-11-12 00:00:00",Cash,5077.00,287.00,0.00,5364.00
252,5185,14,"2025-05-14 00:00:00",Cash,4707.00,456.00,0.00,5163.00
253,6923,1,"2025-07-27 00:00:00",UPI,1505.00,273.00,0.00,1778.00
254,7640,7,"2025-10-28 00:00:00",UPI,7569.00,298.00,0.00,7867.00
255,7585,1,"2025-06-06 00:00:00",Card,6481.00,162.00,0.00,6643.00
256,1762,2,"2025-12-30 00:00:00",Card,7788.00,309.00,0.00,8097.00
257,6959,11,"2025-05-08 00:00:00",Card,11929.00,216.00,0.00,12145.00
258,7561,5,"2025-11-29 00:00:00",Cash,6092.00,436.00,0.00,6528.00
259,781,7,"2025-08-05 00:00:00",Cash,21924.00,165.00,0.00,22089.00
260,6253,9,"2025-07-19 00:00:00",UPI,830.00,318.00,0.00,1148.00
261,7869,3,"2025-11-21 00:00:00",UPI,11186.00,172.00,0.00,11358.00
262,5549,8,"2025-03-19 00:00:00",UPI,12463.00,165.00,0.00,12628.00
263,6663,14,"2025-01-26 00:00:00",Cash,2218.00,391.00,0.00,2609.00
264,5647,3,"2025-09-21 00:00:00",UPI,7970.00,217.00,0.00,8187.00
265,2417,3,"2025-12-04 00:00:00",UPI,3929.00,243.00,0.00,4172.00
266,1995,14,"2025-05-15 00:00:00",Card,5401.00,203.00,0.00,5604.00
267,6118,12,"2025-08-24 00:00:00",UPI,14565.00,358.00,0.00,14923.00
268,7339,19,"2025-07-08 00:00:00",Card,1389.00,240.00,0.00,1629.00
269,1015,11,"2025-02-25 00:00:00",Cash,4527.00,463.00,0.00,4990.00
270,527,19,"2025-09-26 00:00:00",UPI,7969.00,360.00,0.00,8329.00
271,4148,3,"2025-12-24 00:00:00",UPI,1855.00,293.00,0.00,2148.00
272,4728,8,"2025-09-04 00:00:00",Card,11484.00,245.00,0.00,11729.00
273,917,13,"2025-06-26 00:00:00",UPI,9471.00,337.00,0.00,9808.00
274,6963,7,"2025-09-16 00:00:00",UPI,13985.00,458.00,0.00,14443.00
275,7202,12,"2025-08-10 00:00:00",Cash,9861.00,446.00,0.00,10307.00
276,1215,9,"2025-07-05 00:00:00",Cash,11752.00,454.00,0.00,12206.00
277,37,1,"2025-07-25 00:00:00",Card,18218.00,184.00,0.00,18402.00
278,4,7,"2025-07-11 00:00:00",Card,9505.00,419.00,0.00,9924.00
279,6226,19,"2025-08-05 00:00:00",Cash,19260.00,282.00,0.00,19542.00
280,524,8,"2025-09-05 00:00:00",Card,8557.00,253.00,0.00,8810.00
281,3750,15,"2025-09-17 00:00:00",Card,5921.00,382.00,0.00,6303.00
282,6769,14,"2025-10-10 00:00:00",UPI,10530.00,195.00,0.00,10725.00
283,2721,17,"2025-07-29 00:00:00",UPI,11147.00,211.00,0.00,11358.00
284,6134,15,"2025-04-21 00:00:00",Card,2302.00,195.00,0.00,2497.00
285,6830,17,"2025-04-13 00:00:00",Card,3940.00,389.00,0.00,4329.00
286,4826,10,"2025-04-19 00:00:00",Card,677.00,493.00,0.00,1170.00
287,1091,6,"2025-08-09 00:00:00",UPI,15928.00,340.00,0.00,16268.00
288,6622,18,"2025-09-30 00:00:00",Cash,8351.00,405.00,0.00,8756.00
289,1074,5,"2025-09-01 00:00:00",Card,1305.00,411.00,0.00,1716.00
290,1622,6,"2025-08-08 00:00:00",Cash,4259.00,446.00,0.00,4705.00
291,5247,3,"2025-07-18 00:00:00",Card,12826.00,269.00,0.00,13095.00
292,7537,19,"2025-07-03 00:00:00",Card,4094.00,459.00,0.00,4553.00
293,4256,4,"2025-12-28 00:00:00",Card,17630.00,217.00,0.00,17847.00
294,2343,11,"2025-10-04 00:00:00",Card,10138.00,350.00,0.00,10488.00
295,1079,3,"2025-06-21 00:00:00",Card,16345.00,368.00,0.00,16713.00
296,1957,5,"2025-11-19 00:00:00",UPI,7450.00,244.00,0.00,7694.00
297,4650,7,"2025-06-18 00:00:00",UPI,6681.00,193.00,0.00,6874.00
298,220,19,"2025-06-25 00:00:00",UPI,3058.00,167.00,0.00,3225.00
299,4533,8,"2025-06-24 00:00:00",Card,5925.00,406.00,0.00,6331.00
300,449,6,"2025-04-27 00:00:00",Cash,5769.00,366.00,0.00,6135.00
301,4844,13,"2025-07-09 00:00:00",Card,5898.00,233.00,0.00,6131.00
302,1807,19,"2025-05-12 00:00:00",UPI,16160.00,337.00,0.00,16497.00
303,2489,2,"2025-09-02 00:00:00",Cash,13514.00,426.00,0.00,13940.00
304,2818,10,"2025-12-08 00:00:00",Cash,5721.00,462.00,0.00,6183.00
305,5900,5,"2025-10-12 00:00:00",Card,7434.00,267.00,0.00,7701.00
306,5723,8,"2025-10-28 00:00:00",UPI,18111.00,174.00,0.00,18285.00
307,5520,20,"2025-02-27 00:00:00",Cash,15738.00,427.00,0.00,16165.00
308,5919,5,"2025-10-03 00:00:00",UPI,5669.00,232.00,0.00,5901.00
309,2824,5,"2025-12-31 00:00:00",UPI,14554.00,384.00,0.00,14938.00
310,5020,15,"2025-01-19 00:00:00",Cash,5338.00,251.00,0.00,5589.00
311,3290,8,"2025-06-11 00:00:00",Cash,11698.00,183.00,0.00,11881.00
312,2388,5,"2025-04-29 00:00:00",Card,11213.00,294.00,0.00,11507.00
313,3991,1,"2025-10-21 00:00:00",Card,2183.00,312.00,0.00,2495.00
314,1209,18,"2025-09-17 00:00:00",UPI,2105.00,473.00,0.00,2578.00
315,6073,14,"2025-08-28 00:00:00",UPI,10157.00,399.00,0.00,10556.00
316,989,7,"2025-04-29 00:00:00",UPI,1969.00,234.00,0.00,2203.00
317,34,6,"2025-08-06 00:00:00",Card,10084.00,239.00,0.00,10323.00
318,2749,6,"2026-01-08 00:00:00",UPI,5482.00,264.00,0.00,5746.00
319,1764,9,"2025-02-26 00:00:00",Card,6833.00,324.00,0.00,7157.00
320,2915,10,"2025-08-07 00:00:00",Card,13712.00,495.00,0.00,14207.00
321,3452,15,"2025-10-07 00:00:00",Cash,6220.00,161.00,0.00,6381.00
322,2195,5,"2025-06-14 00:00:00",Card,11572.00,350.00,0.00,11922.00
323,6323,15,"2025-09-06 00:00:00",Card,11938.00,278.00,0.00,12216.00
324,7483,6,"2025-09-24 00:00:00",Cash,8158.00,235.00,0.00,8393.00
325,3335,9,"2025-08-17 00:00:00",Cash,3747.00,411.00,0.00,4158.00
326,2215,11,"2025-01-17 00:00:00",Cash,5699.00,457.00,0.00,6156.00
327,3704,11,"2025-05-26 00:00:00",UPI,7104.00,150.00,0.00,7254.00
328,2127,10,"2025-08-29 00:00:00",Card,1592.00,356.00,0.00,1948.00
329,6170,12,"2025-09-02 00:00:00",UPI,7340.00,310.00,0.00,7650.00
330,6914,18,"2025-11-29 00:00:00",UPI,820.00,159.00,0.00,979.00
331,4299,14,"2025-07-19 00:00:00",Cash,9090.00,376.00,0.00,9466.00
332,902,20,"2025-10-31 00:00:00",UPI,8337.00,432.00,0.00,8769.00
333,1438,9,"2025-02-14 00:00:00",Card,12020.00,500.00,0.00,12520.00
334,1161,13,"2025-01-24 00:00:00",UPI,21876.00,462.00,0.00,22338.00
335,3004,12,"2025-04-29 00:00:00",UPI,7255.00,319.00,0.00,7574.00
336,6266,4,"2025-02-13 00:00:00",Cash,5374.00,358.00,0.00,5732.00
337,1376,7,"2025-12-02 00:00:00",UPI,12584.00,335.00,0.00,12919.00
338,6816,12,"2025-06-26 00:00:00",UPI,6441.00,153.00,0.00,6594.00
339,1382,12,"2025-04-01 00:00:00",Cash,5168.00,438.00,0.00,5606.00
340,5278,2,"2025-02-15 00:00:00",Cash,14119.00,266.00,0.00,14385.00
341,2086,2,"2025-01-22 00:00:00",UPI,15440.00,276.00,0.00,15716.00
342,302,20,"2025-08-17 00:00:00",Cash,15978.00,165.00,0.00,16143.00
343,484,2,"2025-08-19 00:00:00",Card,7551.00,256.00,0.00,7807.00
344,5794,7,"2025-03-07 00:00:00",Cash,2982.00,399.00,0.00,3381.00
345,6158,4,"2025-07-03 00:00:00",Cash,13292.00,401.00,0.00,13693.00
346,7565,15,"2026-01-07 00:00:00",Card,6086.00,222.00,0.00,6308.00
347,7345,14,"2025-01-18 00:00:00",UPI,14022.00,304.00,0.00,14326.00
348,4415,14,"2025-08-23 00:00:00",UPI,5306.00,194.00,0.00,5500.00
349,4802,12,"2025-02-15 00:00:00",Card,14410.00,448.00,0.00,14858.00
350,6923,10,"2025-05-29 00:00:00",Cash,12842.00,287.00,0.00,13129.00
351,4486,18,"2025-02-23 00:00:00",Card,24628.00,169.00,0.00,24797.00
352,2586,8,"2025-04-06 00:00:00",Cash,2102.00,246.00,0.00,2348.00
353,3119,8,"2025-10-04 00:00:00",Card,7770.00,274.00,0.00,8044.00
354,3355,20,"2025-02-04 00:00:00",Cash,1610.00,273.00,0.00,1883.00
355,2666,8,"2025-04-05 00:00:00",Cash,10766.00,359.00,0.00,11125.00
356,1096,12,"2025-10-23 00:00:00",Card,6283.00,259.00,0.00,6542.00
357,7873,14,"2025-06-22 00:00:00",UPI,12198.00,389.00,0.00,12587.00
358,1262,3,"2025-09-27 00:00:00",Cash,2354.00,153.00,0.00,2507.00
359,6061,7,"2025-07-18 00:00:00",Cash,946.00,241.00,0.00,1187.00
360,6080,6,"2025-11-08 00:00:00",Card,15735.00,302.00,0.00,16037.00
361,6580,3,"2025-03-29 00:00:00",Card,6695.00,260.00,0.00,6955.00
362,2182,8,"2025-07-13 00:00:00",UPI,9391.00,373.00,0.00,9764.00
363,1458,16,"2025-08-06 00:00:00",UPI,7419.00,182.00,0.00,7601.00
364,7374,9,"2025-05-04 00:00:00",Cash,1828.00,456.00,0.00,2284.00
365,2564,2,"2025-03-10 00:00:00",Cash,2506.00,158.00,0.00,2664.00
366,7623,8,"2025-01-21 00:00:00",Cash,12823.00,469.00,0.00,13292.00
367,7503,5,"2025-01-29 00:00:00",UPI,10700.00,429.00,0.00,11129.00
368,1698,10,"2025-06-12 00:00:00",Card,10851.00,319.00,0.00,11170.00
369,6591,11,"2026-01-09 00:00:00",Cash,6742.00,216.00,0.00,6958.00
370,7203,4,"2025-03-15 00:00:00",Card,5179.00,413.00,0.00,5592.00
371,516,2,"2025-02-23 00:00:00",Card,18987.00,319.00,0.00,19306.00
372,5577,17,"2025-07-27 00:00:00",UPI,10140.00,458.00,0.00,10598.00
373,6011,18,"2025-07-22 00:00:00",Card,5904.00,188.00,0.00,6092.00
374,5864,2,"2025-03-07 00:00:00",Card,9090.00,210.00,0.00,9300.00
375,38,14,"2025-12-29 00:00:00",Card,18668.00,306.00,0.00,18974.00
376,3997,15,"2025-03-28 00:00:00",Cash,10326.00,320.00,0.00,10646.00
377,7466,5,"2025-01-22 00:00:00",Cash,9020.00,424.00,0.00,9444.00
378,6161,10,"2025-01-17 00:00:00",UPI,14842.00,463.00,0.00,15305.00
379,7882,5,"2025-05-09 00:00:00",Card,10898.00,370.00,0.00,11268.00
380,5323,13,"2025-03-05 00:00:00",Cash,10574.00,292.00,0.00,10866.00
381,5823,4,"2025-01-23 00:00:00",UPI,7741.00,256.00,0.00,7997.00
382,6805,17,"2025-07-09 00:00:00",Card,4927.00,246.00,0.00,5173.00
383,6526,4,"2025-09-03 00:00:00",Cash,2299.00,219.00,0.00,2518.00
384,3644,6,"2025-07-28 00:00:00",Card,11214.00,384.00,0.00,11598.00
385,1643,3,"2025-12-08 00:00:00",Card,8545.00,431.00,0.00,8976.00
386,2206,2,"2025-03-19 00:00:00",Card,9910.00,343.00,0.00,10253.00
387,2395,15,"2025-12-12 00:00:00",Cash,13144.00,449.00,0.00,13593.00
388,5575,15,"2025-12-23 00:00:00",Card,19982.00,248.00,0.00,20230.00
389,3394,14,"2025-02-17 00:00:00",UPI,20931.00,254.00,0.00,21185.00
390,1740,10,"2025-10-02 00:00:00",Card,10418.00,355.00,0.00,10773.00
391,6207,3,"2025-08-17 00:00:00",Cash,21346.00,391.00,0.00,21737.00
392,7132,7,"2025-04-05 00:00:00",Card,5247.00,468.00,0.00,5715.00
393,834,6,"2025-04-15 00:00:00",UPI,4133.00,450.00,0.00,4583.00
394,1956,15,"2025-05-01 00:00:00",Card,7223.00,395.00,0.00,7618.00
395,2360,9,"2025-06-23 00:00:00",Cash,24556.00,166.00,0.00,24722.00
396,5606,18,"2025-05-11 00:00:00",Card,11296.00,372.00,0.00,11668.00
397,2501,7,"2025-08-20 00:00:00",UPI,9942.00,153.00,0.00,10095.00
398,7540,6,"2025-02-15 00:00:00",Card,6223.00,465.00,0.00,6688.00
399,5616,5,"2025-07-08 00:00:00",Card,16164.00,353.00,0.00,16517.00
400,3918,7,"2025-09-03 00:00:00",Cash,8902.00,459.00,0.00,9361.00
401,972,15,"2025-06-08 00:00:00",Cash,5668.00,385.00,0.00,6053.00
402,5686,14,"2025-08-06 00:00:00",Cash,17169.00,458.00,0.00,17627.00
403,6700,6,"2025-12-02 00:00:00",Card,9618.00,277.00,0.00,9895.00
404,5845,17,"2025-02-25 00:00:00",Card,7315.00,267.00,0.00,7582.00
405,7866,17,"2025-11-10 00:00:00",Card,10870.00,428.00,0.00,11298.00
406,7407,9,"2025-06-13 00:00:00",Card,15674.00,150.00,0.00,15824.00
407,1083,14,"2025-09-17 00:00:00",Card,16477.00,339.00,0.00,16816.00
408,3904,17,"2025-08-26 00:00:00",Card,15505.00,230.00,0.00,15735.00
409,3757,2,"2025-12-31 00:00:00",Cash,9035.00,212.00,0.00,9247.00
410,5656,2,"2025-03-22 00:00:00",Cash,549.00,271.00,0.00,820.00
411,4202,9,"2025-03-12 00:00:00",Cash,8927.00,497.00,0.00,9424.00
412,1120,5,"2025-07-09 00:00:00",UPI,6489.00,181.00,0.00,6670.00
413,7976,17,"2025-12-17 00:00:00",Cash,6471.00,445.00,0.00,6916.00
414,954,2,"2025-04-21 00:00:00",Cash,23428.00,401.00,0.00,23829.00
415,1795,19,"2025-02-01 00:00:00",UPI,8669.00,442.00,0.00,9111.00
416,3556,10,"2025-03-21 00:00:00",Cash,1449.00,408.00,0.00,1857.00
417,7850,11,"2025-09-12 00:00:00",UPI,11836.00,255.00,0.00,12091.00
418,6147,11,"2025-09-21 00:00:00",Cash,5196.00,210.00,0.00,5406.00
419,4957,9,"2025-10-14 00:00:00",UPI,8589.00,367.00,0.00,8956.00
420,5771,13,"2025-07-26 00:00:00",Cash,3943.00,348.00,0.00,4291.00
421,7928,15,"2025-10-24 00:00:00",UPI,5393.00,345.00,0.00,5738.00
422,575,17,"2025-09-19 00:00:00",UPI,22447.00,214.00,0.00,22661.00
423,3922,14,"2025-12-05 00:00:00",Card,4240.00,361.00,0.00,4601.00
424,3175,16,"2025-07-21 00:00:00",UPI,9504.00,381.00,0.00,9885.00
425,849,19,"2025-05-17 00:00:00",UPI,17280.00,209.00,0.00,17489.00
426,3179,13,"2025-05-22 00:00:00",Card,5653.00,494.00,0.00,6147.00
427,4833,14,"2025-12-05 00:00:00",Cash,20435.00,317.00,0.00,20752.00
428,2622,2,"2025-01-25 00:00:00",Cash,12084.00,336.00,0.00,12420.00
429,3682,15,"2025-12-29 00:00:00",Cash,8248.00,429.00,0.00,8677.00
430,2303,19,"2026-01-02 00:00:00",UPI,15622.00,295.00,0.00,15917.00
431,596,15,"2025-02-03 00:00:00",UPI,7800.00,366.00,0.00,8166.00
432,5031,20,"2025-09-29 00:00:00",Cash,7819.00,310.00,0.00,8129.00
433,6641,15,"2025-05-06 00:00:00",Card,9929.00,214.00,0.00,10143.00
434,2291,8,"2025-02-07 00:00:00",Card,3108.00,340.00,0.00,3448.00
435,6681,13,"2025-03-30 00:00:00",UPI,5546.00,249.00,0.00,5795.00
436,6419,7,"2025-07-11 00:00:00",Cash,1609.00,393.00,0.00,2002.00
437,5745,1,"2025-01-16 00:00:00",Card,13882.00,324.00,0.00,14206.00
438,7309,19,"2025-08-31 00:00:00",Card,6949.00,188.00,0.00,7137.00
439,440,19,"2025-06-10 00:00:00",Card,6618.00,241.00,0.00,6859.00
440,904,15,"2025-12-20 00:00:00",Card,13476.00,356.00,0.00,13832.00
441,382,11,"2025-01-18 00:00:00",Cash,12807.00,311.00,0.00,13118.00
442,3005,11,"2025-07-25 00:00:00",UPI,5177.00,353.00,0.00,5530.00
443,5561,2,"2025-02-01 00:00:00",UPI,6374.00,497.00,0.00,6871.00
444,3029,20,"2025-11-15 00:00:00",Card,797.00,411.00,0.00,1208.00
445,1126,20,"2025-03-16 00:00:00",Cash,12964.00,316.00,0.00,13280.00
446,6776,14,"2025-11-16 00:00:00",Cash,7953.00,347.00,0.00,8300.00
447,6516,14,"2026-01-05 00:00:00",UPI,4093.00,428.00,0.00,4521.00
448,7791,12,"2025-02-11 00:00:00",Cash,9222.00,285.00,0.00,9507.00
449,7583,4,"2025-11-01 00:00:00",Card,12689.00,451.00,0.00,13140.00
450,3918,20,"2025-04-18 00:00:00",UPI,5888.00,451.00,0.00,6339.00
451,5602,12,"2025-06-02 00:00:00",Cash,3961.00,413.00,0.00,4374.00
452,6929,19,"2025-04-28 00:00:00",Card,9196.00,469.00,0.00,9665.00
453,3274,3,"2025-02-22 00:00:00",UPI,7513.00,382.00,0.00,7895.00
454,3860,16,"2025-05-12 00:00:00",Cash,7160.00,339.00,0.00,7499.00
455,4220,16,"2025-02-27 00:00:00",Cash,6192.00,315.00,0.00,6507.00
456,7963,4,"2025-05-22 00:00:00",Cash,8015.00,334.00,0.00,8349.00
457,7586,18,"2025-02-09 00:00:00",UPI,7224.00,490.00,0.00,7714.00
458,7382,9,"2025-09-25 00:00:00",Card,12096.00,198.00,0.00,12294.00
459,1228,19,"2025-01-23 00:00:00",UPI,8364.00,213.00,0.00,8577.00
460,7648,15,"2025-02-21 00:00:00",Cash,5007.00,215.00,0.00,5222.00
461,3341,10,"2025-11-01 00:00:00",Cash,14085.00,349.00,0.00,14434.00
462,677,4,"2025-04-09 00:00:00",UPI,3490.00,446.00,0.00,3936.00
463,2229,4,"2025-02-22 00:00:00",UPI,7795.00,373.00,0.00,8168.00
464,6132,17,"2025-10-22 00:00:00",UPI,11982.00,228.00,0.00,12210.00
465,4203,3,"2025-05-18 00:00:00",Cash,4307.00,296.00,0.00,4603.00
466,1123,3,"2025-05-24 00:00:00",Card,15159.00,268.00,0.00,15427.00
467,4301,18,"2025-03-29 00:00:00",Card,14339.00,226.00,0.00,14565.00
468,2693,1,"2025-12-04 00:00:00",Card,9903.00,492.00,0.00,10395.00
469,7780,8,"2025-06-01 00:00:00",UPI,5451.00,328.00,0.00,5779.00
470,181,14,"2025-06-23 00:00:00",UPI,4317.00,150.00,0.00,4467.00
471,4371,14,"2025-04-29 00:00:00",UPI,18192.00,246.00,0.00,18438.00
472,6333,5,"2025-03-07 00:00:00",Card,8496.00,158.00,0.00,8654.00
473,7436,13,"2025-01-22 00:00:00",Card,4870.00,250.00,0.00,5120.00
474,1480,7,"2025-09-30 00:00:00",Card,12854.00,229.00,0.00,13083.00
475,791,20,"2025-02-19 00:00:00",UPI,6425.00,213.00,0.00,6638.00
476,5561,4,"2025-08-30 00:00:00",Cash,18270.00,217.00,0.00,18487.00
477,1239,7,"2025-08-12 00:00:00",UPI,9428.00,440.00,0.00,9868.00
478,734,20,"2025-08-30 00:00:00",UPI,10340.00,455.00,0.00,10795.00
479,7460,6,"2025-08-08 00:00:00",UPI,2782.00,418.00,0.00,3200.00
480,1894,2,"2025-07-07 00:00:00",Card,10644.00,466.00,0.00,11110.00
481,1421,19,"2025-12-07 00:00:00",Cash,5093.00,328.00,0.00,5421.00
482,7609,12,"2025-12-30 00:00:00",Cash,5041.00,255.00,0.00,5296.00
483,2320,19,"2025-01-31 00:00:00",UPI,5551.00,387.00,0.00,5938.00
484,1201,3,"2025-02-07 00:00:00",Card,5038.00,415.00,0.00,5453.00
485,2245,15,"2026-01-02 00:00:00",UPI,13069.00,371.00,0.00,13440.00
486,2045,4,"2025-12-03 00:00:00",Card,13391.00,279.00,0.00,13670.00
487,5288,16,"2025-07-31 00:00:00",Card,9900.00,365.00,0.00,10265.00
488,7062,8,"2025-02-05 00:00:00",UPI,10770.00,226.00,0.00,10996.00
489,5672,3,"2025-02-19 00:00:00",Cash,12601.00,403.00,0.00,13004.00
490,3214,5,"2025-02-09 00:00:00",UPI,12579.00,403.00,0.00,12982.00
491,3457,14,"2025-09-12 00:00:00",Card,10629.00,342.00,0.00,10971.00
492,6676,3,"2025-12-16 00:00:00",UPI,11931.00,327.00,0.00,12258.00
493,506,18,"2025-03-16 00:00:00",UPI,6920.00,291.00,0.00,7211.00
494,1869,5,"2025-07-26 00:00:00",Cash,11183.00,277.00,0.00,11460.00
495,5149,19,"2025-01-23 00:00:00",UPI,7559.00,444.00,0.00,8003.00
496,2188,19,"2025-12-22 00:00:00",UPI,16951.00,249.00,0.00,17200.00
497,2753,6,"2025-10-07 00:00:00",UPI,584.00,435.00,0.00,1019.00
498,7640,11,"2025-12-06 00:00:00",UPI,16629.00,173.00,0.00,16802.00
499,3581,12,"2025-12-11 00:00:00",Card,4564.00,476.00,0.00,5040.00
500,6221,10,"2025-08-06 00:00:00",Card,5801.00,347.00,0.00,6148.00
501,7970,19,"2025-12-22 00:00:00",Cash,6340.00,289.00,0.00,6629.00
502,511,9,"2025-12-01 00:00:00",UPI,10350.00,443.00,0.00,10793.00
503,3584,13,"2025-11-22 00:00:00",Card,7697.00,429.00,0.00,8126.00
504,5586,20,"2025-09-03 00:00:00",Card,11431.00,227.00,0.00,11658.00
505,7090,8,"2025-10-11 00:00:00",Card,13042.00,229.00,0.00,13271.00
506,2189,20,"2025-08-27 00:00:00",UPI,6508.00,362.00,0.00,6870.00
507,826,4,"2025-05-28 00:00:00",Card,11599.00,350.00,0.00,11949.00
508,7920,14,"2025-12-13 00:00:00",Card,4906.00,208.00,0.00,5114.00
509,6336,13,"2025-07-14 00:00:00",UPI,6764.00,350.00,0.00,7114.00
510,77,3,"2025-10-03 00:00:00",Cash,3127.00,313.00,0.00,3440.00
511,4517,13,"2025-01-25 00:00:00",Card,13699.00,235.00,0.00,13934.00
512,7419,18,"2025-05-30 00:00:00",Cash,4177.00,460.00,0.00,4637.00
513,5607,14,"2025-05-13 00:00:00",Card,23526.00,277.00,0.00,23803.00
514,6119,7,"2025-09-14 00:00:00",Card,3504.00,293.00,0.00,3797.00
515,5554,12,"2025-06-06 00:00:00",Cash,1986.00,159.00,0.00,2145.00
516,2815,5,"2025-07-16 00:00:00",Cash,5290.00,264.00,0.00,5554.00
517,4045,14,"2025-04-04 00:00:00",Card,2786.00,253.00,0.00,3039.00
518,7953,10,"2025-09-04 00:00:00",UPI,6055.00,303.00,0.00,6358.00
519,5629,2,"2025-12-05 00:00:00",UPI,6677.00,459.00,0.00,7136.00
520,5123,4,"2025-02-11 00:00:00",Card,18838.00,201.00,0.00,19039.00
521,1757,12,"2025-09-15 00:00:00",Cash,18858.00,287.00,0.00,19145.00
522,835,19,"2025-02-13 00:00:00",Card,13719.00,190.00,0.00,13909.00
523,4679,18,"2025-05-24 00:00:00",Cash,3516.00,192.00,0.00,3708.00
524,5233,5,"2025-01-17 00:00:00",Cash,11748.00,150.00,0.00,11898.00
525,531,4,"2025-08-23 00:00:00",Card,11894.00,283.00,0.00,12177.00
526,3281,9,"2025-10-30 00:00:00",UPI,3937.00,262.00,0.00,4199.00
527,905,8,"2025-10-16 00:00:00",Cash,5208.00,366.00,0.00,5574.00
528,7177,1,"2025-09-11 00:00:00",Cash,10760.00,189.00,0.00,10949.00
529,699,18,"2025-03-21 00:00:00",Cash,13145.00,410.00,0.00,13555.00
530,4119,13,"2025-03-16 00:00:00",Card,9026.00,349.00,0.00,9375.00
531,2750,8,"2025-06-28 00:00:00",Card,7817.00,183.00,0.00,8000.00
532,1670,3,"2025-10-27 00:00:00",UPI,20280.00,354.00,0.00,20634.00
533,1199,8,"2025-01-26 00:00:00",Cash,17471.00,452.00,0.00,17923.00
534,1450,17,"2025-08-20 00:00:00",UPI,9676.00,252.00,0.00,9928.00
535,7526,5,"2025-11-22 00:00:00",Cash,5622.00,311.00,0.00,5933.00
536,1264,15,"2025-08-15 00:00:00",Card,6638.00,274.00,0.00,6912.00
537,7666,7,"2025-10-03 00:00:00",Cash,7929.00,230.00,0.00,8159.00
538,3149,10,"2025-02-01 00:00:00",Cash,5092.00,209.00,0.00,5301.00
539,2239,11,"2025-07-27 00:00:00",Card,3670.00,404.00,0.00,4074.00
540,5548,18,"2025-05-11 00:00:00",Card,9642.00,193.00,0.00,9835.00
541,4816,16,"2025-12-17 00:00:00",Cash,17205.00,439.00,0.00,17644.00
542,6300,17,"2025-08-14 00:00:00",Cash,10225.00,244.00,0.00,10469.00
543,4500,9,"2025-02-27 00:00:00",UPI,26810.00,408.00,0.00,27218.00
544,4687,11,"2025-12-23 00:00:00",UPI,6285.00,433.00,0.00,6718.00
545,1722,10,"2025-03-01 00:00:00",Card,4591.00,458.00,0.00,5049.00
546,2156,3,"2025-02-21 00:00:00",Card,2380.00,447.00,0.00,2827.00
547,7120,7,"2026-01-01 00:00:00",Cash,6319.00,461.00,0.00,6780.00
548,7284,8,"2025-09-15 00:00:00",UPI,8996.00,214.00,0.00,9210.00
549,5420,12,"2025-02-27 00:00:00",Card,910.00,425.00,0.00,1335.00
550,5604,10,"2025-01-22 00:00:00",Cash,6714.00,156.00,0.00,6870.00
551,6934,19,"2025-10-03 00:00:00",UPI,1932.00,268.00,0.00,2200.00
552,5080,4,"2025-06-30 00:00:00",Cash,2533.00,421.00,0.00,2954.00
553,3043,2,"2025-11-15 00:00:00",Card,15663.00,497.00,0.00,16160.00
554,3300,9,"2025-10-06 00:00:00",UPI,6961.00,301.00,0.00,7262.00
555,5698,6,"2025-01-27 00:00:00",Card,6069.00,198.00,0.00,6267.00
556,7526,7,"2025-03-13 00:00:00",UPI,7961.00,180.00,0.00,8141.00
557,5232,11,"2025-07-22 00:00:00",Cash,5184.00,488.00,0.00,5672.00
558,2487,11,"2025-04-05 00:00:00",Card,8269.00,347.00,0.00,8616.00
559,1120,18,"2026-01-09 00:00:00",Cash,14487.00,266.00,0.00,14753.00
560,792,19,"2025-04-09 00:00:00",Card,6368.00,365.00,0.00,6733.00
561,4327,6,"2025-09-22 00:00:00",UPI,9993.00,325.00,0.00,10318.00
562,5600,17,"2025-11-23 00:00:00",UPI,9782.00,314.00,0.00,10096.00
563,117,2,"2025-08-08 00:00:00",UPI,11641.00,360.00,0.00,12001.00
564,2740,7,"2025-08-20 00:00:00",UPI,7297.00,440.00,0.00,7737.00
565,4396,6,"2025-06-17 00:00:00",Cash,15354.00,466.00,0.00,15820.00
566,5417,2,"2025-06-01 00:00:00",Cash,8612.00,264.00,0.00,8876.00
567,2462,17,"2025-03-22 00:00:00",Card,19782.00,188.00,0.00,19970.00
568,7061,14,"2025-10-30 00:00:00",UPI,4575.00,385.00,0.00,4960.00
569,4895,5,"2025-07-17 00:00:00",UPI,1168.00,170.00,0.00,1338.00
570,5606,11,"2025-06-16 00:00:00",Card,4632.00,398.00,0.00,5030.00
571,4230,10,"2025-12-31 00:00:00",Cash,6529.00,487.00,0.00,7016.00
572,2802,10,"2025-10-05 00:00:00",Cash,4396.00,252.00,0.00,4648.00
573,2115,3,"2025-04-19 00:00:00",Cash,6850.00,387.00,0.00,7237.00
574,6791,10,"2025-08-25 00:00:00",Card,16001.00,223.00,0.00,16224.00
575,7944,20,"2025-09-25 00:00:00",Cash,4030.00,447.00,0.00,4477.00
576,1130,5,"2025-02-06 00:00:00",UPI,701.00,172.00,0.00,873.00
577,1238,8,"2025-08-20 00:00:00",Cash,8194.00,447.00,0.00,8641.00
578,1790,15,"2025-11-09 00:00:00",Cash,9433.00,195.00,0.00,9628.00
579,3778,19,"2025-01-27 00:00:00",Card,5772.00,215.00,0.00,5987.00
580,3145,2,"2025-06-01 00:00:00",Card,10864.00,295.00,0.00,11159.00
581,506,3,"2025-09-14 00:00:00",Card,5907.00,315.00,0.00,6222.00
582,2316,14,"2025-09-09 00:00:00",Card,7965.00,421.00,0.00,8386.00
583,840,11,"2026-01-07 00:00:00",Cash,8579.00,442.00,0.00,9021.00
584,3527,8,"2025-03-03 00:00:00",UPI,2256.00,393.00,0.00,2649.00
585,2969,13,"2025-10-31 00:00:00",Card,6008.00,229.00,0.00,6237.00
586,7658,9,"2025-01-14 00:00:00",Cash,10549.00,316.00,0.00,10865.00
587,7649,7,"2025-06-06 00:00:00",UPI,7617.00,407.00,0.00,8024.00
588,4233,9,"2025-04-04 00:00:00",UPI,12968.00,495.00,0.00,13463.00
589,2028,14,"2025-02-02 00:00:00",Cash,1646.00,284.00,0.00,1930.00
590,4875,19,"2025-11-08 00:00:00",Card,4760.00,315.00,0.00,5075.00
591,6057,13,"2025-05-17 00:00:00",Cash,16774.00,456.00,0.00,17230.00
592,6563,5,"2025-05-30 00:00:00",UPI,6678.00,393.00,0.00,7071.00
593,6559,11,"2025-03-28 00:00:00",Cash,5277.00,172.00,0.00,5449.00
594,5765,2,"2025-01-16 00:00:00",Cash,10691.00,439.00,0.00,11130.00
595,841,6,"2025-02-20 00:00:00",UPI,15280.00,331.00,0.00,15611.00
596,5640,7,"2025-09-26 00:00:00",Card,5597.00,422.00,0.00,6019.00
597,5176,3,"2025-05-18 00:00:00",Cash,4472.00,286.00,0.00,4758.00
598,4679,4,"2026-01-10 00:00:00",Cash,7822.00,234.00,0.00,8056.00
599,111,19,"2025-12-03 00:00:00",UPI,5411.00,277.00,0.00,5688.00
600,1126,18,"2025-10-20 00:00:00",UPI,1255.00,180.00,0.00,1435.00
601,7066,18,"2025-04-06 00:00:00",UPI,5041.00,453.00,0.00,5494.00
602,292,16,"2025-02-14 00:00:00",UPI,7435.00,481.00,0.00,7916.00
603,5940,20,"2025-05-01 00:00:00",Card,14370.00,246.00,0.00,14616.00
604,4416,18,"2025-04-12 00:00:00",UPI,13038.00,379.00,0.00,13417.00
605,7251,19,"2025-05-24 00:00:00",UPI,11752.00,488.00,0.00,12240.00
606,1360,6,"2025-12-09 00:00:00",UPI,6845.00,187.00,0.00,7032.00
607,7858,19,"2025-01-27 00:00:00",Card,7193.00,274.00,0.00,7467.00
608,2167,13,"2025-09-10 00:00:00",UPI,9299.00,257.00,0.00,9556.00
609,1119,7,"2025-06-08 00:00:00",Cash,1654.00,246.00,0.00,1900.00
610,1105,20,"2025-03-12 00:00:00",UPI,8564.00,151.00,0.00,8715.00
611,4451,13,"2025-06-10 00:00:00",Card,5542.00,500.00,0.00,6042.00
612,5166,17,"2025-08-16 00:00:00",Card,18679.00,343.00,0.00,19022.00
613,5205,3,"2025-01-12 00:00:00",Card,6642.00,459.00,0.00,7101.00
614,886,20,"2025-12-11 00:00:00",Card,11187.00,345.00,0.00,11532.00
615,6206,12,"2025-05-30 00:00:00",Cash,3610.00,188.00,0.00,3798.00
616,3067,5,"2025-11-13 00:00:00",Cash,1110.00,485.00,0.00,1595.00
617,1153,4,"2025-11-29 00:00:00",UPI,12066.00,449.00,0.00,12515.00
618,7357,7,"2025-03-23 00:00:00",UPI,3863.00,468.00,0.00,4331.00
619,2606,4,"2025-03-31 00:00:00",Card,7545.00,392.00,0.00,7937.00
620,3173,19,"2025-09-05 00:00:00",Cash,5584.00,207.00,0.00,5791.00
621,1436,14,"2025-07-01 00:00:00",UPI,12480.00,486.00,0.00,12966.00
622,1859,19,"2025-11-28 00:00:00",Card,12488.00,181.00,0.00,12669.00
623,2964,7,"2025-12-12 00:00:00",Card,7576.00,323.00,0.00,7899.00
624,6341,19,"2025-08-21 00:00:00",Cash,6524.00,300.00,0.00,6824.00
625,697,12,"2025-04-02 00:00:00",Card,5330.00,150.00,0.00,5480.00
626,738,8,"2025-05-11 00:00:00",Card,6789.00,415.00,0.00,7204.00
627,3916,9,"2025-06-10 00:00:00",Cash,19618.00,189.00,0.00,19807.00
628,3476,16,"2025-09-06 00:00:00",Cash,9381.00,438.00,0.00,9819.00
629,5446,7,"2025-06-09 00:00:00",Card,10357.00,210.00,0.00,10567.00
630,5137,7,"2025-12-17 00:00:00",Cash,5865.00,164.00,0.00,6029.00
631,3800,5,"2025-08-29 00:00:00",UPI,4556.00,306.00,0.00,4862.00
632,1409,7,"2025-06-10 00:00:00",Cash,13647.00,341.00,0.00,13988.00
633,5776,10,"2025-03-21 00:00:00",Cash,6131.00,309.00,0.00,6440.00
634,1002,5,"2025-04-14 00:00:00",UPI,16146.00,277.00,0.00,16423.00
635,5254,8,"2025-05-29 00:00:00",Card,5414.00,359.00,0.00,5773.00
636,6942,20,"2025-04-05 00:00:00",Cash,15422.00,196.00,0.00,15618.00
637,1417,14,"2025-12-13 00:00:00",UPI,18485.00,376.00,0.00,18861.00
638,5089,6,"2025-07-27 00:00:00",UPI,23565.00,449.00,0.00,24014.00
639,3089,11,"2025-03-13 00:00:00",Card,8338.00,467.00,0.00,8805.00
640,931,16,"2025-03-25 00:00:00",Cash,15316.00,280.00,0.00,15596.00
641,7733,5,"2025-05-10 00:00:00",Card,8599.00,391.00,0.00,8990.00
642,340,16,"2025-12-07 00:00:00",Card,16296.00,274.00,0.00,16570.00
643,6918,20,"2025-12-19 00:00:00",Card,2230.00,399.00,0.00,2629.00
644,6519,16,"2025-11-26 00:00:00",UPI,7038.00,414.00,0.00,7452.00
645,7524,4,"2025-12-21 00:00:00",Cash,11302.00,260.00,0.00,11562.00
646,7262,14,"2025-02-19 00:00:00",Cash,11517.00,169.00,0.00,11686.00
647,244,10,"2025-05-13 00:00:00",Card,6630.00,162.00,0.00,6792.00
648,5852,8,"2025-07-30 00:00:00",Card,6016.00,315.00,0.00,6331.00
649,1622,1,"2025-08-10 00:00:00",UPI,1153.00,260.00,0.00,1413.00
650,635,6,"2025-11-26 00:00:00",Card,6970.00,239.00,0.00,7209.00
651,7715,3,"2025-03-19 00:00:00",Cash,13675.00,211.00,0.00,13886.00
652,5121,8,"2025-11-29 00:00:00",Card,6818.00,274.00,0.00,7092.00
653,5833,16,"2025-12-19 00:00:00",UPI,14162.00,157.00,0.00,14319.00
654,3303,9,"2025-11-19 00:00:00",UPI,5911.00,154.00,0.00,6065.00
655,4461,5,"2025-04-21 00:00:00",UPI,6032.00,396.00,0.00,6428.00
656,2169,6,"2025-09-09 00:00:00",UPI,3654.00,434.00,0.00,4088.00
657,7653,3,"2025-08-22 00:00:00",UPI,14397.00,194.00,0.00,14591.00
658,3554,9,"2026-01-01 00:00:00",Cash,3857.00,498.00,0.00,4355.00
659,5186,19,"2025-04-11 00:00:00",UPI,6283.00,189.00,0.00,6472.00
660,6363,12,"2025-04-07 00:00:00",UPI,15597.00,393.00,0.00,15990.00
661,4041,10,"2025-09-19 00:00:00",Card,3222.00,312.00,0.00,3534.00
662,5179,8,"2025-10-28 00:00:00",Cash,16500.00,493.00,0.00,16993.00
663,5078,10,"2025-02-16 00:00:00",UPI,7080.00,442.00,0.00,7522.00
664,1804,3,"2025-02-26 00:00:00",Cash,4264.00,299.00,0.00,4563.00
665,5001,20,"2025-04-23 00:00:00",Card,3033.00,417.00,0.00,3450.00
666,5963,16,"2025-05-29 00:00:00",Card,15324.00,356.00,0.00,15680.00
667,7310,7,"2025-06-21 00:00:00",Cash,7272.00,263.00,0.00,7535.00
668,7836,3,"2025-11-09 00:00:00",UPI,4306.00,251.00,0.00,4557.00
669,1136,13,"2025-09-05 00:00:00",Card,3527.00,199.00,0.00,3726.00
670,7222,12,"2025-02-08 00:00:00",Cash,10953.00,487.00,0.00,11440.00
671,6978,18,"2025-11-09 00:00:00",Cash,24642.00,457.00,0.00,25099.00
672,3447,17,"2025-07-02 00:00:00",Cash,6825.00,294.00,0.00,7119.00
673,6189,9,"2025-03-07 00:00:00",UPI,4331.00,284.00,0.00,4615.00
674,4488,3,"2025-02-05 00:00:00",UPI,12920.00,169.00,0.00,13089.00
675,4462,18,"2025-11-11 00:00:00",Card,9849.00,188.00,0.00,10037.00
676,1753,15,"2025-10-08 00:00:00",Card,11420.00,209.00,0.00,11629.00
677,7051,7,"2025-04-25 00:00:00",Cash,5559.00,408.00,0.00,5967.00
678,6921,17,"2025-09-08 00:00:00",Cash,10431.00,218.00,0.00,10649.00
679,5106,20,"2025-02-08 00:00:00",Cash,9986.00,426.00,0.00,10412.00
680,1295,20,"2025-09-02 00:00:00",Cash,5765.00,345.00,0.00,6110.00
681,6381,3,"2025-11-09 00:00:00",Card,3015.00,257.00,0.00,3272.00
682,1114,5,"2025-09-26 00:00:00",UPI,2245.00,313.00,0.00,2558.00
683,7750,13,"2025-02-13 00:00:00",UPI,4081.00,451.00,0.00,4532.00
684,5737,19,"2025-09-06 00:00:00",UPI,7626.00,207.00,0.00,7833.00
685,1976,20,"2025-10-23 00:00:00",UPI,1788.00,492.00,0.00,2280.00
686,3607,10,"2025-07-31 00:00:00",Card,25628.00,349.00,0.00,25977.00
687,2808,20,"2025-02-19 00:00:00",UPI,2801.00,337.00,0.00,3138.00
688,6163,18,"2025-07-17 00:00:00",Cash,2878.00,482.00,0.00,3360.00
689,778,6,"2025-12-18 00:00:00",Cash,1512.00,378.00,0.00,1890.00
690,1318,7,"2025-06-20 00:00:00",Card,8703.00,488.00,0.00,9191.00
691,7732,14,"2025-09-24 00:00:00",UPI,11507.00,465.00,0.00,11972.00
692,1139,16,"2025-04-27 00:00:00",Cash,527.00,253.00,0.00,780.00
693,5105,13,"2025-06-19 00:00:00",Cash,11068.00,224.00,0.00,11292.00
694,145,10,"2025-08-08 00:00:00",Card,11405.00,362.00,0.00,11767.00
695,7469,16,"2025-10-15 00:00:00",Cash,7904.00,167.00,0.00,8071.00
696,4692,13,"2025-05-06 00:00:00",UPI,9668.00,425.00,0.00,10093.00
697,4468,17,"2025-11-24 00:00:00",UPI,1087.00,220.00,0.00,1307.00
698,6784,13,"2025-05-07 00:00:00",Card,17183.00,249.00,0.00,17432.00
699,3258,7,"2025-08-15 00:00:00",UPI,9022.00,491.00,0.00,9513.00
700,1657,10,"2025-03-23 00:00:00",Card,6027.00,291.00,0.00,6318.00
701,3300,16,"2025-12-03 00:00:00",UPI,5939.00,194.00,0.00,6133.00
702,4660,3,"2025-12-17 00:00:00",Card,13048.00,219.00,0.00,13267.00
703,7005,13,"2025-01-17 00:00:00",Cash,4526.00,258.00,0.00,4784.00
704,6812,3,"2025-02-08 00:00:00",UPI,3028.00,290.00,0.00,3318.00
705,1025,17,"2025-08-21 00:00:00",UPI,4729.00,430.00,0.00,5159.00
706,832,20,"2025-02-22 00:00:00",UPI,17321.00,248.00,0.00,17569.00
707,4849,19,"2025-10-23 00:00:00",UPI,6133.00,423.00,0.00,6556.00
708,2129,4,"2025-04-25 00:00:00",Cash,10596.00,474.00,0.00,11070.00
709,4557,19,"2025-03-21 00:00:00",Card,5840.00,383.00,0.00,6223.00
710,7698,7,"2025-03-23 00:00:00",Cash,13055.00,164.00,0.00,13219.00
711,923,4,"2025-12-06 00:00:00",UPI,21929.00,233.00,0.00,22162.00
712,3479,15,"2025-11-06 00:00:00",UPI,7422.00,316.00,0.00,7738.00
713,7507,5,"2025-11-15 00:00:00",Cash,1113.00,463.00,0.00,1576.00
714,2914,18,"2025-03-05 00:00:00",UPI,15748.00,335.00,0.00,16083.00
715,6088,4,"2025-09-20 00:00:00",Card,10737.00,302.00,0.00,11039.00
716,2218,2,"2025-05-02 00:00:00",UPI,4873.00,242.00,0.00,5115.00
717,4334,4,"2025-06-12 00:00:00",Card,1555.00,315.00,0.00,1870.00
718,1346,12,"2025-09-12 00:00:00",UPI,16125.00,302.00,0.00,16427.00
719,3330,1,"2025-08-21 00:00:00",Cash,1339.00,252.00,0.00,1591.00
720,1581,3,"2025-01-24 00:00:00",Card,26608.00,151.00,0.00,26759.00
721,2594,6,"2025-12-12 00:00:00",UPI,16694.00,356.00,0.00,17050.00
722,826,6,"2025-11-27 00:00:00",UPI,7458.00,360.00,0.00,7818.00
723,7992,7,"2025-06-12 00:00:00",Cash,4323.00,398.00,0.00,4721.00
724,6527,18,"2025-07-31 00:00:00",Cash,11024.00,440.00,0.00,11464.00
725,2396,16,"2025-08-30 00:00:00",Cash,14933.00,306.00,0.00,15239.00
726,4414,11,"2025-04-08 00:00:00",Cash,3212.00,207.00,0.00,3419.00
727,1670,6,"2025-06-25 00:00:00",UPI,12214.00,389.00,0.00,12603.00
728,7413,20,"2025-09-05 00:00:00",Cash,11719.00,465.00,0.00,12184.00
729,505,8,"2025-05-28 00:00:00",Card,7959.00,470.00,0.00,8429.00
730,592,5,"2025-11-13 00:00:00",Card,10987.00,397.00,0.00,11384.00
731,2513,16,"2025-03-03 00:00:00",Card,11111.00,335.00,0.00,11446.00
732,2983,11,"2025-05-13 00:00:00",Cash,12356.00,307.00,0.00,12663.00
733,1635,16,"2025-06-08 00:00:00",Cash,3277.00,174.00,0.00,3451.00
734,1916,2,"2025-04-26 00:00:00",Card,2566.00,156.00,0.00,2722.00
735,4563,15,"2025-03-07 00:00:00",Cash,11860.00,170.00,0.00,12030.00
736,3435,20,"2025-11-12 00:00:00",Cash,6958.00,459.00,0.00,7417.00
737,6362,8,"2025-05-31 00:00:00",Card,9721.00,150.00,0.00,9871.00
738,4194,2,"2025-07-22 00:00:00",Cash,10338.00,236.00,0.00,10574.00
739,5495,12,"2025-11-23 00:00:00",UPI,5120.00,323.00,0.00,5443.00
740,1263,17,"2025-03-11 00:00:00",Cash,5820.00,330.00,0.00,6150.00
741,5123,1,"2025-05-29 00:00:00",Card,11807.00,163.00,0.00,11970.00
742,2548,14,"2025-04-24 00:00:00",Card,3280.00,479.00,0.00,3759.00
743,3593,5,"2025-09-18 00:00:00",UPI,10210.00,349.00,0.00,10559.00
744,569,4,"2025-10-24 00:00:00",UPI,1433.00,203.00,0.00,1636.00
745,6616,5,"2025-02-08 00:00:00",UPI,5125.00,477.00,0.00,5602.00
746,3086,19,"2025-04-17 00:00:00",Card,7081.00,423.00,0.00,7504.00
747,4292,7,"2025-02-06 00:00:00",Cash,12167.00,293.00,0.00,12460.00
748,4123,18,"2025-08-18 00:00:00",Cash,3942.00,418.00,0.00,4360.00
749,381,10,"2025-04-26 00:00:00",Cash,7396.00,399.00,0.00,7795.00
750,6735,11,"2025-01-17 00:00:00",Cash,7275.00,437.00,0.00,7712.00
751,5011,18,"2025-01-19 00:00:00",UPI,6081.00,441.00,0.00,6522.00
752,6802,20,"2025-06-28 00:00:00",UPI,4443.00,440.00,0.00,4883.00
753,1884,20,"2025-06-30 00:00:00",Cash,10780.00,191.00,0.00,10971.00
754,3116,7,"2025-02-24 00:00:00",UPI,3937.00,359.00,0.00,4296.00
755,2760,12,"2025-04-06 00:00:00",UPI,6011.00,469.00,0.00,6480.00
756,6091,8,"2025-10-13 00:00:00",Cash,4906.00,257.00,0.00,5163.00
757,1190,17,"2025-09-19 00:00:00",Cash,8426.00,167.00,0.00,8593.00
758,6580,1,"2025-12-28 00:00:00",Card,3831.00,450.00,0.00,4281.00
759,7442,3,"2025-04-01 00:00:00",UPI,1203.00,352.00,0.00,1555.00
760,7375,4,"2025-12-15 00:00:00",Card,7137.00,267.00,0.00,7404.00
761,7727,11,"2025-08-07 00:00:00",Cash,11601.00,190.00,0.00,11791.00
762,5030,15,"2025-10-21 00:00:00",Cash,11176.00,367.00,0.00,11543.00
763,3484,13,"2025-11-18 00:00:00",UPI,8744.00,277.00,0.00,9021.00
764,498,6,"2025-04-16 00:00:00",UPI,13479.00,335.00,0.00,13814.00
765,1437,16,"2025-05-07 00:00:00",Card,8316.00,468.00,0.00,8784.00
766,5509,5,"2025-01-12 00:00:00",UPI,6037.00,251.00,0.00,6288.00
767,6348,4,"2025-03-10 00:00:00",Card,13908.00,329.00,0.00,14237.00
768,480,6,"2025-08-10 00:00:00",Card,2258.00,173.00,0.00,2431.00
769,157,14,"2025-08-28 00:00:00",UPI,16441.00,401.00,0.00,16842.00
770,171,1,"2025-06-01 00:00:00",Cash,3810.00,154.00,0.00,3964.00
771,5573,6,"2025-06-13 00:00:00",Cash,4997.00,366.00,0.00,5363.00
772,5779,1,"2025-07-01 00:00:00",Card,6055.00,179.00,0.00,6234.00
773,503,11,"2025-07-30 00:00:00",Cash,12080.00,317.00,0.00,12397.00
774,823,18,"2025-09-15 00:00:00",Cash,15789.00,362.00,0.00,16151.00
775,7105,18,"2025-02-16 00:00:00",UPI,730.00,234.00,0.00,964.00
776,6711,17,"2025-03-18 00:00:00",Cash,13185.00,455.00,0.00,13640.00
777,7729,15,"2025-11-17 00:00:00",Cash,15911.00,473.00,0.00,16384.00
778,7510,11,"2025-06-26 00:00:00",UPI,2824.00,160.00,0.00,2984.00
779,2105,6,"2025-11-14 00:00:00",Cash,12537.00,464.00,0.00,13001.00
780,6118,11,"2025-03-07 00:00:00",Card,12876.00,309.00,0.00,13185.00
781,6457,11,"2025-08-04 00:00:00",UPI,6434.00,183.00,0.00,6617.00
782,5036,6,"2025-03-10 00:00:00",Cash,4597.00,261.00,0.00,4858.00
783,743,10,"2025-02-23 00:00:00",Card,10542.00,309.00,0.00,10851.00
784,5498,9,"2025-07-29 00:00:00",Cash,10176.00,361.00,0.00,10537.00
785,939,4,"2025-04-02 00:00:00",Cash,6551.00,498.00,0.00,7049.00
786,1521,18,"2025-07-11 00:00:00",Card,16334.00,398.00,0.00,16732.00
787,6011,11,"2025-12-22 00:00:00",UPI,5056.00,150.00,0.00,5206.00
788,3156,8,"2025-05-02 00:00:00",UPI,5210.00,332.00,0.00,5542.00
789,6743,3,"2025-09-01 00:00:00",UPI,1918.00,273.00,0.00,2191.00
790,3083,6,"2025-10-12 00:00:00",Card,3555.00,353.00,0.00,3908.00
791,2520,16,"2025-09-26 00:00:00",UPI,3788.00,476.00,0.00,4264.00
792,139,6,"2025-05-29 00:00:00",Cash,6004.00,290.00,0.00,6294.00
793,5787,8,"2025-10-19 00:00:00",Card,11203.00,191.00,0.00,11394.00
794,1999,20,"2025-04-06 00:00:00",UPI,2007.00,369.00,0.00,2376.00
795,7883,18,"2025-04-25 00:00:00",Card,1850.00,322.00,0.00,2172.00
796,628,20,"2025-06-04 00:00:00",UPI,11453.00,271.00,0.00,11724.00
797,6264,9,"2025-10-26 00:00:00",UPI,4768.00,205.00,0.00,4973.00
798,2593,1,"2025-12-28 00:00:00",Cash,6555.00,191.00,0.00,6746.00
799,5265,8,"2025-09-13 00:00:00",UPI,13899.00,468.00,0.00,14367.00
800,6575,7,"2025-09-09 00:00:00",UPI,19949.00,444.00,0.00,20393.00
801,7580,4,"2025-12-27 00:00:00",Card,22312.00,270.00,0.00,22582.00
802,6854,12,"2025-05-17 00:00:00",Card,10867.00,227.00,0.00,11094.00
803,7468,15,"2025-09-19 00:00:00",UPI,6597.00,419.00,0.00,7016.00
804,1551,3,"2025-11-26 00:00:00",UPI,12367.00,322.00,0.00,12689.00
805,7328,15,"2025-10-25 00:00:00",Card,14290.00,320.00,0.00,14610.00
806,4120,11,"2025-03-13 00:00:00",Cash,17809.00,346.00,0.00,18155.00
807,7974,12,"2025-09-21 00:00:00",UPI,16039.00,482.00,0.00,16521.00
808,2354,10,"2025-04-25 00:00:00",UPI,14501.00,491.00,0.00,14992.00
809,7666,13,"2025-06-27 00:00:00",Card,3725.00,283.00,0.00,4008.00
810,2572,12,"2025-03-17 00:00:00",UPI,6328.00,218.00,0.00,6546.00
811,6350,11,"2025-12-23 00:00:00",UPI,14054.00,224.00,0.00,14278.00
812,5338,5,"2025-06-29 00:00:00",Card,3750.00,407.00,0.00,4157.00
813,7851,14,"2025-12-22 00:00:00",Card,4803.00,395.00,0.00,5198.00
814,1375,17,"2025-03-21 00:00:00",Card,10836.00,492.00,0.00,11328.00
815,4400,17,"2025-09-10 00:00:00",Cash,10100.00,237.00,0.00,10337.00
816,945,7,"2025-07-18 00:00:00",UPI,18786.00,360.00,0.00,19146.00
817,4247,5,"2025-02-13 00:00:00",Cash,21376.00,341.00,0.00,21717.00
818,3791,12,"2025-01-20 00:00:00",Card,4094.00,162.00,0.00,4256.00
819,1953,10,"2025-12-21 00:00:00",Card,9211.00,463.00,0.00,9674.00
820,4709,3,"2025-05-04 00:00:00",UPI,19095.00,231.00,0.00,19326.00
821,2576,18,"2025-01-29 00:00:00",Card,5539.00,266.00,0.00,5805.00
822,3212,4,"2025-12-26 00:00:00",Cash,7491.00,316.00,0.00,7807.00
823,7059,4,"2025-12-02 00:00:00",UPI,4290.00,500.00,0.00,4790.00
824,4941,2,"2025-04-20 00:00:00",Card,3486.00,369.00,0.00,3855.00
825,4160,6,"2025-09-20 00:00:00",Card,5577.00,232.00,0.00,5809.00
826,622,20,"2026-01-01 00:00:00",Cash,6441.00,394.00,0.00,6835.00
827,3934,8,"2025-02-09 00:00:00",UPI,11650.00,403.00,0.00,12053.00
828,3703,7,"2025-11-03 00:00:00",Cash,6170.00,206.00,0.00,6376.00
829,1445,13,"2025-09-02 00:00:00",Cash,4462.00,297.00,0.00,4759.00
830,665,1,"2025-01-22 00:00:00",Cash,8343.00,376.00,0.00,8719.00
831,2931,11,"2025-04-10 00:00:00",Cash,4601.00,416.00,0.00,5017.00
832,4679,11,"2025-11-30 00:00:00",UPI,28420.00,155.00,0.00,28575.00
833,1813,4,"2026-01-02 00:00:00",Cash,10628.00,289.00,0.00,10917.00
834,2141,8,"2025-01-30 00:00:00",UPI,5627.00,187.00,0.00,5814.00
835,6611,4,"2025-10-21 00:00:00",Cash,5887.00,198.00,0.00,6085.00
836,3692,7,"2025-10-15 00:00:00",UPI,2775.00,193.00,0.00,2968.00
837,1481,12,"2025-03-26 00:00:00",Cash,11356.00,454.00,0.00,11810.00
838,3037,6,"2026-01-03 00:00:00",UPI,13316.00,239.00,0.00,13555.00
839,4542,20,"2025-12-12 00:00:00",Card,10733.00,160.00,0.00,10893.00
840,71,10,"2025-12-28 00:00:00",Card,18163.00,445.00,0.00,18608.00
841,447,7,"2025-05-07 00:00:00",Card,11028.00,210.00,0.00,11238.00
842,1857,10,"2026-01-08 00:00:00",Card,16853.00,163.00,0.00,17016.00
843,5817,15,"2025-03-23 00:00:00",Card,8502.00,267.00,0.00,8769.00
844,32,6,"2025-12-19 00:00:00",Card,11406.00,326.00,0.00,11732.00
845,3787,1,"2025-10-20 00:00:00",UPI,8572.00,435.00,0.00,9007.00
846,2462,6,"2025-10-13 00:00:00",UPI,11699.00,310.00,0.00,12009.00
847,1517,4,"2025-10-09 00:00:00",Card,4682.00,397.00,0.00,5079.00
848,1616,7,"2025-05-03 00:00:00",UPI,2673.00,215.00,0.00,2888.00
849,5040,8,"2025-06-04 00:00:00",Card,9693.00,410.00,0.00,10103.00
850,1862,2,"2026-01-02 00:00:00",Card,23943.00,387.00,0.00,24330.00
851,2788,7,"2025-05-15 00:00:00",Cash,5082.00,448.00,0.00,5530.00
852,5796,18,"2025-11-12 00:00:00",UPI,10367.00,319.00,0.00,10686.00
853,7859,10,"2025-08-06 00:00:00",Cash,9014.00,344.00,0.00,9358.00
854,210,7,"2025-08-17 00:00:00",Cash,4270.00,265.00,0.00,4535.00
855,3021,13,"2025-05-11 00:00:00",Card,6893.00,391.00,0.00,7284.00
856,3208,6,"2025-11-11 00:00:00",Card,12511.00,194.00,0.00,12705.00
857,2727,13,"2025-01-20 00:00:00",Cash,7921.00,256.00,0.00,8177.00
858,2764,1,"2025-02-27 00:00:00",UPI,10162.00,277.00,0.00,10439.00
859,2330,1,"2025-11-10 00:00:00",UPI,6941.00,465.00,0.00,7406.00
860,6612,2,"2025-12-12 00:00:00",UPI,7243.00,166.00,0.00,7409.00
861,6708,3,"2025-02-17 00:00:00",Card,915.00,274.00,0.00,1189.00
862,1675,2,"2025-09-30 00:00:00",UPI,19238.00,485.00,0.00,19723.00
863,1651,8,"2025-07-29 00:00:00",UPI,16628.00,212.00,0.00,16840.00
864,2661,17,"2026-01-08 00:00:00",Cash,4428.00,350.00,0.00,4778.00
865,2652,2,"2025-08-05 00:00:00",Cash,10318.00,357.00,0.00,10675.00
866,7199,19,"2025-07-08 00:00:00",Card,12833.00,180.00,0.00,13013.00
867,1834,11,"2025-11-03 00:00:00",UPI,25182.00,448.00,0.00,25630.00
868,914,11,"2025-03-11 00:00:00",Card,3260.00,256.00,0.00,3516.00
869,4524,18,"2025-04-21 00:00:00",Card,13488.00,279.00,0.00,13767.00
870,7942,2,"2025-04-11 00:00:00",Card,18789.00,280.00,0.00,19069.00
871,4920,16,"2025-07-26 00:00:00",Card,3040.00,356.00,0.00,3396.00
872,7215,17,"2025-08-16 00:00:00",Cash,10737.00,430.00,0.00,11167.00
873,4664,3,"2025-01-30 00:00:00",Card,6942.00,417.00,0.00,7359.00
874,1197,3,"2025-07-18 00:00:00",Card,12701.00,383.00,0.00,13084.00
875,4698,14,"2026-01-03 00:00:00",Cash,2297.00,191.00,0.00,2488.00
876,6064,12,"2025-11-09 00:00:00",Cash,3534.00,275.00,0.00,3809.00
877,1226,5,"2025-07-18 00:00:00",UPI,19319.00,301.00,0.00,19620.00
878,1525,13,"2025-05-13 00:00:00",Cash,5770.00,426.00,0.00,6196.00
879,2639,6,"2025-12-21 00:00:00",UPI,4178.00,189.00,0.00,4367.00
880,6951,20,"2025-05-15 00:00:00",Cash,12683.00,489.00,0.00,13172.00
881,3863,8,"2025-08-05 00:00:00",Card,15809.00,362.00,0.00,16171.00
882,1453,17,"2025-05-19 00:00:00",Cash,5417.00,360.00,0.00,5777.00
883,1858,1,"2025-12-24 00:00:00",UPI,8490.00,422.00,0.00,8912.00
884,3752,2,"2025-09-12 00:00:00",Cash,1062.00,350.00,0.00,1412.00
885,4021,2,"2025-02-01 00:00:00",UPI,9512.00,453.00,0.00,9965.00
886,1967,10,"2025-08-12 00:00:00",Card,7537.00,428.00,0.00,7965.00
887,7842,19,"2025-12-05 00:00:00",UPI,14086.00,364.00,0.00,14450.00
888,7903,20,"2025-11-06 00:00:00",Cash,19546.00,364.00,0.00,19910.00
889,4414,7,"2025-09-07 00:00:00",Cash,5833.00,486.00,0.00,6319.00
890,3055,10,"2025-12-20 00:00:00",Card,9519.00,276.00,0.00,9795.00
891,3515,15,"2025-06-09 00:00:00",Card,2522.00,238.00,0.00,2760.00
892,4714,2,"2025-01-28 00:00:00",UPI,11384.00,235.00,0.00,11619.00
893,3023,7,"2025-02-09 00:00:00",UPI,3983.00,219.00,0.00,4202.00
894,4745,4,"2025-01-20 00:00:00",Cash,19954.00,253.00,0.00,20207.00
895,5177,18,"2025-05-27 00:00:00",Cash,9711.00,275.00,0.00,9986.00
896,267,19,"2025-02-04 00:00:00",Cash,24848.00,213.00,0.00,25061.00
897,2920,16,"2025-04-20 00:00:00",Cash,10982.00,429.00,0.00,11411.00
898,441,19,"2025-04-04 00:00:00",Card,15558.00,180.00,0.00,15738.00
899,3014,7,"2025-03-16 00:00:00",Card,2500.00,236.00,0.00,2736.00
900,4953,11,"2025-02-26 00:00:00",Cash,3041.00,384.00,0.00,3425.00
901,7358,6,"2025-12-18 00:00:00",Card,10639.00,453.00,0.00,11092.00
902,1998,6,"2025-05-16 00:00:00",Card,3461.00,323.00,0.00,3784.00
903,4253,8,"2025-02-26 00:00:00",UPI,7918.00,489.00,0.00,8407.00
904,5506,16,"2025-12-06 00:00:00",Cash,17084.00,405.00,0.00,17489.00
905,1813,15,"2025-02-24 00:00:00",UPI,10338.00,164.00,0.00,10502.00
906,774,3,"2025-07-27 00:00:00",Card,10582.00,406.00,0.00,10988.00
907,73,7,"2025-01-21 00:00:00",Cash,5475.00,449.00,0.00,5924.00
908,3460,5,"2025-05-06 00:00:00",Card,5313.00,437.00,0.00,5750.00
909,3625,7,"2025-09-26 00:00:00",Cash,1716.00,191.00,0.00,1907.00
910,7300,15,"2025-05-08 00:00:00",UPI,6517.00,350.00,0.00,6867.00
911,7406,9,"2025-10-01 00:00:00",Card,2743.00,466.00,0.00,3209.00
912,59,16,"2025-10-26 00:00:00",UPI,2321.00,490.00,0.00,2811.00
913,7116,2,"2026-01-03 00:00:00",Card,1904.00,233.00,0.00,2137.00
914,1570,8,"2025-10-11 00:00:00",UPI,8640.00,243.00,0.00,8883.00
915,4248,14,"2025-03-21 00:00:00",Cash,8205.00,211.00,0.00,8416.00
916,1402,6,"2026-01-10 00:00:00",Card,4869.00,239.00,0.00,5108.00
917,4561,16,"2025-06-02 00:00:00",Card,18985.00,326.00,0.00,19311.00
918,2625,16,"2025-06-07 00:00:00",UPI,4497.00,459.00,0.00,4956.00
919,3009,9,"2025-07-20 00:00:00",Cash,3145.00,391.00,0.00,3536.00
920,661,2,"2025-06-23 00:00:00",Card,16208.00,298.00,0.00,16506.00
921,2908,20,"2025-03-06 00:00:00",UPI,13360.00,283.00,0.00,13643.00
922,3564,20,"2025-10-25 00:00:00",Cash,2003.00,444.00,0.00,2447.00
923,3057,11,"2025-07-17 00:00:00",Cash,9400.00,243.00,0.00,9643.00
924,6587,14,"2025-04-06 00:00:00",UPI,13411.00,435.00,0.00,13846.00
925,520,10,"2025-07-10 00:00:00",Cash,6852.00,470.00,0.00,7322.00
926,3225,16,"2025-10-19 00:00:00",Card,12514.00,186.00,0.00,12700.00
927,1696,14,"2025-06-30 00:00:00",UPI,5874.00,344.00,0.00,6218.00
928,3246,8,"2025-09-26 00:00:00",UPI,3155.00,351.00,0.00,3506.00
929,5033,1,"2025-04-27 00:00:00",Cash,3398.00,336.00,0.00,3734.00
930,7218,4,"2025-09-01 00:00:00",Cash,13534.00,452.00,0.00,13986.00
931,546,18,"2025-07-21 00:00:00",Cash,1632.00,281.00,0.00,1913.00
932,3436,17,"2025-10-27 00:00:00",UPI,8725.00,433.00,0.00,9158.00
933,1498,13,"2025-04-22 00:00:00",Card,10349.00,494.00,0.00,10843.00
934,2014,3,"2025-12-03 00:00:00",Card,10709.00,275.00,0.00,10984.00
935,5286,14,"2025-11-10 00:00:00",Card,11652.00,396.00,0.00,12048.00
936,3715,5,"2025-01-17 00:00:00",Cash,6278.00,423.00,0.00,6701.00
937,6102,4,"2025-04-10 00:00:00",UPI,11422.00,443.00,0.00,11865.00
938,2727,2,"2025-12-28 00:00:00",Card,7020.00,321.00,0.00,7341.00
939,4893,15,"2025-02-12 00:00:00",Card,20181.00,208.00,0.00,20389.00
940,477,7,"2025-09-06 00:00:00",Card,2574.00,387.00,0.00,2961.00
941,5905,18,"2025-02-24 00:00:00",Cash,24156.00,355.00,0.00,24511.00
942,5487,11,"2025-04-06 00:00:00",Card,1287.00,407.00,0.00,1694.00
943,6050,18,"2025-03-12 00:00:00",Card,928.00,449.00,0.00,1377.00
944,4254,16,"2025-08-31 00:00:00",Card,14725.00,223.00,0.00,14948.00
945,7844,2,"2025-10-03 00:00:00",Card,7361.00,157.00,0.00,7518.00
946,4786,10,"2025-06-16 00:00:00",Cash,12902.00,461.00,0.00,13363.00
947,3248,13,"2025-04-18 00:00:00",Cash,6600.00,256.00,0.00,6856.00
948,2297,12,"2025-06-20 00:00:00",Card,8726.00,226.00,0.00,8952.00
949,6482,16,"2025-06-18 00:00:00",Cash,5456.00,162.00,0.00,5618.00
950,7043,12,"2025-08-19 00:00:00",Cash,14790.00,398.00,0.00,15188.00
951,1892,3,"2025-06-14 00:00:00",Cash,2144.00,184.00,0.00,2328.00
952,6270,1,"2025-10-29 00:00:00",Card,13545.00,335.00,0.00,13880.00
953,1197,9,"2025-12-21 00:00:00",Card,7743.00,241.00,0.00,7984.00
954,5272,3,"2025-06-06 00:00:00",Card,9182.00,485.00,0.00,9667.00
955,1068,19,"2025-06-22 00:00:00",UPI,10052.00,423.00,0.00,10475.00
956,6149,9,"2025-11-30 00:00:00",Card,6270.00,229.00,0.00,6499.00
957,7440,13,"2025-07-23 00:00:00",Cash,14585.00,273.00,0.00,14858.00
958,2764,13,"2025-02-01 00:00:00",UPI,726.00,243.00,0.00,969.00
959,1551,17,"2025-11-22 00:00:00",Card,3629.00,402.00,0.00,4031.00
960,5345,9,"2025-05-13 00:00:00",Cash,6858.00,471.00,0.00,7329.00
961,1143,14,"2025-12-04 00:00:00",Cash,5174.00,480.00,0.00,5654.00
962,807,11,"2025-09-10 00:00:00",UPI,19500.00,200.00,0.00,19700.00
963,5851,18,"2025-03-10 00:00:00",Card,9196.00,323.00,0.00,9519.00
964,3153,20,"2025-11-18 00:00:00",Card,13330.00,169.00,0.00,13499.00
965,6308,5,"2025-10-31 00:00:00",Card,18410.00,180.00,0.00,18590.00
966,7553,19,"2026-01-05 00:00:00",UPI,9062.00,452.00,0.00,9514.00
967,5696,15,"2025-10-14 00:00:00",Card,15810.00,365.00,0.00,16175.00
968,4374,10,"2025-02-01 00:00:00",Card,8911.00,208.00,0.00,9119.00
969,7873,13,"2025-05-14 00:00:00",Cash,6405.00,262.00,0.00,6667.00
970,5492,15,"2025-09-15 00:00:00",Cash,1559.00,476.00,0.00,2035.00
971,2137,7,"2025-10-06 00:00:00",Cash,9824.00,207.00,0.00,10031.00
972,4680,7,"2025-11-28 00:00:00",Cash,11552.00,404.00,0.00,11956.00
973,1989,4,"2025-03-28 00:00:00",UPI,5766.00,327.00,0.00,6093.00
974,3327,1,"2025-05-18 00:00:00",UPI,22969.00,417.00,0.00,23386.00
975,3833,16,"2025-03-25 00:00:00",Card,10438.00,500.00,0.00,10938.00
976,1740,19,"2025-09-14 00:00:00",Card,14026.00,193.00,0.00,14219.00
977,3911,8,"2025-09-22 00:00:00",UPI,16024.00,262.00,0.00,16286.00
978,5872,16,"2025-10-29 00:00:00",Card,4529.00,227.00,0.00,4756.00
979,1438,5,"2025-12-18 00:00:00",Card,17894.00,422.00,0.00,18316.00
980,6969,6,"2025-05-21 00:00:00",Cash,12855.00,422.00,0.00,13277.00
981,3850,10,"2025-08-25 00:00:00",Cash,17504.00,258.00,0.00,17762.00
982,2738,8,"2025-06-04 00:00:00",Card,3375.00,471.00,0.00,3846.00
983,3552,19,"2025-12-15 00:00:00",Cash,19246.00,406.00,0.00,19652.00
984,1019,1,"2025-07-07 00:00:00",Cash,7844.00,201.00,0.00,8045.00
985,6553,14,"2025-02-18 00:00:00",Card,4142.00,247.00,0.00,4389.00
986,3960,12,"2025-07-21 00:00:00",Card,5921.00,224.00,0.00,6145.00
987,1498,7,"2025-11-25 00:00:00",UPI,11586.00,222.00,0.00,11808.00
988,708,3,"2025-07-02 00:00:00",UPI,6844.00,405.00,0.00,7249.00
989,7130,2,"2025-03-27 00:00:00",UPI,12840.00,232.00,0.00,13072.00
990,1979,7,"2025-09-01 00:00:00",Cash,12293.00,430.00,0.00,12723.00
991,452,15,"2025-04-01 00:00:00",UPI,8425.00,366.00,0.00,8791.00
992,2452,5,"2025-11-03 00:00:00",Card,9524.00,350.00,0.00,9874.00
993,3008,6,"2025-10-31 00:00:00",Card,3456.00,236.00,0.00,3692.00
994,6212,17,"2025-11-15 00:00:00",Card,11718.00,447.00,0.00,12165.00
995,6826,9,"2025-02-19 00:00:00",Cash,8254.00,395.00,0.00,8649.00
996,5107,15,"2026-01-10 00:00:00",UPI,1626.00,392.00,0.00,2018.00
997,5619,7,"2025-10-04 00:00:00",Cash,6681.00,349.00,0.00,7030.00
998,7687,16,"2025-01-28 00:00:00",Card,628.00,398.00,0.00,1026.00
999,6509,19,"2025-07-31 00:00:00",UPI,1879.00,257.00,0.00,2136.00
1000,7017,18,"2025-09-07 00:00:00",UPI,2293.00,281.00,0.00,2574.00
1001,5476,20,"2025-02-04 00:00:00",Cash,9708.00,345.00,0.00,10053.00
1002,6591,13,"2025-02-21 00:00:00",Card,9220.00,261.00,0.00,9481.00
1003,1227,9,"2025-06-18 00:00:00",Cash,7573.00,392.00,0.00,7965.00
1004,3678,15,"2025-03-31 00:00:00",Cash,1002.00,259.00,0.00,1261.00
1005,6293,5,"2026-01-03 00:00:00",Cash,4747.00,434.00,0.00,5181.00
1006,381,3,"2025-08-17 00:00:00",Cash,5979.00,332.00,0.00,6311.00
1007,1067,15,"2025-08-17 00:00:00",Cash,13424.00,444.00,0.00,13868.00
1008,2667,19,"2026-01-08 00:00:00",UPI,6530.00,162.00,0.00,6692.00
1009,3665,4,"2025-06-22 00:00:00",Cash,7114.00,465.00,0.00,7579.00
1010,444,12,"2025-06-03 00:00:00",Card,1081.00,338.00,0.00,1419.00
1011,2698,5,"2025-04-03 00:00:00",Cash,6400.00,485.00,0.00,6885.00
1012,1560,14,"2025-05-04 00:00:00",UPI,9083.00,351.00,0.00,9434.00
1013,6535,10,"2025-12-18 00:00:00",Card,7722.00,483.00,0.00,8205.00
1014,4121,15,"2025-11-13 00:00:00",Card,6680.00,254.00,0.00,6934.00
1015,1166,11,"2025-01-26 00:00:00",UPI,4959.00,280.00,0.00,5239.00
1016,217,7,"2025-11-25 00:00:00",Cash,1895.00,435.00,0.00,2330.00
1017,4507,13,"2025-05-03 00:00:00",Cash,8677.00,161.00,0.00,8838.00
1018,1697,7,"2025-04-10 00:00:00",Card,6422.00,299.00,0.00,6721.00
1019,5544,9,"2025-09-17 00:00:00",Card,5076.00,210.00,0.00,5286.00
1020,7668,17,"2025-06-07 00:00:00",Cash,12818.00,296.00,0.00,13114.00
1021,4756,11,"2025-10-22 00:00:00",Card,3998.00,427.00,0.00,4425.00
1022,6555,12,"2025-07-03 00:00:00",UPI,26649.00,493.00,0.00,27142.00
1023,7989,19,"2025-04-23 00:00:00",Cash,6198.00,246.00,0.00,6444.00
1024,1563,17,"2025-07-25 00:00:00",UPI,926.00,308.00,0.00,1234.00
1025,1018,19,"2025-12-12 00:00:00",Cash,8463.00,394.00,0.00,8857.00
1026,6000,16,"2025-07-10 00:00:00",Card,3485.00,459.00,0.00,3944.00
1027,7650,12,"2025-07-13 00:00:00",UPI,7129.00,186.00,0.00,7315.00
1028,3608,7,"2025-12-13 00:00:00",UPI,6965.00,224.00,0.00,7189.00
1029,5423,16,"2025-10-16 00:00:00",Card,10817.00,300.00,0.00,11117.00
1030,2121,4,"2025-06-06 00:00:00",Cash,6219.00,307.00,0.00,6526.00
1031,4889,15,"2025-03-31 00:00:00",Card,6964.00,333.00,0.00,7297.00
1032,7604,9,"2026-01-09 00:00:00",Cash,2811.00,216.00,0.00,3027.00
1033,1278,11,"2025-09-18 00:00:00",UPI,676.00,210.00,0.00,886.00
1034,5380,13,"2025-11-01 00:00:00",UPI,2947.00,458.00,0.00,3405.00
1035,5723,9,"2025-09-22 00:00:00",Cash,9945.00,351.00,0.00,10296.00
1036,6234,1,"2025-02-17 00:00:00",UPI,6634.00,476.00,0.00,7110.00
1037,1449,20,"2025-02-03 00:00:00",UPI,10638.00,473.00,0.00,11111.00
1038,5747,18,"2025-02-21 00:00:00",UPI,3632.00,368.00,0.00,4000.00
1039,1477,13,"2025-11-10 00:00:00",Cash,1424.00,382.00,0.00,1806.00
1040,2066,12,"2025-09-10 00:00:00",Cash,4630.00,308.00,0.00,4938.00
1041,1000,20,"2025-02-15 00:00:00",UPI,3496.00,265.00,0.00,3761.00
1042,923,3,"2026-01-03 00:00:00",UPI,3086.00,278.00,0.00,3364.00
1043,7474,1,"2026-01-01 00:00:00",UPI,10288.00,288.00,0.00,10576.00
1044,6959,20,"2025-01-24 00:00:00",UPI,3084.00,305.00,0.00,3389.00
1045,1872,14,"2025-05-19 00:00:00",Cash,1558.00,219.00,0.00,1777.00
1046,5109,7,"2025-08-11 00:00:00",Cash,11777.00,167.00,0.00,11944.00
1047,1687,20,"2025-09-07 00:00:00",Card,16375.00,234.00,0.00,16609.00
1048,5743,1,"2025-10-18 00:00:00",Card,9960.00,473.00,0.00,10433.00
1049,6435,18,"2025-02-12 00:00:00",Card,18034.00,178.00,0.00,18212.00
1050,6341,14,"2025-07-15 00:00:00",Card,1035.00,317.00,0.00,1352.00
1051,922,3,"2025-06-13 00:00:00",UPI,9618.00,310.00,0.00,9928.00
1052,1409,15,"2025-03-13 00:00:00",Cash,15188.00,366.00,0.00,15554.00
1053,6876,5,"2025-06-13 00:00:00",Cash,5099.00,232.00,0.00,5331.00
1054,497,16,"2025-01-26 00:00:00",Card,5583.00,188.00,0.00,5771.00
1055,4185,10,"2025-05-10 00:00:00",Cash,20601.00,435.00,0.00,21036.00
1056,3953,5,"2025-07-18 00:00:00",Card,4924.00,390.00,0.00,5314.00
1057,7784,8,"2025-08-14 00:00:00",UPI,14743.00,230.00,0.00,14973.00
1058,2846,19,"2025-01-21 00:00:00",UPI,15834.00,198.00,0.00,16032.00
1059,3829,7,"2025-02-09 00:00:00",Cash,6562.00,248.00,0.00,6810.00
1060,2699,20,"2025-02-21 00:00:00",Card,3532.00,175.00,0.00,3707.00
1061,70,1,"2025-06-12 00:00:00",Cash,2453.00,227.00,0.00,2680.00
1062,811,9,"2025-08-20 00:00:00",Cash,1763.00,353.00,0.00,2116.00
1063,1750,11,"2025-10-02 00:00:00",UPI,20843.00,418.00,0.00,21261.00
1064,2837,1,"2025-02-20 00:00:00",UPI,11539.00,406.00,0.00,11945.00
1065,6385,10,"2025-07-22 00:00:00",UPI,6162.00,172.00,0.00,6334.00
1066,7040,5,"2025-06-22 00:00:00",Cash,3827.00,268.00,0.00,4095.00
1067,1353,15,"2025-05-07 00:00:00",Card,14917.00,284.00,0.00,15201.00
1068,5244,12,"2025-03-12 00:00:00",UPI,9680.00,299.00,0.00,9979.00
1069,3943,19,"2025-11-22 00:00:00",UPI,22766.00,417.00,0.00,23183.00
1070,7301,6,"2025-05-04 00:00:00",Cash,3001.00,203.00,0.00,3204.00
1071,5306,10,"2025-02-06 00:00:00",Cash,9224.00,301.00,0.00,9525.00
1072,595,11,"2025-07-21 00:00:00",UPI,14045.00,347.00,0.00,14392.00
1073,2189,17,"2025-10-29 00:00:00",Card,2797.00,415.00,0.00,3212.00
1074,3573,18,"2025-10-08 00:00:00",Card,826.00,160.00,0.00,986.00
1075,6749,19,"2025-01-16 00:00:00",Card,17047.00,190.00,0.00,17237.00
1076,7590,2,"2025-10-24 00:00:00",UPI,2040.00,420.00,0.00,2460.00
1077,4284,13,"2025-11-16 00:00:00",Cash,8514.00,201.00,0.00,8715.00
1078,2141,3,"2025-06-20 00:00:00",Card,18435.00,292.00,0.00,18727.00
1079,4443,1,"2026-01-07 00:00:00",Cash,13914.00,357.00,0.00,14271.00
1080,2062,5,"2026-01-05 00:00:00",Cash,8865.00,345.00,0.00,9210.00
1081,2792,7,"2025-07-07 00:00:00",UPI,3601.00,226.00,0.00,3827.00
1082,5935,15,"2025-10-07 00:00:00",UPI,5998.00,265.00,0.00,6263.00
1083,1718,20,"2025-09-27 00:00:00",Cash,1291.00,151.00,0.00,1442.00
1084,5088,12,"2025-07-08 00:00:00",Cash,14069.00,225.00,0.00,14294.00
1085,7767,10,"2025-07-09 00:00:00",Card,10224.00,261.00,0.00,10485.00
1086,750,11,"2025-07-04 00:00:00",UPI,7054.00,234.00,0.00,7288.00
1087,3290,1,"2025-07-07 00:00:00",Cash,9180.00,338.00,0.00,9518.00
1088,5548,5,"2025-01-26 00:00:00",Card,677.00,418.00,0.00,1095.00
1089,6340,8,"2025-09-15 00:00:00",Card,12690.00,421.00,0.00,13111.00
1090,33,1,"2025-03-26 00:00:00",Cash,8722.00,250.00,0.00,8972.00
1091,4826,2,"2025-08-03 00:00:00",Cash,9150.00,152.00,0.00,9302.00
1092,4870,18,"2025-12-29 00:00:00",Cash,5381.00,335.00,0.00,5716.00
1093,3620,16,"2025-04-26 00:00:00",UPI,13325.00,412.00,0.00,13737.00
1094,2027,8,"2025-07-17 00:00:00",Card,7895.00,397.00,0.00,8292.00
1095,4300,7,"2025-12-02 00:00:00",Cash,12774.00,357.00,0.00,13131.00
1096,61,5,"2025-04-18 00:00:00",Cash,7015.00,425.00,0.00,7440.00
1097,2451,4,"2025-06-26 00:00:00",Card,9405.00,223.00,0.00,9628.00
1098,1927,16,"2026-01-07 00:00:00",Cash,2790.00,459.00,0.00,3249.00
1099,5347,18,"2025-05-25 00:00:00",Cash,8972.00,178.00,0.00,9150.00
1100,7297,9,"2025-11-14 00:00:00",Cash,6244.00,254.00,0.00,6498.00
1101,6452,15,"2025-05-12 00:00:00",Card,2571.00,454.00,0.00,3025.00
1102,1564,2,"2025-02-10 00:00:00",UPI,6669.00,464.00,0.00,7133.00
1103,5764,6,"2025-02-23 00:00:00",Card,3855.00,308.00,0.00,4163.00
1104,992,1,"2025-03-06 00:00:00",Card,2856.00,443.00,0.00,3299.00
1105,7944,3,"2025-08-21 00:00:00",UPI,9195.00,293.00,0.00,9488.00
1106,7744,10,"2025-08-06 00:00:00",Cash,8850.00,160.00,0.00,9010.00
1107,1243,19,"2025-04-18 00:00:00",UPI,8975.00,370.00,0.00,9345.00
1108,2464,3,"2025-07-13 00:00:00",Cash,12535.00,309.00,0.00,12844.00
1109,7240,1,"2025-05-12 00:00:00",Card,1869.00,356.00,0.00,2225.00
1110,5493,20,"2025-06-17 00:00:00",Card,8039.00,488.00,0.00,8527.00
1111,1614,15,"2025-05-07 00:00:00",Card,3413.00,263.00,0.00,3676.00
1112,7016,20,"2025-10-29 00:00:00",Card,13572.00,419.00,0.00,13991.00
1113,5309,14,"2025-10-21 00:00:00",UPI,4088.00,445.00,0.00,4533.00
1114,7968,14,"2025-03-31 00:00:00",Cash,14529.00,193.00,0.00,14722.00
1115,6964,2,"2025-10-12 00:00:00",Card,9909.00,223.00,0.00,10132.00
1116,5622,10,"2025-12-10 00:00:00",UPI,3705.00,443.00,0.00,4148.00
1117,41,2,"2025-11-06 00:00:00",Cash,6755.00,225.00,0.00,6980.00
1118,3292,15,"2025-07-06 00:00:00",Cash,20259.00,485.00,0.00,20744.00
1119,4602,4,"2025-12-11 00:00:00",UPI,8780.00,446.00,0.00,9226.00
1120,7511,18,"2025-10-01 00:00:00",UPI,12831.00,193.00,0.00,13024.00
1121,7684,9,"2025-06-18 00:00:00",Card,5475.00,374.00,0.00,5849.00
1122,3582,19,"2025-10-20 00:00:00",UPI,10303.00,263.00,0.00,10566.00
1123,4578,11,"2025-04-10 00:00:00",Card,3904.00,463.00,0.00,4367.00
1124,7773,15,"2025-02-20 00:00:00",UPI,11035.00,225.00,0.00,11260.00
1125,851,1,"2025-10-01 00:00:00",Card,20050.00,357.00,0.00,20407.00
1126,2687,16,"2025-04-16 00:00:00",Cash,4295.00,348.00,0.00,4643.00
1127,947,15,"2025-12-13 00:00:00",UPI,8339.00,425.00,0.00,8764.00
1128,1939,11,"2025-11-09 00:00:00",UPI,15903.00,466.00,0.00,16369.00
1129,6229,13,"2025-10-30 00:00:00",Card,14250.00,233.00,0.00,14483.00
1130,273,13,"2025-06-09 00:00:00",Cash,21247.00,462.00,0.00,21709.00
1131,5396,11,"2025-08-16 00:00:00",Cash,6040.00,482.00,0.00,6522.00
1132,3087,18,"2025-06-19 00:00:00",UPI,10614.00,410.00,0.00,11024.00
1133,1146,9,"2026-01-02 00:00:00",UPI,8501.00,449.00,0.00,8950.00
1134,1901,19,"2025-09-20 00:00:00",Cash,12187.00,366.00,0.00,12553.00
1135,3384,11,"2025-08-25 00:00:00",Cash,5504.00,414.00,0.00,5918.00
1136,7933,19,"2025-12-07 00:00:00",UPI,2236.00,485.00,0.00,2721.00
1137,5599,8,"2025-10-21 00:00:00",UPI,4341.00,207.00,0.00,4548.00
1138,24,3,"2025-07-28 00:00:00",UPI,17720.00,423.00,0.00,18143.00
1139,2823,9,"2025-08-26 00:00:00",UPI,10615.00,183.00,0.00,10798.00
1140,7399,17,"2025-05-18 00:00:00",UPI,5248.00,158.00,0.00,5406.00
1141,6586,7,"2025-09-01 00:00:00",UPI,1114.00,233.00,0.00,1347.00
1142,7805,20,"2025-02-04 00:00:00",UPI,16253.00,289.00,0.00,16542.00
1143,412,2,"2025-12-26 00:00:00",UPI,11291.00,433.00,0.00,11724.00
1144,3583,2,"2025-11-29 00:00:00",Cash,2944.00,324.00,0.00,3268.00
1145,7834,8,"2025-11-04 00:00:00",Cash,2498.00,435.00,0.00,2933.00
1146,7825,17,"2025-04-07 00:00:00",Cash,12263.00,240.00,0.00,12503.00
1147,4529,2,"2025-09-01 00:00:00",UPI,2498.00,352.00,0.00,2850.00
1148,6182,9,"2025-01-12 00:00:00",Cash,7051.00,307.00,0.00,7358.00
1149,2194,10,"2025-03-13 00:00:00",Card,4630.00,256.00,0.00,4886.00
1150,1833,16,"2025-07-17 00:00:00",Cash,20034.00,164.00,0.00,20198.00
1151,7003,16,"2025-10-04 00:00:00",UPI,3138.00,347.00,0.00,3485.00
1152,3860,18,"2025-12-31 00:00:00",Card,1862.00,203.00,0.00,2065.00
1153,646,16,"2025-10-17 00:00:00",Card,10870.00,479.00,0.00,11349.00
1154,4620,16,"2025-11-06 00:00:00",UPI,17964.00,364.00,0.00,18328.00
1155,2776,16,"2025-06-09 00:00:00",Cash,2051.00,485.00,0.00,2536.00
1156,7489,4,"2025-09-02 00:00:00",Cash,13749.00,249.00,0.00,13998.00
1157,1661,17,"2025-06-28 00:00:00",Card,6669.00,265.00,0.00,6934.00
1158,3844,19,"2025-04-04 00:00:00",Cash,14415.00,409.00,0.00,14824.00
1159,2655,13,"2025-05-06 00:00:00",UPI,14402.00,498.00,0.00,14900.00
1160,6437,20,"2025-04-22 00:00:00",Cash,2091.00,200.00,0.00,2291.00
1161,6688,16,"2025-11-10 00:00:00",Card,5066.00,180.00,0.00,5246.00
1162,6844,15,"2025-05-03 00:00:00",Card,6761.00,175.00,0.00,6936.00
1163,7736,8,"2025-08-22 00:00:00",Card,6701.00,197.00,0.00,6898.00
1164,6456,9,"2025-11-01 00:00:00",Cash,19714.00,176.00,0.00,19890.00
1165,4698,9,"2025-05-26 00:00:00",UPI,4407.00,161.00,0.00,4568.00
1166,5833,13,"2025-04-14 00:00:00",Cash,5123.00,428.00,0.00,5551.00
1167,2714,16,"2025-08-30 00:00:00",Card,6279.00,476.00,0.00,6755.00
1168,539,10,"2025-01-27 00:00:00",Cash,6182.00,320.00,0.00,6502.00
1169,3318,9,"2025-12-15 00:00:00",Card,9893.00,493.00,0.00,10386.00
1170,7316,20,"2025-11-21 00:00:00",UPI,2952.00,240.00,0.00,3192.00
1171,7466,20,"2025-07-16 00:00:00",Cash,11108.00,356.00,0.00,11464.00
1172,1638,18,"2025-10-14 00:00:00",Cash,1291.00,341.00,0.00,1632.00
1173,4754,7,"2025-12-01 00:00:00",Cash,5914.00,206.00,0.00,6120.00
1174,5401,16,"2025-08-11 00:00:00",UPI,14897.00,178.00,0.00,15075.00
1175,6920,3,"2025-03-16 00:00:00",Card,18115.00,182.00,0.00,18297.00
1176,612,4,"2025-07-07 00:00:00",Card,10130.00,186.00,0.00,10316.00
1177,2843,10,"2025-02-19 00:00:00",Card,20085.00,413.00,0.00,20498.00
1178,233,4,"2026-01-06 00:00:00",Card,928.00,328.00,0.00,1256.00
1179,3719,15,"2025-06-06 00:00:00",Card,12717.00,208.00,0.00,12925.00
1180,5721,18,"2025-07-13 00:00:00",Card,1789.00,405.00,0.00,2194.00
1181,2850,12,"2025-08-15 00:00:00",Cash,8749.00,239.00,0.00,8988.00
1182,3481,17,"2025-10-23 00:00:00",Card,3764.00,166.00,0.00,3930.00
1183,1629,6,"2025-01-28 00:00:00",Cash,11180.00,389.00,0.00,11569.00
1184,1058,5,"2025-09-09 00:00:00",UPI,20952.00,373.00,0.00,21325.00
1185,3874,14,"2025-03-09 00:00:00",UPI,9238.00,451.00,0.00,9689.00
1186,3652,11,"2025-08-14 00:00:00",Cash,10770.00,470.00,0.00,11240.00
1187,3412,12,"2025-04-18 00:00:00",Cash,6237.00,261.00,0.00,6498.00
1188,1782,16,"2025-04-05 00:00:00",UPI,2351.00,371.00,0.00,2722.00
1189,4254,14,"2025-02-12 00:00:00",Card,8217.00,300.00,0.00,8517.00
1190,3067,8,"2025-07-05 00:00:00",UPI,6428.00,286.00,0.00,6714.00
1191,7311,3,"2025-09-07 00:00:00",Cash,8582.00,449.00,0.00,9031.00
1192,2773,18,"2025-03-17 00:00:00",Card,5364.00,392.00,0.00,5756.00
1193,1602,12,"2025-11-06 00:00:00",Card,9100.00,383.00,0.00,9483.00
1194,5650,5,"2025-11-07 00:00:00",Cash,8204.00,419.00,0.00,8623.00
1195,4080,11,"2025-10-07 00:00:00",Card,14867.00,268.00,0.00,15135.00
1196,1368,9,"2025-09-17 00:00:00",Card,6965.00,298.00,0.00,7263.00
1197,6744,5,"2026-01-01 00:00:00",UPI,14636.00,471.00,0.00,15107.00
1198,421,7,"2025-05-09 00:00:00",Card,6589.00,284.00,0.00,6873.00
1199,6917,16,"2025-06-27 00:00:00",Cash,7711.00,458.00,0.00,8169.00
1200,5789,2,"2025-10-22 00:00:00",Cash,7698.00,378.00,0.00,8076.00
1201,3322,11,"2025-07-31 00:00:00",Card,1714.00,239.00,0.00,1953.00
1202,5752,2,"2025-12-13 00:00:00",Card,12910.00,410.00,0.00,13320.00
1203,864,15,"2025-07-06 00:00:00",Cash,8738.00,309.00,0.00,9047.00
1204,1411,17,"2025-12-10 00:00:00",UPI,6849.00,422.00,0.00,7271.00
1205,1368,6,"2025-12-07 00:00:00",Card,4600.00,459.00,0.00,5059.00
1206,6910,8,"2025-11-10 00:00:00",Card,4994.00,344.00,0.00,5338.00
1207,2012,5,"2025-03-14 00:00:00",Cash,12034.00,222.00,0.00,12256.00
1208,7598,15,"2025-03-24 00:00:00",UPI,16628.00,405.00,0.00,17033.00
1209,4209,20,"2025-11-27 00:00:00",UPI,21603.00,323.00,0.00,21926.00
1210,1412,19,"2025-11-13 00:00:00",Card,16719.00,384.00,0.00,17103.00
1211,100,7,"2025-07-31 00:00:00",Card,5869.00,288.00,0.00,6157.00
1212,5559,20,"2025-05-25 00:00:00",Cash,4288.00,487.00,0.00,4775.00
1213,5176,14,"2025-12-17 00:00:00",UPI,13045.00,484.00,0.00,13529.00
1214,4283,8,"2025-12-15 00:00:00",Card,767.00,455.00,0.00,1222.00
1215,797,16,"2025-05-05 00:00:00",UPI,15667.00,422.00,0.00,16089.00
1216,3858,14,"2025-08-07 00:00:00",Card,2958.00,272.00,0.00,3230.00
1217,6040,9,"2025-03-04 00:00:00",Card,14413.00,242.00,0.00,14655.00
1218,7522,9,"2025-03-07 00:00:00",Card,8720.00,378.00,0.00,9098.00
1219,6943,5,"2025-06-20 00:00:00",Cash,1086.00,414.00,0.00,1500.00
1220,2692,1,"2025-07-09 00:00:00",Card,4864.00,334.00,0.00,5198.00
1221,2316,7,"2025-08-03 00:00:00",Card,16920.00,251.00,0.00,17171.00
1222,1085,9,"2025-05-22 00:00:00",UPI,12432.00,431.00,0.00,12863.00
1223,7023,18,"2025-11-28 00:00:00",Card,3967.00,451.00,0.00,4418.00
1224,4242,6,"2025-10-15 00:00:00",UPI,6538.00,458.00,0.00,6996.00
1225,1050,18,"2025-07-09 00:00:00",UPI,6524.00,166.00,0.00,6690.00
1226,6594,9,"2026-01-11 00:00:00",UPI,14997.00,463.00,0.00,15460.00
1227,4370,1,"2025-08-03 00:00:00",Card,12043.00,390.00,0.00,12433.00
1228,5263,10,"2025-07-07 00:00:00",UPI,12756.00,299.00,0.00,13055.00
1229,7450,7,"2025-07-21 00:00:00",Cash,18634.00,471.00,0.00,19105.00
1230,5942,8,"2025-05-15 00:00:00",Card,5013.00,484.00,0.00,5497.00
1231,6355,12,"2025-04-15 00:00:00",Cash,4844.00,398.00,0.00,5242.00
1232,3935,8,"2025-10-20 00:00:00",Cash,3589.00,416.00,0.00,4005.00
1233,4825,10,"2025-09-06 00:00:00",Card,14938.00,211.00,0.00,15149.00
1234,2093,18,"2025-05-29 00:00:00",Card,11594.00,271.00,0.00,11865.00
1235,1669,13,"2025-06-25 00:00:00",UPI,18295.00,163.00,0.00,18458.00
1236,1117,15,"2025-04-07 00:00:00",Card,6701.00,371.00,0.00,7072.00
1237,4865,10,"2025-05-31 00:00:00",Cash,9270.00,163.00,0.00,9433.00
1238,509,11,"2025-10-27 00:00:00",Cash,13576.00,440.00,0.00,14016.00
1239,6939,2,"2025-11-08 00:00:00",Card,5845.00,414.00,0.00,6259.00
1240,425,1,"2025-10-24 00:00:00",UPI,13576.00,486.00,0.00,14062.00
1241,6044,4,"2025-10-22 00:00:00",Cash,19039.00,274.00,0.00,19313.00
1242,1212,18,"2025-08-12 00:00:00",UPI,7547.00,374.00,0.00,7921.00
1243,255,20,"2025-09-22 00:00:00",Card,7414.00,302.00,0.00,7716.00
1244,410,14,"2025-03-06 00:00:00",Cash,12644.00,315.00,0.00,12959.00
1245,6283,17,"2025-07-30 00:00:00",Cash,3441.00,490.00,0.00,3931.00
1246,1385,20,"2025-08-26 00:00:00",Cash,23129.00,350.00,0.00,23479.00
1247,1310,1,"2026-01-02 00:00:00",Cash,10560.00,366.00,0.00,10926.00
1248,1191,9,"2025-03-05 00:00:00",Cash,16662.00,214.00,0.00,16876.00
1249,7531,12,"2025-11-24 00:00:00",UPI,5771.00,394.00,0.00,6165.00
1250,5451,3,"2025-12-17 00:00:00",Cash,6119.00,169.00,0.00,6288.00
1251,3198,6,"2025-09-19 00:00:00",Cash,11294.00,374.00,0.00,11668.00
1252,6695,16,"2025-04-18 00:00:00",UPI,6480.00,331.00,0.00,6811.00
1253,3023,2,"2025-06-27 00:00:00",UPI,11810.00,308.00,0.00,12118.00
1254,2372,16,"2025-05-21 00:00:00",Card,4872.00,396.00,0.00,5268.00
1255,1548,17,"2026-01-07 00:00:00",UPI,8903.00,284.00,0.00,9187.00
1256,5216,16,"2025-04-05 00:00:00",Card,8660.00,180.00,0.00,8840.00
1257,6831,7,"2025-11-02 00:00:00",Card,16717.00,387.00,0.00,17104.00
1258,5452,10,"2025-03-20 00:00:00",Card,2671.00,292.00,0.00,2963.00
1259,4881,20,"2025-03-23 00:00:00",Cash,7414.00,389.00,0.00,7803.00
1260,7086,10,"2025-07-29 00:00:00",UPI,8988.00,483.00,0.00,9471.00
1261,5371,4,"2025-06-04 00:00:00",Cash,12461.00,307.00,0.00,12768.00
1262,6864,1,"2025-06-17 00:00:00",UPI,11161.00,324.00,0.00,11485.00
1263,726,6,"2025-08-27 00:00:00",Cash,15200.00,280.00,0.00,15480.00
1264,7140,8,"2025-02-25 00:00:00",UPI,7384.00,350.00,0.00,7734.00
1265,3453,14,"2025-07-24 00:00:00",UPI,20925.00,439.00,0.00,21364.00
1266,134,14,"2025-09-13 00:00:00",UPI,6088.00,434.00,0.00,6522.00
1267,4391,2,"2025-05-16 00:00:00",Cash,8778.00,186.00,0.00,8964.00
1268,7522,13,"2025-02-24 00:00:00",UPI,7388.00,416.00,0.00,7804.00
1269,4894,12,"2025-07-30 00:00:00",Cash,7622.00,409.00,0.00,8031.00
1270,242,15,"2025-09-06 00:00:00",UPI,6986.00,185.00,0.00,7171.00
1271,5410,1,"2025-11-08 00:00:00",UPI,12134.00,429.00,0.00,12563.00
1272,2491,7,"2025-04-26 00:00:00",Cash,15768.00,351.00,0.00,16119.00
1273,1884,9,"2025-07-09 00:00:00",Card,15332.00,202.00,0.00,15534.00
1274,3154,20,"2025-04-27 00:00:00",Cash,2486.00,280.00,0.00,2766.00
1275,5475,14,"2025-07-02 00:00:00",Cash,6024.00,342.00,0.00,6366.00
1276,4576,3,"2025-10-12 00:00:00",UPI,6119.00,474.00,0.00,6593.00
1277,4569,2,"2025-01-25 00:00:00",Cash,5848.00,299.00,0.00,6147.00
1278,5123,6,"2025-11-16 00:00:00",UPI,708.00,187.00,0.00,895.00
1279,461,5,"2025-12-08 00:00:00",Card,14131.00,406.00,0.00,14537.00
1280,3402,1,"2025-12-09 00:00:00",UPI,7599.00,499.00,0.00,8098.00
1281,4975,12,"2025-05-08 00:00:00",Cash,4233.00,280.00,0.00,4513.00
1282,7817,12,"2025-07-19 00:00:00",UPI,12468.00,356.00,0.00,12824.00
1283,476,17,"2025-10-11 00:00:00",Cash,5642.00,211.00,0.00,5853.00
1284,5968,8,"2025-05-20 00:00:00",Cash,7721.00,416.00,0.00,8137.00
1285,747,7,"2025-10-14 00:00:00",Cash,14572.00,367.00,0.00,14939.00
1286,3996,11,"2025-04-03 00:00:00",Cash,10133.00,487.00,0.00,10620.00
1287,4425,3,"2025-09-01 00:00:00",Cash,6636.00,424.00,0.00,7060.00
1288,1273,17,"2025-04-18 00:00:00",Card,9068.00,375.00,0.00,9443.00
1289,1531,10,"2025-10-19 00:00:00",Card,10958.00,478.00,0.00,11436.00
1290,1505,8,"2025-07-23 00:00:00",Cash,17505.00,182.00,0.00,17687.00
1291,1243,4,"2025-04-28 00:00:00",UPI,9050.00,451.00,0.00,9501.00
1292,7304,12,"2025-07-01 00:00:00",Cash,19443.00,162.00,0.00,19605.00
1293,3691,16,"2025-10-24 00:00:00",UPI,4384.00,481.00,0.00,4865.00
1294,912,5,"2025-10-19 00:00:00",Card,6496.00,498.00,0.00,6994.00
1295,4482,2,"2025-05-27 00:00:00",UPI,4850.00,398.00,0.00,5248.00
1296,5062,17,"2025-04-20 00:00:00",Cash,15789.00,461.00,0.00,16250.00
1297,3571,12,"2025-01-20 00:00:00",Cash,12883.00,451.00,0.00,13334.00
1298,7466,16,"2025-02-21 00:00:00",Card,7755.00,368.00,0.00,8123.00
1299,4625,15,"2025-08-27 00:00:00",Cash,12198.00,473.00,0.00,12671.00
1300,4493,16,"2025-05-16 00:00:00",UPI,8334.00,298.00,0.00,8632.00
1301,7128,6,"2025-02-01 00:00:00",Cash,14512.00,266.00,0.00,14778.00
1302,3925,5,"2025-07-23 00:00:00",Card,16961.00,173.00,0.00,17134.00
1303,5410,3,"2025-04-20 00:00:00",Cash,801.00,185.00,0.00,986.00
1304,404,6,"2025-04-09 00:00:00",Cash,2452.00,480.00,0.00,2932.00
1305,1202,3,"2025-12-07 00:00:00",Card,958.00,404.00,0.00,1362.00
1306,5611,5,"2025-06-02 00:00:00",UPI,5256.00,392.00,0.00,5648.00
1307,2842,19,"2025-04-14 00:00:00",Cash,17573.00,492.00,0.00,18065.00
1308,997,19,"2025-12-18 00:00:00",Cash,9892.00,243.00,0.00,10135.00
1309,669,16,"2025-11-27 00:00:00",UPI,18890.00,280.00,0.00,19170.00
1310,4081,7,"2025-11-08 00:00:00",Cash,16768.00,447.00,0.00,17215.00
1311,874,10,"2025-09-26 00:00:00",UPI,4334.00,466.00,0.00,4800.00
1312,6566,10,"2025-03-16 00:00:00",Card,6415.00,320.00,0.00,6735.00
1313,6057,9,"2025-05-01 00:00:00",UPI,10936.00,241.00,0.00,11177.00
1314,2859,11,"2025-01-31 00:00:00",UPI,5920.00,263.00,0.00,6183.00
1315,7746,3,"2025-12-14 00:00:00",UPI,5813.00,423.00,0.00,6236.00
1316,7268,16,"2026-01-08 00:00:00",Card,7096.00,295.00,0.00,7391.00
1317,587,7,"2025-04-24 00:00:00",UPI,17617.00,500.00,0.00,18117.00
1318,2410,4,"2025-10-28 00:00:00",Cash,2549.00,352.00,0.00,2901.00
1319,5634,13,"2025-12-24 00:00:00",Card,6950.00,449.00,0.00,7399.00
1320,7454,2,"2025-05-02 00:00:00",Cash,7808.00,384.00,0.00,8192.00
1321,4959,1,"2025-07-31 00:00:00",Cash,11388.00,204.00,0.00,11592.00
1322,4121,8,"2025-11-30 00:00:00",Card,7100.00,354.00,0.00,7454.00
1323,5329,10,"2025-01-30 00:00:00",Card,6987.00,174.00,0.00,7161.00
1324,5146,20,"2026-01-10 00:00:00",Cash,16925.00,240.00,0.00,17165.00
1325,1837,5,"2025-04-26 00:00:00",Cash,3639.00,449.00,0.00,4088.00
1326,838,16,"2025-03-01 00:00:00",UPI,13375.00,477.00,0.00,13852.00
1327,1572,10,"2025-02-16 00:00:00",UPI,10041.00,393.00,0.00,10434.00
1328,3911,10,"2025-02-14 00:00:00",UPI,8594.00,242.00,0.00,8836.00
1329,6824,8,"2025-07-15 00:00:00",Cash,7724.00,151.00,0.00,7875.00
1330,5306,5,"2025-05-14 00:00:00",Cash,10435.00,496.00,0.00,10931.00
1331,4208,5,"2025-11-19 00:00:00",UPI,3707.00,409.00,0.00,4116.00
1332,7133,19,"2025-03-02 00:00:00",Cash,9408.00,377.00,0.00,9785.00
1333,3919,10,"2025-09-25 00:00:00",Cash,4942.00,256.00,0.00,5198.00
1334,6500,19,"2025-03-26 00:00:00",Card,6643.00,288.00,0.00,6931.00
1335,2012,1,"2025-01-24 00:00:00",Card,1402.00,354.00,0.00,1756.00
1336,7451,9,"2025-05-18 00:00:00",Cash,4684.00,299.00,0.00,4983.00
1337,7221,2,"2025-10-17 00:00:00",Cash,5378.00,168.00,0.00,5546.00
1338,5921,13,"2025-12-20 00:00:00",UPI,10366.00,436.00,0.00,10802.00
1339,3751,6,"2025-12-19 00:00:00",Cash,6542.00,463.00,0.00,7005.00
1340,7052,12,"2025-12-01 00:00:00",UPI,9617.00,445.00,0.00,10062.00
1341,125,4,"2025-10-22 00:00:00",UPI,2707.00,500.00,0.00,3207.00
1342,408,18,"2025-12-14 00:00:00",Card,6177.00,365.00,0.00,6542.00
1343,813,10,"2025-12-29 00:00:00",Card,14285.00,268.00,0.00,14553.00
1344,7261,1,"2025-11-09 00:00:00",Card,1321.00,436.00,0.00,1757.00
1345,6807,16,"2025-10-03 00:00:00",UPI,3343.00,232.00,0.00,3575.00
1346,6704,1,"2025-01-31 00:00:00",Card,11324.00,278.00,0.00,11602.00
1347,986,10,"2025-12-04 00:00:00",UPI,12445.00,413.00,0.00,12858.00
1348,848,18,"2025-06-04 00:00:00",Card,8713.00,330.00,0.00,9043.00
1349,2821,1,"2025-08-15 00:00:00",Cash,6774.00,165.00,0.00,6939.00
1350,2032,3,"2025-04-09 00:00:00",Cash,27268.00,254.00,0.00,27522.00
1351,2318,5,"2025-02-24 00:00:00",UPI,1189.00,468.00,0.00,1657.00
1352,5575,8,"2025-07-16 00:00:00",Card,5577.00,480.00,0.00,6057.00
1353,3387,4,"2025-05-07 00:00:00",UPI,9876.00,398.00,0.00,10274.00
1354,7303,17,"2025-03-21 00:00:00",Cash,7900.00,186.00,0.00,8086.00
1355,4399,7,"2025-04-05 00:00:00",Card,1615.00,347.00,0.00,1962.00
1356,2809,19,"2025-02-04 00:00:00",Card,16450.00,441.00,0.00,16891.00
1357,82,19,"2025-09-22 00:00:00",Cash,18014.00,407.00,0.00,18421.00
1358,1907,20,"2025-04-23 00:00:00",Cash,13335.00,200.00,0.00,13535.00
1359,831,7,"2025-08-26 00:00:00",Card,4470.00,253.00,0.00,4723.00
1360,4135,18,"2025-03-01 00:00:00",Cash,1824.00,186.00,0.00,2010.00
1361,6684,16,"2025-07-09 00:00:00",Card,11340.00,287.00,0.00,11627.00
1362,1161,4,"2025-11-16 00:00:00",Card,8514.00,175.00,0.00,8689.00
1363,5251,1,"2025-06-01 00:00:00",UPI,2076.00,167.00,0.00,2243.00
1364,2058,15,"2025-06-19 00:00:00",Card,18934.00,241.00,0.00,19175.00
1365,714,9,"2025-04-08 00:00:00",Card,8220.00,302.00,0.00,8522.00
1366,5332,16,"2025-04-02 00:00:00",UPI,5339.00,345.00,0.00,5684.00
1367,6403,9,"2025-10-23 00:00:00",Cash,9784.00,500.00,0.00,10284.00
1368,5961,16,"2025-12-29 00:00:00",UPI,3200.00,492.00,0.00,3692.00
1369,4138,11,"2025-01-11 00:00:00",UPI,13338.00,486.00,0.00,13824.00
1370,5263,4,"2025-01-17 00:00:00",UPI,6812.00,199.00,0.00,7011.00
1371,1526,15,"2025-04-05 00:00:00",Cash,3141.00,419.00,0.00,3560.00
1372,703,15,"2025-04-25 00:00:00",UPI,12692.00,479.00,0.00,13171.00
1373,1549,19,"2025-07-03 00:00:00",UPI,7109.00,185.00,0.00,7294.00
1374,4435,10,"2025-03-01 00:00:00",Card,3479.00,398.00,0.00,3877.00
1375,6132,17,"2025-04-22 00:00:00",Card,4378.00,204.00,0.00,4582.00
1376,2501,9,"2025-02-20 00:00:00",Card,13706.00,390.00,0.00,14096.00
1377,572,5,"2025-01-26 00:00:00",UPI,5409.00,193.00,0.00,5602.00
1378,7015,7,"2025-10-21 00:00:00",UPI,12808.00,352.00,0.00,13160.00
1379,7672,14,"2025-08-18 00:00:00",Cash,16462.00,225.00,0.00,16687.00
1380,6647,17,"2025-02-26 00:00:00",UPI,16306.00,314.00,0.00,16620.00
1381,6212,14,"2025-12-12 00:00:00",Card,13685.00,386.00,0.00,14071.00
1382,2535,6,"2026-01-02 00:00:00",Cash,1047.00,370.00,0.00,1417.00
1383,1293,13,"2025-09-27 00:00:00",UPI,2513.00,369.00,0.00,2882.00
1384,5983,12,"2025-07-12 00:00:00",UPI,14835.00,275.00,0.00,15110.00
1385,5675,11,"2025-05-30 00:00:00",UPI,4314.00,179.00,0.00,4493.00
1386,3335,3,"2025-03-22 00:00:00",Cash,8338.00,212.00,0.00,8550.00
1387,3495,16,"2025-08-30 00:00:00",Cash,10437.00,391.00,0.00,10828.00
1388,405,20,"2025-07-19 00:00:00",Cash,12690.00,316.00,0.00,13006.00
1389,1166,17,"2025-02-07 00:00:00",UPI,13199.00,459.00,0.00,13658.00
1390,7631,16,"2025-03-15 00:00:00",Cash,2605.00,223.00,0.00,2828.00
1391,4184,11,"2025-12-09 00:00:00",Cash,14394.00,383.00,0.00,14777.00
1392,7093,16,"2025-08-30 00:00:00",Cash,5671.00,427.00,0.00,6098.00
1393,350,2,"2025-10-30 00:00:00",Cash,6781.00,235.00,0.00,7016.00
1394,6642,16,"2025-01-19 00:00:00",Card,7669.00,207.00,0.00,7876.00
1395,3387,6,"2025-06-18 00:00:00",Card,10547.00,319.00,0.00,10866.00
1396,3911,18,"2025-05-21 00:00:00",UPI,8810.00,413.00,0.00,9223.00
1397,1224,20,"2025-06-27 00:00:00",Cash,9882.00,209.00,0.00,10091.00
1398,1568,3,"2026-01-07 00:00:00",Cash,5519.00,191.00,0.00,5710.00
1399,5646,19,"2025-03-19 00:00:00",UPI,4693.00,359.00,0.00,5052.00
1400,2993,19,"2025-04-01 00:00:00",UPI,9563.00,180.00,0.00,9743.00
1401,4145,11,"2025-07-19 00:00:00",Cash,5834.00,421.00,0.00,6255.00
1402,3035,2,"2025-05-30 00:00:00",Cash,1904.00,413.00,0.00,2317.00
1403,7170,8,"2025-04-05 00:00:00",Cash,8674.00,418.00,0.00,9092.00
1404,480,2,"2025-05-09 00:00:00",UPI,8929.00,209.00,0.00,9138.00
1405,7518,15,"2026-01-11 00:00:00",UPI,3940.00,237.00,0.00,4177.00
1406,7386,5,"2025-11-08 00:00:00",Card,12218.00,171.00,0.00,12389.00
1407,2292,4,"2025-12-17 00:00:00",Cash,4088.00,311.00,0.00,4399.00
1408,4426,11,"2025-04-13 00:00:00",Card,4342.00,333.00,0.00,4675.00
1409,5784,19,"2025-08-23 00:00:00",UPI,7565.00,280.00,0.00,7845.00
1410,6026,13,"2025-02-27 00:00:00",UPI,7766.00,487.00,0.00,8253.00
1411,1269,13,"2025-06-22 00:00:00",UPI,9118.00,378.00,0.00,9496.00
1412,7254,18,"2025-02-20 00:00:00",UPI,13216.00,237.00,0.00,13453.00
1413,1379,17,"2025-03-11 00:00:00",Card,8327.00,192.00,0.00,8519.00
1414,3221,1,"2025-01-15 00:00:00",UPI,17398.00,247.00,0.00,17645.00
1415,7881,1,"2025-03-11 00:00:00",Card,7086.00,367.00,0.00,7453.00
1416,2578,17,"2025-07-13 00:00:00",UPI,9098.00,288.00,0.00,9386.00
1417,5104,15,"2025-09-07 00:00:00",Card,14178.00,306.00,0.00,14484.00
1418,1622,18,"2025-01-23 00:00:00",UPI,8688.00,417.00,0.00,9105.00
1419,1532,19,"2025-08-19 00:00:00",Cash,18405.00,324.00,0.00,18729.00
1420,1128,5,"2025-10-31 00:00:00",UPI,5133.00,492.00,0.00,5625.00
1421,5992,14,"2025-01-15 00:00:00",Card,22844.00,295.00,0.00,23139.00
1422,2581,8,"2025-05-16 00:00:00",Card,7609.00,194.00,0.00,7803.00
1423,6698,7,"2025-04-17 00:00:00",UPI,6735.00,257.00,0.00,6992.00
1424,4243,3,"2025-03-27 00:00:00",Cash,2530.00,157.00,0.00,2687.00
1425,2996,1,"2025-08-11 00:00:00",Cash,1018.00,411.00,0.00,1429.00
1426,1206,15,"2025-03-31 00:00:00",Cash,4756.00,200.00,0.00,4956.00
1427,2141,4,"2025-01-12 00:00:00",Card,17674.00,335.00,0.00,18009.00
1428,6895,8,"2025-07-12 00:00:00",Cash,15976.00,329.00,0.00,16305.00
1429,4241,5,"2025-03-27 00:00:00",Cash,8052.00,466.00,0.00,8518.00
1430,5983,3,"2025-08-31 00:00:00",UPI,9235.00,179.00,0.00,9414.00
1431,7046,11,"2025-03-31 00:00:00",UPI,1334.00,171.00,0.00,1505.00
1432,6170,1,"2025-05-11 00:00:00",Card,6552.00,389.00,0.00,6941.00
1433,6956,13,"2025-10-29 00:00:00",UPI,3342.00,258.00,0.00,3600.00
1434,2639,1,"2025-07-14 00:00:00",Card,5390.00,302.00,0.00,5692.00
1435,1994,3,"2025-01-16 00:00:00",UPI,6050.00,225.00,0.00,6275.00
1436,4159,4,"2025-11-18 00:00:00",UPI,5062.00,474.00,0.00,5536.00
1437,1165,13,"2025-02-13 00:00:00",Card,3605.00,160.00,0.00,3765.00
1438,2136,19,"2025-04-27 00:00:00",UPI,15084.00,367.00,0.00,15451.00
1439,1571,9,"2025-09-30 00:00:00",Card,6661.00,294.00,0.00,6955.00
1440,1654,18,"2025-11-21 00:00:00",Cash,4435.00,429.00,0.00,4864.00
1441,2177,1,"2025-01-31 00:00:00",Cash,4226.00,348.00,0.00,4574.00
1442,5838,14,"2025-05-29 00:00:00",Cash,9806.00,312.00,0.00,10118.00
1443,5118,2,"2025-03-21 00:00:00",Cash,2410.00,317.00,0.00,2727.00
1444,3897,17,"2025-05-19 00:00:00",Card,15131.00,271.00,0.00,15402.00
1445,6113,15,"2025-11-24 00:00:00",Card,10444.00,448.00,0.00,10892.00
1446,3827,5,"2025-07-10 00:00:00",Cash,8088.00,353.00,0.00,8441.00
1447,6693,17,"2026-01-06 00:00:00",Card,15227.00,320.00,0.00,15547.00
1448,135,14,"2026-01-11 00:00:00",Card,6769.00,287.00,0.00,7056.00
1449,939,4,"2025-03-11 00:00:00",Cash,6858.00,433.00,0.00,7291.00
1450,7201,19,"2025-11-30 00:00:00",Card,2936.00,413.00,0.00,3349.00
1451,678,20,"2025-05-27 00:00:00",Cash,3483.00,472.00,0.00,3955.00
1452,3029,11,"2025-06-03 00:00:00",UPI,2638.00,163.00,0.00,2801.00
1453,7683,1,"2025-06-09 00:00:00",Cash,9337.00,264.00,0.00,9601.00
1454,661,11,"2025-10-17 00:00:00",UPI,6360.00,210.00,0.00,6570.00
1455,6958,6,"2025-05-09 00:00:00",Card,4674.00,321.00,0.00,4995.00
1456,5875,6,"2025-07-02 00:00:00",Cash,4177.00,241.00,0.00,4418.00
1457,5906,11,"2025-09-03 00:00:00",Card,9681.00,294.00,0.00,9975.00
1458,3387,14,"2025-10-16 00:00:00",UPI,5799.00,471.00,0.00,6270.00
1459,647,17,"2025-01-30 00:00:00",UPI,11622.00,347.00,0.00,11969.00
1460,4184,2,"2025-09-06 00:00:00",UPI,7946.00,260.00,0.00,8206.00
1461,525,17,"2025-09-12 00:00:00",Card,6154.00,324.00,0.00,6478.00
1462,5680,15,"2025-05-16 00:00:00",Cash,4201.00,266.00,0.00,4467.00
1463,1981,12,"2025-02-16 00:00:00",Card,12157.00,364.00,0.00,12521.00
1464,7211,5,"2025-07-26 00:00:00",Cash,24455.00,182.00,0.00,24637.00
1465,786,5,"2025-05-05 00:00:00",UPI,4852.00,497.00,0.00,5349.00
1466,717,17,"2025-05-29 00:00:00",UPI,2546.00,246.00,0.00,2792.00
1467,6111,10,"2025-06-19 00:00:00",Card,862.00,396.00,0.00,1258.00
1468,897,11,"2025-03-06 00:00:00",Cash,14658.00,417.00,0.00,15075.00
1469,4926,16,"2025-12-28 00:00:00",Cash,7393.00,183.00,0.00,7576.00
1470,6765,14,"2025-12-29 00:00:00",Card,1906.00,283.00,0.00,2189.00
1471,4756,14,"2025-02-28 00:00:00",UPI,6297.00,218.00,0.00,6515.00
1472,2325,2,"2025-02-24 00:00:00",Card,2094.00,219.00,0.00,2313.00
1473,3690,1,"2025-07-11 00:00:00",UPI,15607.00,347.00,0.00,15954.00
1474,982,20,"2025-06-27 00:00:00",Cash,14078.00,375.00,0.00,14453.00
1475,7769,9,"2025-10-25 00:00:00",UPI,14786.00,164.00,0.00,14950.00
1476,6980,1,"2025-08-25 00:00:00",UPI,20379.00,377.00,0.00,20756.00
1477,1731,4,"2025-12-25 00:00:00",UPI,4119.00,227.00,0.00,4346.00
1478,226,16,"2025-11-12 00:00:00",Card,17687.00,479.00,0.00,18166.00
1479,2186,9,"2025-03-01 00:00:00",UPI,12603.00,473.00,0.00,13076.00
1480,2904,13,"2025-03-02 00:00:00",Card,10138.00,162.00,0.00,10300.00
1481,4594,18,"2025-12-04 00:00:00",Cash,13420.00,387.00,0.00,13807.00
1482,3320,10,"2025-11-02 00:00:00",Card,15936.00,499.00,0.00,16435.00
1483,150,12,"2025-09-07 00:00:00",Card,17648.00,321.00,0.00,17969.00
1484,3922,13,"2025-11-20 00:00:00",Card,6676.00,356.00,0.00,7032.00
1485,2247,7,"2025-12-04 00:00:00",UPI,3871.00,169.00,0.00,4040.00
1486,3906,15,"2025-11-11 00:00:00",Card,2614.00,166.00,0.00,2780.00
1487,5494,12,"2026-01-06 00:00:00",UPI,7152.00,254.00,0.00,7406.00
1488,6401,19,"2025-01-23 00:00:00",Cash,11472.00,171.00,0.00,11643.00
1489,2253,16,"2025-12-17 00:00:00",UPI,3224.00,474.00,0.00,3698.00
1490,1162,6,"2025-07-27 00:00:00",UPI,1710.00,433.00,0.00,2143.00
1491,2745,5,"2025-12-01 00:00:00",Cash,14128.00,314.00,0.00,14442.00
1492,4032,9,"2025-03-02 00:00:00",Card,10540.00,400.00,0.00,10940.00
1493,7380,11,"2025-11-26 00:00:00",UPI,6254.00,281.00,0.00,6535.00
1494,609,4,"2025-02-23 00:00:00",Card,5730.00,228.00,0.00,5958.00
1495,812,12,"2025-03-31 00:00:00",Card,14698.00,239.00,0.00,14937.00
1496,2727,4,"2025-09-10 00:00:00",Cash,10514.00,253.00,0.00,10767.00
1497,1948,10,"2025-03-21 00:00:00",UPI,8627.00,345.00,0.00,8972.00
1498,2445,5,"2025-05-15 00:00:00",UPI,11393.00,185.00,0.00,11578.00
1499,4922,5,"2025-11-14 00:00:00",Card,20778.00,247.00,0.00,21025.00
1500,4816,18,"2025-12-15 00:00:00",UPI,5400.00,336.00,0.00,5736.00
1501,6927,11,"2025-09-08 00:00:00",Card,26565.00,243.00,0.00,26808.00
1502,4864,10,"2025-04-12 00:00:00",Card,2752.00,313.00,0.00,3065.00
1503,4216,16,"2025-12-03 00:00:00",Cash,4658.00,231.00,0.00,4889.00
1504,6266,5,"2025-01-26 00:00:00",UPI,4623.00,385.00,0.00,5008.00
1505,7629,18,"2025-05-10 00:00:00",Card,20180.00,244.00,0.00,20424.00
1506,6897,12,"2025-02-20 00:00:00",UPI,1022.00,341.00,0.00,1363.00
1507,2733,5,"2025-12-02 00:00:00",UPI,23816.00,458.00,0.00,24274.00
1508,354,1,"2025-04-18 00:00:00",UPI,6415.00,377.00,0.00,6792.00
1509,6843,5,"2025-11-29 00:00:00",UPI,506.00,187.00,0.00,693.00
1510,3023,9,"2025-10-03 00:00:00",Cash,9557.00,183.00,0.00,9740.00
1511,2515,7,"2025-09-19 00:00:00",Card,12970.00,207.00,0.00,13177.00
1512,1041,19,"2025-08-31 00:00:00",Cash,6210.00,168.00,0.00,6378.00
1513,3522,1,"2025-11-18 00:00:00",UPI,4863.00,291.00,0.00,5154.00
1514,671,5,"2025-11-21 00:00:00",Cash,4050.00,368.00,0.00,4418.00
1515,996,11,"2025-02-11 00:00:00",Card,5729.00,250.00,0.00,5979.00
1516,1228,4,"2025-11-14 00:00:00",Cash,8566.00,456.00,0.00,9022.00
1517,2713,4,"2025-10-04 00:00:00",Cash,7214.00,432.00,0.00,7646.00
1518,7318,8,"2025-11-02 00:00:00",Card,13893.00,161.00,0.00,14054.00
1519,1017,4,"2025-06-19 00:00:00",UPI,5412.00,200.00,0.00,5612.00
1520,5759,20,"2025-06-06 00:00:00",UPI,19106.00,333.00,0.00,19439.00
1521,6279,13,"2025-06-12 00:00:00",Cash,1514.00,369.00,0.00,1883.00
1522,4583,10,"2025-05-09 00:00:00",Cash,3741.00,292.00,0.00,4033.00
1523,5226,7,"2025-03-16 00:00:00",Cash,12353.00,370.00,0.00,12723.00
1524,4606,9,"2025-08-13 00:00:00",UPI,9889.00,470.00,0.00,10359.00
1525,4495,8,"2025-11-16 00:00:00",Cash,11364.00,173.00,0.00,11537.00
1526,6922,2,"2025-06-09 00:00:00",UPI,6456.00,391.00,0.00,6847.00
1527,5859,11,"2026-01-11 00:00:00",UPI,1278.00,222.00,0.00,1500.00
1528,7091,5,"2025-12-09 00:00:00",Card,3072.00,330.00,0.00,3402.00
1529,5130,20,"2025-06-14 00:00:00",Card,2136.00,266.00,0.00,2402.00
1530,2375,5,"2025-04-23 00:00:00",Cash,4304.00,279.00,0.00,4583.00
1531,5363,9,"2025-07-26 00:00:00",Cash,9510.00,284.00,0.00,9794.00
1532,3322,3,"2025-07-30 00:00:00",Cash,586.00,456.00,0.00,1042.00
1533,2542,10,"2025-03-01 00:00:00",UPI,11535.00,386.00,0.00,11921.00
1534,2194,2,"2025-02-09 00:00:00",Cash,3965.00,256.00,0.00,4221.00
1535,845,18,"2025-11-10 00:00:00",UPI,9143.00,253.00,0.00,9396.00
1536,1491,17,"2025-01-21 00:00:00",UPI,7058.00,191.00,0.00,7249.00
1537,7209,17,"2025-04-12 00:00:00",UPI,5239.00,283.00,0.00,5522.00
1538,7305,12,"2025-04-10 00:00:00",Cash,7719.00,426.00,0.00,8145.00
1539,5513,16,"2025-11-01 00:00:00",Cash,10634.00,335.00,0.00,10969.00
1540,5737,8,"2025-03-27 00:00:00",UPI,10172.00,284.00,0.00,10456.00
1541,3138,15,"2025-11-28 00:00:00",UPI,7978.00,307.00,0.00,8285.00
1542,1635,13,"2025-01-23 00:00:00",UPI,14616.00,271.00,0.00,14887.00
1543,1104,7,"2025-08-02 00:00:00",UPI,15962.00,187.00,0.00,16149.00
1544,5894,18,"2025-10-03 00:00:00",UPI,10800.00,414.00,0.00,11214.00
1545,4936,14,"2025-03-31 00:00:00",Cash,8823.00,449.00,0.00,9272.00
1546,6003,12,"2025-07-01 00:00:00",Card,6074.00,170.00,0.00,6244.00
1547,6206,8,"2025-07-07 00:00:00",UPI,14001.00,280.00,0.00,14281.00
1548,1011,7,"2025-12-06 00:00:00",Card,5090.00,368.00,0.00,5458.00
1549,6253,2,"2025-12-12 00:00:00",Cash,1128.00,394.00,0.00,1522.00
1550,2532,17,"2025-05-09 00:00:00",UPI,3954.00,231.00,0.00,4185.00
1551,2168,7,"2025-10-19 00:00:00",Card,5741.00,249.00,0.00,5990.00
1552,6231,15,"2025-11-29 00:00:00",Card,14774.00,397.00,0.00,15171.00
1553,6300,18,"2025-05-19 00:00:00",UPI,3547.00,274.00,0.00,3821.00
1554,4000,7,"2025-01-16 00:00:00",Cash,2573.00,495.00,0.00,3068.00
1555,2666,2,"2025-03-06 00:00:00",Cash,13935.00,412.00,0.00,14347.00
1556,2752,16,"2025-04-21 00:00:00",Cash,22838.00,409.00,0.00,23247.00
1557,806,10,"2025-01-30 00:00:00",UPI,5231.00,350.00,0.00,5581.00
1558,1147,9,"2025-03-13 00:00:00",UPI,3923.00,433.00,0.00,4356.00
1559,347,16,"2025-08-02 00:00:00",Cash,9979.00,166.00,0.00,10145.00
1560,5958,15,"2025-05-02 00:00:00",Cash,782.00,206.00,0.00,988.00
1561,6973,5,"2025-03-02 00:00:00",Card,10143.00,348.00,0.00,10491.00
1562,766,8,"2025-09-27 00:00:00",UPI,846.00,387.00,0.00,1233.00
1563,3919,4,"2025-10-21 00:00:00",Card,21072.00,432.00,0.00,21504.00
1564,1149,1,"2025-08-04 00:00:00",Card,21673.00,238.00,0.00,21911.00
1565,4919,5,"2025-02-05 00:00:00",Card,9959.00,340.00,0.00,10299.00
1566,6233,12,"2025-10-26 00:00:00",UPI,9052.00,345.00,0.00,9397.00
1567,7146,8,"2025-09-04 00:00:00",Cash,4460.00,439.00,0.00,4899.00
1568,1130,2,"2025-10-07 00:00:00",Card,2617.00,405.00,0.00,3022.00
1569,7657,3,"2025-02-26 00:00:00",Cash,4708.00,426.00,0.00,5134.00
1570,1000,5,"2025-03-08 00:00:00",UPI,19479.00,272.00,0.00,19751.00
1571,3765,12,"2025-10-30 00:00:00",UPI,7654.00,165.00,0.00,7819.00
1572,2464,3,"2025-11-26 00:00:00",UPI,882.00,195.00,0.00,1077.00
1573,955,13,"2025-06-19 00:00:00",Cash,2236.00,441.00,0.00,2677.00
1574,1172,6,"2025-12-19 00:00:00",Cash,7927.00,162.00,0.00,8089.00
1575,2421,20,"2025-11-04 00:00:00",Card,5648.00,441.00,0.00,6089.00
1576,7878,19,"2025-03-05 00:00:00",Cash,1028.00,369.00,0.00,1397.00
1577,2590,16,"2025-01-24 00:00:00",Card,5573.00,246.00,0.00,5819.00
1578,5999,19,"2025-05-09 00:00:00",Card,1238.00,173.00,0.00,1411.00
1579,303,20,"2025-10-04 00:00:00",Cash,4475.00,488.00,0.00,4963.00
1580,3520,2,"2025-12-18 00:00:00",UPI,15668.00,283.00,0.00,15951.00
1581,4927,6,"2025-08-01 00:00:00",UPI,4986.00,171.00,0.00,5157.00
1582,1002,1,"2025-01-11 00:00:00",Cash,3939.00,443.00,0.00,4382.00
1583,625,18,"2025-11-09 00:00:00",UPI,5568.00,443.00,0.00,6011.00
1584,6382,2,"2025-05-23 00:00:00",UPI,11200.00,219.00,0.00,11419.00
1585,6078,3,"2025-02-16 00:00:00",UPI,15352.00,474.00,0.00,15826.00
1586,3658,8,"2025-03-05 00:00:00",Card,11329.00,399.00,0.00,11728.00
1587,6776,15,"2025-10-22 00:00:00",UPI,5206.00,224.00,0.00,5430.00
1588,6026,17,"2025-05-05 00:00:00",UPI,967.00,151.00,0.00,1118.00
1589,4801,12,"2025-04-07 00:00:00",Cash,18696.00,434.00,0.00,19130.00
1590,7863,14,"2025-02-23 00:00:00",Card,10208.00,158.00,0.00,10366.00
1591,3869,16,"2025-09-04 00:00:00",Card,949.00,330.00,0.00,1279.00
1592,6111,14,"2025-11-22 00:00:00",Card,5958.00,397.00,0.00,6355.00
1593,2790,6,"2025-03-30 00:00:00",Cash,12302.00,151.00,0.00,12453.00
1594,3986,12,"2025-02-11 00:00:00",Cash,2653.00,271.00,0.00,2924.00
1595,4665,20,"2025-05-02 00:00:00",Card,5959.00,395.00,0.00,6354.00
1596,4329,13,"2025-10-26 00:00:00",Cash,5225.00,206.00,0.00,5431.00
1597,25,14,"2025-10-25 00:00:00",Cash,3040.00,401.00,0.00,3441.00
1598,6667,12,"2026-01-09 00:00:00",Cash,9001.00,335.00,0.00,9336.00
1599,4239,4,"2025-09-22 00:00:00",Cash,2925.00,328.00,0.00,3253.00
1600,6314,8,"2025-11-25 00:00:00",Card,5985.00,473.00,0.00,6458.00
1601,1552,15,"2026-01-05 00:00:00",Card,11906.00,227.00,0.00,12133.00
1602,1362,12,"2025-06-16 00:00:00",UPI,8364.00,489.00,0.00,8853.00
1603,7681,18,"2025-03-12 00:00:00",Cash,13127.00,204.00,0.00,13331.00
1604,4022,12,"2025-03-06 00:00:00",Cash,3638.00,366.00,0.00,4004.00
1605,5427,11,"2025-07-19 00:00:00",UPI,16033.00,457.00,0.00,16490.00
1606,7747,20,"2025-04-28 00:00:00",UPI,23140.00,444.00,0.00,23584.00
1607,7261,3,"2025-07-23 00:00:00",UPI,6208.00,245.00,0.00,6453.00
1608,165,13,"2025-09-10 00:00:00",Card,6824.00,351.00,0.00,7175.00
1609,4347,18,"2025-03-28 00:00:00",Cash,8910.00,196.00,0.00,9106.00
1610,1629,9,"2025-02-20 00:00:00",Cash,5382.00,367.00,0.00,5749.00
1611,5070,7,"2025-11-13 00:00:00",UPI,10215.00,270.00,0.00,10485.00
1612,7541,17,"2025-11-04 00:00:00",Cash,12758.00,261.00,0.00,13019.00
1613,2116,6,"2025-10-22 00:00:00",Card,13546.00,354.00,0.00,13900.00
1614,4721,20,"2025-01-23 00:00:00",Card,647.00,284.00,0.00,931.00
1615,6181,18,"2026-01-06 00:00:00",UPI,25192.00,325.00,0.00,25517.00
1616,1093,9,"2025-05-26 00:00:00",UPI,19922.00,412.00,0.00,20334.00
1617,740,3,"2025-05-17 00:00:00",Card,512.00,355.00,0.00,867.00
1618,3694,5,"2025-12-31 00:00:00",Card,10552.00,306.00,0.00,10858.00
1619,3495,6,"2025-10-28 00:00:00",UPI,6821.00,176.00,0.00,6997.00
1620,49,2,"2025-08-27 00:00:00",UPI,13103.00,449.00,0.00,13552.00
1621,7022,12,"2025-07-17 00:00:00",UPI,2573.00,462.00,0.00,3035.00
1622,5383,19,"2025-12-28 00:00:00",UPI,27822.00,355.00,0.00,28177.00
1623,6851,17,"2025-12-04 00:00:00",UPI,7782.00,334.00,0.00,8116.00
1624,1523,1,"2025-03-28 00:00:00",Cash,11725.00,173.00,0.00,11898.00
1625,4208,3,"2025-11-01 00:00:00",Card,1103.00,343.00,0.00,1446.00
1626,3939,20,"2025-04-16 00:00:00",Cash,8440.00,491.00,0.00,8931.00
1627,1402,8,"2025-06-15 00:00:00",Card,16892.00,319.00,0.00,17211.00
1628,4856,6,"2025-09-01 00:00:00",UPI,11147.00,476.00,0.00,11623.00
1629,2446,11,"2025-04-05 00:00:00",Cash,10914.00,413.00,0.00,11327.00
1630,6333,13,"2025-03-14 00:00:00",Cash,5278.00,255.00,0.00,5533.00
1631,4406,14,"2025-09-02 00:00:00",Card,6228.00,164.00,0.00,6392.00
1632,4100,8,"2025-09-29 00:00:00",UPI,10703.00,341.00,0.00,11044.00
1633,4968,12,"2025-02-15 00:00:00",UPI,6738.00,319.00,0.00,7057.00
1634,3871,14,"2025-08-25 00:00:00",UPI,8240.00,282.00,0.00,8522.00
1635,3298,11,"2025-04-08 00:00:00",UPI,5866.00,399.00,0.00,6265.00
1636,4937,10,"2025-11-18 00:00:00",Cash,16430.00,184.00,0.00,16614.00
1637,3128,6,"2025-01-15 00:00:00",UPI,19938.00,161.00,0.00,20099.00
1638,4305,20,"2025-01-31 00:00:00",Cash,12561.00,152.00,0.00,12713.00
1639,1674,6,"2025-12-18 00:00:00",UPI,1336.00,477.00,0.00,1813.00
1640,6457,9,"2025-05-24 00:00:00",Card,13424.00,344.00,0.00,13768.00
1641,1096,6,"2025-12-05 00:00:00",UPI,2497.00,408.00,0.00,2905.00
1642,7401,5,"2025-12-07 00:00:00",Cash,9612.00,218.00,0.00,9830.00
1643,1910,12,"2025-04-18 00:00:00",Cash,6247.00,475.00,0.00,6722.00
1644,7190,19,"2025-04-28 00:00:00",Card,10288.00,214.00,0.00,10502.00
1645,5883,13,"2025-07-10 00:00:00",Card,22684.00,424.00,0.00,23108.00
1646,194,13,"2025-02-25 00:00:00",UPI,8063.00,207.00,0.00,8270.00
1647,3080,16,"2025-08-06 00:00:00",UPI,15272.00,272.00,0.00,15544.00
1648,6274,16,"2025-04-22 00:00:00",Card,8391.00,379.00,0.00,8770.00
1649,7449,2,"2025-01-12 00:00:00",Cash,2430.00,450.00,0.00,2880.00
1650,3626,3,"2025-11-05 00:00:00",Cash,7281.00,207.00,0.00,7488.00
1651,4631,7,"2025-12-23 00:00:00",UPI,5685.00,319.00,0.00,6004.00
1652,6809,9,"2025-03-21 00:00:00",Card,3766.00,287.00,0.00,4053.00
1653,5357,13,"2025-11-22 00:00:00",UPI,6850.00,387.00,0.00,7237.00
1654,4633,9,"2025-04-17 00:00:00",Card,20004.00,178.00,0.00,20182.00
1655,2294,17,"2025-05-17 00:00:00",Cash,2821.00,446.00,0.00,3267.00
1656,95,9,"2025-03-19 00:00:00",Cash,7878.00,246.00,0.00,8124.00
1657,1786,16,"2025-09-17 00:00:00",Cash,23623.00,306.00,0.00,23929.00
1658,29,1,"2025-04-25 00:00:00",UPI,4021.00,473.00,0.00,4494.00
1659,1327,12,"2025-08-12 00:00:00",UPI,2444.00,211.00,0.00,2655.00
1660,1818,12,"2025-06-06 00:00:00",UPI,13426.00,390.00,0.00,13816.00
1661,5492,14,"2025-04-24 00:00:00",Cash,8082.00,428.00,0.00,8510.00
1662,4940,8,"2025-03-29 00:00:00",Card,7114.00,335.00,0.00,7449.00
1663,4978,12,"2025-12-25 00:00:00",Card,8855.00,392.00,0.00,9247.00
1664,1553,8,"2025-07-25 00:00:00",Cash,5937.00,476.00,0.00,6413.00
1665,755,14,"2025-03-01 00:00:00",Cash,6246.00,204.00,0.00,6450.00
1666,3321,10,"2026-01-01 00:00:00",Card,2452.00,231.00,0.00,2683.00
1667,277,3,"2025-01-15 00:00:00",Cash,2418.00,358.00,0.00,2776.00
1668,5275,10,"2025-11-09 00:00:00",Card,5844.00,261.00,0.00,6105.00
1669,4000,4,"2025-11-05 00:00:00",Card,2182.00,272.00,0.00,2454.00
1670,7771,1,"2025-03-28 00:00:00",UPI,2819.00,426.00,0.00,3245.00
1671,5586,19,"2025-04-08 00:00:00",Card,3566.00,279.00,0.00,3845.00
1672,625,13,"2025-06-10 00:00:00",Cash,2864.00,324.00,0.00,3188.00
1673,1449,12,"2025-04-22 00:00:00",UPI,13987.00,405.00,0.00,14392.00
1674,2437,16,"2025-07-27 00:00:00",Card,15065.00,472.00,0.00,15537.00
1675,1860,1,"2025-05-21 00:00:00",Cash,5022.00,212.00,0.00,5234.00
1676,5659,4,"2025-01-26 00:00:00",UPI,6862.00,216.00,0.00,7078.00
1677,5123,18,"2025-02-06 00:00:00",Cash,12409.00,483.00,0.00,12892.00
1678,3630,3,"2025-11-11 00:00:00",Cash,22652.00,205.00,0.00,22857.00
1679,5608,6,"2025-04-20 00:00:00",Card,11649.00,434.00,0.00,12083.00
1680,2319,18,"2025-11-07 00:00:00",UPI,13502.00,449.00,0.00,13951.00
1681,4797,8,"2025-12-05 00:00:00",Cash,5338.00,346.00,0.00,5684.00
1682,1344,3,"2025-01-18 00:00:00",Card,20362.00,170.00,0.00,20532.00
1683,6165,7,"2025-09-01 00:00:00",Cash,8408.00,417.00,0.00,8825.00
1684,1587,2,"2025-09-24 00:00:00",Cash,10548.00,204.00,0.00,10752.00
1685,5658,19,"2025-05-01 00:00:00",Card,6842.00,296.00,0.00,7138.00
1686,1566,4,"2025-08-07 00:00:00",UPI,10350.00,293.00,0.00,10643.00
1687,6307,19,"2025-07-12 00:00:00",UPI,12372.00,418.00,0.00,12790.00
1688,770,20,"2025-03-10 00:00:00",Cash,11170.00,315.00,0.00,11485.00
1689,2735,10,"2025-08-25 00:00:00",Cash,7207.00,175.00,0.00,7382.00
1690,909,1,"2025-04-08 00:00:00",Cash,5602.00,463.00,0.00,6065.00
1691,630,15,"2025-07-21 00:00:00",Cash,7154.00,232.00,0.00,7386.00
1692,3253,3,"2025-01-23 00:00:00",Cash,5465.00,446.00,0.00,5911.00
1693,7640,13,"2025-09-30 00:00:00",Card,3236.00,455.00,0.00,3691.00
1694,1360,16,"2025-10-02 00:00:00",Cash,1635.00,172.00,0.00,1807.00
1695,6845,14,"2025-03-05 00:00:00",Card,10005.00,306.00,0.00,10311.00
1696,4258,10,"2025-03-01 00:00:00",Card,17128.00,453.00,0.00,17581.00
1697,2932,17,"2025-09-16 00:00:00",UPI,5654.00,483.00,0.00,6137.00
1698,6081,20,"2025-06-14 00:00:00",Cash,2959.00,216.00,0.00,3175.00
1699,90,6,"2025-04-11 00:00:00",Card,7287.00,296.00,0.00,7583.00
1700,6578,18,"2025-12-31 00:00:00",UPI,2327.00,459.00,0.00,2786.00
1701,2106,16,"2025-02-02 00:00:00",Card,9945.00,369.00,0.00,10314.00
1702,1552,6,"2025-03-12 00:00:00",Card,13198.00,485.00,0.00,13683.00
1703,7654,15,"2025-02-09 00:00:00",UPI,4890.00,379.00,0.00,5269.00
1704,4726,2,"2025-03-29 00:00:00",UPI,4530.00,326.00,0.00,4856.00
1705,495,16,"2025-05-10 00:00:00",UPI,15826.00,284.00,0.00,16110.00
1706,7830,12,"2025-02-03 00:00:00",Card,18541.00,183.00,0.00,18724.00
1707,6273,16,"2026-01-07 00:00:00",Cash,6698.00,383.00,0.00,7081.00
1708,6796,13,"2025-04-29 00:00:00",Card,5771.00,157.00,0.00,5928.00
1709,7099,3,"2025-08-28 00:00:00",Card,19789.00,265.00,0.00,20054.00
1710,2303,6,"2025-02-06 00:00:00",UPI,3048.00,233.00,0.00,3281.00
1711,5672,5,"2025-03-31 00:00:00",Cash,10939.00,287.00,0.00,11226.00
1712,3790,2,"2025-12-08 00:00:00",UPI,1880.00,375.00,0.00,2255.00
1713,461,19,"2025-12-18 00:00:00",Cash,13474.00,313.00,0.00,13787.00
1714,2862,19,"2025-07-17 00:00:00",UPI,2996.00,486.00,0.00,3482.00
1715,4769,15,"2025-07-28 00:00:00",Card,13378.00,253.00,0.00,13631.00
1716,4810,8,"2025-05-26 00:00:00",Cash,14235.00,457.00,0.00,14692.00
1717,3940,3,"2025-03-30 00:00:00",UPI,2470.00,261.00,0.00,2731.00
1718,5450,8,"2025-01-13 00:00:00",UPI,5608.00,318.00,0.00,5926.00
1719,6178,19,"2025-01-19 00:00:00",UPI,13082.00,170.00,0.00,13252.00
1720,719,13,"2025-09-09 00:00:00",Cash,18066.00,269.00,0.00,18335.00
1721,5145,10,"2025-11-11 00:00:00",Cash,8271.00,376.00,0.00,8647.00
1722,7571,1,"2025-08-31 00:00:00",Card,13757.00,353.00,0.00,14110.00
1723,2405,3,"2025-08-31 00:00:00",UPI,6063.00,434.00,0.00,6497.00
1724,6150,16,"2025-05-30 00:00:00",UPI,11811.00,449.00,0.00,12260.00
1725,283,10,"2025-07-23 00:00:00",Cash,14374.00,375.00,0.00,14749.00
1726,6284,13,"2025-11-28 00:00:00",UPI,2859.00,187.00,0.00,3046.00
1727,7111,20,"2025-01-15 00:00:00",Card,16600.00,369.00,0.00,16969.00
1728,3650,16,"2025-12-26 00:00:00",Card,6750.00,410.00,0.00,7160.00
1729,1607,2,"2025-05-03 00:00:00",Cash,5608.00,323.00,0.00,5931.00
1730,5989,12,"2025-03-17 00:00:00",Cash,8665.00,349.00,0.00,9014.00
1731,2771,4,"2025-05-07 00:00:00",UPI,2452.00,363.00,0.00,2815.00
1732,4437,9,"2025-01-17 00:00:00",Card,7661.00,389.00,0.00,8050.00
1733,4013,15,"2025-02-13 00:00:00",Card,4397.00,487.00,0.00,4884.00
1734,7878,18,"2025-05-12 00:00:00",UPI,6482.00,292.00,0.00,6774.00
1735,5365,9,"2025-03-31 00:00:00",UPI,6655.00,423.00,0.00,7078.00
1736,1746,17,"2025-11-24 00:00:00",Cash,12545.00,219.00,0.00,12764.00
1737,7312,6,"2025-03-30 00:00:00",Cash,8276.00,268.00,0.00,8544.00
1738,5408,18,"2025-08-17 00:00:00",Card,7282.00,175.00,0.00,7457.00
1739,5152,8,"2025-01-12 00:00:00",UPI,9715.00,343.00,0.00,10058.00
1740,862,17,"2025-08-09 00:00:00",Cash,11360.00,336.00,0.00,11696.00
1741,6122,15,"2025-09-16 00:00:00",UPI,6942.00,333.00,0.00,7275.00
1742,5479,2,"2025-11-30 00:00:00",Cash,2664.00,322.00,0.00,2986.00
1743,2589,9,"2025-02-18 00:00:00",Cash,5312.00,168.00,0.00,5480.00
1744,4977,6,"2025-09-21 00:00:00",UPI,11630.00,198.00,0.00,11828.00
1745,7413,14,"2025-06-18 00:00:00",Card,11845.00,380.00,0.00,12225.00
1746,4169,6,"2025-01-22 00:00:00",Cash,7893.00,248.00,0.00,8141.00
1747,2426,9,"2025-09-27 00:00:00",Card,23709.00,315.00,0.00,24024.00
1748,3841,11,"2025-07-08 00:00:00",Card,11863.00,496.00,0.00,12359.00
1749,5536,20,"2025-05-17 00:00:00",Card,4750.00,460.00,0.00,5210.00
1750,4633,4,"2025-03-19 00:00:00",UPI,9696.00,419.00,0.00,10115.00
1751,247,9,"2025-01-22 00:00:00",UPI,8473.00,422.00,0.00,8895.00
1752,2773,1,"2025-06-26 00:00:00",Card,2060.00,440.00,0.00,2500.00
1753,3535,1,"2025-04-15 00:00:00",Cash,10378.00,415.00,0.00,10793.00
1754,2593,7,"2025-05-03 00:00:00",UPI,20520.00,168.00,0.00,20688.00
1755,1191,16,"2025-11-18 00:00:00",Card,3327.00,358.00,0.00,3685.00
1756,7455,10,"2025-06-04 00:00:00",Cash,5327.00,433.00,0.00,5760.00
1757,7672,14,"2025-07-07 00:00:00",Cash,8473.00,282.00,0.00,8755.00
1758,6167,11,"2025-11-28 00:00:00",Cash,2444.00,357.00,0.00,2801.00
1759,2173,1,"2025-04-25 00:00:00",UPI,6419.00,243.00,0.00,6662.00
1760,205,8,"2025-07-15 00:00:00",Cash,14315.00,234.00,0.00,14549.00
1761,1120,14,"2025-07-16 00:00:00",Card,13624.00,469.00,0.00,14093.00
1762,5758,16,"2025-11-12 00:00:00",Card,13465.00,191.00,0.00,13656.00
1763,4235,3,"2025-01-31 00:00:00",Card,3336.00,244.00,0.00,3580.00
1764,6661,20,"2025-04-01 00:00:00",Card,11926.00,478.00,0.00,12404.00
1765,1975,2,"2025-11-15 00:00:00",UPI,1243.00,265.00,0.00,1508.00
1766,7720,9,"2025-01-18 00:00:00",UPI,13982.00,461.00,0.00,14443.00
1767,7380,3,"2025-09-04 00:00:00",Cash,12542.00,414.00,0.00,12956.00
1768,2401,5,"2025-06-11 00:00:00",Card,6072.00,385.00,0.00,6457.00
1769,7752,13,"2025-07-14 00:00:00",Cash,6161.00,433.00,0.00,6594.00
1770,730,13,"2025-11-07 00:00:00",UPI,4218.00,330.00,0.00,4548.00
1771,1339,11,"2025-03-03 00:00:00",Cash,7516.00,202.00,0.00,7718.00
1772,4446,3,"2026-01-08 00:00:00",Cash,6728.00,332.00,0.00,7060.00
1773,6052,2,"2025-03-24 00:00:00",Card,5535.00,359.00,0.00,5894.00
1774,6048,6,"2025-09-13 00:00:00",Cash,15483.00,354.00,0.00,15837.00
1775,6712,19,"2025-09-22 00:00:00",Cash,7482.00,275.00,0.00,7757.00
1776,7524,17,"2025-11-09 00:00:00",Cash,2683.00,436.00,0.00,3119.00
1777,2049,2,"2025-03-11 00:00:00",UPI,16226.00,413.00,0.00,16639.00
1778,2767,11,"2025-10-28 00:00:00",UPI,7700.00,246.00,0.00,7946.00
1779,653,6,"2025-08-14 00:00:00",Card,12056.00,291.00,0.00,12347.00
1780,1200,3,"2025-05-29 00:00:00",Card,13936.00,448.00,0.00,14384.00
1781,3423,16,"2025-10-22 00:00:00",Card,13438.00,493.00,0.00,13931.00
1782,7209,13,"2025-03-15 00:00:00",Cash,4813.00,194.00,0.00,5007.00
1783,3256,17,"2025-11-02 00:00:00",UPI,4641.00,487.00,0.00,5128.00
1784,5278,17,"2025-08-10 00:00:00",Card,10874.00,328.00,0.00,11202.00
1785,5802,18,"2026-01-10 00:00:00",UPI,16030.00,209.00,0.00,16239.00
1786,2888,1,"2025-03-15 00:00:00",UPI,11280.00,305.00,0.00,11585.00
1787,2030,12,"2025-08-21 00:00:00",UPI,6906.00,353.00,0.00,7259.00
1788,5520,4,"2025-03-31 00:00:00",UPI,5984.00,240.00,0.00,6224.00
1789,6773,9,"2025-02-08 00:00:00",UPI,17327.00,154.00,0.00,17481.00
1790,5565,6,"2025-09-24 00:00:00",Card,4036.00,379.00,0.00,4415.00
1791,6382,17,"2025-11-21 00:00:00",UPI,4752.00,150.00,0.00,4902.00
1792,7809,9,"2025-07-11 00:00:00",Card,13147.00,242.00,0.00,13389.00
1793,6332,14,"2025-12-05 00:00:00",Cash,3691.00,310.00,0.00,4001.00
1794,1059,19,"2025-02-14 00:00:00",Cash,11536.00,375.00,0.00,11911.00
1795,4180,6,"2025-08-18 00:00:00",Card,6508.00,386.00,0.00,6894.00
1796,2365,18,"2025-08-17 00:00:00",UPI,9796.00,183.00,0.00,9979.00
1797,4778,2,"2025-05-17 00:00:00",Cash,26241.00,292.00,0.00,26533.00
1798,4847,14,"2025-06-26 00:00:00",Card,3600.00,437.00,0.00,4037.00
1799,913,6,"2025-02-15 00:00:00",UPI,10507.00,355.00,0.00,10862.00
1800,7901,11,"2025-03-22 00:00:00",Card,13566.00,310.00,0.00,13876.00
1801,2331,11,"2025-08-18 00:00:00",Cash,9091.00,464.00,0.00,9555.00
1802,6798,13,"2025-08-10 00:00:00",Cash,17136.00,441.00,0.00,17577.00
1803,676,18,"2025-04-15 00:00:00",Card,6814.00,163.00,0.00,6977.00
1804,2326,6,"2025-08-02 00:00:00",Cash,9690.00,295.00,0.00,9985.00
1805,990,13,"2025-04-11 00:00:00",Card,2638.00,164.00,0.00,2802.00
1806,7117,1,"2025-06-28 00:00:00",Card,15508.00,373.00,0.00,15881.00
1807,6723,20,"2025-11-05 00:00:00",Card,11589.00,318.00,0.00,11907.00
1808,7921,4,"2025-04-20 00:00:00",Card,5613.00,403.00,0.00,6016.00
1809,356,6,"2025-09-10 00:00:00",Card,21578.00,467.00,0.00,22045.00
1810,7860,6,"2025-08-20 00:00:00",Cash,10046.00,214.00,0.00,10260.00
1811,7659,10,"2025-07-26 00:00:00",Card,13424.00,292.00,0.00,13716.00
1812,412,11,"2025-09-25 00:00:00",Cash,4440.00,430.00,0.00,4870.00
1813,1554,19,"2025-06-17 00:00:00",Card,4576.00,240.00,0.00,4816.00
1814,6178,16,"2025-09-07 00:00:00",Cash,15541.00,356.00,0.00,15897.00
1815,2120,3,"2025-10-10 00:00:00",Card,4412.00,361.00,0.00,4773.00
1816,5588,19,"2025-01-19 00:00:00",UPI,8208.00,270.00,0.00,8478.00
1817,4770,15,"2025-11-10 00:00:00",UPI,8281.00,206.00,0.00,8487.00
1818,2737,3,"2025-10-26 00:00:00",Card,7737.00,404.00,0.00,8141.00
1819,6825,17,"2025-07-26 00:00:00",UPI,11270.00,171.00,0.00,11441.00
1820,6775,9,"2025-08-18 00:00:00",UPI,6968.00,499.00,0.00,7467.00
1821,4215,20,"2025-09-04 00:00:00",Card,4330.00,473.00,0.00,4803.00
1822,2204,14,"2025-05-09 00:00:00",Card,1068.00,469.00,0.00,1537.00
1823,7934,2,"2025-06-03 00:00:00",Card,8821.00,303.00,0.00,9124.00
1824,7164,16,"2025-05-07 00:00:00",Cash,6291.00,361.00,0.00,6652.00
1825,2269,5,"2025-12-12 00:00:00",Cash,10403.00,321.00,0.00,10724.00
1826,1091,12,"2025-05-22 00:00:00",Card,13321.00,314.00,0.00,13635.00
1827,7212,7,"2025-09-13 00:00:00",Cash,20968.00,190.00,0.00,21158.00
1828,4019,10,"2025-08-16 00:00:00",Card,10948.00,492.00,0.00,11440.00
1829,976,10,"2025-12-03 00:00:00",UPI,15213.00,237.00,0.00,15450.00
1830,3196,8,"2025-03-03 00:00:00",Card,3794.00,450.00,0.00,4244.00
1831,1106,4,"2025-12-09 00:00:00",UPI,8766.00,346.00,0.00,9112.00
1832,4222,13,"2025-07-04 00:00:00",UPI,863.00,419.00,0.00,1282.00
1833,7234,18,"2025-05-02 00:00:00",Cash,21462.00,241.00,0.00,21703.00
1834,6142,14,"2025-07-07 00:00:00",Card,13181.00,381.00,0.00,13562.00
1835,5203,6,"2025-06-17 00:00:00",Card,9458.00,495.00,0.00,9953.00
1836,3459,3,"2025-04-19 00:00:00",Cash,7094.00,411.00,0.00,7505.00
1837,655,6,"2025-05-17 00:00:00",Card,6745.00,192.00,0.00,6937.00
1838,5019,17,"2025-05-03 00:00:00",Card,2438.00,485.00,0.00,2923.00
1839,1756,3,"2025-11-09 00:00:00",Card,22451.00,499.00,0.00,22950.00
1840,1263,20,"2025-01-27 00:00:00",Cash,10248.00,491.00,0.00,10739.00
1841,7478,7,"2025-10-13 00:00:00",Cash,4538.00,184.00,0.00,4722.00
1842,1941,19,"2025-07-19 00:00:00",UPI,17631.00,150.00,0.00,17781.00
1843,4741,11,"2025-08-09 00:00:00",Card,2916.00,282.00,0.00,3198.00
1844,118,5,"2025-01-22 00:00:00",UPI,5485.00,430.00,0.00,5915.00
1845,7634,3,"2025-12-10 00:00:00",Card,2627.00,292.00,0.00,2919.00
1846,3432,10,"2025-01-18 00:00:00",Cash,6121.00,314.00,0.00,6435.00
1847,5457,8,"2025-05-19 00:00:00",Cash,11810.00,454.00,0.00,12264.00
1848,7961,9,"2025-11-21 00:00:00",UPI,13603.00,215.00,0.00,13818.00
1849,2973,12,"2025-10-18 00:00:00",Card,3983.00,256.00,0.00,4239.00
1850,6502,4,"2026-01-02 00:00:00",Cash,10701.00,189.00,0.00,10890.00
1851,5879,18,"2025-07-08 00:00:00",Card,11591.00,476.00,0.00,12067.00
1852,1954,6,"2025-08-25 00:00:00",Cash,8202.00,275.00,0.00,8477.00
1853,4821,4,"2025-04-25 00:00:00",Cash,17760.00,223.00,0.00,17983.00
1854,2940,6,"2025-05-13 00:00:00",Card,11634.00,304.00,0.00,11938.00
1855,258,6,"2025-03-23 00:00:00",Card,2442.00,314.00,0.00,2756.00
1856,2337,3,"2025-03-14 00:00:00",Card,5047.00,413.00,0.00,5460.00
1857,5943,2,"2025-01-13 00:00:00",UPI,8874.00,468.00,0.00,9342.00
1858,675,10,"2025-06-19 00:00:00",Cash,9157.00,248.00,0.00,9405.00
1859,3455,8,"2025-03-20 00:00:00",Card,9922.00,280.00,0.00,10202.00
1860,3383,3,"2025-05-28 00:00:00",Cash,9490.00,218.00,0.00,9708.00
1861,60,13,"2025-12-21 00:00:00",Card,6973.00,424.00,0.00,7397.00
1862,4003,11,"2025-11-07 00:00:00",UPI,14023.00,364.00,0.00,14387.00
1863,6418,3,"2025-06-06 00:00:00",Cash,734.00,368.00,0.00,1102.00
1864,620,14,"2025-11-06 00:00:00",UPI,1278.00,387.00,0.00,1665.00
1865,6924,18,"2025-01-29 00:00:00",Cash,4560.00,236.00,0.00,4796.00
1866,3100,19,"2025-08-27 00:00:00",Cash,10467.00,440.00,0.00,10907.00
1867,3875,5,"2025-02-17 00:00:00",Card,11114.00,327.00,0.00,11441.00
1868,5686,17,"2026-01-05 00:00:00",Cash,8320.00,360.00,0.00,8680.00
1869,4959,14,"2025-02-16 00:00:00",UPI,6015.00,375.00,0.00,6390.00
1870,4803,16,"2025-04-07 00:00:00",Card,20085.00,160.00,0.00,20245.00
1871,3622,18,"2025-01-22 00:00:00",UPI,5019.00,273.00,0.00,5292.00
1872,4794,1,"2025-10-14 00:00:00",Card,10825.00,373.00,0.00,11198.00
1873,2788,18,"2025-11-18 00:00:00",Cash,7498.00,409.00,0.00,7907.00
1874,2723,2,"2025-12-24 00:00:00",UPI,5611.00,380.00,0.00,5991.00
1875,5936,9,"2025-04-27 00:00:00",Cash,15600.00,455.00,0.00,16055.00
1876,657,16,"2025-12-02 00:00:00",Card,13146.00,396.00,0.00,13542.00
1877,3949,4,"2025-04-15 00:00:00",Card,4643.00,238.00,0.00,4881.00
1878,4730,13,"2025-10-02 00:00:00",Cash,9400.00,489.00,0.00,9889.00
1879,6154,8,"2025-12-26 00:00:00",Cash,5864.00,340.00,0.00,6204.00
1880,526,3,"2025-06-30 00:00:00",UPI,1392.00,329.00,0.00,1721.00
1881,4200,15,"2025-03-07 00:00:00",Card,12820.00,471.00,0.00,13291.00
1882,640,2,"2025-11-13 00:00:00",Cash,5765.00,348.00,0.00,6113.00
1883,1326,1,"2025-09-02 00:00:00",Cash,3774.00,330.00,0.00,4104.00
1884,7155,19,"2025-09-03 00:00:00",Cash,12725.00,206.00,0.00,12931.00
1885,7510,14,"2025-11-02 00:00:00",UPI,4494.00,158.00,0.00,4652.00
1886,5717,1,"2025-08-10 00:00:00",UPI,631.00,493.00,0.00,1124.00
1887,4313,1,"2025-03-05 00:00:00",UPI,11655.00,377.00,0.00,12032.00
1888,7027,9,"2025-12-31 00:00:00",UPI,3565.00,201.00,0.00,3766.00
1889,789,10,"2025-03-27 00:00:00",Card,20365.00,273.00,0.00,20638.00
1890,2636,1,"2025-09-27 00:00:00",Cash,18083.00,477.00,0.00,18560.00
1891,3604,4,"2025-10-15 00:00:00",Cash,1430.00,231.00,0.00,1661.00
1892,6778,17,"2025-08-16 00:00:00",Cash,12337.00,274.00,0.00,12611.00
1893,234,18,"2025-02-25 00:00:00",Card,3555.00,197.00,0.00,3752.00
1894,7159,3,"2025-03-03 00:00:00",UPI,4983.00,314.00,0.00,5297.00
1895,7908,17,"2025-08-23 00:00:00",Card,17761.00,427.00,0.00,18188.00
1896,7229,8,"2025-03-23 00:00:00",Cash,8170.00,192.00,0.00,8362.00
1897,56,16,"2025-02-20 00:00:00",UPI,884.00,443.00,0.00,1327.00
1898,3042,18,"2025-05-13 00:00:00",UPI,7973.00,192.00,0.00,8165.00
1899,7590,1,"2025-06-20 00:00:00",Card,13227.00,368.00,0.00,13595.00
1900,5041,9,"2025-02-16 00:00:00",Cash,2225.00,297.00,0.00,2522.00
1901,776,16,"2025-12-07 00:00:00",UPI,4027.00,320.00,0.00,4347.00
1902,2283,5,"2025-11-21 00:00:00",UPI,7622.00,464.00,0.00,8086.00
1903,5673,10,"2025-11-03 00:00:00",Cash,4501.00,413.00,0.00,4914.00
1904,4280,14,"2025-10-20 00:00:00",Card,11739.00,370.00,0.00,12109.00
1905,1151,5,"2025-04-01 00:00:00",Card,4965.00,171.00,0.00,5136.00
1906,1857,14,"2025-06-11 00:00:00",Cash,6143.00,301.00,0.00,6444.00
1907,4180,9,"2025-09-29 00:00:00",UPI,10617.00,371.00,0.00,10988.00
1908,3956,20,"2025-01-18 00:00:00",Card,6846.00,289.00,0.00,7135.00
1909,4260,1,"2025-03-16 00:00:00",UPI,3123.00,347.00,0.00,3470.00
1910,577,13,"2025-01-19 00:00:00",Card,6711.00,308.00,0.00,7019.00
1911,4454,4,"2025-09-19 00:00:00",Cash,3916.00,174.00,0.00,4090.00
1912,6927,7,"2025-06-28 00:00:00",UPI,9592.00,341.00,0.00,9933.00
1913,3091,10,"2025-05-30 00:00:00",Card,4450.00,212.00,0.00,4662.00
1914,5284,18,"2025-11-02 00:00:00",Card,6728.00,210.00,0.00,6938.00
1915,6466,8,"2025-07-21 00:00:00",Card,15797.00,184.00,0.00,15981.00
1916,5701,13,"2025-05-13 00:00:00",Card,11365.00,174.00,0.00,11539.00
1917,7312,16,"2025-07-12 00:00:00",Cash,13035.00,301.00,0.00,13336.00
1918,1662,16,"2025-02-23 00:00:00",UPI,9479.00,464.00,0.00,9943.00
1919,7376,2,"2025-11-19 00:00:00",UPI,21149.00,460.00,0.00,21609.00
1920,6087,18,"2025-07-11 00:00:00",UPI,4206.00,327.00,0.00,4533.00
1921,4910,14,"2025-08-21 00:00:00",Card,527.00,202.00,0.00,729.00
1922,6943,13,"2025-05-01 00:00:00",Cash,10498.00,239.00,0.00,10737.00
1923,2277,3,"2025-03-30 00:00:00",Card,5032.00,150.00,0.00,5182.00
1924,712,9,"2025-12-31 00:00:00",Card,8142.00,372.00,0.00,8514.00
1925,3635,16,"2025-03-01 00:00:00",UPI,4659.00,368.00,0.00,5027.00
1926,4948,4,"2025-07-01 00:00:00",Card,10020.00,163.00,0.00,10183.00
1927,729,10,"2025-05-20 00:00:00",Card,8926.00,500.00,0.00,9426.00
1928,7205,15,"2025-05-12 00:00:00",Card,3194.00,334.00,0.00,3528.00
1929,5416,2,"2025-07-11 00:00:00",UPI,17039.00,417.00,0.00,17456.00
1930,7232,13,"2025-10-07 00:00:00",Card,14201.00,415.00,0.00,14616.00
1931,6868,18,"2025-10-04 00:00:00",Card,14438.00,286.00,0.00,14724.00
1932,906,8,"2025-06-23 00:00:00",UPI,11320.00,351.00,0.00,11671.00
1933,586,17,"2025-12-16 00:00:00",UPI,11345.00,174.00,0.00,11519.00
1934,2898,12,"2025-06-28 00:00:00",Cash,11421.00,426.00,0.00,11847.00
1935,7596,12,"2025-10-14 00:00:00",Card,7305.00,474.00,0.00,7779.00
1936,433,10,"2026-01-04 00:00:00",Card,4943.00,413.00,0.00,5356.00
1937,7928,8,"2025-09-11 00:00:00",Cash,8747.00,286.00,0.00,9033.00
1938,6165,19,"2025-03-26 00:00:00",Card,23578.00,273.00,0.00,23851.00
1939,3327,8,"2025-12-30 00:00:00",UPI,3605.00,232.00,0.00,3837.00
1940,3914,1,"2025-02-15 00:00:00",UPI,3564.00,364.00,0.00,3928.00
1941,4516,19,"2025-10-10 00:00:00",UPI,3601.00,264.00,0.00,3865.00
1942,4231,17,"2025-04-20 00:00:00",Cash,12427.00,473.00,0.00,12900.00
1943,2509,16,"2025-06-10 00:00:00",Card,12393.00,360.00,0.00,12753.00
1944,3335,4,"2025-07-13 00:00:00",Card,10889.00,495.00,0.00,11384.00
1945,4356,6,"2025-02-19 00:00:00",UPI,13906.00,178.00,0.00,14084.00
1946,7218,19,"2025-12-21 00:00:00",Cash,1503.00,289.00,0.00,1792.00
1947,1510,17,"2025-07-02 00:00:00",Card,6343.00,320.00,0.00,6663.00
1948,1722,2,"2025-12-14 00:00:00",Cash,13498.00,479.00,0.00,13977.00
1949,3998,2,"2025-04-22 00:00:00",Cash,15207.00,463.00,0.00,15670.00
1950,7976,16,"2025-01-29 00:00:00",Card,11319.00,429.00,0.00,11748.00
1951,6994,1,"2025-08-03 00:00:00",Card,879.00,286.00,0.00,1165.00
1952,2675,12,"2025-09-02 00:00:00",UPI,4934.00,204.00,0.00,5138.00
1953,1135,3,"2025-08-12 00:00:00",Cash,9020.00,481.00,0.00,9501.00
1954,2536,10,"2025-08-08 00:00:00",UPI,5990.00,276.00,0.00,6266.00
1955,7423,7,"2025-01-24 00:00:00",Card,8892.00,498.00,0.00,9390.00
1956,4404,4,"2025-08-10 00:00:00",Card,7707.00,300.00,0.00,8007.00
1957,4144,20,"2025-05-07 00:00:00",Card,15271.00,152.00,0.00,15423.00
1958,1991,19,"2025-02-07 00:00:00",Cash,569.00,238.00,0.00,807.00
1959,6268,17,"2025-06-24 00:00:00",Card,8173.00,496.00,0.00,8669.00
1960,4767,10,"2025-09-23 00:00:00",UPI,10335.00,347.00,0.00,10682.00
1961,6023,6,"2025-03-29 00:00:00",Cash,8869.00,182.00,0.00,9051.00
1962,5159,4,"2025-10-09 00:00:00",UPI,4123.00,344.00,0.00,4467.00
1963,789,5,"2025-11-30 00:00:00",UPI,5265.00,297.00,0.00,5562.00
1964,2782,7,"2025-02-16 00:00:00",Card,10252.00,305.00,0.00,10557.00
1965,5923,5,"2025-09-09 00:00:00",Card,9269.00,355.00,0.00,9624.00
1966,1546,2,"2025-09-15 00:00:00",UPI,4387.00,230.00,0.00,4617.00
1967,7076,4,"2025-10-14 00:00:00",UPI,1725.00,458.00,0.00,2183.00
1968,142,16,"2025-11-01 00:00:00",Cash,18238.00,277.00,0.00,18515.00
1969,4626,10,"2025-10-08 00:00:00",Cash,2622.00,238.00,0.00,2860.00
1970,156,10,"2025-05-17 00:00:00",Cash,8264.00,462.00,0.00,8726.00
1971,5636,1,"2025-02-11 00:00:00",Card,25003.00,203.00,0.00,25206.00
1972,4514,18,"2025-01-16 00:00:00",Card,9799.00,422.00,0.00,10221.00
1973,4548,14,"2025-07-22 00:00:00",Card,13279.00,227.00,0.00,13506.00
1974,682,19,"2025-05-28 00:00:00",Cash,4764.00,493.00,0.00,5257.00
1975,3678,13,"2025-12-18 00:00:00",UPI,7649.00,173.00,0.00,7822.00
1976,4251,6,"2025-06-20 00:00:00",Cash,2439.00,403.00,0.00,2842.00
1977,6991,2,"2025-03-14 00:00:00",Card,2755.00,392.00,0.00,3147.00
1978,7505,2,"2025-02-21 00:00:00",Cash,1891.00,154.00,0.00,2045.00
1979,6056,15,"2025-08-02 00:00:00",UPI,8389.00,411.00,0.00,8800.00
1980,6385,20,"2025-09-03 00:00:00",Card,9432.00,209.00,0.00,9641.00
1981,7586,4,"2025-09-17 00:00:00",Card,8556.00,463.00,0.00,9019.00
1982,2187,11,"2025-03-31 00:00:00",UPI,846.00,365.00,0.00,1211.00
1983,2322,13,"2025-09-17 00:00:00",Card,20500.00,461.00,0.00,20961.00
1984,5112,12,"2025-02-23 00:00:00",Card,6002.00,334.00,0.00,6336.00
1985,1655,15,"2025-05-06 00:00:00",UPI,790.00,256.00,0.00,1046.00
1986,872,10,"2025-08-31 00:00:00",UPI,9334.00,391.00,0.00,9725.00
1987,7362,19,"2025-11-09 00:00:00",Card,5916.00,174.00,0.00,6090.00
1988,6559,2,"2025-12-14 00:00:00",Card,8357.00,332.00,0.00,8689.00
1989,6139,19,"2025-03-10 00:00:00",UPI,5506.00,169.00,0.00,5675.00
1990,1717,18,"2025-03-13 00:00:00",Card,23828.00,276.00,0.00,24104.00
1991,5436,5,"2025-09-18 00:00:00",Card,6859.00,383.00,0.00,7242.00
1992,5813,1,"2025-09-06 00:00:00",UPI,2574.00,458.00,0.00,3032.00
1993,3508,5,"2025-01-11 00:00:00",Cash,13979.00,176.00,0.00,14155.00
1994,7720,7,"2025-07-30 00:00:00",Card,2954.00,307.00,0.00,3261.00
1995,2550,3,"2025-11-25 00:00:00",Card,1954.00,293.00,0.00,2247.00
1996,3520,6,"2025-10-08 00:00:00",Cash,5915.00,221.00,0.00,6136.00
1997,5586,3,"2025-06-15 00:00:00",UPI,21021.00,395.00,0.00,21416.00
1998,1517,17,"2025-02-17 00:00:00",UPI,7585.00,172.00,0.00,7757.00
1999,5365,14,"2025-11-30 00:00:00",Card,16810.00,386.00,0.00,17196.00
2000,1177,2,"2025-05-08 00:00:00",Cash,6633.00,431.00,0.00,7064.00
2001,1967,20,"2025-10-09 00:00:00",Card,4426.00,350.00,0.00,4776.00
2002,6069,4,"2025-11-12 00:00:00",Card,15131.00,453.00,0.00,15584.00
2003,1017,13,"2025-10-31 00:00:00",Cash,12028.00,221.00,0.00,12249.00
2004,4257,10,"2025-10-11 00:00:00",UPI,14865.00,443.00,0.00,15308.00
2005,5633,7,"2025-05-10 00:00:00",UPI,16587.00,486.00,0.00,17073.00
2006,4653,4,"2025-02-06 00:00:00",UPI,11559.00,218.00,0.00,11777.00
2007,4922,4,"2025-04-14 00:00:00",Card,2827.00,191.00,0.00,3018.00
2008,390,13,"2025-10-22 00:00:00",Card,3566.00,213.00,0.00,3779.00
2009,2176,20,"2025-07-20 00:00:00",UPI,11734.00,417.00,0.00,12151.00
2010,792,13,"2025-08-03 00:00:00",Card,3160.00,226.00,0.00,3386.00
2011,6097,9,"2026-01-05 00:00:00",Card,8536.00,446.00,0.00,8982.00
2012,2173,17,"2025-04-08 00:00:00",UPI,5232.00,368.00,0.00,5600.00
2013,7536,14,"2025-02-05 00:00:00",Cash,12315.00,442.00,0.00,12757.00
2014,6035,11,"2025-01-27 00:00:00",Cash,16640.00,264.00,0.00,16904.00
2015,5632,7,"2025-04-24 00:00:00",Cash,14219.00,381.00,0.00,14600.00
2016,1513,6,"2025-02-14 00:00:00",Card,16496.00,469.00,0.00,16965.00
2017,1860,17,"2025-12-09 00:00:00",Card,7948.00,379.00,0.00,8327.00
2018,5202,4,"2025-02-27 00:00:00",Card,22302.00,218.00,0.00,22520.00
2019,684,2,"2025-12-22 00:00:00",UPI,17639.00,340.00,0.00,17979.00
2020,893,13,"2025-04-07 00:00:00",Card,17893.00,312.00,0.00,18205.00
2021,5662,15,"2025-05-26 00:00:00",Cash,8817.00,441.00,0.00,9258.00
2022,7650,5,"2025-08-16 00:00:00",Cash,8869.00,245.00,0.00,9114.00
2023,1798,17,"2025-03-25 00:00:00",Card,5234.00,354.00,0.00,5588.00
2024,89,16,"2025-10-08 00:00:00",UPI,16691.00,339.00,0.00,17030.00
2025,7416,1,"2025-01-19 00:00:00",Card,7679.00,274.00,0.00,7953.00
2026,5223,16,"2025-06-22 00:00:00",UPI,3234.00,408.00,0.00,3642.00
2027,5326,11,"2025-08-22 00:00:00",UPI,10890.00,244.00,0.00,11134.00
2028,2782,8,"2025-05-26 00:00:00",Cash,16149.00,309.00,0.00,16458.00
2029,5769,1,"2025-07-02 00:00:00",UPI,9537.00,353.00,0.00,9890.00
2030,5368,18,"2025-03-20 00:00:00",UPI,13758.00,226.00,0.00,13984.00
2031,942,19,"2025-12-05 00:00:00",UPI,973.00,247.00,0.00,1220.00
2032,5224,17,"2025-08-27 00:00:00",Card,15610.00,329.00,0.00,15939.00
2033,1482,17,"2025-02-15 00:00:00",Cash,8955.00,243.00,0.00,9198.00
2034,2839,20,"2025-10-17 00:00:00",UPI,14410.00,257.00,0.00,14667.00
2035,1475,3,"2025-05-17 00:00:00",UPI,682.00,305.00,0.00,987.00
2036,265,19,"2025-09-04 00:00:00",UPI,10596.00,479.00,0.00,11075.00
2037,1818,18,"2025-06-27 00:00:00",Cash,4041.00,433.00,0.00,4474.00
2038,1386,13,"2025-02-11 00:00:00",UPI,4865.00,308.00,0.00,5173.00
2039,5770,13,"2025-05-03 00:00:00",Cash,3917.00,400.00,0.00,4317.00
2040,544,17,"2025-09-13 00:00:00",UPI,5569.00,433.00,0.00,6002.00
2041,1593,16,"2025-10-02 00:00:00",UPI,10618.00,397.00,0.00,11015.00
2042,4545,13,"2025-10-13 00:00:00",Card,9732.00,431.00,0.00,10163.00
2043,5559,5,"2025-02-19 00:00:00",Cash,8342.00,335.00,0.00,8677.00
2044,10,9,"2025-01-17 00:00:00",UPI,8805.00,162.00,0.00,8967.00
2045,7538,2,"2025-11-12 00:00:00",Cash,4730.00,302.00,0.00,5032.00
2046,6341,1,"2025-08-23 00:00:00",UPI,1236.00,272.00,0.00,1508.00
2047,5192,20,"2025-12-18 00:00:00",Card,6607.00,386.00,0.00,6993.00
2048,4751,14,"2025-05-02 00:00:00",Cash,14524.00,456.00,0.00,14980.00
2049,515,17,"2025-07-24 00:00:00",UPI,3286.00,480.00,0.00,3766.00
2050,5289,2,"2025-05-25 00:00:00",UPI,8091.00,458.00,0.00,8549.00
2051,5031,12,"2025-12-14 00:00:00",Cash,5952.00,385.00,0.00,6337.00
2052,2984,11,"2025-05-30 00:00:00",Cash,13552.00,344.00,0.00,13896.00
2053,6621,8,"2025-02-21 00:00:00",Card,12511.00,330.00,0.00,12841.00
2054,3954,9,"2025-11-25 00:00:00",UPI,2172.00,152.00,0.00,2324.00
2055,4729,2,"2025-01-28 00:00:00",UPI,11338.00,232.00,0.00,11570.00
2056,513,9,"2025-07-27 00:00:00",Cash,5641.00,206.00,0.00,5847.00
2057,4745,5,"2025-08-13 00:00:00",UPI,5881.00,496.00,0.00,6377.00
2058,5345,3,"2025-11-23 00:00:00",Card,7075.00,315.00,0.00,7390.00
2059,5963,6,"2025-10-13 00:00:00",UPI,4756.00,393.00,0.00,5149.00
2060,2670,15,"2025-12-30 00:00:00",UPI,797.00,434.00,0.00,1231.00
2061,1639,13,"2025-08-17 00:00:00",Cash,15017.00,465.00,0.00,15482.00
2062,44,2,"2025-04-16 00:00:00",Card,6639.00,371.00,0.00,7010.00
2063,4701,13,"2025-03-17 00:00:00",UPI,7438.00,220.00,0.00,7658.00
2064,1152,16,"2025-06-21 00:00:00",UPI,19651.00,258.00,0.00,19909.00
2065,1204,17,"2025-06-22 00:00:00",Cash,9307.00,153.00,0.00,9460.00
2066,5995,15,"2025-05-14 00:00:00",Card,5020.00,451.00,0.00,5471.00
2067,6956,19,"2025-03-26 00:00:00",Cash,11700.00,467.00,0.00,12167.00
2068,3187,20,"2025-04-29 00:00:00",Card,2968.00,402.00,0.00,3370.00
2069,1799,2,"2025-05-06 00:00:00",Card,18043.00,227.00,0.00,18270.00
2070,7306,7,"2025-07-06 00:00:00",Cash,20523.00,298.00,0.00,20821.00
2071,409,12,"2025-10-12 00:00:00",UPI,4451.00,332.00,0.00,4783.00
2072,3848,7,"2025-08-29 00:00:00",Cash,4208.00,230.00,0.00,4438.00
2073,2594,14,"2025-08-08 00:00:00",UPI,17272.00,336.00,0.00,17608.00
2074,1181,18,"2025-05-28 00:00:00",Card,1792.00,326.00,0.00,2118.00
2075,3994,1,"2025-07-07 00:00:00",Cash,6444.00,276.00,0.00,6720.00
2076,7223,3,"2025-03-14 00:00:00",UPI,7492.00,310.00,0.00,7802.00
2077,1348,10,"2025-05-03 00:00:00",Card,3696.00,159.00,0.00,3855.00
2078,4292,3,"2025-08-22 00:00:00",Card,5587.00,484.00,0.00,6071.00
2079,1248,18,"2025-06-10 00:00:00",UPI,13995.00,274.00,0.00,14269.00
2080,7369,5,"2025-05-04 00:00:00",Cash,3848.00,186.00,0.00,4034.00
2081,7180,16,"2025-09-05 00:00:00",Card,1028.00,456.00,0.00,1484.00
2082,2018,16,"2025-12-01 00:00:00",Cash,7286.00,398.00,0.00,7684.00
2083,5958,6,"2025-02-13 00:00:00",UPI,14600.00,351.00,0.00,14951.00
2084,707,3,"2025-08-11 00:00:00",Cash,18736.00,223.00,0.00,18959.00
2085,2949,17,"2025-06-21 00:00:00",Cash,4378.00,376.00,0.00,4754.00
2086,5126,9,"2025-10-01 00:00:00",Card,13317.00,218.00,0.00,13535.00
2087,2258,10,"2025-05-21 00:00:00",Cash,3359.00,185.00,0.00,3544.00
2088,5056,7,"2026-01-07 00:00:00",UPI,5114.00,162.00,0.00,5276.00
2089,2497,3,"2025-02-18 00:00:00",UPI,16510.00,276.00,0.00,16786.00
2090,6340,1,"2025-04-10 00:00:00",Cash,6825.00,373.00,0.00,7198.00
2091,2434,10,"2025-04-24 00:00:00",Cash,10656.00,479.00,0.00,11135.00
2092,2201,4,"2025-08-17 00:00:00",UPI,25906.00,218.00,0.00,26124.00
2093,1488,4,"2025-03-20 00:00:00",Card,13293.00,231.00,0.00,13524.00
2094,3189,15,"2025-05-30 00:00:00",Card,9130.00,476.00,0.00,9606.00
2095,3522,11,"2025-08-06 00:00:00",UPI,13386.00,190.00,0.00,13576.00
2096,1092,16,"2025-08-20 00:00:00",Cash,3359.00,153.00,0.00,3512.00
2097,1070,17,"2025-12-24 00:00:00",Cash,5200.00,364.00,0.00,5564.00
2098,1176,5,"2025-12-11 00:00:00",Card,5652.00,296.00,0.00,5948.00
2099,3648,1,"2026-01-04 00:00:00",Card,10146.00,347.00,0.00,10493.00
2100,1252,2,"2025-12-09 00:00:00",Card,2543.00,333.00,0.00,2876.00
2101,4132,20,"2026-01-05 00:00:00",Cash,4855.00,275.00,0.00,5130.00
2102,5978,14,"2025-04-16 00:00:00",Card,10790.00,278.00,0.00,11068.00
2103,4538,10,"2025-08-16 00:00:00",Card,5454.00,406.00,0.00,5860.00
2104,6713,13,"2025-11-15 00:00:00",Card,4317.00,362.00,0.00,4679.00
2105,7061,3,"2025-06-28 00:00:00",Card,5098.00,152.00,0.00,5250.00
2106,17,5,"2025-05-19 00:00:00",Card,5677.00,489.00,0.00,6166.00
2107,4930,4,"2025-06-22 00:00:00",Card,11082.00,395.00,0.00,11477.00
2108,5378,8,"2025-07-09 00:00:00",Cash,5334.00,373.00,0.00,5707.00
2109,6142,11,"2025-03-20 00:00:00",Cash,513.00,262.00,0.00,775.00
2110,5906,9,"2025-03-18 00:00:00",Cash,12325.00,156.00,0.00,12481.00
2111,5173,16,"2025-06-07 00:00:00",Card,22090.00,245.00,0.00,22335.00
2112,3587,18,"2025-04-30 00:00:00",UPI,12319.00,447.00,0.00,12766.00
2113,6350,9,"2025-08-07 00:00:00",Card,14047.00,241.00,0.00,14288.00
2114,3623,15,"2025-02-21 00:00:00",Card,6800.00,375.00,0.00,7175.00
2115,5487,14,"2025-03-09 00:00:00",UPI,15815.00,454.00,0.00,16269.00
2116,6412,13,"2025-03-14 00:00:00",UPI,7576.00,162.00,0.00,7738.00
2117,768,2,"2025-02-18 00:00:00",Card,1677.00,405.00,0.00,2082.00
2118,7876,1,"2025-02-06 00:00:00",Card,13095.00,387.00,0.00,13482.00
2119,2047,9,"2025-11-20 00:00:00",Card,2152.00,360.00,0.00,2512.00
2120,6910,16,"2025-09-16 00:00:00",UPI,14941.00,447.00,0.00,15388.00
2121,702,5,"2025-06-10 00:00:00",Card,6566.00,454.00,0.00,7020.00
2122,4523,16,"2025-02-23 00:00:00",Cash,3835.00,219.00,0.00,4054.00
2123,431,8,"2025-07-20 00:00:00",UPI,10047.00,432.00,0.00,10479.00
2124,5689,1,"2025-12-19 00:00:00",Cash,1681.00,467.00,0.00,2148.00
2125,4843,2,"2025-10-01 00:00:00",Card,16582.00,187.00,0.00,16769.00
2126,7801,5,"2025-09-20 00:00:00",Cash,6900.00,484.00,0.00,7384.00
2127,3575,2,"2025-09-22 00:00:00",Card,7944.00,269.00,0.00,8213.00
2128,7662,19,"2025-12-24 00:00:00",Card,16614.00,243.00,0.00,16857.00
2129,6061,5,"2025-04-20 00:00:00",Cash,5099.00,182.00,0.00,5281.00
2130,7247,14,"2025-01-23 00:00:00",Cash,6794.00,365.00,0.00,7159.00
2131,5887,1,"2025-09-18 00:00:00",Card,15062.00,330.00,0.00,15392.00
2132,2597,14,"2025-03-29 00:00:00",Card,7086.00,415.00,0.00,7501.00
2133,1339,11,"2025-06-19 00:00:00",UPI,6936.00,429.00,0.00,7365.00
2134,6846,20,"2025-07-09 00:00:00",Card,7760.00,222.00,0.00,7982.00
2135,4287,2,"2025-10-13 00:00:00",Cash,8176.00,163.00,0.00,8339.00
2136,7402,1,"2025-04-17 00:00:00",Card,7825.00,292.00,0.00,8117.00
2137,6406,4,"2025-04-17 00:00:00",Cash,12731.00,360.00,0.00,13091.00
2138,195,17,"2025-03-26 00:00:00",Cash,4434.00,294.00,0.00,4728.00
2139,2528,2,"2025-02-18 00:00:00",UPI,15487.00,471.00,0.00,15958.00
2140,1270,11,"2025-08-06 00:00:00",Card,10301.00,431.00,0.00,10732.00
2141,5974,12,"2025-02-13 00:00:00",UPI,2925.00,250.00,0.00,3175.00
2142,4665,4,"2025-05-14 00:00:00",Cash,7140.00,362.00,0.00,7502.00
2143,4156,5,"2025-12-14 00:00:00",UPI,7677.00,237.00,0.00,7914.00
2144,2672,12,"2025-01-16 00:00:00",UPI,12089.00,329.00,0.00,12418.00
2145,6375,8,"2025-09-16 00:00:00",Card,1820.00,374.00,0.00,2194.00
2146,3831,12,"2025-10-11 00:00:00",Card,14952.00,380.00,0.00,15332.00
2147,654,5,"2025-01-18 00:00:00",Card,17840.00,228.00,0.00,18068.00
2148,2926,16,"2025-06-11 00:00:00",Cash,8910.00,408.00,0.00,9318.00
2149,5237,14,"2025-04-14 00:00:00",Card,7168.00,164.00,0.00,7332.00
2150,7730,14,"2025-07-15 00:00:00",UPI,8667.00,240.00,0.00,8907.00
2151,4667,2,"2025-10-02 00:00:00",Card,6760.00,294.00,0.00,7054.00
2152,7314,10,"2025-10-10 00:00:00",UPI,794.00,223.00,0.00,1017.00
2153,4852,16,"2025-10-12 00:00:00",Card,12537.00,278.00,0.00,12815.00
2154,5229,3,"2025-12-04 00:00:00",Cash,6177.00,372.00,0.00,6549.00
2155,7515,12,"2025-04-09 00:00:00",Cash,3897.00,409.00,0.00,4306.00
2156,1063,3,"2025-10-18 00:00:00",Card,2886.00,247.00,0.00,3133.00
2157,1619,13,"2025-05-24 00:00:00",Cash,14098.00,474.00,0.00,14572.00
2158,6306,16,"2025-04-14 00:00:00",UPI,12045.00,251.00,0.00,12296.00
2159,302,10,"2025-08-25 00:00:00",UPI,1531.00,197.00,0.00,1728.00
2160,3173,10,"2025-04-11 00:00:00",UPI,7891.00,317.00,0.00,8208.00
2161,155,12,"2025-11-30 00:00:00",Card,10166.00,295.00,0.00,10461.00
2162,5507,2,"2025-03-11 00:00:00",Cash,14732.00,465.00,0.00,15197.00
2163,2078,9,"2025-05-05 00:00:00",Cash,13219.00,317.00,0.00,13536.00
2164,3925,5,"2025-03-11 00:00:00",Card,1692.00,286.00,0.00,1978.00
2165,5644,1,"2025-03-11 00:00:00",UPI,4986.00,430.00,0.00,5416.00
2166,2674,9,"2025-03-18 00:00:00",Cash,9990.00,353.00,0.00,10343.00
2167,7360,5,"2025-08-11 00:00:00",Card,17521.00,162.00,0.00,17683.00
2168,1194,9,"2025-10-27 00:00:00",Card,12575.00,263.00,0.00,12838.00
2169,5891,14,"2025-06-16 00:00:00",Cash,15113.00,329.00,0.00,15442.00
2170,1786,7,"2025-11-12 00:00:00",UPI,3062.00,373.00,0.00,3435.00
2171,6868,11,"2025-06-15 00:00:00",UPI,5717.00,293.00,0.00,6010.00
2172,113,20,"2025-06-01 00:00:00",UPI,20415.00,404.00,0.00,20819.00
2173,2899,16,"2025-02-23 00:00:00",UPI,12179.00,379.00,0.00,12558.00
2174,6785,7,"2025-07-30 00:00:00",UPI,1291.00,214.00,0.00,1505.00
2175,4314,7,"2025-08-28 00:00:00",Card,6786.00,238.00,0.00,7024.00
2176,4011,12,"2025-03-01 00:00:00",UPI,20408.00,207.00,0.00,20615.00
2177,1954,4,"2025-08-11 00:00:00",Card,21146.00,261.00,0.00,21407.00
2178,3727,11,"2025-08-12 00:00:00",Cash,10442.00,403.00,0.00,10845.00
2179,6926,11,"2025-02-11 00:00:00",Cash,17634.00,329.00,0.00,17963.00
2180,564,13,"2025-10-25 00:00:00",UPI,589.00,251.00,0.00,840.00
2181,5226,14,"2026-01-06 00:00:00",Card,7781.00,196.00,0.00,7977.00
2182,3551,20,"2025-06-20 00:00:00",Card,12556.00,432.00,0.00,12988.00
2183,3712,19,"2025-04-30 00:00:00",Card,7165.00,251.00,0.00,7416.00
2184,4563,2,"2025-02-05 00:00:00",Card,14917.00,367.00,0.00,15284.00
2185,4756,6,"2025-03-14 00:00:00",UPI,3854.00,204.00,0.00,4058.00
2186,7166,8,"2025-05-13 00:00:00",Cash,8098.00,490.00,0.00,8588.00
2187,1130,15,"2025-07-31 00:00:00",UPI,6896.00,298.00,0.00,7194.00
2188,5687,9,"2025-02-15 00:00:00",UPI,18255.00,485.00,0.00,18740.00
2189,6274,18,"2025-12-09 00:00:00",UPI,17829.00,221.00,0.00,18050.00
2190,447,15,"2025-12-29 00:00:00",Cash,3555.00,396.00,0.00,3951.00
2191,6136,10,"2025-05-06 00:00:00",UPI,12909.00,385.00,0.00,13294.00
2192,4789,4,"2025-05-20 00:00:00",Card,17365.00,343.00,0.00,17708.00
2193,6978,9,"2025-05-17 00:00:00",Card,4502.00,482.00,0.00,4984.00
2194,4399,3,"2025-10-13 00:00:00",UPI,12511.00,257.00,0.00,12768.00
2195,5766,2,"2026-01-03 00:00:00",Card,12384.00,497.00,0.00,12881.00
2196,1681,13,"2025-06-13 00:00:00",UPI,18320.00,329.00,0.00,18649.00
2197,4855,12,"2025-03-07 00:00:00",UPI,4714.00,242.00,0.00,4956.00
2198,4042,12,"2025-08-16 00:00:00",Card,4661.00,449.00,0.00,5110.00
2199,5196,1,"2025-06-10 00:00:00",Card,13965.00,328.00,0.00,14293.00
2200,5556,12,"2025-12-27 00:00:00",UPI,1566.00,454.00,0.00,2020.00
2201,2813,9,"2025-10-29 00:00:00",Cash,7589.00,300.00,0.00,7889.00
2202,1800,15,"2025-11-26 00:00:00",Card,6527.00,280.00,0.00,6807.00
2203,3569,16,"2025-07-29 00:00:00",Cash,4754.00,299.00,0.00,5053.00
2204,5669,5,"2025-04-13 00:00:00",UPI,19835.00,387.00,0.00,20222.00
2205,2850,2,"2025-07-16 00:00:00",Cash,10661.00,404.00,0.00,11065.00
2206,6114,5,"2025-10-21 00:00:00",UPI,8052.00,196.00,0.00,8248.00
2207,3734,4,"2025-08-23 00:00:00",UPI,10029.00,268.00,0.00,10297.00
2208,1692,11,"2025-07-06 00:00:00",Cash,14865.00,468.00,0.00,15333.00
2209,2378,5,"2025-12-05 00:00:00",UPI,17291.00,304.00,0.00,17595.00
2210,3652,18,"2025-03-04 00:00:00",Card,12070.00,184.00,0.00,12254.00
2211,1050,8,"2025-02-02 00:00:00",Cash,2657.00,465.00,0.00,3122.00
2212,3029,10,"2025-05-08 00:00:00",Cash,14583.00,340.00,0.00,14923.00
2213,7262,8,"2025-08-01 00:00:00",Card,4121.00,299.00,0.00,4420.00
2214,764,9,"2025-12-01 00:00:00",Card,11498.00,379.00,0.00,11877.00
2215,2675,20,"2025-10-04 00:00:00",Card,13545.00,285.00,0.00,13830.00
2216,4748,11,"2025-04-17 00:00:00",UPI,12449.00,347.00,0.00,12796.00
2217,6723,15,"2025-03-08 00:00:00",Card,13390.00,378.00,0.00,13768.00
2218,5467,10,"2025-12-10 00:00:00",Card,10370.00,361.00,0.00,10731.00
2219,2806,13,"2025-09-05 00:00:00",UPI,13071.00,379.00,0.00,13450.00
2220,2015,20,"2025-09-01 00:00:00",UPI,14350.00,172.00,0.00,14522.00
2221,866,4,"2025-03-23 00:00:00",Cash,8636.00,323.00,0.00,8959.00
2222,4206,19,"2025-04-17 00:00:00",Card,575.00,171.00,0.00,746.00
2223,1106,14,"2025-04-28 00:00:00",Card,5905.00,429.00,0.00,6334.00
2224,5065,2,"2025-04-29 00:00:00",Cash,4622.00,151.00,0.00,4773.00
2225,4452,3,"2025-12-08 00:00:00",Cash,5420.00,279.00,0.00,5699.00
2226,5859,12,"2025-11-24 00:00:00",Cash,1481.00,461.00,0.00,1942.00
2227,7354,4,"2025-09-26 00:00:00",Cash,6371.00,333.00,0.00,6704.00
2228,560,14,"2025-09-15 00:00:00",Cash,19553.00,475.00,0.00,20028.00
2229,7820,3,"2025-07-12 00:00:00",UPI,23493.00,409.00,0.00,23902.00
2230,3539,2,"2025-07-19 00:00:00",Card,8062.00,478.00,0.00,8540.00
2231,142,9,"2025-08-19 00:00:00",UPI,6417.00,195.00,0.00,6612.00
2232,5994,20,"2025-03-13 00:00:00",Cash,16661.00,438.00,0.00,17099.00
2233,5749,3,"2025-06-03 00:00:00",Card,8486.00,476.00,0.00,8962.00
2234,5385,3,"2025-05-20 00:00:00",Card,4279.00,403.00,0.00,4682.00
2235,815,17,"2025-06-20 00:00:00",Card,9369.00,344.00,0.00,9713.00
2236,7121,8,"2025-02-13 00:00:00",UPI,6889.00,413.00,0.00,7302.00
2237,3006,18,"2025-12-02 00:00:00",Cash,6141.00,288.00,0.00,6429.00
2238,6365,4,"2025-07-02 00:00:00",Cash,6261.00,376.00,0.00,6637.00
2239,1381,3,"2025-01-28 00:00:00",Cash,19074.00,394.00,0.00,19468.00
2240,5002,3,"2026-01-08 00:00:00",Card,1696.00,348.00,0.00,2044.00
2241,3127,6,"2025-09-06 00:00:00",Cash,4235.00,349.00,0.00,4584.00
2242,1180,3,"2025-10-03 00:00:00",Card,2415.00,197.00,0.00,2612.00
2243,4025,2,"2025-02-02 00:00:00",Card,3568.00,440.00,0.00,4008.00
2244,2635,20,"2025-02-18 00:00:00",UPI,7677.00,370.00,0.00,8047.00
2245,4728,19,"2026-01-05 00:00:00",Cash,17901.00,294.00,0.00,18195.00
2246,679,1,"2025-11-20 00:00:00",UPI,11321.00,312.00,0.00,11633.00
2247,7328,19,"2026-01-06 00:00:00",UPI,18942.00,228.00,0.00,19170.00
2248,964,1,"2025-12-08 00:00:00",Cash,7806.00,325.00,0.00,8131.00
2249,4838,11,"2025-05-22 00:00:00",Card,4558.00,251.00,0.00,4809.00
2250,614,7,"2025-03-01 00:00:00",UPI,2332.00,488.00,0.00,2820.00
2251,5451,16,"2025-08-12 00:00:00",Cash,14909.00,229.00,0.00,15138.00
2252,3838,10,"2025-12-08 00:00:00",Cash,4608.00,240.00,0.00,4848.00
2253,5707,2,"2025-03-18 00:00:00",Cash,8224.00,355.00,0.00,8579.00
2254,3550,6,"2025-09-24 00:00:00",Cash,2724.00,375.00,0.00,3099.00
2255,2427,12,"2025-02-12 00:00:00",UPI,13617.00,203.00,0.00,13820.00
2256,3824,9,"2025-03-07 00:00:00",Card,17854.00,182.00,0.00,18036.00
2257,3526,12,"2025-01-15 00:00:00",Cash,1634.00,209.00,0.00,1843.00
2258,1680,10,"2025-03-28 00:00:00",UPI,4624.00,235.00,0.00,4859.00
2259,4816,13,"2025-02-15 00:00:00",Cash,5292.00,401.00,0.00,5693.00
2260,7797,1,"2025-01-22 00:00:00",Cash,9235.00,329.00,0.00,9564.00
2261,4099,20,"2025-12-23 00:00:00",Card,6866.00,477.00,0.00,7343.00
2262,95,18,"2025-03-29 00:00:00",Cash,3150.00,444.00,0.00,3594.00
2263,747,9,"2025-02-01 00:00:00",UPI,7769.00,272.00,0.00,8041.00
2264,662,13,"2025-05-29 00:00:00",Cash,4144.00,464.00,0.00,4608.00
2265,7745,10,"2025-04-19 00:00:00",UPI,7899.00,162.00,0.00,8061.00
2266,1680,9,"2025-10-07 00:00:00",UPI,9053.00,321.00,0.00,9374.00
2267,1652,5,"2026-01-07 00:00:00",Card,9810.00,420.00,0.00,10230.00
2268,1744,14,"2025-12-24 00:00:00",UPI,4968.00,318.00,0.00,5286.00
2269,269,16,"2025-12-16 00:00:00",Card,4682.00,322.00,0.00,5004.00
2270,6785,20,"2025-03-25 00:00:00",Card,2755.00,437.00,0.00,3192.00
2271,6580,3,"2025-12-17 00:00:00",Card,4726.00,363.00,0.00,5089.00
2272,1984,2,"2025-11-30 00:00:00",Cash,4748.00,159.00,0.00,4907.00
2273,2308,5,"2025-09-15 00:00:00",UPI,12548.00,479.00,0.00,13027.00
2274,3179,15,"2025-11-18 00:00:00",Card,5266.00,288.00,0.00,5554.00
2275,2767,9,"2025-07-08 00:00:00",Card,6170.00,440.00,0.00,6610.00
2276,5269,1,"2025-10-23 00:00:00",Card,11994.00,190.00,0.00,12184.00
2277,1801,17,"2025-08-28 00:00:00",UPI,3435.00,274.00,0.00,3709.00
2278,5690,9,"2025-08-08 00:00:00",Card,12998.00,500.00,0.00,13498.00
2279,4414,1,"2025-07-08 00:00:00",Card,10922.00,210.00,0.00,11132.00
2280,6413,2,"2025-07-05 00:00:00",Cash,2013.00,414.00,0.00,2427.00
2281,4357,1,"2025-08-16 00:00:00",UPI,3965.00,422.00,0.00,4387.00
2282,4560,18,"2025-05-18 00:00:00",Cash,15315.00,246.00,0.00,15561.00
2283,3046,12,"2025-03-22 00:00:00",UPI,11724.00,212.00,0.00,11936.00
2284,2659,5,"2025-09-25 00:00:00",UPI,10557.00,185.00,0.00,10742.00
2285,66,7,"2025-07-28 00:00:00",Card,13102.00,191.00,0.00,13293.00
2286,2357,18,"2025-05-19 00:00:00",Cash,23612.00,432.00,0.00,24044.00
2287,7462,12,"2025-05-08 00:00:00",Cash,11934.00,408.00,0.00,12342.00
2288,7469,8,"2025-05-06 00:00:00",Cash,14957.00,318.00,0.00,15275.00
2289,5885,8,"2025-07-05 00:00:00",UPI,12406.00,441.00,0.00,12847.00
2290,4728,4,"2025-09-03 00:00:00",Card,16993.00,268.00,0.00,17261.00
2291,2180,3,"2025-05-26 00:00:00",UPI,15327.00,354.00,0.00,15681.00
2292,7880,6,"2025-10-18 00:00:00",Card,1567.00,426.00,0.00,1993.00
2293,1573,5,"2025-10-13 00:00:00",UPI,6957.00,230.00,0.00,7187.00
2294,3046,3,"2025-02-04 00:00:00",Cash,19063.00,211.00,0.00,19274.00
2295,5896,19,"2025-10-30 00:00:00",UPI,17649.00,152.00,0.00,17801.00
2296,1843,16,"2025-02-05 00:00:00",Cash,4910.00,427.00,0.00,5337.00
2297,2498,18,"2025-01-15 00:00:00",Card,9227.00,299.00,0.00,9526.00
2298,5050,3,"2025-09-17 00:00:00",UPI,4966.00,220.00,0.00,5186.00
2299,4470,9,"2025-06-28 00:00:00",Card,10086.00,470.00,0.00,10556.00
2300,2333,4,"2025-08-10 00:00:00",Cash,6971.00,305.00,0.00,7276.00
2301,164,12,"2025-04-28 00:00:00",Cash,9866.00,365.00,0.00,10231.00
2302,5012,8,"2025-06-25 00:00:00",Card,13015.00,162.00,0.00,13177.00
2303,1459,15,"2025-06-07 00:00:00",Cash,6002.00,316.00,0.00,6318.00
2304,3513,9,"2025-08-23 00:00:00",UPI,15161.00,341.00,0.00,15502.00
2305,322,13,"2025-07-14 00:00:00",Card,5373.00,273.00,0.00,5646.00
2306,2127,20,"2025-11-12 00:00:00",UPI,10612.00,182.00,0.00,10794.00
2307,7622,18,"2025-06-19 00:00:00",Cash,6786.00,420.00,0.00,7206.00
2308,5331,16,"2025-06-29 00:00:00",UPI,850.00,205.00,0.00,1055.00
2309,1924,2,"2025-05-26 00:00:00",Cash,6107.00,280.00,0.00,6387.00
2310,3515,7,"2025-03-06 00:00:00",Card,4790.00,299.00,0.00,5089.00
2311,6703,16,"2025-05-24 00:00:00",Card,12597.00,321.00,0.00,12918.00
2312,2460,17,"2025-10-29 00:00:00",Card,9493.00,213.00,0.00,9706.00
2313,5866,16,"2025-07-12 00:00:00",Card,12662.00,157.00,0.00,12819.00
2314,5164,11,"2025-09-24 00:00:00",Card,19353.00,460.00,0.00,19813.00
2315,1473,15,"2025-01-30 00:00:00",Card,13486.00,246.00,0.00,13732.00
2316,7257,15,"2025-07-04 00:00:00",Cash,6738.00,230.00,0.00,6968.00
2317,7106,10,"2025-12-10 00:00:00",Card,4053.00,150.00,0.00,4203.00
2318,7974,11,"2025-11-01 00:00:00",UPI,2517.00,395.00,0.00,2912.00
2319,7413,16,"2025-11-27 00:00:00",Cash,20461.00,293.00,0.00,20754.00
2320,4304,9,"2025-07-12 00:00:00",Cash,8887.00,367.00,0.00,9254.00
2321,3848,7,"2026-01-11 00:00:00",Cash,12817.00,246.00,0.00,13063.00
2322,5286,7,"2025-06-19 00:00:00",UPI,1676.00,245.00,0.00,1921.00
2323,2693,18,"2025-02-23 00:00:00",Cash,9481.00,322.00,0.00,9803.00
2324,7888,19,"2025-08-28 00:00:00",Card,7983.00,447.00,0.00,8430.00
2325,7118,6,"2025-02-03 00:00:00",Card,10170.00,319.00,0.00,10489.00
2326,245,16,"2025-12-18 00:00:00",Card,16257.00,189.00,0.00,16446.00
2327,4698,3,"2025-07-13 00:00:00",Card,10576.00,330.00,0.00,10906.00
2328,2602,8,"2025-06-27 00:00:00",Card,3102.00,358.00,0.00,3460.00
2329,4563,18,"2026-01-01 00:00:00",Cash,2924.00,282.00,0.00,3206.00
2330,4621,1,"2025-07-21 00:00:00",Cash,7144.00,243.00,0.00,7387.00
2331,3801,19,"2025-02-04 00:00:00",Cash,11263.00,395.00,0.00,11658.00
2332,2703,9,"2025-02-09 00:00:00",UPI,11628.00,383.00,0.00,12011.00
2333,5740,16,"2025-09-14 00:00:00",Card,8986.00,437.00,0.00,9423.00
2334,4549,6,"2025-03-31 00:00:00",Card,1750.00,254.00,0.00,2004.00
2335,7329,13,"2025-02-25 00:00:00",Cash,729.00,233.00,0.00,962.00
2336,7819,13,"2025-08-12 00:00:00",Card,16369.00,492.00,0.00,16861.00
2337,3995,8,"2025-03-12 00:00:00",Cash,17376.00,337.00,0.00,17713.00
2338,3402,9,"2025-01-12 00:00:00",UPI,770.00,176.00,0.00,946.00
2339,2296,18,"2025-04-23 00:00:00",UPI,12624.00,434.00,0.00,13058.00
2340,6293,8,"2025-12-17 00:00:00",Card,650.00,391.00,0.00,1041.00
2341,2075,9,"2025-05-22 00:00:00",UPI,2053.00,432.00,0.00,2485.00
2342,523,6,"2025-12-02 00:00:00",UPI,8309.00,436.00,0.00,8745.00
2343,6559,14,"2025-04-11 00:00:00",Cash,9366.00,344.00,0.00,9710.00
2344,2960,5,"2025-03-07 00:00:00",Cash,5213.00,157.00,0.00,5370.00
2345,6359,12,"2025-11-03 00:00:00",UPI,1299.00,318.00,0.00,1617.00
2346,2490,14,"2025-10-07 00:00:00",Cash,6921.00,458.00,0.00,7379.00
2347,839,7,"2025-04-30 00:00:00",Cash,1518.00,235.00,0.00,1753.00
2348,6206,11,"2025-12-24 00:00:00",Card,10728.00,248.00,0.00,10976.00
2349,6833,18,"2025-06-06 00:00:00",Cash,3089.00,292.00,0.00,3381.00
2350,3537,13,"2025-11-01 00:00:00",Card,13984.00,151.00,0.00,14135.00
2351,6663,9,"2025-05-12 00:00:00",Card,8030.00,318.00,0.00,8348.00
2352,5527,5,"2026-01-11 00:00:00",Card,7325.00,389.00,0.00,7714.00
2353,843,19,"2025-10-23 00:00:00",Card,18076.00,256.00,0.00,18332.00
2354,5835,12,"2025-04-12 00:00:00",UPI,8337.00,201.00,0.00,8538.00
2355,5540,9,"2025-09-28 00:00:00",UPI,3133.00,386.00,0.00,3519.00
2356,167,11,"2025-04-26 00:00:00",Cash,5795.00,335.00,0.00,6130.00
2357,5026,7,"2025-06-27 00:00:00",UPI,6839.00,411.00,0.00,7250.00
2358,2837,4,"2025-11-13 00:00:00",Card,1618.00,160.00,0.00,1778.00
2359,99,7,"2025-05-13 00:00:00",Cash,21806.00,269.00,0.00,22075.00
2360,3101,15,"2025-06-07 00:00:00",Card,5686.00,484.00,0.00,6170.00
2361,2525,18,"2026-01-08 00:00:00",Cash,2181.00,280.00,0.00,2461.00
2362,2846,8,"2025-04-18 00:00:00",Cash,11011.00,345.00,0.00,11356.00
2363,6356,17,"2025-02-12 00:00:00",UPI,18183.00,175.00,0.00,18358.00
2364,847,9,"2025-08-30 00:00:00",UPI,4369.00,477.00,0.00,4846.00
2365,3135,19,"2025-04-19 00:00:00",Card,10768.00,342.00,0.00,11110.00
2366,6526,4,"2025-07-22 00:00:00",Cash,12851.00,151.00,0.00,13002.00
2367,3212,15,"2025-04-10 00:00:00",Cash,9539.00,279.00,0.00,9818.00
2368,1619,10,"2025-12-20 00:00:00",UPI,5793.00,449.00,0.00,6242.00
2369,996,14,"2025-03-31 00:00:00",Card,10611.00,355.00,0.00,10966.00
2370,3620,16,"2025-01-25 00:00:00",Cash,13299.00,498.00,0.00,13797.00
2371,6668,2,"2025-12-07 00:00:00",Cash,16620.00,226.00,0.00,16846.00
2372,49,11,"2025-05-10 00:00:00",Card,8934.00,293.00,0.00,9227.00
2373,1721,18,"2025-06-09 00:00:00",Cash,13217.00,249.00,0.00,13466.00
2374,7496,12,"2025-04-12 00:00:00",Card,7681.00,196.00,0.00,7877.00
2375,4949,17,"2025-04-23 00:00:00",Cash,6056.00,215.00,0.00,6271.00
2376,6304,11,"2025-02-24 00:00:00",UPI,7426.00,481.00,0.00,7907.00
2377,4869,2,"2025-03-26 00:00:00",Cash,5026.00,401.00,0.00,5427.00
2378,4547,17,"2025-10-01 00:00:00",Card,7140.00,426.00,0.00,7566.00
2379,6676,1,"2025-08-08 00:00:00",Cash,12166.00,233.00,0.00,12399.00
2380,3846,10,"2025-10-23 00:00:00",UPI,2491.00,298.00,0.00,2789.00
2381,7820,18,"2025-12-02 00:00:00",Card,2514.00,300.00,0.00,2814.00
2382,7585,12,"2025-01-24 00:00:00",Card,3897.00,322.00,0.00,4219.00
2383,5174,10,"2025-04-03 00:00:00",UPI,6265.00,457.00,0.00,6722.00
2384,4916,11,"2025-12-18 00:00:00",Cash,10762.00,422.00,0.00,11184.00
2385,1129,1,"2025-09-14 00:00:00",Card,6856.00,164.00,0.00,7020.00
2386,4770,14,"2025-08-24 00:00:00",UPI,13310.00,330.00,0.00,13640.00
2387,4534,1,"2025-04-23 00:00:00",Cash,7442.00,287.00,0.00,7729.00
2388,5989,1,"2025-09-11 00:00:00",Cash,6820.00,230.00,0.00,7050.00
2389,350,12,"2025-04-29 00:00:00",UPI,1318.00,179.00,0.00,1497.00
2390,666,20,"2025-07-11 00:00:00",Cash,1500.00,477.00,0.00,1977.00
2391,5437,11,"2025-09-08 00:00:00",Cash,5617.00,214.00,0.00,5831.00
2392,2541,5,"2025-04-13 00:00:00",UPI,20678.00,478.00,0.00,21156.00
2393,6936,4,"2025-07-08 00:00:00",UPI,8886.00,317.00,0.00,9203.00
2394,3389,18,"2025-10-20 00:00:00",UPI,7721.00,353.00,0.00,8074.00
2395,4507,3,"2025-07-15 00:00:00",UPI,6889.00,185.00,0.00,7074.00
2396,47,19,"2025-08-21 00:00:00",Cash,17443.00,435.00,0.00,17878.00
2397,4355,1,"2025-09-30 00:00:00",Cash,6070.00,173.00,0.00,6243.00
2398,5974,9,"2025-10-21 00:00:00",Card,18965.00,365.00,0.00,19330.00
2399,5626,3,"2025-02-16 00:00:00",UPI,709.00,272.00,0.00,981.00
2400,5428,14,"2025-10-19 00:00:00",Cash,4924.00,156.00,0.00,5080.00
2401,3918,5,"2025-02-26 00:00:00",Card,9927.00,277.00,0.00,10204.00
2402,2912,19,"2025-08-08 00:00:00",Card,4589.00,476.00,0.00,5065.00
2403,6855,1,"2025-02-03 00:00:00",Cash,8985.00,292.00,0.00,9277.00
2404,502,12,"2025-01-16 00:00:00",Cash,6513.00,446.00,0.00,6959.00
2405,5281,5,"2025-04-26 00:00:00",Card,16176.00,165.00,0.00,16341.00
2406,4860,4,"2025-12-16 00:00:00",Card,19720.00,429.00,0.00,20149.00
2407,5586,9,"2025-08-14 00:00:00",Card,3560.00,368.00,0.00,3928.00
2408,7688,12,"2025-03-05 00:00:00",Card,8126.00,499.00,0.00,8625.00
2409,2963,11,"2025-02-21 00:00:00",Card,11923.00,161.00,0.00,12084.00
2410,1335,8,"2026-01-11 00:00:00",Cash,4477.00,499.00,0.00,4976.00
2411,871,20,"2025-03-22 00:00:00",Cash,9971.00,424.00,0.00,10395.00
2412,1175,2,"2025-05-07 00:00:00",Cash,7828.00,253.00,0.00,8081.00
2413,7303,4,"2025-02-18 00:00:00",Card,17785.00,267.00,0.00,18052.00
2414,6013,17,"2025-02-17 00:00:00",UPI,15140.00,384.00,0.00,15524.00
2415,5637,6,"2025-09-05 00:00:00",Cash,1716.00,176.00,0.00,1892.00
2416,6811,19,"2025-10-31 00:00:00",Cash,5667.00,391.00,0.00,6058.00
2417,1641,9,"2025-05-10 00:00:00",UPI,4203.00,449.00,0.00,4652.00
2418,209,17,"2025-07-19 00:00:00",Card,11990.00,242.00,0.00,12232.00
2419,4012,20,"2025-02-23 00:00:00",Card,13172.00,229.00,0.00,13401.00
2420,6275,15,"2025-11-04 00:00:00",Cash,11989.00,406.00,0.00,12395.00
2421,5097,3,"2025-10-16 00:00:00",Card,15636.00,340.00,0.00,15976.00
2422,894,20,"2025-07-25 00:00:00",Card,6774.00,354.00,0.00,7128.00
2423,3788,6,"2025-05-07 00:00:00",Cash,15808.00,267.00,0.00,16075.00
2424,5284,7,"2025-08-02 00:00:00",Cash,13796.00,300.00,0.00,14096.00
2425,1221,10,"2025-12-20 00:00:00",UPI,10711.00,370.00,0.00,11081.00
2426,4604,14,"2025-10-21 00:00:00",Cash,3158.00,434.00,0.00,3592.00
2427,7753,14,"2025-07-13 00:00:00",Cash,4355.00,383.00,0.00,4738.00
2428,7175,15,"2025-01-23 00:00:00",Cash,637.00,315.00,0.00,952.00
2429,3614,15,"2025-11-05 00:00:00",UPI,1826.00,241.00,0.00,2067.00
2430,2363,20,"2025-12-23 00:00:00",Card,6744.00,305.00,0.00,7049.00
2431,1931,6,"2025-07-12 00:00:00",Cash,9011.00,430.00,0.00,9441.00
2432,283,8,"2025-06-01 00:00:00",Cash,12079.00,214.00,0.00,12293.00
2433,6322,10,"2025-10-14 00:00:00",Card,6658.00,328.00,0.00,6986.00
2434,1,4,"2025-01-11 00:00:00",UPI,642.00,328.00,0.00,970.00
2435,4216,15,"2025-01-24 00:00:00",Card,12697.00,285.00,0.00,12982.00
2436,5668,9,"2025-11-27 00:00:00",UPI,18133.00,426.00,0.00,18559.00
2437,4054,6,"2025-08-14 00:00:00",Card,10382.00,325.00,0.00,10707.00
2438,5191,1,"2025-06-17 00:00:00",Card,1502.00,179.00,0.00,1681.00
2439,2148,17,"2025-12-18 00:00:00",Card,19765.00,267.00,0.00,20032.00
2440,911,15,"2025-05-04 00:00:00",Cash,17722.00,303.00,0.00,18025.00
2441,427,19,"2025-04-12 00:00:00",Cash,13274.00,447.00,0.00,13721.00
2442,4730,12,"2025-06-28 00:00:00",Card,5977.00,277.00,0.00,6254.00
2443,154,10,"2025-03-06 00:00:00",UPI,12029.00,274.00,0.00,12303.00
2444,5497,2,"2025-02-24 00:00:00",Card,10057.00,193.00,0.00,10250.00
2445,6128,19,"2026-01-04 00:00:00",Card,20554.00,455.00,0.00,21009.00
2446,5254,3,"2025-12-03 00:00:00",Cash,14119.00,377.00,0.00,14496.00
2447,5831,19,"2025-10-21 00:00:00",Cash,7407.00,493.00,0.00,7900.00
2448,104,16,"2026-01-06 00:00:00",Card,19282.00,290.00,0.00,19572.00
2449,757,5,"2025-10-14 00:00:00",UPI,13191.00,429.00,0.00,13620.00
2450,4207,17,"2025-04-10 00:00:00",UPI,24218.00,176.00,0.00,24394.00
2451,7244,6,"2025-05-16 00:00:00",Card,11399.00,272.00,0.00,11671.00
2452,4845,6,"2025-02-26 00:00:00",Cash,5311.00,373.00,0.00,5684.00
2453,5215,18,"2025-12-07 00:00:00",Cash,14931.00,433.00,0.00,15364.00
2454,6577,17,"2025-03-26 00:00:00",Cash,19724.00,224.00,0.00,19948.00
2455,3076,20,"2025-06-26 00:00:00",UPI,20807.00,307.00,0.00,21114.00
2456,2307,5,"2025-09-19 00:00:00",Card,16091.00,473.00,0.00,16564.00
2457,2645,4,"2025-11-24 00:00:00",Cash,5454.00,460.00,0.00,5914.00
2458,3679,8,"2025-04-21 00:00:00",Card,7766.00,462.00,0.00,8228.00
2459,3261,17,"2025-06-30 00:00:00",Card,4775.00,346.00,0.00,5121.00
2460,3814,5,"2025-07-27 00:00:00",UPI,2271.00,346.00,0.00,2617.00
2461,770,13,"2025-07-13 00:00:00",Cash,5555.00,190.00,0.00,5745.00
2462,5957,13,"2025-08-01 00:00:00",Card,16710.00,169.00,0.00,16879.00
2463,1265,15,"2025-01-27 00:00:00",Card,20176.00,254.00,0.00,20430.00
2464,518,10,"2025-05-14 00:00:00",Card,14021.00,435.00,0.00,14456.00
2465,2777,18,"2025-08-08 00:00:00",Card,1940.00,500.00,0.00,2440.00
2466,1683,5,"2025-02-02 00:00:00",UPI,19564.00,297.00,0.00,19861.00
2467,1313,17,"2025-06-28 00:00:00",Cash,2959.00,332.00,0.00,3291.00
2468,4211,12,"2025-03-15 00:00:00",UPI,12170.00,234.00,0.00,12404.00
2469,3191,18,"2025-09-01 00:00:00",Card,7085.00,395.00,0.00,7480.00
2470,3026,14,"2025-08-02 00:00:00",UPI,5501.00,314.00,0.00,5815.00
2471,4659,8,"2025-11-27 00:00:00",Card,14156.00,334.00,0.00,14490.00
2472,655,2,"2025-01-27 00:00:00",Cash,22225.00,364.00,0.00,22589.00
2473,2778,4,"2026-01-04 00:00:00",Cash,13316.00,267.00,0.00,13583.00
2474,1485,3,"2025-10-09 00:00:00",Cash,3578.00,404.00,0.00,3982.00
2475,1221,4,"2025-06-29 00:00:00",UPI,9568.00,341.00,0.00,9909.00
2476,1687,3,"2025-02-05 00:00:00",UPI,5420.00,277.00,0.00,5697.00
2477,7882,5,"2025-04-18 00:00:00",Card,8812.00,201.00,0.00,9013.00
2478,2504,15,"2025-07-29 00:00:00",Cash,775.00,418.00,0.00,1193.00
2479,508,9,"2025-09-27 00:00:00",Card,7199.00,340.00,0.00,7539.00
2480,5102,19,"2025-12-25 00:00:00",Cash,5781.00,177.00,0.00,5958.00
2481,2714,12,"2025-07-21 00:00:00",UPI,15500.00,260.00,0.00,15760.00
2482,4587,5,"2025-12-02 00:00:00",UPI,9414.00,270.00,0.00,9684.00
2483,4011,7,"2026-01-11 00:00:00",Cash,7901.00,492.00,0.00,8393.00
2484,3429,1,"2025-01-29 00:00:00",Card,8576.00,336.00,0.00,8912.00
2485,2761,18,"2025-09-06 00:00:00",Cash,11797.00,214.00,0.00,12011.00
2486,5879,20,"2025-11-19 00:00:00",Cash,21951.00,461.00,0.00,22412.00
2487,1634,6,"2025-07-08 00:00:00",UPI,13682.00,271.00,0.00,13953.00
2488,7123,4,"2025-02-16 00:00:00",Card,802.00,233.00,0.00,1035.00
2489,3423,14,"2025-12-02 00:00:00",Cash,9879.00,385.00,0.00,10264.00
2490,1559,11,"2025-08-30 00:00:00",Cash,11871.00,266.00,0.00,12137.00
2491,5881,19,"2025-02-07 00:00:00",Cash,7075.00,367.00,0.00,7442.00
2492,3233,14,"2025-12-19 00:00:00",Card,7269.00,463.00,0.00,7732.00
2493,1626,7,"2025-07-02 00:00:00",Card,16885.00,272.00,0.00,17157.00
2494,957,10,"2025-08-30 00:00:00",UPI,13012.00,266.00,0.00,13278.00
2495,7411,7,"2025-07-02 00:00:00",Card,4030.00,229.00,0.00,4259.00
2496,316,2,"2025-11-05 00:00:00",Card,17701.00,166.00,0.00,17867.00
2497,2433,20,"2025-09-12 00:00:00",UPI,23657.00,240.00,0.00,23897.00
2498,6470,8,"2025-01-18 00:00:00",UPI,3128.00,281.00,0.00,3409.00
2499,6942,7,"2025-08-22 00:00:00",Card,20164.00,414.00,0.00,20578.00
2500,2526,6,"2025-10-25 00:00:00",Cash,11959.00,157.00,0.00,12116.00
2501,5822,6,"2025-12-20 00:00:00",Card,5743.00,374.00,0.00,6117.00
2502,5128,19,"2025-12-05 00:00:00",Cash,9891.00,299.00,0.00,10190.00
2503,6317,15,"2025-02-23 00:00:00",Card,11893.00,435.00,0.00,12328.00
2504,1788,1,"2025-08-03 00:00:00",Cash,5580.00,408.00,0.00,5988.00
2505,5897,7,"2025-10-11 00:00:00",Card,12851.00,224.00,0.00,13075.00
2506,7035,4,"2025-04-24 00:00:00",Card,5554.00,260.00,0.00,5814.00
2507,6763,11,"2025-10-04 00:00:00",Cash,3368.00,281.00,0.00,3649.00
2508,7952,5,"2025-07-30 00:00:00",Card,15507.00,450.00,0.00,15957.00
2509,3853,9,"2025-07-14 00:00:00",Cash,10742.00,222.00,0.00,10964.00
2510,3305,19,"2025-05-14 00:00:00",Cash,16369.00,242.00,0.00,16611.00
2511,5517,14,"2025-12-31 00:00:00",UPI,11310.00,379.00,0.00,11689.00
2512,3546,2,"2025-06-21 00:00:00",Cash,3161.00,440.00,0.00,3601.00
2513,4471,16,"2025-12-19 00:00:00",Card,18274.00,173.00,0.00,18447.00
2514,3922,3,"2025-01-19 00:00:00",Cash,2688.00,188.00,0.00,2876.00
2515,2785,6,"2025-12-16 00:00:00",Card,1900.00,368.00,0.00,2268.00
2516,4167,11,"2025-12-09 00:00:00",UPI,8073.00,183.00,0.00,8256.00
2517,2160,4,"2025-09-16 00:00:00",Card,13568.00,174.00,0.00,13742.00
2518,255,16,"2025-06-09 00:00:00",Card,13323.00,162.00,0.00,13485.00
2519,7793,1,"2025-07-29 00:00:00",Cash,13978.00,262.00,0.00,14240.00
2520,597,10,"2025-10-12 00:00:00",UPI,23166.00,403.00,0.00,23569.00
2521,7526,10,"2025-07-20 00:00:00",UPI,4897.00,239.00,0.00,5136.00
2522,4724,8,"2025-05-26 00:00:00",Card,5855.00,496.00,0.00,6351.00
2523,2798,9,"2025-11-16 00:00:00",UPI,22550.00,427.00,0.00,22977.00
2524,125,9,"2025-03-05 00:00:00",UPI,5163.00,329.00,0.00,5492.00
2525,907,10,"2025-03-03 00:00:00",Cash,12075.00,278.00,0.00,12353.00
2526,3785,5,"2025-05-08 00:00:00",Cash,5298.00,290.00,0.00,5588.00
2527,7990,13,"2025-11-06 00:00:00",UPI,12434.00,191.00,0.00,12625.00
2528,4150,20,"2025-03-08 00:00:00",Cash,5088.00,311.00,0.00,5399.00
2529,1267,15,"2025-01-20 00:00:00",Card,7625.00,347.00,0.00,7972.00
2530,7050,8,"2025-12-12 00:00:00",Card,2952.00,388.00,0.00,3340.00
2531,2451,20,"2025-01-11 00:00:00",Cash,9553.00,470.00,0.00,10023.00
2532,535,11,"2025-06-22 00:00:00",UPI,12531.00,485.00,0.00,13016.00
2533,1956,8,"2025-08-26 00:00:00",UPI,1924.00,218.00,0.00,2142.00
2534,5047,17,"2025-09-10 00:00:00",Cash,3810.00,358.00,0.00,4168.00
2535,1221,7,"2025-12-03 00:00:00",Card,9014.00,172.00,0.00,9186.00
2536,6150,8,"2025-10-19 00:00:00",Cash,10497.00,156.00,0.00,10653.00
2537,1343,10,"2025-01-19 00:00:00",Card,513.00,373.00,0.00,886.00
2538,6741,17,"2025-05-09 00:00:00",Cash,4658.00,482.00,0.00,5140.00
2539,1424,15,"2025-12-15 00:00:00",UPI,2910.00,385.00,0.00,3295.00
2540,6211,2,"2025-02-08 00:00:00",Card,11346.00,457.00,0.00,11803.00
2541,4537,1,"2025-05-05 00:00:00",UPI,5784.00,410.00,0.00,6194.00
2542,6851,14,"2025-03-28 00:00:00",Card,998.00,260.00,0.00,1258.00
2543,7162,12,"2025-12-02 00:00:00",Card,12577.00,348.00,0.00,12925.00
2544,6632,19,"2025-07-14 00:00:00",Card,4584.00,429.00,0.00,5013.00
2545,7081,5,"2025-03-10 00:00:00",Card,21663.00,355.00,0.00,22018.00
2546,5901,19,"2025-05-29 00:00:00",Cash,8148.00,158.00,0.00,8306.00
2547,4827,18,"2025-12-28 00:00:00",Cash,5770.00,379.00,0.00,6149.00
2548,4139,2,"2025-09-16 00:00:00",Card,5086.00,153.00,0.00,5239.00
2549,2898,13,"2025-11-13 00:00:00",Cash,7789.00,185.00,0.00,7974.00
2550,453,17,"2025-10-17 00:00:00",Cash,6708.00,397.00,0.00,7105.00
2551,4253,16,"2025-12-03 00:00:00",Cash,18575.00,440.00,0.00,19015.00
2552,6771,1,"2026-01-07 00:00:00",Card,10060.00,435.00,0.00,10495.00
2553,2971,3,"2025-02-02 00:00:00",UPI,11071.00,214.00,0.00,11285.00
2554,3452,6,"2025-01-15 00:00:00",UPI,11445.00,262.00,0.00,11707.00
2555,3569,4,"2025-08-02 00:00:00",UPI,2862.00,221.00,0.00,3083.00
2556,5437,1,"2025-02-21 00:00:00",Cash,1519.00,289.00,0.00,1808.00
2557,5124,4,"2025-09-24 00:00:00",Card,11581.00,206.00,0.00,11787.00
2558,574,2,"2025-06-28 00:00:00",Card,2206.00,218.00,0.00,2424.00
2559,4523,15,"2025-08-01 00:00:00",Cash,9853.00,416.00,0.00,10269.00
2560,3589,9,"2025-10-23 00:00:00",UPI,536.00,187.00,0.00,723.00
2561,4861,18,"2025-11-02 00:00:00",UPI,15973.00,361.00,0.00,16334.00
2562,2716,7,"2025-08-14 00:00:00",UPI,14993.00,223.00,0.00,15216.00
2563,7860,13,"2025-08-01 00:00:00",Card,1846.00,474.00,0.00,2320.00
2564,3102,6,"2025-07-05 00:00:00",UPI,15706.00,318.00,0.00,16024.00
2565,5315,20,"2025-12-24 00:00:00",Card,6590.00,288.00,0.00,6878.00
2566,4069,3,"2025-01-11 00:00:00",UPI,11218.00,346.00,0.00,11564.00
2567,5726,12,"2025-04-18 00:00:00",UPI,17327.00,280.00,0.00,17607.00
2568,2089,17,"2025-06-28 00:00:00",Cash,922.00,401.00,0.00,1323.00
2569,7937,6,"2025-02-25 00:00:00",UPI,6267.00,255.00,0.00,6522.00
2570,5500,4,"2025-05-14 00:00:00",Cash,7833.00,246.00,0.00,8079.00
2571,7204,18,"2025-11-03 00:00:00",Card,6204.00,386.00,0.00,6590.00
2572,4120,6,"2025-09-26 00:00:00",Card,5340.00,267.00,0.00,5607.00
2573,5286,15,"2025-10-24 00:00:00",Card,4892.00,415.00,0.00,5307.00
2574,4868,19,"2025-05-06 00:00:00",Cash,7949.00,186.00,0.00,8135.00
2575,2683,17,"2025-04-30 00:00:00",Card,8211.00,310.00,0.00,8521.00
2576,4894,14,"2025-05-05 00:00:00",Cash,11744.00,351.00,0.00,12095.00
2577,6911,13,"2025-03-12 00:00:00",Card,3245.00,475.00,0.00,3720.00
2578,6867,1,"2025-04-02 00:00:00",UPI,2915.00,449.00,0.00,3364.00
2579,6581,13,"2025-12-05 00:00:00",Cash,3076.00,206.00,0.00,3282.00
2580,1733,10,"2025-04-08 00:00:00",Cash,9030.00,357.00,0.00,9387.00
2581,2574,5,"2025-04-26 00:00:00",UPI,2123.00,412.00,0.00,2535.00
2582,4142,3,"2025-06-02 00:00:00",Card,13653.00,213.00,0.00,13866.00
2583,5357,15,"2025-07-10 00:00:00",UPI,13108.00,326.00,0.00,13434.00
2584,5857,12,"2025-11-05 00:00:00",Card,9522.00,398.00,0.00,9920.00
2585,225,19,"2025-01-22 00:00:00",Cash,7225.00,298.00,0.00,7523.00
2586,3926,19,"2025-10-17 00:00:00",UPI,7742.00,317.00,0.00,8059.00
2587,7559,18,"2025-08-31 00:00:00",UPI,9571.00,452.00,0.00,10023.00
2588,3943,16,"2025-12-10 00:00:00",UPI,9789.00,310.00,0.00,10099.00
2589,2573,20,"2025-12-05 00:00:00",UPI,5386.00,343.00,0.00,5729.00
2590,7242,13,"2025-01-28 00:00:00",UPI,5301.00,157.00,0.00,5458.00
2591,1240,2,"2025-12-12 00:00:00",Card,6364.00,249.00,0.00,6613.00
2592,7697,2,"2025-06-06 00:00:00",Cash,6807.00,333.00,0.00,7140.00
2593,3677,16,"2025-12-18 00:00:00",Cash,10821.00,333.00,0.00,11154.00
2594,3125,7,"2025-12-28 00:00:00",Cash,8457.00,301.00,0.00,8758.00
2595,4414,17,"2025-07-15 00:00:00",Card,13540.00,439.00,0.00,13979.00
2596,2440,10,"2025-11-19 00:00:00",UPI,10121.00,367.00,0.00,10488.00
2597,178,11,"2025-05-10 00:00:00",Cash,13826.00,400.00,0.00,14226.00
2598,7358,17,"2025-04-17 00:00:00",UPI,11256.00,185.00,0.00,11441.00
2599,6707,1,"2025-07-23 00:00:00",Cash,8775.00,268.00,0.00,9043.00
2600,1087,20,"2025-09-23 00:00:00",Card,3878.00,292.00,0.00,4170.00
2601,3128,11,"2025-06-11 00:00:00",Cash,15351.00,186.00,0.00,15537.00
2602,2895,14,"2025-04-09 00:00:00",Card,5374.00,392.00,0.00,5766.00
2603,7773,14,"2025-11-06 00:00:00",Card,15864.00,193.00,0.00,16057.00
2604,7021,11,"2025-06-25 00:00:00",Card,25146.00,179.00,0.00,25325.00
2605,7339,4,"2025-06-21 00:00:00",UPI,10241.00,347.00,0.00,10588.00
2606,6914,2,"2025-01-12 00:00:00",UPI,11632.00,376.00,0.00,12008.00
2607,5879,8,"2025-02-11 00:00:00",UPI,5034.00,344.00,0.00,5378.00
2608,6849,18,"2025-08-28 00:00:00",Card,4666.00,465.00,0.00,5131.00
2609,291,12,"2025-05-20 00:00:00",Cash,15621.00,190.00,0.00,15811.00
2610,2874,6,"2025-08-04 00:00:00",Card,13154.00,330.00,0.00,13484.00
2611,5341,19,"2025-03-27 00:00:00",Cash,11951.00,404.00,0.00,12355.00
2612,2348,3,"2025-08-29 00:00:00",Cash,9639.00,346.00,0.00,9985.00
2613,658,17,"2025-12-29 00:00:00",Card,4098.00,277.00,0.00,4375.00
2614,4082,1,"2025-08-01 00:00:00",Cash,8032.00,235.00,0.00,8267.00
2615,451,11,"2025-03-07 00:00:00",Cash,14481.00,270.00,0.00,14751.00
2616,454,3,"2025-08-07 00:00:00",Card,6073.00,290.00,0.00,6363.00
2617,2745,2,"2025-12-31 00:00:00",UPI,9886.00,301.00,0.00,10187.00
2618,4096,17,"2026-01-08 00:00:00",Cash,9103.00,430.00,0.00,9533.00
2619,837,1,"2025-12-01 00:00:00",UPI,1718.00,222.00,0.00,1940.00
2620,5502,12,"2025-05-13 00:00:00",Card,20859.00,382.00,0.00,21241.00
2621,5486,20,"2025-12-14 00:00:00",Cash,1020.00,302.00,0.00,1322.00
2622,3200,15,"2025-02-06 00:00:00",UPI,906.00,193.00,0.00,1099.00
2623,769,5,"2025-08-02 00:00:00",Cash,17050.00,343.00,0.00,17393.00
2624,522,9,"2025-02-18 00:00:00",Card,5947.00,234.00,0.00,6181.00
2625,1246,5,"2025-10-23 00:00:00",UPI,14432.00,171.00,0.00,14603.00
2626,5259,1,"2025-11-30 00:00:00",Cash,7833.00,408.00,0.00,8241.00
2627,5222,3,"2025-03-30 00:00:00",Card,3591.00,225.00,0.00,3816.00
2628,1094,5,"2025-04-15 00:00:00",Cash,5519.00,163.00,0.00,5682.00
2629,2352,11,"2025-07-05 00:00:00",Cash,18560.00,429.00,0.00,18989.00
2630,5387,8,"2025-01-13 00:00:00",UPI,3901.00,415.00,0.00,4316.00
2631,4800,10,"2025-08-27 00:00:00",Card,3723.00,386.00,0.00,4109.00
2632,5599,9,"2025-08-23 00:00:00",Cash,15674.00,433.00,0.00,16107.00
2633,2713,19,"2025-04-26 00:00:00",Cash,5245.00,219.00,0.00,5464.00
2634,6660,12,"2025-08-19 00:00:00",UPI,4950.00,413.00,0.00,5363.00
2635,2747,4,"2025-05-04 00:00:00",Cash,5871.00,409.00,0.00,6280.00
2636,6064,19,"2025-10-04 00:00:00",UPI,4848.00,265.00,0.00,5113.00
2637,5665,5,"2025-11-15 00:00:00",Card,18948.00,161.00,0.00,19109.00
2638,2334,19,"2025-03-06 00:00:00",Card,14468.00,352.00,0.00,14820.00
2639,2173,4,"2025-04-01 00:00:00",Cash,7599.00,477.00,0.00,8076.00
2640,5363,6,"2025-08-17 00:00:00",Cash,10148.00,276.00,0.00,10424.00
2641,7994,20,"2025-09-15 00:00:00",Card,13307.00,174.00,0.00,13481.00
2642,6084,11,"2025-12-31 00:00:00",Card,2911.00,260.00,0.00,3171.00
2643,2122,12,"2026-01-03 00:00:00",Card,11041.00,310.00,0.00,11351.00
2644,1771,20,"2025-10-19 00:00:00",Card,12035.00,153.00,0.00,12188.00
2645,2897,10,"2025-09-23 00:00:00",Cash,18229.00,431.00,0.00,18660.00
2646,5679,4,"2025-07-14 00:00:00",Card,9259.00,469.00,0.00,9728.00
2647,392,17,"2025-02-09 00:00:00",UPI,9675.00,231.00,0.00,9906.00
2648,1173,17,"2025-11-07 00:00:00",UPI,19006.00,304.00,0.00,19310.00
2649,876,4,"2025-07-05 00:00:00",Card,15575.00,301.00,0.00,15876.00
2650,3083,15,"2025-05-07 00:00:00",Cash,4739.00,242.00,0.00,4981.00
2651,6697,18,"2025-04-04 00:00:00",UPI,12892.00,470.00,0.00,13362.00
2652,6193,1,"2025-02-13 00:00:00",UPI,21973.00,389.00,0.00,22362.00
2653,961,17,"2025-05-13 00:00:00",Card,9872.00,267.00,0.00,10139.00
2654,3107,19,"2025-04-24 00:00:00",Cash,7152.00,450.00,0.00,7602.00
2655,6374,9,"2025-09-05 00:00:00",UPI,8731.00,255.00,0.00,8986.00
2656,5575,15,"2025-06-04 00:00:00",UPI,19036.00,381.00,0.00,19417.00
2657,6374,5,"2025-07-01 00:00:00",Cash,13699.00,227.00,0.00,13926.00
2658,316,5,"2025-05-09 00:00:00",Card,11011.00,323.00,0.00,11334.00
2659,1377,3,"2025-09-18 00:00:00",UPI,8375.00,300.00,0.00,8675.00
2660,42,15,"2025-10-10 00:00:00",UPI,5299.00,485.00,0.00,5784.00
2661,7215,2,"2025-08-18 00:00:00",UPI,6332.00,263.00,0.00,6595.00
2662,5465,12,"2025-05-04 00:00:00",Cash,22803.00,470.00,0.00,23273.00
2663,7069,3,"2025-03-09 00:00:00",Card,3842.00,455.00,0.00,4297.00
2664,363,10,"2025-02-10 00:00:00",Cash,22176.00,282.00,0.00,22458.00
2665,6778,1,"2025-09-16 00:00:00",UPI,15652.00,249.00,0.00,15901.00
2666,1111,2,"2025-01-18 00:00:00",Cash,5284.00,228.00,0.00,5512.00
2667,6111,19,"2025-04-25 00:00:00",Cash,4474.00,430.00,0.00,4904.00
2668,4739,9,"2025-03-12 00:00:00",Cash,14701.00,300.00,0.00,15001.00
2669,2970,10,"2025-05-07 00:00:00",Card,21332.00,469.00,0.00,21801.00
2670,6574,2,"2025-05-13 00:00:00",Cash,8162.00,262.00,0.00,8424.00
2671,881,18,"2025-11-11 00:00:00",Cash,3026.00,328.00,0.00,3354.00
2672,6966,20,"2025-04-13 00:00:00",Card,9609.00,410.00,0.00,10019.00
2673,6755,10,"2025-10-18 00:00:00",Card,13520.00,412.00,0.00,13932.00
2674,4809,17,"2025-09-17 00:00:00",Card,1466.00,209.00,0.00,1675.00
2675,5049,6,"2025-12-11 00:00:00",UPI,3584.00,158.00,0.00,3742.00
2676,6623,20,"2025-10-23 00:00:00",UPI,8536.00,218.00,0.00,8754.00
2677,1956,2,"2025-06-22 00:00:00",Card,12686.00,468.00,0.00,13154.00
2678,3434,14,"2025-10-15 00:00:00",Cash,24038.00,414.00,0.00,24452.00
2679,5624,18,"2025-04-07 00:00:00",UPI,9254.00,459.00,0.00,9713.00
2680,4738,19,"2025-11-18 00:00:00",UPI,10216.00,405.00,0.00,10621.00
2681,2809,19,"2025-06-09 00:00:00",Card,8744.00,365.00,0.00,9109.00
2682,7586,9,"2025-02-22 00:00:00",UPI,6001.00,469.00,0.00,6470.00
2683,5803,17,"2025-03-11 00:00:00",Card,949.00,247.00,0.00,1196.00
2684,2032,3,"2025-06-07 00:00:00",UPI,8976.00,206.00,0.00,9182.00
2685,7341,5,"2025-03-07 00:00:00",UPI,1395.00,419.00,0.00,1814.00
2686,4375,10,"2025-04-01 00:00:00",Card,9969.00,451.00,0.00,10420.00
2687,4228,14,"2025-07-10 00:00:00",Cash,16065.00,241.00,0.00,16306.00
2688,6401,17,"2025-04-13 00:00:00",UPI,5208.00,494.00,0.00,5702.00
2689,6349,9,"2025-08-25 00:00:00",Cash,21449.00,165.00,0.00,21614.00
2690,500,19,"2025-06-09 00:00:00",Cash,14020.00,308.00,0.00,14328.00
2691,4568,1,"2025-02-02 00:00:00",Card,3751.00,192.00,0.00,3943.00
2692,5250,20,"2025-05-18 00:00:00",UPI,5786.00,248.00,0.00,6034.00
2693,1743,9,"2025-10-06 00:00:00",UPI,11632.00,493.00,0.00,12125.00
2694,2216,17,"2025-05-29 00:00:00",Card,13708.00,232.00,0.00,13940.00
2695,5956,19,"2025-07-14 00:00:00",Cash,5792.00,426.00,0.00,6218.00
2696,3621,20,"2025-03-02 00:00:00",UPI,2390.00,295.00,0.00,2685.00
2697,850,13,"2025-07-05 00:00:00",Cash,14702.00,439.00,0.00,15141.00
2698,4323,12,"2025-06-23 00:00:00",Card,20172.00,466.00,0.00,20638.00
2699,1337,1,"2025-06-17 00:00:00",Cash,19224.00,347.00,0.00,19571.00
2700,5386,12,"2025-04-17 00:00:00",Cash,2265.00,475.00,0.00,2740.00
2701,4114,10,"2025-08-27 00:00:00",UPI,15914.00,335.00,0.00,16249.00
2702,6882,13,"2025-03-12 00:00:00",UPI,17073.00,402.00,0.00,17475.00
2703,150,13,"2025-08-02 00:00:00",Cash,6681.00,217.00,0.00,6898.00
2704,1880,7,"2025-09-27 00:00:00",Cash,8189.00,405.00,0.00,8594.00
2705,815,8,"2025-02-11 00:00:00",Cash,6210.00,458.00,0.00,6668.00
2706,704,18,"2025-01-31 00:00:00",UPI,10577.00,389.00,0.00,10966.00
2707,6323,5,"2025-08-20 00:00:00",Cash,9918.00,291.00,0.00,10209.00
2708,6279,17,"2025-06-27 00:00:00",Card,3557.00,195.00,0.00,3752.00
2709,3079,6,"2025-05-16 00:00:00",Card,8349.00,492.00,0.00,8841.00
2710,5943,13,"2025-04-05 00:00:00",Cash,11176.00,205.00,0.00,11381.00
2711,5872,12,"2025-10-17 00:00:00",Card,4702.00,330.00,0.00,5032.00
2712,5386,3,"2025-07-06 00:00:00",Cash,13863.00,499.00,0.00,14362.00
2713,7942,15,"2025-09-04 00:00:00",Card,7857.00,500.00,0.00,8357.00
2714,4227,17,"2025-11-09 00:00:00",Cash,8406.00,304.00,0.00,8710.00
2715,1006,6,"2025-08-23 00:00:00",Cash,2038.00,465.00,0.00,2503.00
2716,6950,18,"2025-03-21 00:00:00",UPI,14323.00,185.00,0.00,14508.00
2717,5437,16,"2025-05-30 00:00:00",UPI,2618.00,277.00,0.00,2895.00
2718,5355,16,"2025-03-28 00:00:00",UPI,3552.00,484.00,0.00,4036.00
2719,2800,3,"2025-05-01 00:00:00",Cash,5945.00,200.00,0.00,6145.00
2720,3458,12,"2025-12-13 00:00:00",Cash,14880.00,419.00,0.00,15299.00
2721,7055,12,"2025-05-07 00:00:00",Cash,7498.00,306.00,0.00,7804.00
2722,4459,5,"2025-05-05 00:00:00",Card,6580.00,474.00,0.00,7054.00
2723,1246,10,"2025-12-13 00:00:00",Cash,4170.00,237.00,0.00,4407.00
2724,5449,11,"2025-02-15 00:00:00",UPI,3709.00,257.00,0.00,3966.00
2725,363,3,"2025-09-24 00:00:00",UPI,5388.00,159.00,0.00,5547.00
2726,4848,11,"2025-10-04 00:00:00",Cash,2220.00,325.00,0.00,2545.00
2727,1012,4,"2025-11-22 00:00:00",Card,6870.00,293.00,0.00,7163.00
2728,53,6,"2025-11-30 00:00:00",UPI,5861.00,224.00,0.00,6085.00
2729,2479,19,"2025-06-22 00:00:00",Cash,4959.00,414.00,0.00,5373.00
2730,1092,9,"2025-02-28 00:00:00",UPI,3402.00,357.00,0.00,3759.00
2731,3703,10,"2025-08-24 00:00:00",Cash,15388.00,157.00,0.00,15545.00
2732,1759,14,"2025-02-16 00:00:00",Cash,15568.00,341.00,0.00,15909.00
2733,6383,16,"2025-05-17 00:00:00",UPI,7651.00,320.00,0.00,7971.00
2734,1619,3,"2025-09-26 00:00:00",Card,12550.00,463.00,0.00,13013.00
2735,1680,16,"2025-11-21 00:00:00",Cash,3322.00,439.00,0.00,3761.00
2736,2795,7,"2025-01-16 00:00:00",Cash,2444.00,446.00,0.00,2890.00
2737,7429,3,"2025-08-06 00:00:00",Card,8060.00,491.00,0.00,8551.00
2738,3199,12,"2025-09-29 00:00:00",Card,7616.00,204.00,0.00,7820.00
2739,4393,18,"2025-02-26 00:00:00",UPI,11579.00,439.00,0.00,12018.00
2740,4982,3,"2025-10-24 00:00:00",UPI,2347.00,215.00,0.00,2562.00
2741,5404,7,"2025-01-25 00:00:00",Card,15163.00,277.00,0.00,15440.00
2742,2541,3,"2025-08-09 00:00:00",UPI,6443.00,244.00,0.00,6687.00
2743,613,7,"2025-10-28 00:00:00",Card,6519.00,310.00,0.00,6829.00
2744,1939,14,"2025-07-01 00:00:00",Cash,11682.00,383.00,0.00,12065.00
2745,6222,7,"2025-02-27 00:00:00",Cash,4749.00,204.00,0.00,4953.00
2746,7777,5,"2025-04-21 00:00:00",Card,5187.00,464.00,0.00,5651.00
2747,4067,10,"2025-03-31 00:00:00",Cash,15061.00,344.00,0.00,15405.00
2748,1468,14,"2025-03-22 00:00:00",UPI,9531.00,270.00,0.00,9801.00
2749,3676,2,"2025-03-21 00:00:00",UPI,3806.00,323.00,0.00,4129.00
2750,3979,15,"2025-01-22 00:00:00",UPI,4687.00,187.00,0.00,4874.00
2751,4792,15,"2025-12-10 00:00:00",Card,8923.00,497.00,0.00,9420.00
2752,4526,15,"2025-06-25 00:00:00",Cash,3480.00,276.00,0.00,3756.00
2753,7822,19,"2025-06-08 00:00:00",Cash,2719.00,274.00,0.00,2993.00
2754,2036,11,"2025-02-13 00:00:00",Cash,6368.00,232.00,0.00,6600.00
2755,7739,3,"2025-03-03 00:00:00",UPI,1866.00,471.00,0.00,2337.00
2756,716,14,"2025-04-18 00:00:00",UPI,6862.00,363.00,0.00,7225.00
2757,1046,14,"2025-12-01 00:00:00",Card,8229.00,328.00,0.00,8557.00
2758,3711,7,"2025-11-27 00:00:00",UPI,8251.00,159.00,0.00,8410.00
2759,3029,7,"2025-11-29 00:00:00",Card,15771.00,349.00,0.00,16120.00
2760,4867,1,"2025-01-13 00:00:00",Cash,9409.00,372.00,0.00,9781.00
2761,6592,12,"2025-05-22 00:00:00",Card,8940.00,305.00,0.00,9245.00
2762,6378,17,"2025-11-13 00:00:00",UPI,4375.00,490.00,0.00,4865.00
2763,4831,15,"2025-06-22 00:00:00",Card,12648.00,494.00,0.00,13142.00
2764,369,1,"2025-04-12 00:00:00",Card,22138.00,420.00,0.00,22558.00
2765,5318,17,"2025-01-19 00:00:00",Cash,9732.00,473.00,0.00,10205.00
2766,3528,6,"2025-06-16 00:00:00",Cash,4914.00,150.00,0.00,5064.00
2767,2896,12,"2025-10-12 00:00:00",UPI,4342.00,406.00,0.00,4748.00
2768,5506,17,"2025-10-15 00:00:00",Card,10552.00,294.00,0.00,10846.00
2769,432,11,"2025-03-06 00:00:00",UPI,8559.00,393.00,0.00,8952.00
2770,2500,20,"2025-05-28 00:00:00",UPI,11209.00,360.00,0.00,11569.00
2771,4443,5,"2025-11-22 00:00:00",Card,6779.00,476.00,0.00,7255.00
2772,2217,5,"2025-02-26 00:00:00",UPI,12805.00,257.00,0.00,13062.00
2773,3018,2,"2025-11-17 00:00:00",UPI,4416.00,260.00,0.00,4676.00
2774,378,17,"2025-07-01 00:00:00",UPI,13748.00,161.00,0.00,13909.00
2775,6335,1,"2025-10-16 00:00:00",UPI,11561.00,405.00,0.00,11966.00
2776,1831,14,"2025-08-03 00:00:00",Cash,9123.00,213.00,0.00,9336.00
2777,4207,1,"2025-07-24 00:00:00",Cash,9110.00,234.00,0.00,9344.00
2778,59,2,"2025-06-14 00:00:00",UPI,7529.00,385.00,0.00,7914.00
2779,1727,19,"2025-04-20 00:00:00",UPI,5098.00,264.00,0.00,5362.00
2780,6860,18,"2025-05-27 00:00:00",Card,19017.00,166.00,0.00,19183.00
2781,5128,16,"2025-03-25 00:00:00",UPI,8977.00,236.00,0.00,9213.00
2782,1294,5,"2025-05-22 00:00:00",UPI,12190.00,267.00,0.00,12457.00
2783,4242,10,"2025-09-15 00:00:00",Card,19144.00,220.00,0.00,19364.00
2784,2686,3,"2025-12-15 00:00:00",UPI,12225.00,186.00,0.00,12411.00
2785,4052,10,"2025-06-10 00:00:00",Card,6218.00,367.00,0.00,6585.00
2786,920,13,"2025-02-09 00:00:00",Cash,15039.00,355.00,0.00,15394.00
2787,4661,16,"2025-11-30 00:00:00",Card,12117.00,290.00,0.00,12407.00
2788,5989,2,"2025-07-11 00:00:00",Card,5456.00,157.00,0.00,5613.00
2789,796,17,"2025-08-11 00:00:00",Card,15854.00,154.00,0.00,16008.00
2790,3702,10,"2025-07-01 00:00:00",Cash,21675.00,159.00,0.00,21834.00
2791,2027,7,"2025-12-01 00:00:00",Card,25514.00,263.00,0.00,25777.00
2792,7055,12,"2025-03-29 00:00:00",Cash,3859.00,218.00,0.00,4077.00
2793,3396,14,"2025-04-06 00:00:00",Cash,7547.00,224.00,0.00,7771.00
2794,3057,11,"2025-07-18 00:00:00",Cash,11946.00,495.00,0.00,12441.00
2795,2852,8,"2025-02-11 00:00:00",UPI,9848.00,410.00,0.00,10258.00
2796,6111,2,"2025-04-21 00:00:00",Card,5334.00,460.00,0.00,5794.00
2797,51,5,"2026-01-04 00:00:00",Cash,16958.00,153.00,0.00,17111.00
2798,551,19,"2025-06-13 00:00:00",Cash,3264.00,401.00,0.00,3665.00
2799,7613,17,"2025-10-02 00:00:00",Card,3760.00,408.00,0.00,4168.00
2800,3039,15,"2025-10-17 00:00:00",Cash,1959.00,271.00,0.00,2230.00
2801,7198,1,"2025-03-05 00:00:00",Card,10466.00,279.00,0.00,10745.00
2802,447,16,"2025-11-27 00:00:00",Card,4067.00,385.00,0.00,4452.00
2803,3899,20,"2025-09-27 00:00:00",Card,11835.00,200.00,0.00,12035.00
2804,1783,14,"2025-11-29 00:00:00",UPI,15856.00,263.00,0.00,16119.00
2805,6184,16,"2025-02-22 00:00:00",UPI,1857.00,391.00,0.00,2248.00
2806,5921,14,"2025-03-16 00:00:00",Card,6697.00,466.00,0.00,7163.00
2807,2563,19,"2025-05-02 00:00:00",UPI,8766.00,441.00,0.00,9207.00
2808,3129,12,"2025-08-01 00:00:00",UPI,8810.00,277.00,0.00,9087.00
2809,3022,14,"2025-05-13 00:00:00",Card,2409.00,203.00,0.00,2612.00
2810,1429,5,"2025-08-08 00:00:00",Card,6890.00,184.00,0.00,7074.00
2811,3492,6,"2025-03-27 00:00:00",UPI,5262.00,163.00,0.00,5425.00
2812,7839,4,"2025-11-09 00:00:00",UPI,14783.00,191.00,0.00,14974.00
2813,6532,6,"2025-05-16 00:00:00",Cash,5289.00,324.00,0.00,5613.00
2814,5975,15,"2025-11-16 00:00:00",UPI,4153.00,416.00,0.00,4569.00
2815,7450,13,"2025-03-13 00:00:00",Cash,19880.00,339.00,0.00,20219.00
2816,458,17,"2025-08-20 00:00:00",Cash,6847.00,354.00,0.00,7201.00
2817,4330,10,"2025-12-10 00:00:00",UPI,7326.00,308.00,0.00,7634.00
2818,5721,7,"2025-07-19 00:00:00",Card,5265.00,421.00,0.00,5686.00
2819,6881,17,"2025-11-29 00:00:00",Card,15763.00,176.00,0.00,15939.00
2820,2969,12,"2025-03-27 00:00:00",UPI,5938.00,317.00,0.00,6255.00
2821,7255,16,"2025-06-25 00:00:00",UPI,1312.00,190.00,0.00,1502.00
2822,1434,2,"2025-06-11 00:00:00",UPI,3929.00,200.00,0.00,4129.00
2823,4542,5,"2025-01-22 00:00:00",Cash,15221.00,300.00,0.00,15521.00
2824,6073,9,"2025-08-12 00:00:00",Cash,13544.00,259.00,0.00,13803.00
2825,1395,2,"2025-08-03 00:00:00",UPI,2129.00,225.00,0.00,2354.00
2826,5205,18,"2025-05-18 00:00:00",Cash,7015.00,287.00,0.00,7302.00
2827,5455,18,"2025-08-18 00:00:00",Card,12453.00,458.00,0.00,12911.00
2828,459,16,"2025-05-17 00:00:00",Card,754.00,283.00,0.00,1037.00
2829,5409,5,"2025-09-30 00:00:00",Cash,18057.00,329.00,0.00,18386.00
2830,6038,17,"2025-06-21 00:00:00",Cash,11454.00,443.00,0.00,11897.00
2831,3256,18,"2025-10-31 00:00:00",Card,15543.00,236.00,0.00,15779.00
2832,4197,2,"2025-05-07 00:00:00",UPI,9394.00,490.00,0.00,9884.00
2833,3975,8,"2025-04-19 00:00:00",Cash,3029.00,271.00,0.00,3300.00
2834,982,8,"2025-06-06 00:00:00",Cash,24968.00,412.00,0.00,25380.00
2835,3374,3,"2025-04-29 00:00:00",UPI,16607.00,168.00,0.00,16775.00
2836,2204,3,"2025-10-20 00:00:00",UPI,19029.00,407.00,0.00,19436.00
2837,2852,7,"2025-04-27 00:00:00",Cash,12904.00,245.00,0.00,13149.00
2838,3369,15,"2025-09-22 00:00:00",Cash,15833.00,460.00,0.00,16293.00
2839,6442,6,"2025-08-25 00:00:00",UPI,10621.00,476.00,0.00,11097.00
2840,4146,18,"2025-08-29 00:00:00",Card,2850.00,214.00,0.00,3064.00
2841,5321,9,"2026-01-02 00:00:00",Cash,13633.00,407.00,0.00,14040.00
2842,6450,19,"2025-11-19 00:00:00",Card,9573.00,407.00,0.00,9980.00
2843,2570,9,"2025-03-31 00:00:00",Cash,15800.00,150.00,0.00,15950.00
2844,5633,5,"2025-06-20 00:00:00",Card,12891.00,426.00,0.00,13317.00
2845,7025,9,"2026-01-10 00:00:00",Card,6515.00,500.00,0.00,7015.00
2846,2754,15,"2025-04-24 00:00:00",Cash,5946.00,367.00,0.00,6313.00
2847,3663,15,"2025-05-22 00:00:00",Cash,12156.00,396.00,0.00,12552.00
2848,5012,9,"2025-11-05 00:00:00",Card,12643.00,159.00,0.00,12802.00
2849,4664,12,"2025-02-26 00:00:00",Cash,19459.00,191.00,0.00,19650.00
2850,4489,6,"2025-07-29 00:00:00",UPI,6602.00,358.00,0.00,6960.00
2851,6167,8,"2025-11-14 00:00:00",Card,1535.00,406.00,0.00,1941.00
2852,2079,16,"2025-01-31 00:00:00",UPI,13895.00,229.00,0.00,14124.00
2853,4092,6,"2025-03-12 00:00:00",Card,9655.00,324.00,0.00,9979.00
2854,5586,4,"2025-08-19 00:00:00",Card,2012.00,367.00,0.00,2379.00
2855,4627,2,"2025-10-08 00:00:00",Cash,5939.00,188.00,0.00,6127.00
2856,3456,14,"2025-01-18 00:00:00",Card,5235.00,435.00,0.00,5670.00
2857,715,10,"2025-10-14 00:00:00",Cash,21541.00,404.00,0.00,21945.00
2858,3409,4,"2025-12-26 00:00:00",UPI,28500.00,234.00,0.00,28734.00
2859,3942,6,"2025-12-21 00:00:00",Card,20750.00,191.00,0.00,20941.00
2860,1176,16,"2025-07-12 00:00:00",Cash,11212.00,421.00,0.00,11633.00
2861,2067,8,"2025-12-06 00:00:00",Card,10071.00,262.00,0.00,10333.00
2862,6987,1,"2025-07-23 00:00:00",Cash,2663.00,250.00,0.00,2913.00
2863,226,2,"2025-07-24 00:00:00",Cash,4246.00,232.00,0.00,4478.00
2864,5199,7,"2025-11-17 00:00:00",Card,11522.00,310.00,0.00,11832.00
2865,3765,18,"2025-12-22 00:00:00",Cash,13392.00,329.00,0.00,13721.00
2866,5866,14,"2025-10-21 00:00:00",UPI,17032.00,303.00,0.00,17335.00
2867,4700,12,"2025-11-13 00:00:00",UPI,2141.00,307.00,0.00,2448.00
2868,4970,8,"2025-01-19 00:00:00",Cash,11104.00,350.00,0.00,11454.00
2869,2704,13,"2025-04-23 00:00:00",UPI,7979.00,402.00,0.00,8381.00
2870,6219,19,"2025-07-31 00:00:00",Cash,6822.00,189.00,0.00,7011.00
2871,5990,13,"2025-10-24 00:00:00",Card,7128.00,212.00,0.00,7340.00
2872,1221,13,"2025-03-01 00:00:00",Cash,764.00,247.00,0.00,1011.00
2873,2935,16,"2025-04-14 00:00:00",Card,1175.00,379.00,0.00,1554.00
2874,7915,19,"2025-07-20 00:00:00",Cash,7174.00,372.00,0.00,7546.00
2875,2966,12,"2025-10-01 00:00:00",UPI,11098.00,233.00,0.00,11331.00
2876,3712,6,"2025-05-03 00:00:00",UPI,11992.00,421.00,0.00,12413.00
2877,5286,18,"2025-07-14 00:00:00",UPI,15190.00,303.00,0.00,15493.00
2878,3247,15,"2025-02-23 00:00:00",Card,15727.00,180.00,0.00,15907.00
2879,4690,11,"2025-03-25 00:00:00",Cash,7728.00,371.00,0.00,8099.00
2880,3652,19,"2025-11-11 00:00:00",Cash,7736.00,216.00,0.00,7952.00
2881,6023,17,"2025-09-01 00:00:00",Card,22542.00,224.00,0.00,22766.00
2882,6922,1,"2025-02-24 00:00:00",UPI,5236.00,299.00,0.00,5535.00
2883,5054,20,"2025-05-07 00:00:00",UPI,7121.00,165.00,0.00,7286.00
2884,2418,5,"2025-10-29 00:00:00",Card,6235.00,210.00,0.00,6445.00
2885,6887,17,"2025-12-30 00:00:00",Cash,3124.00,169.00,0.00,3293.00
2886,6936,10,"2025-01-27 00:00:00",UPI,2106.00,253.00,0.00,2359.00
2887,2426,20,"2025-10-29 00:00:00",Cash,13820.00,396.00,0.00,14216.00
2888,2956,20,"2025-06-29 00:00:00",Cash,6424.00,242.00,0.00,6666.00
2889,3293,2,"2025-02-06 00:00:00",Card,12030.00,349.00,0.00,12379.00
2890,3429,16,"2025-06-01 00:00:00",Cash,6509.00,369.00,0.00,6878.00
2891,6475,2,"2025-01-24 00:00:00",Cash,19776.00,154.00,0.00,19930.00
2892,5168,19,"2025-02-02 00:00:00",Cash,886.00,446.00,0.00,1332.00
2893,6777,2,"2025-05-02 00:00:00",Cash,3935.00,473.00,0.00,4408.00
2894,7359,14,"2025-07-24 00:00:00",Cash,9528.00,459.00,0.00,9987.00
2895,7703,2,"2025-12-27 00:00:00",UPI,16015.00,225.00,0.00,16240.00
2896,2159,11,"2025-05-08 00:00:00",Cash,5936.00,200.00,0.00,6136.00
2897,409,5,"2025-12-17 00:00:00",Cash,7202.00,443.00,0.00,7645.00
2898,4243,5,"2025-08-31 00:00:00",Cash,5580.00,150.00,0.00,5730.00
2899,6606,2,"2026-01-09 00:00:00",Cash,16793.00,341.00,0.00,17134.00
2900,6316,4,"2026-01-08 00:00:00",Cash,9882.00,401.00,0.00,10283.00
2901,2704,16,"2025-12-20 00:00:00",Card,7106.00,261.00,0.00,7367.00
2902,64,19,"2025-05-09 00:00:00",Cash,3569.00,493.00,0.00,4062.00
2903,1076,4,"2025-11-07 00:00:00",Cash,11509.00,193.00,0.00,11702.00
2904,146,5,"2025-12-07 00:00:00",Cash,12354.00,498.00,0.00,12852.00
2905,1777,14,"2025-07-16 00:00:00",UPI,2844.00,254.00,0.00,3098.00
2906,67,5,"2025-12-11 00:00:00",Cash,6263.00,176.00,0.00,6439.00
2907,1872,19,"2025-09-05 00:00:00",Card,21222.00,401.00,0.00,21623.00
2908,323,19,"2025-04-02 00:00:00",Cash,15792.00,273.00,0.00,16065.00
2909,2066,3,"2025-03-09 00:00:00",Cash,8277.00,347.00,0.00,8624.00
2910,2811,6,"2025-04-20 00:00:00",Cash,17920.00,332.00,0.00,18252.00
2911,7699,6,"2025-10-09 00:00:00",Card,848.00,457.00,0.00,1305.00
2912,243,18,"2025-07-30 00:00:00",UPI,9561.00,435.00,0.00,9996.00
2913,6693,5,"2025-11-06 00:00:00",Card,20918.00,285.00,0.00,21203.00
2914,1922,18,"2025-12-08 00:00:00",Cash,19268.00,352.00,0.00,19620.00
2915,6909,2,"2025-12-17 00:00:00",Card,4456.00,169.00,0.00,4625.00
2916,3205,4,"2025-10-22 00:00:00",Cash,7849.00,322.00,0.00,8171.00
2917,7011,9,"2025-12-01 00:00:00",UPI,1385.00,392.00,0.00,1777.00
2918,7207,15,"2025-04-25 00:00:00",UPI,3791.00,282.00,0.00,4073.00
2919,5666,3,"2025-03-05 00:00:00",UPI,5828.00,496.00,0.00,6324.00
2920,5177,9,"2025-12-20 00:00:00",Cash,15554.00,247.00,0.00,15801.00
2921,5310,4,"2025-02-01 00:00:00",Cash,15304.00,320.00,0.00,15624.00
2922,2297,14,"2025-02-21 00:00:00",Cash,25086.00,179.00,0.00,25265.00
2923,6384,8,"2025-06-19 00:00:00",Card,3404.00,345.00,0.00,3749.00
2924,6953,8,"2025-09-20 00:00:00",UPI,12197.00,281.00,0.00,12478.00
2925,176,9,"2025-03-28 00:00:00",UPI,10276.00,327.00,0.00,10603.00
2926,4580,15,"2025-12-27 00:00:00",Cash,11430.00,467.00,0.00,11897.00
2927,4330,19,"2025-01-18 00:00:00",Card,13375.00,349.00,0.00,13724.00
2928,983,15,"2025-08-10 00:00:00",Cash,5694.00,368.00,0.00,6062.00
2929,2378,13,"2025-08-11 00:00:00",UPI,10922.00,203.00,0.00,11125.00
2930,4054,13,"2025-02-28 00:00:00",Cash,6569.00,483.00,0.00,7052.00
2931,6603,5,"2025-11-04 00:00:00",Card,3534.00,281.00,0.00,3815.00
2932,1600,12,"2025-07-02 00:00:00",Cash,13138.00,282.00,0.00,13420.00
2933,4337,5,"2025-09-03 00:00:00",Cash,9440.00,357.00,0.00,9797.00
2934,637,20,"2025-04-30 00:00:00",Cash,2112.00,441.00,0.00,2553.00
2935,5920,20,"2025-03-25 00:00:00",Cash,16647.00,351.00,0.00,16998.00
2936,1492,15,"2025-08-27 00:00:00",UPI,1014.00,190.00,0.00,1204.00
2937,371,4,"2025-01-20 00:00:00",Cash,9270.00,295.00,0.00,9565.00
2938,7725,6,"2025-07-01 00:00:00",Card,4790.00,336.00,0.00,5126.00
2939,3470,5,"2026-01-01 00:00:00",UPI,15050.00,263.00,0.00,15313.00
2940,4958,3,"2025-05-10 00:00:00",Card,9450.00,269.00,0.00,9719.00
2941,671,5,"2025-05-16 00:00:00",Cash,8439.00,170.00,0.00,8609.00
2942,6049,15,"2025-09-10 00:00:00",Cash,4945.00,178.00,0.00,5123.00
2943,1948,7,"2025-11-03 00:00:00",UPI,13062.00,336.00,0.00,13398.00
2944,3291,5,"2025-09-13 00:00:00",UPI,13442.00,174.00,0.00,13616.00
2945,3298,14,"2025-04-22 00:00:00",Cash,3056.00,260.00,0.00,3316.00
2946,165,13,"2026-01-05 00:00:00",Cash,545.00,486.00,0.00,1031.00
2947,7518,2,"2025-11-20 00:00:00",Card,10037.00,249.00,0.00,10286.00
2948,273,19,"2025-02-14 00:00:00",Cash,9487.00,218.00,0.00,9705.00
2949,2157,16,"2025-09-10 00:00:00",Cash,9783.00,474.00,0.00,10257.00
2950,1974,19,"2025-07-27 00:00:00",UPI,9070.00,229.00,0.00,9299.00
2951,4491,6,"2025-02-25 00:00:00",Card,4853.00,333.00,0.00,5186.00
2952,7801,1,"2025-10-09 00:00:00",Cash,13786.00,150.00,0.00,13936.00
2953,6024,7,"2025-03-30 00:00:00",Cash,9358.00,362.00,0.00,9720.00
2954,6146,19,"2025-10-21 00:00:00",UPI,14990.00,221.00,0.00,15211.00
2955,1917,1,"2025-12-02 00:00:00",Cash,2350.00,188.00,0.00,2538.00
2956,2158,8,"2025-03-25 00:00:00",UPI,10226.00,363.00,0.00,10589.00
2957,7843,3,"2025-02-16 00:00:00",Cash,14873.00,409.00,0.00,15282.00
2958,7425,14,"2025-08-29 00:00:00",UPI,5014.00,469.00,0.00,5483.00
2959,1521,13,"2025-03-28 00:00:00",Cash,6281.00,171.00,0.00,6452.00
2960,1299,5,"2025-10-25 00:00:00",UPI,20022.00,383.00,0.00,20405.00
2961,4794,19,"2025-05-12 00:00:00",UPI,16435.00,246.00,0.00,16681.00
2962,1636,1,"2025-01-17 00:00:00",UPI,4325.00,441.00,0.00,4766.00
2963,2415,3,"2025-12-18 00:00:00",Cash,21670.00,432.00,0.00,22102.00
2964,7677,7,"2025-01-24 00:00:00",UPI,1540.00,167.00,0.00,1707.00
2965,7383,8,"2025-09-30 00:00:00",UPI,6443.00,452.00,0.00,6895.00
2966,2659,9,"2025-12-29 00:00:00",UPI,8163.00,450.00,0.00,8613.00
2967,7271,3,"2025-07-09 00:00:00",UPI,6993.00,384.00,0.00,7377.00
2968,2822,4,"2025-06-27 00:00:00",UPI,1976.00,301.00,0.00,2277.00
2969,7824,16,"2025-04-23 00:00:00",Cash,11999.00,175.00,0.00,12174.00
2970,6671,7,"2025-06-12 00:00:00",UPI,15060.00,316.00,0.00,15376.00
2971,737,7,"2025-05-14 00:00:00",Cash,11191.00,405.00,0.00,11596.00
2972,5830,16,"2025-11-10 00:00:00",Cash,6697.00,207.00,0.00,6904.00
2973,4888,19,"2025-08-07 00:00:00",Card,4733.00,446.00,0.00,5179.00
2974,7555,13,"2025-01-26 00:00:00",Cash,2616.00,257.00,0.00,2873.00
2975,1004,9,"2025-09-20 00:00:00",Card,12789.00,427.00,0.00,13216.00
2976,7159,7,"2025-03-18 00:00:00",Card,15962.00,229.00,0.00,16191.00
2977,2597,6,"2025-04-23 00:00:00",Card,12984.00,272.00,0.00,13256.00
2978,2725,5,"2025-07-13 00:00:00",Card,14095.00,359.00,0.00,14454.00
2979,490,3,"2025-08-24 00:00:00",UPI,21289.00,246.00,0.00,21535.00
2980,3568,15,"2025-12-24 00:00:00",Cash,20791.00,305.00,0.00,21096.00
2981,793,13,"2025-06-24 00:00:00",Card,20026.00,308.00,0.00,20334.00
2982,87,7,"2025-01-26 00:00:00",Cash,9837.00,337.00,0.00,10174.00
2983,6249,9,"2026-01-03 00:00:00",Card,961.00,379.00,0.00,1340.00
2984,652,16,"2025-12-10 00:00:00",Cash,1504.00,362.00,0.00,1866.00
2985,5089,14,"2025-05-16 00:00:00",Card,11778.00,162.00,0.00,11940.00
2986,7060,19,"2025-01-25 00:00:00",Card,14542.00,177.00,0.00,14719.00
2987,4996,14,"2025-09-19 00:00:00",Card,6364.00,462.00,0.00,6826.00
2988,1102,11,"2025-12-08 00:00:00",Card,5360.00,254.00,0.00,5614.00
2989,5875,12,"2025-05-17 00:00:00",Card,2721.00,229.00,0.00,2950.00
2990,560,12,"2026-01-07 00:00:00",Cash,3354.00,305.00,0.00,3659.00
2991,839,9,"2025-06-22 00:00:00",UPI,13500.00,436.00,0.00,13936.00
2992,1163,19,"2025-09-04 00:00:00",UPI,1445.00,431.00,0.00,1876.00
2993,5107,3,"2025-11-10 00:00:00",UPI,21170.00,396.00,0.00,21566.00
2994,1711,6,"2025-08-19 00:00:00",UPI,18715.00,391.00,0.00,19106.00
2995,158,19,"2025-03-24 00:00:00",Cash,17502.00,384.00,0.00,17886.00
2996,5984,2,"2025-10-05 00:00:00",Cash,9373.00,358.00,0.00,9731.00
2997,4715,8,"2025-10-19 00:00:00",Cash,6546.00,457.00,0.00,7003.00
2998,7737,5,"2025-04-17 00:00:00",UPI,10720.00,352.00,0.00,11072.00
2999,4112,4,"2025-07-05 00:00:00",Cash,501.00,339.00,0.00,840.00
3000,4995,11,"2025-07-25 00:00:00",UPI,14484.00,273.00,0.00,14757.00
3001,5568,13,"2025-10-09 00:00:00",Card,18208.00,234.00,0.00,18442.00
3002,3174,2,"2025-02-21 00:00:00",Cash,782.00,481.00,0.00,1263.00
3003,210,9,"2025-01-30 00:00:00",Cash,6443.00,226.00,0.00,6669.00
3004,2580,16,"2025-04-03 00:00:00",Card,17763.00,420.00,0.00,18183.00
3005,1696,8,"2025-03-04 00:00:00",UPI,6650.00,403.00,0.00,7053.00
3006,1003,14,"2025-05-11 00:00:00",Cash,4096.00,382.00,0.00,4478.00
3007,4488,15,"2025-11-18 00:00:00",UPI,5112.00,439.00,0.00,5551.00
3008,5411,8,"2025-01-18 00:00:00",Card,3885.00,453.00,0.00,4338.00
3009,1814,7,"2025-09-10 00:00:00",Card,4778.00,207.00,0.00,4985.00
3010,2156,15,"2025-05-20 00:00:00",Cash,18359.00,177.00,0.00,18536.00
3011,6200,10,"2025-06-10 00:00:00",Cash,6182.00,270.00,0.00,6452.00
3012,4395,17,"2025-01-30 00:00:00",Card,14456.00,361.00,0.00,14817.00
3013,1515,12,"2025-04-14 00:00:00",UPI,15344.00,176.00,0.00,15520.00
3014,5117,16,"2026-01-11 00:00:00",UPI,11291.00,351.00,0.00,11642.00
3015,359,12,"2025-03-04 00:00:00",UPI,12145.00,266.00,0.00,12411.00
3016,2316,17,"2025-02-27 00:00:00",Card,24388.00,301.00,0.00,24689.00
3017,6672,13,"2025-02-03 00:00:00",Card,4865.00,338.00,0.00,5203.00
3018,1759,7,"2025-09-06 00:00:00",Card,4725.00,255.00,0.00,4980.00
3019,4958,2,"2025-10-02 00:00:00",Card,11883.00,432.00,0.00,12315.00
3020,6026,7,"2025-11-28 00:00:00",Cash,1517.00,178.00,0.00,1695.00
3021,4421,9,"2025-10-08 00:00:00",Cash,12518.00,391.00,0.00,12909.00
3022,3363,6,"2025-02-08 00:00:00",Cash,5786.00,187.00,0.00,5973.00
3023,672,9,"2025-01-27 00:00:00",Card,7017.00,170.00,0.00,7187.00
3024,1899,10,"2025-11-15 00:00:00",UPI,8132.00,413.00,0.00,8545.00
3025,4586,1,"2025-04-22 00:00:00",UPI,9268.00,353.00,0.00,9621.00
3026,3667,16,"2025-06-24 00:00:00",UPI,14702.00,248.00,0.00,14950.00
3027,1022,7,"2025-09-01 00:00:00",Card,8202.00,351.00,0.00,8553.00
3028,1626,4,"2025-09-19 00:00:00",Cash,10379.00,260.00,0.00,10639.00
3029,5333,11,"2025-11-10 00:00:00",Card,2721.00,269.00,0.00,2990.00
3030,955,4,"2025-04-18 00:00:00",Cash,11676.00,180.00,0.00,11856.00
3031,1285,3,"2025-09-21 00:00:00",Card,10859.00,164.00,0.00,11023.00
3032,7919,12,"2025-06-14 00:00:00",Cash,3894.00,410.00,0.00,4304.00
3033,7802,16,"2025-02-18 00:00:00",UPI,11278.00,450.00,0.00,11728.00
3034,7720,1,"2025-04-10 00:00:00",Cash,14140.00,403.00,0.00,14543.00
3035,963,2,"2025-02-17 00:00:00",UPI,4819.00,286.00,0.00,5105.00
3036,4130,2,"2025-07-08 00:00:00",Card,14116.00,293.00,0.00,14409.00
3037,6119,17,"2025-04-03 00:00:00",Card,4442.00,475.00,0.00,4917.00
3038,5983,4,"2025-11-09 00:00:00",UPI,3013.00,466.00,0.00,3479.00
3039,3863,3,"2025-10-31 00:00:00",Card,604.00,172.00,0.00,776.00
3040,6896,6,"2025-01-17 00:00:00",Card,18505.00,195.00,0.00,18700.00
3041,4939,7,"2025-04-15 00:00:00",Card,5549.00,369.00,0.00,5918.00
3042,2947,11,"2025-09-22 00:00:00",UPI,4850.00,280.00,0.00,5130.00
3043,825,13,"2025-07-13 00:00:00",Card,1012.00,334.00,0.00,1346.00
3044,5446,2,"2025-06-02 00:00:00",Card,5876.00,182.00,0.00,6058.00
3045,4750,10,"2025-03-29 00:00:00",Cash,4547.00,228.00,0.00,4775.00
3046,603,10,"2025-09-29 00:00:00",Cash,8092.00,497.00,0.00,8589.00
3047,6742,9,"2025-03-18 00:00:00",Cash,16745.00,440.00,0.00,17185.00
3048,6375,8,"2025-10-19 00:00:00",Card,6123.00,369.00,0.00,6492.00
3049,3834,1,"2025-01-11 00:00:00",UPI,11898.00,491.00,0.00,12389.00
3050,7021,14,"2025-08-18 00:00:00",UPI,9848.00,338.00,0.00,10186.00
3051,6347,14,"2025-06-16 00:00:00",Cash,29168.00,436.00,0.00,29604.00
3052,6674,2,"2025-05-02 00:00:00",Card,17240.00,451.00,0.00,17691.00
3053,3139,3,"2025-08-28 00:00:00",UPI,8397.00,254.00,0.00,8651.00
3054,1897,17,"2025-03-13 00:00:00",UPI,1408.00,422.00,0.00,1830.00
3055,3081,5,"2025-09-16 00:00:00",Cash,5282.00,236.00,0.00,5518.00
3056,3122,16,"2025-06-03 00:00:00",Card,2466.00,150.00,0.00,2616.00
3057,6519,13,"2026-01-02 00:00:00",Cash,6666.00,176.00,0.00,6842.00
3058,5036,1,"2025-08-17 00:00:00",Cash,13227.00,380.00,0.00,13607.00
3059,557,8,"2025-12-24 00:00:00",Cash,3938.00,274.00,0.00,4212.00
3060,3973,20,"2025-12-21 00:00:00",Cash,13760.00,490.00,0.00,14250.00
3061,468,16,"2025-12-20 00:00:00",UPI,9328.00,472.00,0.00,9800.00
3062,1056,12,"2025-10-16 00:00:00",UPI,10620.00,191.00,0.00,10811.00
3063,6681,6,"2025-11-26 00:00:00",Card,6216.00,244.00,0.00,6460.00
3064,7254,7,"2025-07-21 00:00:00",Card,11759.00,205.00,0.00,11964.00
3065,1668,9,"2025-05-31 00:00:00",Card,17780.00,341.00,0.00,18121.00
3066,7568,19,"2025-09-02 00:00:00",Card,3576.00,233.00,0.00,3809.00
3067,2908,5,"2025-08-16 00:00:00",UPI,3404.00,189.00,0.00,3593.00
3068,2673,3,"2025-07-01 00:00:00",Card,11350.00,251.00,0.00,11601.00
3069,6091,15,"2025-05-05 00:00:00",UPI,3990.00,490.00,0.00,4480.00
3070,1150,13,"2025-03-29 00:00:00",Card,17669.00,452.00,0.00,18121.00
3071,2539,5,"2025-06-27 00:00:00",UPI,5622.00,419.00,0.00,6041.00
3072,2044,12,"2025-07-03 00:00:00",Card,14820.00,473.00,0.00,15293.00
3073,866,18,"2025-07-23 00:00:00",Cash,5136.00,463.00,0.00,5599.00
3074,3449,10,"2025-01-29 00:00:00",UPI,13862.00,222.00,0.00,14084.00
3075,4726,3,"2025-08-23 00:00:00",Card,6664.00,390.00,0.00,7054.00
3076,7680,14,"2025-03-29 00:00:00",UPI,15395.00,410.00,0.00,15805.00
3077,2613,1,"2025-12-19 00:00:00",UPI,6985.00,256.00,0.00,7241.00
3078,5568,4,"2025-12-14 00:00:00",Cash,6228.00,260.00,0.00,6488.00
3079,1358,19,"2025-02-01 00:00:00",Cash,5423.00,411.00,0.00,5834.00
3080,7847,1,"2025-06-02 00:00:00",UPI,2977.00,191.00,0.00,3168.00
3081,851,11,"2025-08-25 00:00:00",Card,8144.00,203.00,0.00,8347.00
3082,2834,5,"2025-03-28 00:00:00",Card,5164.00,417.00,0.00,5581.00
3083,5679,10,"2025-01-24 00:00:00",Cash,9824.00,247.00,0.00,10071.00
3084,3550,13,"2025-07-12 00:00:00",UPI,7569.00,405.00,0.00,7974.00
3085,2082,9,"2025-11-05 00:00:00",Cash,5565.00,417.00,0.00,5982.00
3086,2036,12,"2025-05-11 00:00:00",Cash,3013.00,215.00,0.00,3228.00
3087,7919,1,"2025-02-20 00:00:00",UPI,8599.00,310.00,0.00,8909.00
3088,2562,14,"2025-10-21 00:00:00",UPI,5254.00,444.00,0.00,5698.00
3089,5475,5,"2025-04-24 00:00:00",Cash,4082.00,217.00,0.00,4299.00
3090,2244,15,"2025-12-04 00:00:00",Card,4613.00,359.00,0.00,4972.00
3091,7738,20,"2025-02-07 00:00:00",Card,2056.00,196.00,0.00,2252.00
3092,4160,3,"2025-05-10 00:00:00",UPI,7791.00,263.00,0.00,8054.00
3093,62,11,"2025-09-11 00:00:00",Card,8841.00,367.00,0.00,9208.00
3094,4096,14,"2025-08-01 00:00:00",Cash,5896.00,320.00,0.00,6216.00
3095,1381,14,"2025-07-24 00:00:00",UPI,12217.00,218.00,0.00,12435.00
3096,5922,17,"2025-10-29 00:00:00",Card,3657.00,481.00,0.00,4138.00
3097,6220,16,"2025-06-22 00:00:00",Card,941.00,358.00,0.00,1299.00
3098,747,14,"2025-11-10 00:00:00",UPI,6408.00,150.00,0.00,6558.00
3099,4014,6,"2025-10-10 00:00:00",Cash,9616.00,190.00,0.00,9806.00
3100,7595,2,"2025-09-03 00:00:00",Cash,10905.00,201.00,0.00,11106.00
3101,1820,11,"2025-05-13 00:00:00",Card,5462.00,453.00,0.00,5915.00
3102,5554,17,"2025-11-13 00:00:00",Cash,2866.00,363.00,0.00,3229.00
3103,6106,4,"2025-02-02 00:00:00",UPI,19479.00,429.00,0.00,19908.00
3104,30,16,"2025-12-02 00:00:00",Cash,1396.00,201.00,0.00,1597.00
3105,4440,8,"2025-12-15 00:00:00",UPI,13480.00,427.00,0.00,13907.00
3106,4475,13,"2025-03-14 00:00:00",Card,17247.00,347.00,0.00,17594.00
3107,2410,4,"2025-11-26 00:00:00",Card,15364.00,168.00,0.00,15532.00
3108,2555,7,"2025-09-28 00:00:00",Cash,779.00,362.00,0.00,1141.00
3109,6226,14,"2025-07-31 00:00:00",Cash,18888.00,340.00,0.00,19228.00
3110,557,6,"2025-01-23 00:00:00",Cash,1954.00,171.00,0.00,2125.00
3111,1489,19,"2025-09-09 00:00:00",Card,11078.00,391.00,0.00,11469.00
3112,2102,1,"2025-08-20 00:00:00",Card,8324.00,253.00,0.00,8577.00
3113,3374,14,"2025-08-25 00:00:00",Card,7756.00,168.00,0.00,7924.00
3114,940,14,"2025-01-21 00:00:00",Card,24426.00,383.00,0.00,24809.00
3115,7307,2,"2025-07-24 00:00:00",UPI,1855.00,224.00,0.00,2079.00
3116,2775,11,"2025-08-18 00:00:00",Card,10788.00,485.00,0.00,11273.00
3117,3265,4,"2025-03-06 00:00:00",Card,5580.00,317.00,0.00,5897.00
3118,3040,11,"2025-06-16 00:00:00",Card,9311.00,307.00,0.00,9618.00
3119,1872,19,"2025-04-23 00:00:00",Cash,22759.00,418.00,0.00,23177.00
3120,6256,8,"2025-04-11 00:00:00",Cash,1501.00,299.00,0.00,1800.00
3121,305,16,"2025-03-04 00:00:00",Card,11260.00,191.00,0.00,11451.00
3122,994,13,"2025-01-14 00:00:00",Card,7308.00,354.00,0.00,7662.00
3123,3218,1,"2025-05-19 00:00:00",UPI,9310.00,238.00,0.00,9548.00
3124,1381,20,"2025-03-23 00:00:00",Card,5001.00,386.00,0.00,5387.00
3125,40,5,"2025-10-26 00:00:00",UPI,19613.00,219.00,0.00,19832.00
3126,4509,19,"2025-03-19 00:00:00",Cash,16051.00,349.00,0.00,16400.00
3127,1077,3,"2025-11-27 00:00:00",Cash,14329.00,216.00,0.00,14545.00
3128,1376,13,"2025-11-10 00:00:00",UPI,5905.00,328.00,0.00,6233.00
3129,7779,14,"2025-06-27 00:00:00",Cash,11883.00,401.00,0.00,12284.00
3130,3944,12,"2025-02-10 00:00:00",UPI,16520.00,387.00,0.00,16907.00
3131,6846,4,"2025-08-12 00:00:00",Card,3431.00,202.00,0.00,3633.00
3132,6978,5,"2025-07-09 00:00:00",Card,3040.00,401.00,0.00,3441.00
3133,4803,3,"2025-12-08 00:00:00",UPI,12241.00,221.00,0.00,12462.00
3134,7000,2,"2025-05-04 00:00:00",UPI,12130.00,500.00,0.00,12630.00
3135,7900,5,"2025-07-11 00:00:00",Card,726.00,297.00,0.00,1023.00
3136,2191,12,"2025-07-22 00:00:00",UPI,5474.00,215.00,0.00,5689.00
3137,7431,16,"2025-07-26 00:00:00",Cash,7149.00,237.00,0.00,7386.00
3138,5085,6,"2025-05-11 00:00:00",UPI,10836.00,355.00,0.00,11191.00
3139,612,16,"2025-06-05 00:00:00",UPI,3787.00,308.00,0.00,4095.00
3140,3681,16,"2025-08-17 00:00:00",Card,14888.00,230.00,0.00,15118.00
3141,6017,1,"2025-02-01 00:00:00",Cash,2006.00,463.00,0.00,2469.00
3142,4935,15,"2025-07-17 00:00:00",Cash,4334.00,290.00,0.00,4624.00
3143,3890,7,"2025-04-17 00:00:00",UPI,11304.00,499.00,0.00,11803.00
3144,3083,12,"2025-04-07 00:00:00",Card,1378.00,485.00,0.00,1863.00
3145,690,15,"2025-09-16 00:00:00",Cash,6094.00,173.00,0.00,6267.00
3146,5777,10,"2025-09-11 00:00:00",Card,6583.00,371.00,0.00,6954.00
3147,7828,12,"2025-06-03 00:00:00",Card,1098.00,378.00,0.00,1476.00
3148,3038,1,"2025-11-14 00:00:00",Cash,13972.00,215.00,0.00,14187.00
3149,4416,5,"2025-06-09 00:00:00",Card,7331.00,404.00,0.00,7735.00
3150,2615,9,"2025-05-09 00:00:00",UPI,18190.00,255.00,0.00,18445.00
3151,1505,3,"2025-05-15 00:00:00",UPI,9981.00,332.00,0.00,10313.00
3152,2576,20,"2025-06-17 00:00:00",Card,7146.00,211.00,0.00,7357.00
3153,652,7,"2025-09-06 00:00:00",UPI,5602.00,309.00,0.00,5911.00
3154,5834,12,"2025-01-16 00:00:00",Cash,13499.00,237.00,0.00,13736.00
3155,6427,4,"2025-12-28 00:00:00",Card,22741.00,459.00,0.00,23200.00
3156,1606,10,"2025-08-25 00:00:00",Cash,2923.00,176.00,0.00,3099.00
3157,2948,2,"2025-10-24 00:00:00",Card,14639.00,372.00,0.00,15011.00
3158,6675,4,"2025-02-17 00:00:00",Card,2057.00,269.00,0.00,2326.00
3159,3379,2,"2025-04-04 00:00:00",UPI,16661.00,280.00,0.00,16941.00
3160,4781,19,"2025-06-17 00:00:00",Card,7280.00,451.00,0.00,7731.00
3161,5591,20,"2025-02-13 00:00:00",Card,8651.00,468.00,0.00,9119.00
3162,2280,18,"2025-10-18 00:00:00",Cash,13778.00,474.00,0.00,14252.00
3163,1561,20,"2025-12-10 00:00:00",Cash,3766.00,284.00,0.00,4050.00
3164,2048,9,"2025-10-27 00:00:00",Card,1751.00,235.00,0.00,1986.00
3165,2102,20,"2025-02-05 00:00:00",Card,8824.00,230.00,0.00,9054.00
3166,7480,7,"2025-01-22 00:00:00",Card,3349.00,150.00,0.00,3499.00
3167,7830,20,"2025-08-07 00:00:00",Card,12558.00,264.00,0.00,12822.00
3168,7094,2,"2025-09-03 00:00:00",Card,15364.00,494.00,0.00,15858.00
3169,2536,10,"2025-04-28 00:00:00",Card,9310.00,342.00,0.00,9652.00
3170,2654,10,"2025-04-29 00:00:00",UPI,6005.00,406.00,0.00,6411.00
3171,6764,11,"2025-06-20 00:00:00",UPI,4628.00,212.00,0.00,4840.00
3172,3621,19,"2025-10-26 00:00:00",Cash,11408.00,408.00,0.00,11816.00
3173,1924,8,"2025-04-06 00:00:00",Cash,12369.00,446.00,0.00,12815.00
3174,2063,18,"2025-06-06 00:00:00",UPI,11262.00,290.00,0.00,11552.00
3175,6355,3,"2025-02-10 00:00:00",Cash,7600.00,315.00,0.00,7915.00
3176,2532,18,"2025-05-24 00:00:00",UPI,9240.00,440.00,0.00,9680.00
3177,5080,20,"2025-03-05 00:00:00",Cash,14642.00,207.00,0.00,14849.00
3178,2582,9,"2025-07-25 00:00:00",Cash,9758.00,232.00,0.00,9990.00
3179,7466,8,"2025-05-20 00:00:00",Card,5586.00,208.00,0.00,5794.00
3180,919,11,"2025-10-08 00:00:00",Cash,8981.00,457.00,0.00,9438.00
3181,433,17,"2025-07-30 00:00:00",Cash,6624.00,453.00,0.00,7077.00
3182,7281,15,"2025-08-17 00:00:00",Cash,7895.00,371.00,0.00,8266.00
3183,2908,18,"2025-11-07 00:00:00",UPI,10552.00,399.00,0.00,10951.00
3184,6162,15,"2025-04-11 00:00:00",UPI,12975.00,244.00,0.00,13219.00
3185,247,3,"2025-11-25 00:00:00",UPI,4302.00,344.00,0.00,4646.00
3186,2008,13,"2025-01-16 00:00:00",UPI,15302.00,488.00,0.00,15790.00
3187,1651,9,"2025-12-31 00:00:00",Card,15256.00,302.00,0.00,15558.00
3188,3852,3,"2025-07-18 00:00:00",Card,4060.00,235.00,0.00,4295.00
3189,1534,7,"2025-07-22 00:00:00",Card,8888.00,346.00,0.00,9234.00
3190,2134,13,"2025-06-23 00:00:00",UPI,14309.00,218.00,0.00,14527.00
3191,1364,1,"2025-05-25 00:00:00",UPI,10344.00,167.00,0.00,10511.00
3192,5212,15,"2025-01-18 00:00:00",Card,4719.00,262.00,0.00,4981.00
3193,2913,6,"2025-08-11 00:00:00",UPI,8870.00,314.00,0.00,9184.00
3194,7067,15,"2025-06-02 00:00:00",Card,10818.00,366.00,0.00,11184.00
3195,192,2,"2025-01-25 00:00:00",Cash,6028.00,154.00,0.00,6182.00
3196,4633,17,"2025-12-26 00:00:00",Cash,10030.00,176.00,0.00,10206.00
3197,815,4,"2025-05-12 00:00:00",Card,14949.00,280.00,0.00,15229.00
3198,4074,2,"2025-06-06 00:00:00",UPI,8518.00,312.00,0.00,8830.00
3199,3199,7,"2025-05-08 00:00:00",Cash,5515.00,206.00,0.00,5721.00
3200,2259,7,"2025-11-12 00:00:00",Card,4709.00,269.00,0.00,4978.00
3201,7549,9,"2025-01-19 00:00:00",Cash,12830.00,399.00,0.00,13229.00
3202,1459,12,"2025-12-17 00:00:00",Cash,4038.00,427.00,0.00,4465.00
3203,7980,15,"2025-12-25 00:00:00",UPI,7181.00,340.00,0.00,7521.00
3204,6672,2,"2025-02-20 00:00:00",UPI,10547.00,374.00,0.00,10921.00
3205,5749,16,"2025-02-07 00:00:00",UPI,13955.00,488.00,0.00,14443.00
3206,3960,5,"2025-08-24 00:00:00",Cash,11284.00,465.00,0.00,11749.00
3207,6191,15,"2025-02-19 00:00:00",UPI,17080.00,497.00,0.00,17577.00
3208,1348,10,"2025-10-12 00:00:00",UPI,7797.00,315.00,0.00,8112.00
3209,5494,1,"2025-05-15 00:00:00",UPI,2259.00,246.00,0.00,2505.00
3210,5925,5,"2025-12-22 00:00:00",Cash,13063.00,243.00,0.00,13306.00
3211,5265,20,"2025-06-29 00:00:00",UPI,2344.00,424.00,0.00,2768.00
3212,6152,20,"2025-04-21 00:00:00",Cash,8686.00,419.00,0.00,9105.00
3213,2577,20,"2025-08-24 00:00:00",UPI,5501.00,482.00,0.00,5983.00
3214,4014,17,"2025-02-04 00:00:00",Cash,22656.00,379.00,0.00,23035.00
3215,587,17,"2025-04-06 00:00:00",UPI,1720.00,462.00,0.00,2182.00
3216,4199,3,"2025-04-07 00:00:00",Card,2545.00,451.00,0.00,2996.00
3217,7282,4,"2025-06-23 00:00:00",Card,7532.00,439.00,0.00,7971.00
3218,6926,20,"2025-07-29 00:00:00",Cash,4032.00,241.00,0.00,4273.00
3219,407,1,"2025-06-29 00:00:00",Card,657.00,389.00,0.00,1046.00
3220,87,9,"2025-10-09 00:00:00",Card,13010.00,411.00,0.00,13421.00
3221,569,11,"2025-11-23 00:00:00",UPI,2671.00,300.00,0.00,2971.00
3222,984,17,"2025-10-23 00:00:00",Card,4609.00,271.00,0.00,4880.00
3223,1393,20,"2025-04-17 00:00:00",Cash,7397.00,158.00,0.00,7555.00
3224,3800,17,"2025-06-12 00:00:00",UPI,3598.00,162.00,0.00,3760.00
3225,3341,17,"2025-05-11 00:00:00",Card,10778.00,201.00,0.00,10979.00
3226,3986,17,"2025-01-12 00:00:00",Card,11087.00,250.00,0.00,11337.00
3227,4973,3,"2026-01-03 00:00:00",Card,1221.00,390.00,0.00,1611.00
3228,180,13,"2025-04-18 00:00:00",UPI,9577.00,342.00,0.00,9919.00
3229,7976,9,"2025-07-24 00:00:00",Cash,13534.00,203.00,0.00,13737.00
3230,4728,8,"2025-12-14 00:00:00",Card,6874.00,191.00,0.00,7065.00
3231,890,6,"2025-11-16 00:00:00",UPI,4381.00,309.00,0.00,4690.00
3232,2623,14,"2025-08-02 00:00:00",Card,7162.00,410.00,0.00,7572.00
3233,5301,5,"2025-12-20 00:00:00",Cash,11069.00,338.00,0.00,11407.00
3234,5321,2,"2025-01-15 00:00:00",Card,6218.00,413.00,0.00,6631.00
3235,7610,17,"2025-11-16 00:00:00",UPI,7417.00,165.00,0.00,7582.00
3236,6231,3,"2025-07-20 00:00:00",Cash,6214.00,256.00,0.00,6470.00
3237,6078,15,"2025-11-19 00:00:00",Card,6536.00,362.00,0.00,6898.00
3238,4572,4,"2025-08-28 00:00:00",Card,9774.00,186.00,0.00,9960.00
3239,2953,7,"2025-01-23 00:00:00",UPI,6621.00,227.00,0.00,6848.00
3240,6195,2,"2025-08-14 00:00:00",UPI,15706.00,430.00,0.00,16136.00
3241,1167,1,"2025-04-15 00:00:00",Card,2511.00,184.00,0.00,2695.00
3242,281,10,"2025-09-05 00:00:00",UPI,13823.00,337.00,0.00,14160.00
3243,5295,7,"2025-11-23 00:00:00",UPI,4739.00,325.00,0.00,5064.00
3244,1867,19,"2025-02-17 00:00:00",Card,6055.00,416.00,0.00,6471.00
3245,769,12,"2025-07-27 00:00:00",Card,17270.00,453.00,0.00,17723.00
3246,2078,12,"2025-03-04 00:00:00",UPI,7248.00,447.00,0.00,7695.00
3247,3826,7,"2025-03-17 00:00:00",Cash,8850.00,421.00,0.00,9271.00
3248,7751,17,"2025-02-16 00:00:00",UPI,14310.00,337.00,0.00,14647.00
3249,6822,2,"2025-01-30 00:00:00",UPI,9286.00,323.00,0.00,9609.00
3250,983,1,"2025-08-29 00:00:00",Cash,6825.00,221.00,0.00,7046.00
3251,4937,17,"2025-09-20 00:00:00",Card,12345.00,355.00,0.00,12700.00
3252,4516,2,"2025-11-18 00:00:00",Card,13492.00,392.00,0.00,13884.00
3253,1317,15,"2025-07-02 00:00:00",UPI,25345.00,168.00,0.00,25513.00
3254,5892,18,"2025-07-05 00:00:00",UPI,3406.00,379.00,0.00,3785.00
3255,6687,6,"2025-04-12 00:00:00",Cash,1953.00,349.00,0.00,2302.00
3256,7426,1,"2025-12-06 00:00:00",UPI,8330.00,470.00,0.00,8800.00
3257,1631,2,"2025-07-30 00:00:00",Card,1845.00,217.00,0.00,2062.00
3258,6839,5,"2025-03-27 00:00:00",UPI,6278.00,204.00,0.00,6482.00
3259,6042,4,"2025-11-28 00:00:00",UPI,2990.00,425.00,0.00,3415.00
3260,5552,6,"2025-04-04 00:00:00",Card,11231.00,246.00,0.00,11477.00
3261,2878,6,"2026-01-06 00:00:00",Card,9274.00,238.00,0.00,9512.00
3262,5379,10,"2025-05-31 00:00:00",Cash,2672.00,165.00,0.00,2837.00
3263,4377,5,"2025-09-23 00:00:00",Card,11322.00,311.00,0.00,11633.00
3264,7129,15,"2025-07-18 00:00:00",Cash,5070.00,436.00,0.00,5506.00
3265,6117,11,"2025-04-06 00:00:00",Card,24428.00,360.00,0.00,24788.00
3266,6186,18,"2025-08-11 00:00:00",Cash,6753.00,169.00,0.00,6922.00
3267,3906,17,"2025-07-23 00:00:00",Cash,9837.00,319.00,0.00,10156.00
3268,7124,8,"2025-09-20 00:00:00",Card,5619.00,498.00,0.00,6117.00
3269,5688,17,"2025-10-03 00:00:00",UPI,8111.00,245.00,0.00,8356.00
3270,4183,11,"2025-08-30 00:00:00",Card,10342.00,336.00,0.00,10678.00
3271,6427,7,"2025-04-26 00:00:00",UPI,3994.00,318.00,0.00,4312.00
3272,2578,13,"2025-09-08 00:00:00",Cash,3071.00,264.00,0.00,3335.00
3273,4656,11,"2025-02-03 00:00:00",Card,11759.00,267.00,0.00,12026.00
3274,2059,19,"2025-06-18 00:00:00",Card,5502.00,417.00,0.00,5919.00
3275,3874,17,"2025-04-30 00:00:00",Card,13207.00,205.00,0.00,13412.00
3276,6373,19,"2025-02-18 00:00:00",Card,4878.00,308.00,0.00,5186.00
3277,4562,14,"2025-06-21 00:00:00",UPI,3901.00,248.00,0.00,4149.00
3278,7552,13,"2025-10-13 00:00:00",UPI,10897.00,246.00,0.00,11143.00
3279,2923,7,"2025-05-04 00:00:00",Cash,9764.00,265.00,0.00,10029.00
3280,4476,19,"2025-11-02 00:00:00",Cash,11588.00,342.00,0.00,11930.00
3281,4266,18,"2025-03-23 00:00:00",Cash,5781.00,481.00,0.00,6262.00
3282,2468,15,"2025-12-26 00:00:00",Cash,15324.00,262.00,0.00,15586.00
3283,4367,13,"2025-07-03 00:00:00",Cash,7972.00,234.00,0.00,8206.00
3284,5161,14,"2025-10-16 00:00:00",Card,15833.00,152.00,0.00,15985.00
3285,7189,2,"2025-04-03 00:00:00",Card,16177.00,359.00,0.00,16536.00
3286,1258,7,"2025-10-17 00:00:00",Card,5557.00,421.00,0.00,5978.00
3287,6981,9,"2025-08-07 00:00:00",Cash,12365.00,242.00,0.00,12607.00
3288,6801,1,"2025-11-07 00:00:00",Cash,5513.00,321.00,0.00,5834.00
3289,4644,13,"2025-04-10 00:00:00",UPI,3854.00,481.00,0.00,4335.00
3290,4858,8,"2025-12-16 00:00:00",Card,13579.00,289.00,0.00,13868.00
3291,4236,19,"2025-04-27 00:00:00",Cash,2161.00,166.00,0.00,2327.00
3292,3805,16,"2025-12-27 00:00:00",Cash,6704.00,204.00,0.00,6908.00
3293,4028,14,"2025-05-22 00:00:00",Card,9924.00,349.00,0.00,10273.00
3294,1950,20,"2025-01-27 00:00:00",Card,2924.00,362.00,0.00,3286.00
3295,1037,20,"2025-01-17 00:00:00",Card,6500.00,161.00,0.00,6661.00
3296,5037,2,"2025-03-01 00:00:00",Card,18729.00,342.00,0.00,19071.00
3297,3169,2,"2025-01-19 00:00:00",UPI,6909.00,183.00,0.00,7092.00
3298,5552,13,"2025-07-03 00:00:00",Card,15530.00,291.00,0.00,15821.00
3299,7502,4,"2025-02-28 00:00:00",UPI,5097.00,455.00,0.00,5552.00
3300,3977,4,"2025-09-13 00:00:00",Card,6911.00,165.00,0.00,7076.00
3301,3900,16,"2025-05-02 00:00:00",Cash,4818.00,171.00,0.00,4989.00
3302,7700,7,"2025-11-27 00:00:00",UPI,2789.00,235.00,0.00,3024.00
3303,4979,19,"2026-01-07 00:00:00",Cash,7918.00,220.00,0.00,8138.00
3304,5230,4,"2025-03-29 00:00:00",UPI,6853.00,275.00,0.00,7128.00
3305,1810,4,"2025-10-24 00:00:00",Card,8706.00,310.00,0.00,9016.00
3306,1237,7,"2025-07-16 00:00:00",Cash,6499.00,172.00,0.00,6671.00
3307,6761,5,"2025-04-14 00:00:00",Card,6659.00,151.00,0.00,6810.00
3308,3876,10,"2025-07-21 00:00:00",UPI,4382.00,301.00,0.00,4683.00
3309,290,19,"2026-01-03 00:00:00",UPI,18323.00,341.00,0.00,18664.00
3310,7783,16,"2025-11-02 00:00:00",UPI,12236.00,343.00,0.00,12579.00
3311,2703,11,"2025-04-18 00:00:00",Cash,23614.00,296.00,0.00,23910.00
3312,3737,13,"2025-08-17 00:00:00",Cash,19745.00,454.00,0.00,20199.00
3313,5487,14,"2025-02-21 00:00:00",Cash,20255.00,372.00,0.00,20627.00
3314,3302,14,"2025-03-12 00:00:00",Cash,9468.00,353.00,0.00,9821.00
3315,1867,12,"2025-03-01 00:00:00",Card,5128.00,212.00,0.00,5340.00
3316,7486,20,"2025-04-29 00:00:00",Cash,15813.00,249.00,0.00,16062.00
3317,3135,5,"2025-10-13 00:00:00",Card,5664.00,267.00,0.00,5931.00
3318,2882,5,"2025-12-31 00:00:00",Cash,15970.00,400.00,0.00,16370.00
3319,6080,12,"2025-08-16 00:00:00",Cash,1836.00,371.00,0.00,2207.00
3320,4493,8,"2025-07-16 00:00:00",Cash,6693.00,434.00,0.00,7127.00
3321,4696,18,"2025-04-22 00:00:00",Cash,5436.00,199.00,0.00,5635.00
3322,5355,8,"2025-07-10 00:00:00",Card,11198.00,411.00,0.00,11609.00
3323,3303,3,"2025-11-07 00:00:00",Cash,19479.00,298.00,0.00,19777.00
3324,7059,1,"2025-03-21 00:00:00",Cash,7512.00,254.00,0.00,7766.00
3325,3716,11,"2025-10-17 00:00:00",Cash,2735.00,312.00,0.00,3047.00
3326,6211,16,"2025-11-05 00:00:00",Cash,13442.00,491.00,0.00,13933.00
3327,722,13,"2025-12-24 00:00:00",UPI,6417.00,221.00,0.00,6638.00
3328,3055,7,"2025-04-26 00:00:00",Card,11583.00,370.00,0.00,11953.00
3329,4605,7,"2025-05-23 00:00:00",UPI,1670.00,249.00,0.00,1919.00
3330,6554,10,"2025-10-12 00:00:00",UPI,18882.00,205.00,0.00,19087.00
3331,1676,11,"2025-02-27 00:00:00",UPI,1442.00,338.00,0.00,1780.00
3332,5726,20,"2025-08-10 00:00:00",UPI,6464.00,338.00,0.00,6802.00
3333,7882,11,"2025-04-23 00:00:00",UPI,9824.00,449.00,0.00,10273.00
3334,6962,19,"2025-11-22 00:00:00",Card,4928.00,481.00,0.00,5409.00
3335,5984,2,"2026-01-01 00:00:00",Cash,14700.00,291.00,0.00,14991.00
3336,6170,2,"2025-03-22 00:00:00",Card,14725.00,221.00,0.00,14946.00
3337,6552,16,"2025-08-26 00:00:00",Card,4265.00,354.00,0.00,4619.00
3338,952,4,"2025-02-05 00:00:00",Cash,4613.00,214.00,0.00,4827.00
3339,1069,9,"2025-10-10 00:00:00",UPI,6039.00,490.00,0.00,6529.00
3340,90,4,"2025-03-20 00:00:00",Card,12428.00,279.00,0.00,12707.00
3341,1254,10,"2025-07-29 00:00:00",UPI,5980.00,303.00,0.00,6283.00
3342,608,18,"2025-05-23 00:00:00",Card,2298.00,346.00,0.00,2644.00
3343,6065,9,"2025-12-07 00:00:00",Cash,1665.00,342.00,0.00,2007.00
3344,6596,4,"2025-03-11 00:00:00",Card,8883.00,405.00,0.00,9288.00
3345,1863,18,"2025-07-12 00:00:00",Card,8775.00,360.00,0.00,9135.00
3346,7692,1,"2025-01-11 00:00:00",UPI,8792.00,356.00,0.00,9148.00
3347,3120,1,"2025-07-13 00:00:00",Cash,7999.00,484.00,0.00,8483.00
3348,2611,17,"2026-01-04 00:00:00",Card,4760.00,329.00,0.00,5089.00
3349,3790,8,"2025-06-13 00:00:00",Cash,719.00,316.00,0.00,1035.00
3350,3216,16,"2025-12-15 00:00:00",Cash,5308.00,444.00,0.00,5752.00
3351,7318,4,"2025-06-03 00:00:00",Cash,13416.00,447.00,0.00,13863.00
3352,1549,13,"2025-09-03 00:00:00",Cash,15230.00,352.00,0.00,15582.00
3353,4582,2,"2025-04-25 00:00:00",Cash,7169.00,385.00,0.00,7554.00
3354,6104,3,"2025-09-13 00:00:00",Cash,11279.00,238.00,0.00,11517.00
3355,7048,19,"2025-11-10 00:00:00",UPI,9429.00,397.00,0.00,9826.00
3356,2381,13,"2025-08-11 00:00:00",Cash,5325.00,210.00,0.00,5535.00
3357,6302,17,"2025-07-20 00:00:00",Cash,11740.00,203.00,0.00,11943.00
3358,7037,12,"2025-10-21 00:00:00",Card,19311.00,178.00,0.00,19489.00
3359,5971,12,"2025-06-13 00:00:00",UPI,9161.00,358.00,0.00,9519.00
3360,4716,12,"2025-09-06 00:00:00",UPI,9413.00,350.00,0.00,9763.00
3361,6128,13,"2025-04-16 00:00:00",UPI,10468.00,286.00,0.00,10754.00
3362,2539,17,"2025-05-02 00:00:00",UPI,15182.00,348.00,0.00,15530.00
3363,4055,12,"2025-08-23 00:00:00",Cash,9167.00,350.00,0.00,9517.00
3364,1727,3,"2025-10-09 00:00:00",UPI,18500.00,282.00,0.00,18782.00
3365,1880,14,"2025-06-23 00:00:00",Cash,3790.00,473.00,0.00,4263.00
3366,1961,6,"2025-06-20 00:00:00",UPI,4316.00,423.00,0.00,4739.00
3367,1809,11,"2025-01-17 00:00:00",Card,11487.00,291.00,0.00,11778.00
3368,2340,1,"2025-07-20 00:00:00",Card,10556.00,396.00,0.00,10952.00
3369,6343,12,"2025-10-28 00:00:00",Card,701.00,294.00,0.00,995.00
3370,3716,18,"2025-04-26 00:00:00",Cash,10309.00,373.00,0.00,10682.00
3371,2538,17,"2025-07-23 00:00:00",Card,3006.00,254.00,0.00,3260.00
3372,181,19,"2025-04-16 00:00:00",Cash,11822.00,192.00,0.00,12014.00
3373,7806,10,"2025-10-21 00:00:00",UPI,14676.00,159.00,0.00,14835.00
3374,1153,17,"2025-12-17 00:00:00",Card,4570.00,349.00,0.00,4919.00
3375,3317,13,"2025-02-19 00:00:00",Cash,2729.00,426.00,0.00,3155.00
3376,7111,7,"2025-06-16 00:00:00",UPI,13253.00,374.00,0.00,13627.00
3377,5997,15,"2025-10-23 00:00:00",Cash,7235.00,383.00,0.00,7618.00
3378,830,13,"2025-11-19 00:00:00",Cash,6957.00,260.00,0.00,7217.00
3379,2809,1,"2025-03-05 00:00:00",Cash,11560.00,159.00,0.00,11719.00
3380,7106,20,"2025-09-04 00:00:00",Card,12994.00,427.00,0.00,13421.00
3381,3236,17,"2025-05-19 00:00:00",Cash,16492.00,239.00,0.00,16731.00
3382,7681,19,"2025-08-21 00:00:00",Cash,1021.00,318.00,0.00,1339.00
3383,360,8,"2025-05-07 00:00:00",Card,8498.00,478.00,0.00,8976.00
3384,4766,12,"2025-05-27 00:00:00",Cash,9272.00,177.00,0.00,9449.00
3385,74,3,"2025-10-25 00:00:00",UPI,8944.00,401.00,0.00,9345.00
3386,6048,20,"2025-06-14 00:00:00",UPI,4379.00,395.00,0.00,4774.00
3387,6258,4,"2025-06-26 00:00:00",UPI,1660.00,477.00,0.00,2137.00
3388,2903,2,"2025-12-14 00:00:00",UPI,6278.00,477.00,0.00,6755.00
3389,3298,6,"2025-03-02 00:00:00",Cash,11383.00,203.00,0.00,11586.00
3390,4514,15,"2025-09-04 00:00:00",Cash,3336.00,398.00,0.00,3734.00
3391,1104,11,"2025-04-11 00:00:00",Cash,9113.00,398.00,0.00,9511.00
3392,748,3,"2025-01-18 00:00:00",Card,3725.00,431.00,0.00,4156.00
3393,2835,20,"2025-11-12 00:00:00",Cash,8092.00,317.00,0.00,8409.00
3394,5861,1,"2025-11-17 00:00:00",UPI,12188.00,336.00,0.00,12524.00
3395,7317,18,"2025-10-21 00:00:00",Cash,6489.00,308.00,0.00,6797.00
3396,7008,16,"2025-04-29 00:00:00",Cash,5354.00,164.00,0.00,5518.00
3397,866,12,"2026-01-11 00:00:00",UPI,16705.00,182.00,0.00,16887.00
3398,2790,11,"2025-07-29 00:00:00",UPI,12262.00,493.00,0.00,12755.00
3399,731,5,"2025-10-27 00:00:00",Card,15616.00,283.00,0.00,15899.00
3400,728,16,"2025-08-20 00:00:00",Card,6853.00,313.00,0.00,7166.00
3401,6866,6,"2025-07-13 00:00:00",Card,10372.00,491.00,0.00,10863.00
3402,3046,6,"2025-11-14 00:00:00",Card,10052.00,409.00,0.00,10461.00
3403,3470,10,"2025-05-12 00:00:00",UPI,9962.00,213.00,0.00,10175.00
3404,5676,11,"2025-03-03 00:00:00",Card,3828.00,354.00,0.00,4182.00
3405,3808,20,"2025-07-21 00:00:00",Cash,8951.00,446.00,0.00,9397.00
3406,5358,5,"2025-03-04 00:00:00",Card,7689.00,322.00,0.00,8011.00
3407,4137,7,"2025-05-04 00:00:00",Card,13318.00,377.00,0.00,13695.00
3408,2049,2,"2025-10-03 00:00:00",Cash,5487.00,278.00,0.00,5765.00
3409,3053,10,"2025-02-23 00:00:00",Cash,10925.00,209.00,0.00,11134.00
3410,2435,17,"2025-08-26 00:00:00",UPI,19951.00,373.00,0.00,20324.00
3411,168,8,"2025-02-09 00:00:00",Cash,10905.00,487.00,0.00,11392.00
3412,6610,1,"2025-12-18 00:00:00",UPI,12050.00,253.00,0.00,12303.00
3413,5189,5,"2025-03-21 00:00:00",UPI,6841.00,395.00,0.00,7236.00
3414,21,19,"2025-10-01 00:00:00",UPI,7772.00,461.00,0.00,8233.00
3415,7448,16,"2025-08-12 00:00:00",UPI,11385.00,496.00,0.00,11881.00
3416,1,1,"2025-07-07 00:00:00",Cash,8996.00,381.00,0.00,9377.00
3417,7515,1,"2025-11-05 00:00:00",Card,9703.00,358.00,0.00,10061.00
3418,5157,14,"2025-11-10 00:00:00",UPI,3057.00,177.00,0.00,3234.00
3419,1805,8,"2025-03-28 00:00:00",Card,4463.00,302.00,0.00,4765.00
3420,7348,15,"2025-03-23 00:00:00",Cash,10434.00,169.00,0.00,10603.00
3421,7764,1,"2025-12-13 00:00:00",UPI,5748.00,494.00,0.00,6242.00
3422,4500,16,"2025-01-19 00:00:00",UPI,11045.00,167.00,0.00,11212.00
3423,7811,11,"2025-07-30 00:00:00",Cash,734.00,321.00,0.00,1055.00
3424,980,19,"2025-04-11 00:00:00",Cash,4755.00,480.00,0.00,5235.00
3425,5050,7,"2025-12-01 00:00:00",UPI,10714.00,363.00,0.00,11077.00
3426,1307,16,"2025-08-29 00:00:00",Card,4487.00,395.00,0.00,4882.00
3427,5135,16,"2026-01-01 00:00:00",Card,6315.00,375.00,0.00,6690.00
3428,2744,4,"2025-10-10 00:00:00",Cash,8906.00,314.00,0.00,9220.00
3429,7604,5,"2025-06-14 00:00:00",Card,10061.00,264.00,0.00,10325.00
3430,1280,18,"2026-01-05 00:00:00",Card,13706.00,170.00,0.00,13876.00
3431,2811,1,"2025-08-21 00:00:00",Cash,14128.00,330.00,0.00,14458.00
3432,2220,11,"2025-03-15 00:00:00",Cash,8370.00,438.00,0.00,8808.00
3433,3294,2,"2025-10-11 00:00:00",Cash,2535.00,306.00,0.00,2841.00
3434,7169,2,"2025-09-08 00:00:00",Cash,6119.00,186.00,0.00,6305.00
3435,2489,9,"2025-01-25 00:00:00",Card,17247.00,218.00,0.00,17465.00
3436,3133,16,"2025-03-13 00:00:00",Card,8336.00,468.00,0.00,8804.00
3437,6256,19,"2025-08-14 00:00:00",Cash,20271.00,260.00,0.00,20531.00
3438,5070,17,"2025-07-16 00:00:00",UPI,3207.00,195.00,0.00,3402.00
3439,2810,16,"2025-12-23 00:00:00",UPI,9482.00,370.00,0.00,9852.00
3440,3133,12,"2025-01-25 00:00:00",Card,11096.00,243.00,0.00,11339.00
3441,6461,1,"2025-05-27 00:00:00",Cash,13771.00,278.00,0.00,14049.00
3442,731,5,"2025-05-27 00:00:00",Card,6189.00,315.00,0.00,6504.00
3443,1357,13,"2025-03-29 00:00:00",Cash,9187.00,387.00,0.00,9574.00
3444,188,14,"2025-05-10 00:00:00",Card,7327.00,497.00,0.00,7824.00
3445,5561,1,"2025-12-19 00:00:00",Cash,11831.00,274.00,0.00,12105.00
3446,2309,5,"2025-08-09 00:00:00",Card,6226.00,288.00,0.00,6514.00
3447,3743,11,"2025-08-11 00:00:00",UPI,1516.00,239.00,0.00,1755.00
3448,3275,20,"2025-01-20 00:00:00",Card,4435.00,223.00,0.00,4658.00
3449,5558,1,"2025-10-30 00:00:00",Card,2526.00,176.00,0.00,2702.00
3450,5630,18,"2025-10-06 00:00:00",Card,10589.00,321.00,0.00,10910.00
3451,3619,17,"2025-11-08 00:00:00",UPI,13340.00,285.00,0.00,13625.00
3452,6732,16,"2025-09-28 00:00:00",Cash,7767.00,151.00,0.00,7918.00
3453,6310,8,"2025-08-05 00:00:00",Cash,9203.00,465.00,0.00,9668.00
3454,6274,6,"2025-07-08 00:00:00",UPI,8154.00,309.00,0.00,8463.00
3455,4317,13,"2025-11-04 00:00:00",Cash,16837.00,477.00,0.00,17314.00
3456,5381,15,"2025-06-07 00:00:00",UPI,17758.00,350.00,0.00,18108.00
3457,382,13,"2025-11-29 00:00:00",UPI,7682.00,220.00,0.00,7902.00
3458,7969,6,"2025-02-24 00:00:00",Card,16044.00,153.00,0.00,16197.00
3459,4867,3,"2025-05-29 00:00:00",Cash,16094.00,404.00,0.00,16498.00
3460,2982,14,"2025-05-30 00:00:00",UPI,31042.00,234.00,0.00,31276.00
3461,561,6,"2025-11-15 00:00:00",Cash,10012.00,158.00,0.00,10170.00
3462,1800,12,"2025-05-22 00:00:00",Card,6270.00,168.00,0.00,6438.00
3463,7691,19,"2025-05-28 00:00:00",UPI,9402.00,479.00,0.00,9881.00
3464,7173,15,"2025-04-02 00:00:00",Card,17411.00,327.00,0.00,17738.00
3465,4921,13,"2025-12-26 00:00:00",Cash,8255.00,471.00,0.00,8726.00
3466,1221,7,"2025-03-07 00:00:00",Cash,4573.00,310.00,0.00,4883.00
3467,6560,3,"2025-02-14 00:00:00",Cash,5058.00,402.00,0.00,5460.00
3468,2545,6,"2025-04-17 00:00:00",Cash,14225.00,303.00,0.00,14528.00
3469,1157,12,"2025-06-10 00:00:00",Cash,5940.00,198.00,0.00,6138.00
3470,3130,17,"2025-07-26 00:00:00",Cash,14815.00,369.00,0.00,15184.00
3471,3731,4,"2026-01-07 00:00:00",Cash,22983.00,315.00,0.00,23298.00
3472,1681,4,"2025-07-22 00:00:00",UPI,6328.00,231.00,0.00,6559.00
3473,4368,5,"2025-02-03 00:00:00",Cash,4950.00,160.00,0.00,5110.00
3474,1341,13,"2025-05-11 00:00:00",Card,11755.00,374.00,0.00,12129.00
3475,6128,16,"2025-05-06 00:00:00",Cash,1258.00,372.00,0.00,1630.00
3476,4051,19,"2025-10-17 00:00:00",UPI,5623.00,442.00,0.00,6065.00
3477,5389,15,"2025-02-07 00:00:00",UPI,14210.00,235.00,0.00,14445.00
3478,5320,8,"2025-03-18 00:00:00",Cash,19166.00,244.00,0.00,19410.00
3479,4236,1,"2025-03-21 00:00:00",UPI,5577.00,441.00,0.00,6018.00
3480,2205,13,"2025-07-14 00:00:00",Card,5570.00,476.00,0.00,6046.00
3481,5205,19,"2025-07-27 00:00:00",Card,9116.00,344.00,0.00,9460.00
3482,5505,3,"2025-09-12 00:00:00",Cash,4926.00,355.00,0.00,5281.00
3483,4060,12,"2025-05-27 00:00:00",Cash,4475.00,352.00,0.00,4827.00
3484,4478,3,"2025-06-30 00:00:00",Card,8072.00,348.00,0.00,8420.00
3485,2973,19,"2025-08-04 00:00:00",Card,10114.00,282.00,0.00,10396.00
3486,5625,2,"2025-05-27 00:00:00",Card,10650.00,169.00,0.00,10819.00
3487,7822,13,"2025-03-05 00:00:00",Cash,19229.00,415.00,0.00,19644.00
3488,3428,2,"2025-06-10 00:00:00",Card,12337.00,435.00,0.00,12772.00
3489,7282,14,"2025-05-04 00:00:00",Card,13469.00,447.00,0.00,13916.00
3490,5582,20,"2025-01-27 00:00:00",Cash,3005.00,480.00,0.00,3485.00
3491,7600,18,"2025-08-28 00:00:00",Cash,6008.00,269.00,0.00,6277.00
3492,7478,7,"2025-11-17 00:00:00",Card,11115.00,270.00,0.00,11385.00
3493,6480,14,"2025-11-24 00:00:00",Cash,3839.00,461.00,0.00,4300.00
3494,3935,5,"2025-05-04 00:00:00",Cash,9002.00,468.00,0.00,9470.00
3495,4309,8,"2025-03-06 00:00:00",Card,3973.00,196.00,0.00,4169.00
3496,5700,4,"2025-02-13 00:00:00",Cash,13094.00,437.00,0.00,13531.00
3497,7072,10,"2025-09-07 00:00:00",UPI,16878.00,427.00,0.00,17305.00
3498,427,8,"2025-05-22 00:00:00",Cash,14471.00,468.00,0.00,14939.00
3499,6708,10,"2025-02-22 00:00:00",Cash,7161.00,222.00,0.00,7383.00
3500,7266,13,"2025-07-25 00:00:00",Card,15443.00,282.00,0.00,15725.00
3501,484,1,"2025-04-04 00:00:00",Card,17565.00,167.00,0.00,17732.00
3502,4693,18,"2025-02-06 00:00:00",Card,20204.00,151.00,0.00,20355.00
3503,1985,10,"2025-10-15 00:00:00",UPI,6534.00,342.00,0.00,6876.00
3504,5467,1,"2025-06-24 00:00:00",UPI,6496.00,382.00,0.00,6878.00
3505,1201,20,"2025-04-13 00:00:00",Card,8442.00,437.00,0.00,8879.00
3506,4864,9,"2025-07-06 00:00:00",UPI,2519.00,470.00,0.00,2989.00
3507,3764,9,"2025-12-06 00:00:00",Card,1840.00,363.00,0.00,2203.00
3508,3851,20,"2025-08-09 00:00:00",Cash,14404.00,473.00,0.00,14877.00
3509,3083,11,"2025-07-13 00:00:00",UPI,12860.00,405.00,0.00,13265.00
3510,1244,2,"2025-05-04 00:00:00",Card,6314.00,202.00,0.00,6516.00
3511,4441,12,"2025-08-18 00:00:00",Card,12045.00,403.00,0.00,12448.00
3512,3105,8,"2025-11-12 00:00:00",Cash,5751.00,298.00,0.00,6049.00
3513,7978,12,"2025-08-23 00:00:00",Cash,24776.00,328.00,0.00,25104.00
3514,396,10,"2025-05-22 00:00:00",UPI,5075.00,190.00,0.00,5265.00
3515,6354,14,"2026-01-01 00:00:00",UPI,2430.00,418.00,0.00,2848.00
3516,6877,15,"2025-11-08 00:00:00",UPI,1030.00,369.00,0.00,1399.00
3517,4436,3,"2025-05-10 00:00:00",Card,12845.00,483.00,0.00,13328.00
3518,4955,15,"2025-03-23 00:00:00",Cash,14287.00,201.00,0.00,14488.00
3519,4137,10,"2025-02-16 00:00:00",Card,14311.00,375.00,0.00,14686.00
3520,7013,8,"2025-05-01 00:00:00",UPI,21999.00,306.00,0.00,22305.00
3521,3432,19,"2025-04-18 00:00:00",UPI,2449.00,336.00,0.00,2785.00
3522,7727,4,"2026-01-02 00:00:00",UPI,6738.00,220.00,0.00,6958.00
3523,2541,14,"2025-09-20 00:00:00",Card,4069.00,426.00,0.00,4495.00
3524,4743,12,"2025-09-17 00:00:00",UPI,11581.00,278.00,0.00,11859.00
3525,4110,4,"2025-03-20 00:00:00",Cash,6525.00,176.00,0.00,6701.00
3526,1349,18,"2025-05-01 00:00:00",UPI,6764.00,230.00,0.00,6994.00
3527,207,14,"2025-01-22 00:00:00",Cash,8615.00,283.00,0.00,8898.00
3528,7288,1,"2025-06-12 00:00:00",UPI,5654.00,453.00,0.00,6107.00
3529,7193,20,"2025-10-13 00:00:00",Card,15330.00,335.00,0.00,15665.00
3530,5578,4,"2025-11-19 00:00:00",Cash,5978.00,258.00,0.00,6236.00
3531,7008,1,"2025-11-26 00:00:00",Card,11967.00,203.00,0.00,12170.00
3532,249,14,"2025-01-14 00:00:00",Cash,3445.00,157.00,0.00,3602.00
3533,7088,4,"2025-02-20 00:00:00",UPI,9061.00,421.00,0.00,9482.00
3534,7396,2,"2025-09-23 00:00:00",UPI,3586.00,209.00,0.00,3795.00
3535,5652,12,"2025-08-01 00:00:00",UPI,21182.00,492.00,0.00,21674.00
3536,3594,5,"2025-07-05 00:00:00",Cash,11004.00,392.00,0.00,11396.00
3537,402,10,"2025-10-12 00:00:00",Cash,10145.00,467.00,0.00,10612.00
3538,1258,10,"2025-03-26 00:00:00",Card,15086.00,341.00,0.00,15427.00
3539,7254,18,"2025-10-17 00:00:00",UPI,8993.00,268.00,0.00,9261.00
3540,6313,9,"2025-10-13 00:00:00",UPI,13630.00,391.00,0.00,14021.00
3541,6421,5,"2025-10-04 00:00:00",Cash,8566.00,252.00,0.00,8818.00
3542,5140,17,"2025-10-22 00:00:00",UPI,1451.00,363.00,0.00,1814.00
3543,5479,11,"2025-07-05 00:00:00",Card,10147.00,160.00,0.00,10307.00
3544,2139,18,"2025-01-27 00:00:00",UPI,4128.00,387.00,0.00,4515.00
3545,5623,12,"2025-03-08 00:00:00",UPI,8891.00,297.00,0.00,9188.00
3546,7386,15,"2025-04-14 00:00:00",Cash,5341.00,268.00,0.00,5609.00
3547,1237,1,"2025-03-03 00:00:00",Cash,10269.00,221.00,0.00,10490.00
3548,6991,15,"2025-12-15 00:00:00",Cash,25555.00,490.00,0.00,26045.00
3549,6229,15,"2025-05-17 00:00:00",Card,3802.00,332.00,0.00,4134.00
3550,6255,9,"2025-03-30 00:00:00",UPI,12336.00,391.00,0.00,12727.00
3551,4205,4,"2025-12-11 00:00:00",UPI,8181.00,188.00,0.00,8369.00
3552,7394,15,"2025-10-06 00:00:00",Card,8719.00,351.00,0.00,9070.00
3553,4589,3,"2025-04-23 00:00:00",UPI,12730.00,432.00,0.00,13162.00
3554,6795,18,"2025-11-03 00:00:00",Card,2463.00,265.00,0.00,2728.00
3555,54,9,"2025-11-08 00:00:00",Cash,9878.00,344.00,0.00,10222.00
3556,372,3,"2025-08-06 00:00:00",Card,14669.00,452.00,0.00,15121.00
3557,6172,17,"2025-06-12 00:00:00",Cash,14062.00,338.00,0.00,14400.00
3558,743,20,"2025-08-10 00:00:00",Cash,14139.00,220.00,0.00,14359.00
3559,3728,15,"2025-06-12 00:00:00",Card,12124.00,294.00,0.00,12418.00
3560,3441,19,"2025-05-14 00:00:00",UPI,6874.00,498.00,0.00,7372.00
3561,6757,5,"2025-05-08 00:00:00",Card,4425.00,370.00,0.00,4795.00
3562,7581,8,"2025-06-02 00:00:00",Card,12132.00,490.00,0.00,12622.00
3563,7626,10,"2025-01-11 00:00:00",Cash,6266.00,275.00,0.00,6541.00
3564,4278,15,"2025-12-20 00:00:00",Cash,18769.00,215.00,0.00,18984.00
3565,1284,19,"2025-09-08 00:00:00",Cash,3969.00,378.00,0.00,4347.00
3566,7584,11,"2025-10-29 00:00:00",Card,4934.00,407.00,0.00,5341.00
3567,4366,4,"2025-01-31 00:00:00",Cash,3797.00,177.00,0.00,3974.00
3568,3179,20,"2025-03-16 00:00:00",Cash,10741.00,480.00,0.00,11221.00
3569,2767,10,"2025-03-31 00:00:00",UPI,19527.00,196.00,0.00,19723.00
3570,6962,20,"2025-11-09 00:00:00",Card,14706.00,402.00,0.00,15108.00
3571,3613,3,"2025-11-17 00:00:00",Cash,11271.00,391.00,0.00,11662.00
3572,5561,19,"2025-10-25 00:00:00",Card,7427.00,193.00,0.00,7620.00
3573,1763,20,"2025-12-02 00:00:00",Card,4502.00,430.00,0.00,4932.00
3574,1908,10,"2025-12-10 00:00:00",UPI,1820.00,471.00,0.00,2291.00
3575,1494,17,"2025-12-17 00:00:00",Card,4556.00,318.00,0.00,4874.00
3576,1098,11,"2025-02-21 00:00:00",Cash,6459.00,380.00,0.00,6839.00
3577,2991,11,"2025-10-12 00:00:00",Cash,5103.00,289.00,0.00,5392.00
3578,1080,19,"2025-10-28 00:00:00",Cash,11644.00,411.00,0.00,12055.00
3579,1848,16,"2025-10-18 00:00:00",Cash,657.00,392.00,0.00,1049.00
3580,1417,14,"2025-08-07 00:00:00",UPI,6746.00,452.00,0.00,7198.00
3581,7016,14,"2025-06-28 00:00:00",Cash,12702.00,282.00,0.00,12984.00
3582,7963,19,"2025-08-31 00:00:00",UPI,5406.00,264.00,0.00,5670.00
3583,6665,8,"2025-03-16 00:00:00",Card,15264.00,312.00,0.00,15576.00
3584,3806,13,"2025-12-15 00:00:00",UPI,5774.00,244.00,0.00,6018.00
3585,7911,11,"2025-05-18 00:00:00",UPI,808.00,358.00,0.00,1166.00
3586,4798,18,"2025-08-12 00:00:00",UPI,9594.00,194.00,0.00,9788.00
3587,4435,14,"2025-07-13 00:00:00",UPI,12972.00,296.00,0.00,13268.00
3588,4575,10,"2025-09-28 00:00:00",UPI,5000.00,162.00,0.00,5162.00
3589,1527,8,"2025-12-07 00:00:00",Cash,10283.00,155.00,0.00,10438.00
3590,6084,8,"2025-10-31 00:00:00",Cash,7266.00,259.00,0.00,7525.00
3591,2836,1,"2025-06-05 00:00:00",UPI,1117.00,391.00,0.00,1508.00
3592,5480,14,"2025-02-03 00:00:00",Card,12032.00,173.00,0.00,12205.00
3593,650,10,"2025-09-06 00:00:00",Cash,17752.00,242.00,0.00,17994.00
3594,7337,6,"2025-05-21 00:00:00",Card,8277.00,438.00,0.00,8715.00
3595,3462,13,"2025-12-29 00:00:00",UPI,9975.00,199.00,0.00,10174.00
3596,4146,17,"2025-02-03 00:00:00",UPI,5050.00,383.00,0.00,5433.00
3597,5562,5,"2025-11-10 00:00:00",UPI,17251.00,497.00,0.00,17748.00
3598,2406,7,"2025-11-12 00:00:00",UPI,23360.00,187.00,0.00,23547.00
3599,5714,12,"2025-10-02 00:00:00",Card,7898.00,393.00,0.00,8291.00
3600,322,13,"2025-06-07 00:00:00",Cash,6675.00,296.00,0.00,6971.00
3601,5335,2,"2025-06-18 00:00:00",Card,6399.00,354.00,0.00,6753.00
3602,3659,3,"2025-06-01 00:00:00",Card,9355.00,151.00,0.00,9506.00
3603,6616,4,"2025-02-19 00:00:00",Card,9950.00,485.00,0.00,10435.00
3604,3789,10,"2025-02-23 00:00:00",UPI,3424.00,196.00,0.00,3620.00
3605,6523,1,"2026-01-09 00:00:00",UPI,9740.00,184.00,0.00,9924.00
3606,2292,11,"2025-04-17 00:00:00",Card,12569.00,467.00,0.00,13036.00
3607,3560,9,"2025-07-05 00:00:00",Cash,5162.00,356.00,0.00,5518.00
3608,7412,18,"2025-08-27 00:00:00",UPI,1139.00,407.00,0.00,1546.00
3609,1264,5,"2025-07-28 00:00:00",Cash,3046.00,395.00,0.00,3441.00
3610,7365,9,"2025-06-24 00:00:00",UPI,2824.00,334.00,0.00,3158.00
3611,2234,18,"2025-08-08 00:00:00",Card,15859.00,181.00,0.00,16040.00
3612,6272,10,"2025-07-29 00:00:00",Card,3937.00,299.00,0.00,4236.00
3613,3933,10,"2025-11-15 00:00:00",Card,6855.00,297.00,0.00,7152.00
3614,6276,12,"2025-02-13 00:00:00",Card,12618.00,498.00,0.00,13116.00
3615,875,15,"2025-10-20 00:00:00",Cash,13923.00,370.00,0.00,14293.00
3616,7948,3,"2025-01-21 00:00:00",Cash,5508.00,159.00,0.00,5667.00
3617,4905,18,"2025-10-07 00:00:00",UPI,3454.00,192.00,0.00,3646.00
3618,4610,6,"2025-05-11 00:00:00",UPI,2322.00,372.00,0.00,2694.00
3619,6315,11,"2025-01-14 00:00:00",Card,14330.00,280.00,0.00,14610.00
3620,6992,20,"2025-02-10 00:00:00",Cash,16631.00,384.00,0.00,17015.00
3621,1487,8,"2025-06-10 00:00:00",Card,7593.00,341.00,0.00,7934.00
3622,2162,20,"2025-11-20 00:00:00",Cash,11602.00,410.00,0.00,12012.00
3623,7671,8,"2025-11-03 00:00:00",Card,6059.00,356.00,0.00,6415.00
3624,376,3,"2025-01-15 00:00:00",Cash,13886.00,167.00,0.00,14053.00
3625,5292,17,"2025-05-04 00:00:00",Cash,14437.00,239.00,0.00,14676.00
3626,7092,1,"2025-12-06 00:00:00",UPI,18259.00,271.00,0.00,18530.00
3627,5577,15,"2026-01-08 00:00:00",Cash,3726.00,447.00,0.00,4173.00
3628,2504,17,"2025-02-26 00:00:00",Cash,17846.00,247.00,0.00,18093.00
3629,7925,3,"2025-07-07 00:00:00",UPI,14742.00,375.00,0.00,15117.00
3630,5959,14,"2025-06-17 00:00:00",UPI,4264.00,286.00,0.00,4550.00
3631,571,13,"2025-11-16 00:00:00",UPI,789.00,440.00,0.00,1229.00
3632,1089,14,"2025-08-01 00:00:00",Card,5596.00,330.00,0.00,5926.00
3633,6446,7,"2025-11-02 00:00:00",Cash,13980.00,349.00,0.00,14329.00
3634,15,20,"2025-02-03 00:00:00",UPI,5775.00,451.00,0.00,6226.00
3635,6872,4,"2025-05-08 00:00:00",UPI,3374.00,362.00,0.00,3736.00
3636,632,2,"2025-12-06 00:00:00",Cash,862.00,323.00,0.00,1185.00
3637,5370,15,"2025-12-30 00:00:00",UPI,15276.00,460.00,0.00,15736.00
3638,593,20,"2025-08-24 00:00:00",Cash,11872.00,325.00,0.00,12197.00
3639,7099,18,"2026-01-05 00:00:00",UPI,2692.00,333.00,0.00,3025.00
3640,1468,3,"2025-11-03 00:00:00",Cash,7627.00,319.00,0.00,7946.00
3641,2094,16,"2025-05-11 00:00:00",Card,14414.00,444.00,0.00,14858.00
3642,1113,2,"2025-10-03 00:00:00",UPI,6978.00,406.00,0.00,7384.00
3643,1040,11,"2025-09-04 00:00:00",UPI,8522.00,309.00,0.00,8831.00
3644,3574,19,"2025-08-16 00:00:00",Cash,14099.00,276.00,0.00,14375.00
3645,7770,10,"2025-05-08 00:00:00",UPI,9779.00,489.00,0.00,10268.00
3646,5277,15,"2025-09-05 00:00:00",UPI,3933.00,216.00,0.00,4149.00
3647,58,8,"2025-10-07 00:00:00",Cash,772.00,151.00,0.00,923.00
3648,5025,3,"2025-12-08 00:00:00",UPI,3228.00,355.00,0.00,3583.00
3649,362,12,"2025-02-02 00:00:00",Card,6010.00,481.00,0.00,6491.00
3650,5392,10,"2025-09-21 00:00:00",UPI,17897.00,195.00,0.00,18092.00
3651,5467,17,"2025-11-09 00:00:00",Cash,2662.00,237.00,0.00,2899.00
3652,1813,13,"2025-08-31 00:00:00",Card,11746.00,164.00,0.00,11910.00
3653,4323,20,"2025-04-19 00:00:00",UPI,9001.00,172.00,0.00,9173.00
3654,3038,19,"2025-02-10 00:00:00",Cash,4573.00,321.00,0.00,4894.00
3655,6656,10,"2025-04-21 00:00:00",Cash,8441.00,451.00,0.00,8892.00
3656,6092,11,"2025-07-11 00:00:00",Cash,4786.00,326.00,0.00,5112.00
3657,6199,5,"2025-08-11 00:00:00",UPI,10501.00,278.00,0.00,10779.00
3658,7188,11,"2025-06-24 00:00:00",Cash,3461.00,312.00,0.00,3773.00
3659,3737,10,"2025-01-12 00:00:00",Cash,14662.00,462.00,0.00,15124.00
3660,1752,18,"2025-09-14 00:00:00",Card,15979.00,170.00,0.00,16149.00
3661,4893,15,"2025-09-03 00:00:00",UPI,1158.00,153.00,0.00,1311.00
3662,528,7,"2025-11-14 00:00:00",UPI,4810.00,218.00,0.00,5028.00
3663,687,1,"2025-11-26 00:00:00",Card,10563.00,415.00,0.00,10978.00
3664,1967,2,"2025-04-05 00:00:00",Cash,25883.00,370.00,0.00,26253.00
3665,1751,6,"2025-11-28 00:00:00",Cash,5495.00,188.00,0.00,5683.00
3666,884,8,"2025-06-12 00:00:00",Card,8752.00,299.00,0.00,9051.00
3667,3827,10,"2025-10-31 00:00:00",UPI,4144.00,183.00,0.00,4327.00
3668,2894,5,"2025-07-01 00:00:00",Card,4570.00,288.00,0.00,4858.00
3669,4402,13,"2025-09-23 00:00:00",UPI,7889.00,220.00,0.00,8109.00
3670,4448,1,"2025-01-31 00:00:00",Cash,14147.00,213.00,0.00,14360.00
3671,6979,10,"2025-11-27 00:00:00",UPI,804.00,171.00,0.00,975.00
3672,3891,7,"2025-04-03 00:00:00",Card,13107.00,274.00,0.00,13381.00
3673,2777,10,"2025-10-24 00:00:00",UPI,11290.00,437.00,0.00,11727.00
3674,320,17,"2025-08-02 00:00:00",UPI,7144.00,179.00,0.00,7323.00
3675,5160,19,"2025-11-02 00:00:00",UPI,27397.00,394.00,0.00,27791.00
3676,6253,10,"2025-03-09 00:00:00",Cash,14270.00,363.00,0.00,14633.00
3677,1982,14,"2025-09-17 00:00:00",Cash,8060.00,335.00,0.00,8395.00
3678,5931,6,"2025-11-21 00:00:00",Cash,15278.00,164.00,0.00,15442.00
3679,1322,11,"2025-11-04 00:00:00",Cash,17111.00,180.00,0.00,17291.00
3680,2592,13,"2025-03-26 00:00:00",Cash,12511.00,359.00,0.00,12870.00
3681,102,15,"2025-04-06 00:00:00",Cash,8601.00,271.00,0.00,8872.00
3682,3411,15,"2025-03-06 00:00:00",UPI,12412.00,258.00,0.00,12670.00
3683,2134,16,"2025-10-23 00:00:00",Cash,17213.00,264.00,0.00,17477.00
3684,3378,8,"2025-07-01 00:00:00",Cash,8605.00,184.00,0.00,8789.00
3685,7182,2,"2025-09-19 00:00:00",Cash,20425.00,479.00,0.00,20904.00
3686,6367,18,"2025-09-29 00:00:00",UPI,15073.00,252.00,0.00,15325.00
3687,4300,10,"2025-10-18 00:00:00",Cash,722.00,215.00,0.00,937.00
3688,6897,7,"2025-12-13 00:00:00",Card,1976.00,325.00,0.00,2301.00
3689,4256,1,"2025-03-27 00:00:00",UPI,1686.00,434.00,0.00,2120.00
3690,6019,10,"2025-02-10 00:00:00",UPI,4636.00,421.00,0.00,5057.00
3691,7021,19,"2025-01-17 00:00:00",Cash,4168.00,400.00,0.00,4568.00
3692,7509,4,"2025-06-06 00:00:00",UPI,6504.00,272.00,0.00,6776.00
3693,2508,18,"2025-04-21 00:00:00",UPI,5340.00,341.00,0.00,5681.00
3694,2929,15,"2025-03-22 00:00:00",UPI,16526.00,258.00,0.00,16784.00
3695,619,1,"2025-09-09 00:00:00",UPI,14149.00,198.00,0.00,14347.00
3696,2022,1,"2025-03-29 00:00:00",UPI,9706.00,380.00,0.00,10086.00
3697,5176,13,"2025-03-20 00:00:00",Card,2324.00,286.00,0.00,2610.00
3698,5397,20,"2025-10-12 00:00:00",Cash,2212.00,235.00,0.00,2447.00
3699,5012,20,"2025-05-18 00:00:00",UPI,6955.00,377.00,0.00,7332.00
3700,733,10,"2025-12-06 00:00:00",UPI,1707.00,399.00,0.00,2106.00
3701,2871,19,"2025-07-11 00:00:00",Card,18290.00,378.00,0.00,18668.00
3702,5780,1,"2025-03-15 00:00:00",UPI,5410.00,470.00,0.00,5880.00
3703,6968,13,"2025-03-29 00:00:00",UPI,9498.00,462.00,0.00,9960.00
3704,4507,6,"2025-02-11 00:00:00",Cash,11253.00,160.00,0.00,11413.00
3705,7111,14,"2025-03-19 00:00:00",Cash,11346.00,192.00,0.00,11538.00
3706,7098,7,"2025-05-31 00:00:00",UPI,6463.00,250.00,0.00,6713.00
3707,2315,18,"2025-07-18 00:00:00",Cash,6842.00,316.00,0.00,7158.00
3708,3728,13,"2025-11-19 00:00:00",UPI,4571.00,412.00,0.00,4983.00
3709,1973,4,"2025-12-03 00:00:00",UPI,13992.00,314.00,0.00,14306.00
3710,2237,12,"2025-04-21 00:00:00",Card,5452.00,337.00,0.00,5789.00
3711,4538,1,"2025-04-30 00:00:00",Cash,6662.00,240.00,0.00,6902.00
3712,3836,5,"2025-12-12 00:00:00",UPI,10480.00,255.00,0.00,10735.00
3713,6655,16,"2025-02-10 00:00:00",UPI,2962.00,239.00,0.00,3201.00
3714,3071,7,"2025-11-09 00:00:00",UPI,4750.00,182.00,0.00,4932.00
3715,6731,16,"2025-07-05 00:00:00",Cash,12995.00,464.00,0.00,13459.00
3716,2074,20,"2025-06-02 00:00:00",UPI,12577.00,225.00,0.00,12802.00
3717,1306,17,"2025-07-19 00:00:00",Card,2228.00,417.00,0.00,2645.00
3718,6114,13,"2025-06-20 00:00:00",UPI,3038.00,178.00,0.00,3216.00
3719,1630,18,"2025-12-19 00:00:00",Card,5814.00,488.00,0.00,6302.00
3720,1995,6,"2025-07-01 00:00:00",UPI,4157.00,453.00,0.00,4610.00
3721,1738,20,"2025-08-26 00:00:00",Cash,12967.00,315.00,0.00,13282.00
3722,7739,7,"2025-06-12 00:00:00",UPI,12171.00,412.00,0.00,12583.00
3723,7714,15,"2025-07-12 00:00:00",UPI,2321.00,261.00,0.00,2582.00
3724,4850,8,"2025-04-15 00:00:00",Cash,7296.00,163.00,0.00,7459.00
3725,2371,17,"2025-04-21 00:00:00",Card,1346.00,191.00,0.00,1537.00
3726,4243,14,"2025-06-12 00:00:00",UPI,18600.00,454.00,0.00,19054.00
3727,4914,19,"2025-07-30 00:00:00",Cash,13112.00,443.00,0.00,13555.00
3728,2393,11,"2025-07-16 00:00:00",Cash,13258.00,336.00,0.00,13594.00
3729,1792,6,"2025-08-11 00:00:00",UPI,14010.00,453.00,0.00,14463.00
3730,1461,15,"2025-10-09 00:00:00",UPI,2174.00,419.00,0.00,2593.00
3731,3778,14,"2025-10-29 00:00:00",Card,5306.00,483.00,0.00,5789.00
3732,7840,5,"2025-02-06 00:00:00",Cash,4335.00,357.00,0.00,4692.00
3733,4573,8,"2025-05-06 00:00:00",Cash,7523.00,156.00,0.00,7679.00
3734,1887,10,"2025-03-16 00:00:00",UPI,12269.00,154.00,0.00,12423.00
3735,244,17,"2025-12-15 00:00:00",UPI,20098.00,331.00,0.00,20429.00
3736,478,14,"2025-03-22 00:00:00",Cash,3585.00,337.00,0.00,3922.00
3737,2654,14,"2025-07-19 00:00:00",UPI,1712.00,261.00,0.00,1973.00
3738,2100,6,"2025-01-11 00:00:00",Cash,4384.00,413.00,0.00,4797.00
3739,4636,19,"2025-08-31 00:00:00",Card,8300.00,384.00,0.00,8684.00
3740,1725,1,"2025-04-16 00:00:00",Card,2147.00,380.00,0.00,2527.00
3741,6677,14,"2025-10-10 00:00:00",UPI,10699.00,385.00,0.00,11084.00
3742,5537,9,"2025-06-29 00:00:00",UPI,4711.00,444.00,0.00,5155.00
3743,700,12,"2025-04-29 00:00:00",Cash,16584.00,292.00,0.00,16876.00
3744,3660,2,"2025-05-14 00:00:00",UPI,5194.00,183.00,0.00,5377.00
3745,1692,12,"2025-01-29 00:00:00",UPI,6115.00,288.00,0.00,6403.00
3746,3662,3,"2025-09-18 00:00:00",Card,9262.00,224.00,0.00,9486.00
3747,7833,8,"2025-11-04 00:00:00",UPI,5824.00,270.00,0.00,6094.00
3748,4242,2,"2025-03-12 00:00:00",UPI,5899.00,251.00,0.00,6150.00
3749,4673,8,"2025-09-25 00:00:00",Card,8656.00,426.00,0.00,9082.00
3750,7554,4,"2025-12-23 00:00:00",Card,7106.00,481.00,0.00,7587.00
3751,2900,20,"2025-08-23 00:00:00",Cash,6467.00,230.00,0.00,6697.00
3752,5463,7,"2025-03-06 00:00:00",Card,2622.00,202.00,0.00,2824.00
3753,1313,9,"2025-03-18 00:00:00",Cash,15127.00,164.00,0.00,15291.00
3754,1192,1,"2025-12-09 00:00:00",Cash,5340.00,257.00,0.00,5597.00
3755,4440,4,"2025-09-05 00:00:00",UPI,15757.00,332.00,0.00,16089.00
3756,2937,5,"2025-09-20 00:00:00",Cash,16737.00,182.00,0.00,16919.00
3757,1306,3,"2025-06-15 00:00:00",UPI,24345.00,410.00,0.00,24755.00
3758,300,10,"2025-12-14 00:00:00",Card,4309.00,189.00,0.00,4498.00
3759,2260,12,"2025-01-16 00:00:00",UPI,1826.00,481.00,0.00,2307.00
3760,6492,7,"2025-05-10 00:00:00",Card,6963.00,361.00,0.00,7324.00
3761,7785,10,"2025-10-07 00:00:00",Cash,10700.00,183.00,0.00,10883.00
3762,3648,17,"2025-09-24 00:00:00",Card,6095.00,356.00,0.00,6451.00
3763,7138,20,"2025-05-27 00:00:00",Card,20508.00,179.00,0.00,20687.00
3764,5536,3,"2025-05-29 00:00:00",Card,12230.00,239.00,0.00,12469.00
3765,101,3,"2025-06-10 00:00:00",Cash,10368.00,391.00,0.00,10759.00
3766,4204,9,"2025-01-15 00:00:00",UPI,4846.00,247.00,0.00,5093.00
3767,6922,4,"2025-10-11 00:00:00",UPI,5428.00,156.00,0.00,5584.00
3768,7269,5,"2025-09-22 00:00:00",Card,8498.00,474.00,0.00,8972.00
3769,3005,1,"2025-03-15 00:00:00",UPI,10340.00,167.00,0.00,10507.00
3770,1558,4,"2025-03-08 00:00:00",Cash,18972.00,444.00,0.00,19416.00
3771,2371,13,"2025-08-20 00:00:00",UPI,6388.00,294.00,0.00,6682.00
3772,329,7,"2025-12-07 00:00:00",Cash,2840.00,337.00,0.00,3177.00
3773,4913,11,"2025-05-13 00:00:00",Cash,11266.00,287.00,0.00,11553.00
3774,3390,6,"2025-04-05 00:00:00",Cash,12047.00,357.00,0.00,12404.00
3775,5386,20,"2025-03-22 00:00:00",UPI,12511.00,178.00,0.00,12689.00
3776,6449,1,"2025-07-31 00:00:00",UPI,7269.00,390.00,0.00,7659.00
3777,4933,3,"2025-10-31 00:00:00",Cash,14144.00,280.00,0.00,14424.00
3778,1532,15,"2025-05-21 00:00:00",Card,24171.00,405.00,0.00,24576.00
3779,2771,12,"2025-06-10 00:00:00",Card,2960.00,186.00,0.00,3146.00
3780,3393,17,"2025-02-02 00:00:00",UPI,22096.00,263.00,0.00,22359.00
3781,2466,9,"2025-09-21 00:00:00",Cash,15703.00,249.00,0.00,15952.00
3782,4170,2,"2025-09-14 00:00:00",Cash,18094.00,410.00,0.00,18504.00
3783,2427,1,"2025-06-19 00:00:00",UPI,4121.00,465.00,0.00,4586.00
3784,893,8,"2025-06-27 00:00:00",Cash,4143.00,209.00,0.00,4352.00
3785,7938,12,"2025-12-09 00:00:00",Card,9589.00,389.00,0.00,9978.00
3786,7426,19,"2025-02-21 00:00:00",UPI,8873.00,477.00,0.00,9350.00
3787,3604,13,"2025-12-27 00:00:00",Cash,20059.00,417.00,0.00,20476.00
3788,7060,9,"2025-07-01 00:00:00",UPI,4863.00,488.00,0.00,5351.00
3789,3336,6,"2025-08-16 00:00:00",UPI,8215.00,175.00,0.00,8390.00
3790,70,2,"2025-08-05 00:00:00",Card,13636.00,467.00,0.00,14103.00
3791,403,9,"2025-03-16 00:00:00",Cash,18767.00,488.00,0.00,19255.00
3792,1231,16,"2025-01-12 00:00:00",UPI,1925.00,384.00,0.00,2309.00
3793,2208,11,"2025-05-30 00:00:00",Cash,4205.00,352.00,0.00,4557.00
3794,3080,7,"2025-01-12 00:00:00",Cash,3930.00,213.00,0.00,4143.00
3795,4153,19,"2026-01-09 00:00:00",UPI,10874.00,473.00,0.00,11347.00
3796,7184,19,"2025-12-20 00:00:00",Card,6709.00,371.00,0.00,7080.00
3797,4274,17,"2025-02-19 00:00:00",UPI,11100.00,374.00,0.00,11474.00
3798,7664,2,"2025-08-09 00:00:00",Cash,13493.00,348.00,0.00,13841.00
3799,666,5,"2025-07-11 00:00:00",Card,13528.00,397.00,0.00,13925.00
3800,6437,10,"2025-08-06 00:00:00",UPI,6348.00,317.00,0.00,6665.00
3801,7930,16,"2025-11-12 00:00:00",Cash,13145.00,378.00,0.00,13523.00
3802,1127,18,"2025-04-05 00:00:00",Card,2959.00,356.00,0.00,3315.00
3803,3175,1,"2025-01-23 00:00:00",Card,4884.00,439.00,0.00,5323.00
3804,7075,8,"2025-08-17 00:00:00",Card,1760.00,418.00,0.00,2178.00
3805,4451,16,"2025-12-21 00:00:00",UPI,7757.00,480.00,0.00,8237.00
3806,7996,3,"2025-09-26 00:00:00",UPI,2559.00,383.00,0.00,2942.00
3807,7587,4,"2025-02-28 00:00:00",Card,1263.00,431.00,0.00,1694.00
3808,639,12,"2025-06-23 00:00:00",Card,12138.00,231.00,0.00,12369.00
3809,2802,19,"2025-11-10 00:00:00",Card,21168.00,323.00,0.00,21491.00
3810,2333,6,"2025-06-18 00:00:00",Card,3569.00,188.00,0.00,3757.00
3811,7301,11,"2025-10-23 00:00:00",Card,11439.00,495.00,0.00,11934.00
3812,4079,3,"2025-08-12 00:00:00",Cash,9642.00,260.00,0.00,9902.00
3813,5916,7,"2025-03-18 00:00:00",Cash,10448.00,432.00,0.00,10880.00
3814,5391,11,"2025-11-27 00:00:00",Cash,10967.00,442.00,0.00,11409.00
3815,950,6,"2025-10-13 00:00:00",Card,16489.00,449.00,0.00,16938.00
3816,7094,15,"2025-03-08 00:00:00",UPI,5627.00,256.00,0.00,5883.00
3817,2958,12,"2025-04-28 00:00:00",UPI,13934.00,483.00,0.00,14417.00
3818,5418,8,"2025-02-16 00:00:00",Cash,3559.00,289.00,0.00,3848.00
3819,6509,18,"2025-12-15 00:00:00",Card,8591.00,481.00,0.00,9072.00
3820,1071,10,"2025-10-29 00:00:00",Cash,10436.00,223.00,0.00,10659.00
3821,6983,18,"2025-11-17 00:00:00",Card,13725.00,401.00,0.00,14126.00
3822,7340,13,"2025-11-08 00:00:00",Card,11740.00,377.00,0.00,12117.00
3823,72,20,"2025-02-27 00:00:00",Card,4837.00,348.00,0.00,5185.00
3824,5197,11,"2025-09-14 00:00:00",Cash,13844.00,226.00,0.00,14070.00
3825,4981,5,"2025-05-11 00:00:00",UPI,6929.00,282.00,0.00,7211.00
3826,1068,3,"2025-02-01 00:00:00",UPI,6875.00,428.00,0.00,7303.00
3827,1427,6,"2025-01-20 00:00:00",Card,4201.00,282.00,0.00,4483.00
3828,2108,7,"2025-01-24 00:00:00",UPI,8755.00,422.00,0.00,9177.00
3829,552,6,"2025-05-10 00:00:00",Cash,12173.00,377.00,0.00,12550.00
3830,2798,6,"2025-03-21 00:00:00",Card,10758.00,301.00,0.00,11059.00
3831,1787,6,"2025-04-05 00:00:00",Card,10446.00,388.00,0.00,10834.00
3832,2491,11,"2026-01-02 00:00:00",Cash,2640.00,318.00,0.00,2958.00
3833,691,19,"2025-09-10 00:00:00",Cash,6008.00,166.00,0.00,6174.00
3834,6672,20,"2025-07-29 00:00:00",UPI,3150.00,272.00,0.00,3422.00
3835,4318,12,"2025-05-28 00:00:00",Cash,16430.00,219.00,0.00,16649.00
3836,2810,16,"2025-01-22 00:00:00",UPI,6589.00,321.00,0.00,6910.00
3837,2758,2,"2025-11-30 00:00:00",Cash,4762.00,211.00,0.00,4973.00
3838,833,6,"2025-12-25 00:00:00",Card,18258.00,263.00,0.00,18521.00
3839,2512,19,"2025-06-01 00:00:00",UPI,12389.00,394.00,0.00,12783.00
3840,958,14,"2025-10-11 00:00:00",Card,5480.00,496.00,0.00,5976.00
3841,659,3,"2025-02-12 00:00:00",Cash,4792.00,401.00,0.00,5193.00
3842,2398,12,"2025-08-29 00:00:00",Card,7156.00,324.00,0.00,7480.00
3843,5537,18,"2025-05-09 00:00:00",Card,9326.00,466.00,0.00,9792.00
3844,7647,2,"2025-05-18 00:00:00",UPI,10286.00,361.00,0.00,10647.00
3845,3311,6,"2025-12-16 00:00:00",Cash,10848.00,304.00,0.00,11152.00
3846,3704,3,"2025-09-22 00:00:00",Card,5066.00,178.00,0.00,5244.00
3847,7640,19,"2025-07-31 00:00:00",UPI,7440.00,494.00,0.00,7934.00
3848,5194,2,"2025-03-25 00:00:00",Card,9485.00,191.00,0.00,9676.00
3849,3035,20,"2025-08-23 00:00:00",Card,5171.00,204.00,0.00,5375.00
3850,3523,16,"2025-12-17 00:00:00",Cash,8364.00,251.00,0.00,8615.00
3851,4306,4,"2025-11-07 00:00:00",Cash,3586.00,480.00,0.00,4066.00
3852,5287,6,"2025-11-08 00:00:00",UPI,2254.00,174.00,0.00,2428.00
3853,6827,4,"2025-10-14 00:00:00",Card,4807.00,389.00,0.00,5196.00
3854,177,14,"2025-04-03 00:00:00",Cash,3494.00,361.00,0.00,3855.00
3855,2726,15,"2025-07-03 00:00:00",Card,10761.00,410.00,0.00,11171.00
3856,4462,16,"2025-06-10 00:00:00",Card,9994.00,310.00,0.00,10304.00
3857,7945,20,"2025-05-03 00:00:00",Card,3369.00,407.00,0.00,3776.00
3858,454,14,"2025-06-27 00:00:00",Card,17543.00,356.00,0.00,17899.00
3859,3208,2,"2025-01-28 00:00:00",Cash,20869.00,360.00,0.00,21229.00
3860,144,12,"2025-07-21 00:00:00",Cash,13951.00,435.00,0.00,14386.00
3861,5140,18,"2025-04-03 00:00:00",Card,12686.00,301.00,0.00,12987.00
3862,1889,13,"2025-01-20 00:00:00",Cash,9702.00,200.00,0.00,9902.00
3863,5885,10,"2025-07-09 00:00:00",Cash,11525.00,339.00,0.00,11864.00
3864,3388,18,"2025-03-29 00:00:00",Card,15832.00,150.00,0.00,15982.00
3865,2077,9,"2025-09-12 00:00:00",UPI,9993.00,361.00,0.00,10354.00
3866,5176,9,"2025-02-13 00:00:00",UPI,18935.00,339.00,0.00,19274.00
3867,89,19,"2025-08-07 00:00:00",Card,14399.00,170.00,0.00,14569.00
3868,2435,18,"2026-01-10 00:00:00",Card,7294.00,271.00,0.00,7565.00
3869,1031,20,"2025-04-18 00:00:00",Cash,13913.00,161.00,0.00,14074.00
3870,5827,7,"2025-12-30 00:00:00",Card,519.00,311.00,0.00,830.00
3871,7253,18,"2025-05-22 00:00:00",UPI,3139.00,308.00,0.00,3447.00
3872,3542,10,"2025-03-09 00:00:00",UPI,2590.00,239.00,0.00,2829.00
3873,762,7,"2025-03-28 00:00:00",UPI,13276.00,422.00,0.00,13698.00
3874,563,20,"2025-11-28 00:00:00",Card,2490.00,288.00,0.00,2778.00
3875,7758,2,"2025-03-05 00:00:00",Card,9969.00,303.00,0.00,10272.00
3876,5370,20,"2025-09-21 00:00:00",Cash,8877.00,298.00,0.00,9175.00
3877,6510,7,"2025-02-11 00:00:00",Card,12548.00,212.00,0.00,12760.00
3878,5318,6,"2026-01-07 00:00:00",UPI,6733.00,151.00,0.00,6884.00
3879,4899,19,"2025-07-17 00:00:00",Cash,5245.00,158.00,0.00,5403.00
3880,2132,5,"2025-08-28 00:00:00",UPI,6080.00,437.00,0.00,6517.00
3881,1833,13,"2025-06-01 00:00:00",Card,7142.00,457.00,0.00,7599.00
3882,5842,20,"2025-10-11 00:00:00",Card,9417.00,345.00,0.00,9762.00
3883,265,1,"2025-11-23 00:00:00",Card,16215.00,232.00,0.00,16447.00
3884,7849,18,"2025-07-26 00:00:00",Card,7171.00,209.00,0.00,7380.00
3885,1063,6,"2025-09-09 00:00:00",UPI,5758.00,381.00,0.00,6139.00
3886,5359,7,"2025-06-22 00:00:00",Card,23402.00,329.00,0.00,23731.00
3887,5646,14,"2025-05-19 00:00:00",Card,5813.00,320.00,0.00,6133.00
3888,5362,12,"2025-06-09 00:00:00",Cash,3573.00,368.00,0.00,3941.00
3889,2517,4,"2025-05-30 00:00:00",Card,6484.00,261.00,0.00,6745.00
3890,6045,15,"2025-04-30 00:00:00",Card,17782.00,245.00,0.00,18027.00
3891,700,14,"2025-02-25 00:00:00",UPI,8360.00,156.00,0.00,8516.00
3892,1425,17,"2025-05-18 00:00:00",Cash,10557.00,221.00,0.00,10778.00
3893,4915,6,"2026-01-09 00:00:00",Card,11764.00,494.00,0.00,12258.00
3894,2087,15,"2025-11-12 00:00:00",Cash,9076.00,372.00,0.00,9448.00
3895,4068,18,"2025-03-21 00:00:00",Cash,4290.00,466.00,0.00,4756.00
3896,2922,12,"2025-09-11 00:00:00",UPI,8709.00,432.00,0.00,9141.00
3897,4842,10,"2025-10-24 00:00:00",Card,9570.00,165.00,0.00,9735.00
3898,5074,9,"2025-06-01 00:00:00",Cash,5285.00,228.00,0.00,5513.00
3899,5281,20,"2025-10-08 00:00:00",UPI,3515.00,203.00,0.00,3718.00
3900,863,6,"2025-09-21 00:00:00",Cash,13500.00,211.00,0.00,13711.00
3901,2848,4,"2025-07-13 00:00:00",Card,12380.00,170.00,0.00,12550.00
3902,767,13,"2025-04-18 00:00:00",UPI,6330.00,455.00,0.00,6785.00
3903,649,3,"2025-07-14 00:00:00",UPI,10950.00,422.00,0.00,11372.00
3904,3893,13,"2025-12-26 00:00:00",Card,9379.00,330.00,0.00,9709.00
3905,1659,6,"2025-03-23 00:00:00",UPI,4129.00,379.00,0.00,4508.00
3906,686,19,"2025-12-19 00:00:00",Card,1162.00,190.00,0.00,1352.00
3907,2721,5,"2025-08-19 00:00:00",Card,5026.00,203.00,0.00,5229.00
3908,3419,11,"2025-04-11 00:00:00",UPI,14174.00,249.00,0.00,14423.00
3909,6647,4,"2025-07-31 00:00:00",UPI,18012.00,441.00,0.00,18453.00
3910,6878,4,"2025-10-01 00:00:00",Card,9790.00,474.00,0.00,10264.00
3911,4769,9,"2025-06-11 00:00:00",Cash,6380.00,159.00,0.00,6539.00
3912,2509,4,"2025-10-02 00:00:00",Cash,12739.00,348.00,0.00,13087.00
3913,5965,19,"2025-04-01 00:00:00",Card,3067.00,180.00,0.00,3247.00
3914,371,10,"2025-05-06 00:00:00",Cash,13784.00,369.00,0.00,14153.00
3915,5282,7,"2025-09-25 00:00:00",Cash,577.00,374.00,0.00,951.00
3916,7024,8,"2025-10-30 00:00:00",Cash,4713.00,358.00,0.00,5071.00
3917,3309,8,"2025-08-11 00:00:00",Card,12070.00,428.00,0.00,12498.00
3918,4791,5,"2025-07-09 00:00:00",UPI,5407.00,427.00,0.00,5834.00
3919,6384,13,"2025-08-17 00:00:00",UPI,7726.00,451.00,0.00,8177.00
3920,3324,14,"2025-12-21 00:00:00",Cash,11384.00,396.00,0.00,11780.00
3921,1745,7,"2025-08-09 00:00:00",Cash,2384.00,457.00,0.00,2841.00
3922,2659,17,"2025-07-09 00:00:00",Card,6095.00,432.00,0.00,6527.00
3923,4043,7,"2025-03-31 00:00:00",Cash,10434.00,262.00,0.00,10696.00
3924,1501,12,"2025-12-15 00:00:00",UPI,6313.00,231.00,0.00,6544.00
3925,6971,11,"2025-07-07 00:00:00",Card,12562.00,249.00,0.00,12811.00
3926,5221,7,"2025-09-23 00:00:00",Card,17019.00,265.00,0.00,17284.00
3927,4347,9,"2025-05-12 00:00:00",UPI,8377.00,372.00,0.00,8749.00
3928,2694,12,"2025-10-31 00:00:00",Card,4391.00,452.00,0.00,4843.00
3929,5515,14,"2025-02-27 00:00:00",UPI,9270.00,496.00,0.00,9766.00
3930,4484,12,"2025-01-19 00:00:00",UPI,7402.00,242.00,0.00,7644.00
3931,4146,18,"2025-12-10 00:00:00",Card,1496.00,170.00,0.00,1666.00
3932,2514,12,"2025-11-28 00:00:00",Cash,20855.00,310.00,0.00,21165.00
3933,324,11,"2025-02-13 00:00:00",Card,9934.00,282.00,0.00,10216.00
3934,504,20,"2025-12-15 00:00:00",Card,4904.00,483.00,0.00,5387.00
3935,3601,12,"2025-07-22 00:00:00",Card,2613.00,476.00,0.00,3089.00
3936,7570,18,"2025-10-14 00:00:00",Cash,6499.00,387.00,0.00,6886.00
3937,5304,16,"2025-04-17 00:00:00",Card,9216.00,398.00,0.00,9614.00
3938,6398,3,"2025-01-22 00:00:00",Card,3337.00,345.00,0.00,3682.00
3939,1037,2,"2025-12-21 00:00:00",Card,12084.00,406.00,0.00,12490.00
3940,4359,13,"2025-05-16 00:00:00",Card,14392.00,266.00,0.00,14658.00
3941,1479,13,"2025-08-23 00:00:00",Cash,5717.00,298.00,0.00,6015.00
3942,6690,13,"2025-10-12 00:00:00",Card,10867.00,301.00,0.00,11168.00
3943,503,7,"2025-09-17 00:00:00",Cash,1649.00,375.00,0.00,2024.00
3944,4167,2,"2025-03-03 00:00:00",Card,1509.00,233.00,0.00,1742.00
3945,4112,18,"2025-11-20 00:00:00",Cash,6074.00,282.00,0.00,6356.00
3946,1349,9,"2025-10-12 00:00:00",UPI,1745.00,312.00,0.00,2057.00
3947,2511,12,"2025-03-29 00:00:00",Card,7831.00,268.00,0.00,8099.00
3948,3809,11,"2025-02-11 00:00:00",Cash,6607.00,476.00,0.00,7083.00
3949,2487,11,"2025-02-27 00:00:00",Cash,1512.00,468.00,0.00,1980.00
3950,581,12,"2025-04-02 00:00:00",Card,10194.00,269.00,0.00,10463.00
3951,245,9,"2025-09-04 00:00:00",UPI,13489.00,161.00,0.00,13650.00
3952,6513,14,"2025-03-24 00:00:00",UPI,11053.00,261.00,0.00,11314.00
3953,3781,5,"2025-01-13 00:00:00",Cash,4284.00,408.00,0.00,4692.00
3954,4629,6,"2025-02-06 00:00:00",UPI,9512.00,497.00,0.00,10009.00
3955,1880,15,"2025-11-05 00:00:00",UPI,12267.00,443.00,0.00,12710.00
3956,1908,2,"2025-11-30 00:00:00",UPI,10242.00,483.00,0.00,10725.00
3957,1863,10,"2025-05-18 00:00:00",Cash,18264.00,255.00,0.00,18519.00
3958,2611,2,"2025-08-02 00:00:00",UPI,6595.00,354.00,0.00,6949.00
3959,6729,8,"2025-12-03 00:00:00",Cash,19475.00,221.00,0.00,19696.00
3960,1056,3,"2025-03-05 00:00:00",UPI,12515.00,348.00,0.00,12863.00
3961,1975,2,"2025-08-02 00:00:00",Cash,2148.00,214.00,0.00,2362.00
3962,1849,9,"2025-09-27 00:00:00",Cash,5778.00,150.00,0.00,5928.00
3963,2058,1,"2025-07-30 00:00:00",UPI,16380.00,305.00,0.00,16685.00
3964,6725,9,"2025-04-17 00:00:00",UPI,8427.00,195.00,0.00,8622.00
3965,2852,17,"2025-06-03 00:00:00",UPI,1193.00,331.00,0.00,1524.00
3966,4042,20,"2025-03-14 00:00:00",Card,2007.00,369.00,0.00,2376.00
3967,4952,5,"2025-11-15 00:00:00",Card,3326.00,500.00,0.00,3826.00
3968,6817,3,"2025-08-01 00:00:00",Cash,6742.00,297.00,0.00,7039.00
3969,4089,14,"2025-08-07 00:00:00",UPI,6301.00,197.00,0.00,6498.00
3970,5312,1,"2025-11-11 00:00:00",Card,8166.00,209.00,0.00,8375.00
3971,1569,19,"2025-02-15 00:00:00",UPI,4698.00,215.00,0.00,4913.00
3972,5999,12,"2025-09-21 00:00:00",UPI,1858.00,202.00,0.00,2060.00
3973,1690,20,"2025-06-18 00:00:00",Card,10758.00,203.00,0.00,10961.00
3974,6091,1,"2025-09-26 00:00:00",UPI,9747.00,473.00,0.00,10220.00
3975,3247,20,"2025-05-04 00:00:00",Card,6440.00,428.00,0.00,6868.00
3976,2965,17,"2026-01-02 00:00:00",Cash,7139.00,222.00,0.00,7361.00
3977,3132,17,"2025-10-04 00:00:00",Cash,6643.00,448.00,0.00,7091.00
3978,7804,13,"2025-07-19 00:00:00",UPI,6338.00,195.00,0.00,6533.00
3979,3058,5,"2025-03-13 00:00:00",Cash,12044.00,319.00,0.00,12363.00
3980,540,15,"2025-04-29 00:00:00",UPI,6125.00,171.00,0.00,6296.00
3981,1111,12,"2025-02-19 00:00:00",Cash,12312.00,321.00,0.00,12633.00
3982,1970,5,"2025-07-10 00:00:00",Cash,10660.00,251.00,0.00,10911.00
3983,1941,13,"2025-04-16 00:00:00",Cash,11253.00,376.00,0.00,11629.00
3984,5067,12,"2025-03-21 00:00:00",UPI,2335.00,364.00,0.00,2699.00
3985,7807,6,"2025-08-21 00:00:00",UPI,15917.00,197.00,0.00,16114.00
3986,2869,7,"2026-01-10 00:00:00",Card,13056.00,205.00,0.00,13261.00
3987,819,12,"2025-12-05 00:00:00",Cash,4223.00,417.00,0.00,4640.00
3988,1250,12,"2025-05-25 00:00:00",Card,9184.00,279.00,0.00,9463.00
3989,7980,13,"2025-05-26 00:00:00",UPI,15178.00,425.00,0.00,15603.00
3990,4396,18,"2026-01-06 00:00:00",UPI,2088.00,372.00,0.00,2460.00
3991,1221,14,"2025-09-08 00:00:00",Cash,3416.00,179.00,0.00,3595.00
3992,4008,15,"2025-04-07 00:00:00",Cash,5308.00,360.00,0.00,5668.00
3993,5906,13,"2025-03-06 00:00:00",Card,9576.00,177.00,0.00,9753.00
3994,4800,13,"2025-09-26 00:00:00",Card,8768.00,255.00,0.00,9023.00
3995,3901,6,"2025-03-31 00:00:00",Cash,3199.00,150.00,0.00,3349.00
3996,3286,17,"2025-08-18 00:00:00",Card,1848.00,359.00,0.00,2207.00
3997,2603,18,"2025-04-14 00:00:00",Card,6844.00,486.00,0.00,7330.00
3998,1219,4,"2025-04-01 00:00:00",Cash,10190.00,321.00,0.00,10511.00
3999,4380,19,"2025-08-17 00:00:00",Card,9942.00,408.00,0.00,10350.00
4000,6147,20,"2025-04-30 00:00:00",Cash,6908.00,346.00,0.00,7254.00
4001,901,12,"2025-09-25 00:00:00",UPI,12322.00,316.00,0.00,12638.00
4002,6665,8,"2025-08-11 00:00:00",Card,9534.00,327.00,0.00,9861.00
4003,360,18,"2025-09-02 00:00:00",Cash,6283.00,460.00,0.00,6743.00
4004,3841,13,"2025-09-19 00:00:00",UPI,6588.00,341.00,0.00,6929.00
4005,7443,4,"2025-04-29 00:00:00",Card,15815.00,294.00,0.00,16109.00
4006,1954,4,"2025-11-22 00:00:00",Cash,2712.00,337.00,0.00,3049.00
4007,7260,13,"2025-09-02 00:00:00",UPI,6776.00,284.00,0.00,7060.00
4008,423,19,"2025-01-22 00:00:00",Card,27352.00,476.00,0.00,27828.00
4009,3596,12,"2025-11-06 00:00:00",UPI,20718.00,281.00,0.00,20999.00
4010,4334,2,"2025-07-09 00:00:00",Cash,13353.00,261.00,0.00,13614.00
4011,7360,9,"2025-12-25 00:00:00",Cash,30803.00,168.00,0.00,30971.00
4012,943,17,"2025-07-03 00:00:00",Card,1896.00,417.00,0.00,2313.00
4013,5861,19,"2025-12-22 00:00:00",Cash,676.00,278.00,0.00,954.00
4014,59,13,"2025-08-23 00:00:00",Cash,1905.00,261.00,0.00,2166.00
4015,6811,6,"2025-03-24 00:00:00",Cash,6537.00,488.00,0.00,7025.00
4016,4247,7,"2025-11-09 00:00:00",Cash,4043.00,388.00,0.00,4431.00
4017,1448,9,"2025-09-04 00:00:00",UPI,3880.00,215.00,0.00,4095.00
4018,5476,19,"2025-07-05 00:00:00",Card,2735.00,460.00,0.00,3195.00
4019,3869,17,"2025-01-20 00:00:00",UPI,11639.00,227.00,0.00,11866.00
4020,5666,11,"2025-03-31 00:00:00",Card,26231.00,407.00,0.00,26638.00
4021,2957,16,"2025-02-12 00:00:00",Card,2516.00,401.00,0.00,2917.00
4022,3639,2,"2025-07-11 00:00:00",Cash,7589.00,461.00,0.00,8050.00
4023,2813,19,"2025-06-14 00:00:00",Cash,12645.00,466.00,0.00,13111.00
4024,4799,14,"2025-10-26 00:00:00",Card,4154.00,229.00,0.00,4383.00
4025,146,2,"2025-03-18 00:00:00",Card,10262.00,332.00,0.00,10594.00
4026,5198,20,"2025-10-01 00:00:00",UPI,9978.00,214.00,0.00,10192.00
4027,865,18,"2025-03-29 00:00:00",Card,12118.00,339.00,0.00,12457.00
4028,460,17,"2026-01-06 00:00:00",Cash,10587.00,384.00,0.00,10971.00
4029,4446,17,"2025-01-11 00:00:00",Card,6883.00,175.00,0.00,7058.00
4030,202,2,"2025-06-19 00:00:00",Card,6212.00,202.00,0.00,6414.00
4031,5765,9,"2025-12-06 00:00:00",Cash,8210.00,397.00,0.00,8607.00
4032,4033,16,"2025-06-12 00:00:00",UPI,6444.00,476.00,0.00,6920.00
4033,666,17,"2025-05-28 00:00:00",Card,9552.00,278.00,0.00,9830.00
4034,5513,17,"2025-10-28 00:00:00",UPI,3215.00,182.00,0.00,3397.00
4035,4782,19,"2025-06-28 00:00:00",Card,8178.00,468.00,0.00,8646.00
4036,4561,18,"2025-03-10 00:00:00",Cash,2327.00,405.00,0.00,2732.00
4037,5794,2,"2025-12-01 00:00:00",Cash,5501.00,460.00,0.00,5961.00
4038,6527,7,"2025-04-22 00:00:00",UPI,2358.00,485.00,0.00,2843.00
4039,5165,9,"2025-02-21 00:00:00",Card,2132.00,402.00,0.00,2534.00
4040,6449,19,"2025-02-28 00:00:00",Card,8385.00,247.00,0.00,8632.00
4041,7141,3,"2025-05-23 00:00:00",Cash,14143.00,436.00,0.00,14579.00
4042,7894,17,"2025-11-26 00:00:00",UPI,29516.00,213.00,0.00,29729.00
4043,5033,8,"2025-01-25 00:00:00",Card,4987.00,357.00,0.00,5344.00
4044,375,12,"2025-04-26 00:00:00",UPI,10389.00,209.00,0.00,10598.00
4045,5382,14,"2025-06-25 00:00:00",UPI,12985.00,311.00,0.00,13296.00
4046,4295,17,"2025-08-30 00:00:00",Cash,6016.00,274.00,0.00,6290.00
4047,6048,4,"2025-01-21 00:00:00",Card,5292.00,399.00,0.00,5691.00
4048,3914,5,"2025-11-07 00:00:00",Cash,8557.00,399.00,0.00,8956.00
4049,7861,11,"2025-10-08 00:00:00",Card,4618.00,290.00,0.00,4908.00
4050,2683,9,"2025-01-22 00:00:00",UPI,13872.00,180.00,0.00,14052.00
4051,1952,16,"2025-05-05 00:00:00",Card,1503.00,150.00,0.00,1653.00
4052,3673,5,"2025-01-23 00:00:00",UPI,4556.00,454.00,0.00,5010.00
4053,1268,13,"2025-04-17 00:00:00",UPI,13402.00,344.00,0.00,13746.00
4054,7746,4,"2025-10-14 00:00:00",UPI,15406.00,321.00,0.00,15727.00
4055,6090,10,"2025-02-18 00:00:00",Card,7315.00,444.00,0.00,7759.00
4056,428,3,"2025-07-23 00:00:00",UPI,19263.00,274.00,0.00,19537.00
4057,6071,15,"2025-05-31 00:00:00",UPI,5382.00,322.00,0.00,5704.00
4058,7498,1,"2025-08-01 00:00:00",UPI,4400.00,273.00,0.00,4673.00
4059,7633,8,"2025-11-25 00:00:00",Cash,1374.00,237.00,0.00,1611.00
4060,6070,18,"2025-07-13 00:00:00",Card,4326.00,189.00,0.00,4515.00
4061,2221,20,"2025-02-05 00:00:00",Card,10484.00,343.00,0.00,10827.00
4062,4530,7,"2025-02-24 00:00:00",Card,10349.00,481.00,0.00,10830.00
4063,5499,6,"2025-03-09 00:00:00",Card,2319.00,252.00,0.00,2571.00
4064,2932,20,"2025-06-18 00:00:00",Cash,960.00,270.00,0.00,1230.00
4065,2959,7,"2025-06-03 00:00:00",UPI,13328.00,335.00,0.00,13663.00
4066,687,15,"2025-05-19 00:00:00",UPI,8384.00,252.00,0.00,8636.00
4067,3714,7,"2025-02-25 00:00:00",Cash,7614.00,158.00,0.00,7772.00
4068,3403,7,"2026-01-08 00:00:00",Card,9953.00,335.00,0.00,10288.00
4069,3233,14,"2025-08-25 00:00:00",Card,12111.00,324.00,0.00,12435.00
4070,6326,15,"2025-09-23 00:00:00",Cash,6016.00,476.00,0.00,6492.00
4071,3165,12,"2025-04-15 00:00:00",UPI,14820.00,429.00,0.00,15249.00
4072,914,2,"2025-11-02 00:00:00",Cash,27912.00,235.00,0.00,28147.00
4073,186,19,"2025-07-10 00:00:00",Card,16401.00,485.00,0.00,16886.00
4074,201,1,"2025-02-23 00:00:00",UPI,3356.00,401.00,0.00,3757.00
4075,6718,6,"2025-02-19 00:00:00",Card,7716.00,277.00,0.00,7993.00
4076,4070,17,"2025-04-12 00:00:00",Card,13109.00,474.00,0.00,13583.00
4077,372,1,"2025-08-22 00:00:00",UPI,10058.00,223.00,0.00,10281.00
4078,4263,6,"2025-03-20 00:00:00",UPI,13383.00,180.00,0.00,13563.00
4079,7328,20,"2025-12-07 00:00:00",Cash,861.00,463.00,0.00,1324.00
4080,7572,7,"2025-03-15 00:00:00",UPI,6341.00,461.00,0.00,6802.00
4081,5950,16,"2025-11-17 00:00:00",Card,5278.00,321.00,0.00,5599.00
4082,1791,9,"2025-04-26 00:00:00",UPI,15669.00,260.00,0.00,15929.00
4083,3727,7,"2025-07-30 00:00:00",Cash,3326.00,189.00,0.00,3515.00
4084,2429,20,"2025-06-19 00:00:00",UPI,779.00,455.00,0.00,1234.00
4085,4102,5,"2025-08-18 00:00:00",Card,10324.00,349.00,0.00,10673.00
4086,3598,3,"2025-01-27 00:00:00",Cash,9649.00,384.00,0.00,10033.00
4087,7453,13,"2025-03-04 00:00:00",Cash,7020.00,415.00,0.00,7435.00
4088,2431,11,"2025-06-20 00:00:00",Card,6193.00,398.00,0.00,6591.00
4089,7287,12,"2025-01-19 00:00:00",UPI,3000.00,172.00,0.00,3172.00
4090,7489,10,"2025-12-02 00:00:00",UPI,9990.00,313.00,0.00,10303.00
4091,7065,12,"2025-12-11 00:00:00",Cash,11989.00,197.00,0.00,12186.00
4092,1390,2,"2025-10-26 00:00:00",Cash,6479.00,346.00,0.00,6825.00
4093,2953,9,"2025-09-27 00:00:00",Card,2751.00,274.00,0.00,3025.00
4094,5205,2,"2025-08-18 00:00:00",Card,18509.00,446.00,0.00,18955.00
4095,1678,8,"2025-02-19 00:00:00",Cash,8248.00,228.00,0.00,8476.00
4096,1251,7,"2025-02-25 00:00:00",Cash,8938.00,212.00,0.00,9150.00
4097,6626,13,"2025-04-27 00:00:00",Card,6252.00,343.00,0.00,6595.00
4098,6753,12,"2025-09-11 00:00:00",UPI,16207.00,342.00,0.00,16549.00
4099,4380,2,"2025-06-26 00:00:00",UPI,1949.00,329.00,0.00,2278.00
4100,6842,2,"2025-06-25 00:00:00",Cash,12058.00,240.00,0.00,12298.00
4101,4169,16,"2025-02-06 00:00:00",UPI,3290.00,270.00,0.00,3560.00
4102,2851,14,"2025-05-17 00:00:00",Card,6999.00,443.00,0.00,7442.00
4103,2968,14,"2025-06-04 00:00:00",UPI,5028.00,398.00,0.00,5426.00
4104,2959,18,"2025-01-17 00:00:00",Cash,2804.00,175.00,0.00,2979.00
4105,5819,17,"2025-04-14 00:00:00",UPI,4288.00,338.00,0.00,4626.00
4106,687,17,"2025-02-10 00:00:00",Cash,14074.00,163.00,0.00,14237.00
4107,7467,15,"2025-03-08 00:00:00",UPI,18953.00,192.00,0.00,19145.00
4108,7439,17,"2025-08-16 00:00:00",Card,10273.00,288.00,0.00,10561.00
4109,7549,17,"2025-06-09 00:00:00",Card,516.00,449.00,0.00,965.00
4110,7081,18,"2025-12-31 00:00:00",Card,12472.00,304.00,0.00,12776.00
4111,1556,7,"2025-10-17 00:00:00",Card,8896.00,445.00,0.00,9341.00
4112,1564,11,"2025-07-23 00:00:00",UPI,1388.00,475.00,0.00,1863.00
4113,5489,18,"2025-04-05 00:00:00",UPI,16134.00,352.00,0.00,16486.00
4114,1070,2,"2025-08-12 00:00:00",Cash,15302.00,380.00,0.00,15682.00
4115,1394,16,"2025-07-09 00:00:00",Cash,6586.00,266.00,0.00,6852.00
4116,2769,5,"2025-04-10 00:00:00",Cash,5924.00,166.00,0.00,6090.00
4117,3062,11,"2025-10-01 00:00:00",Card,4442.00,406.00,0.00,4848.00
4118,7596,8,"2025-10-16 00:00:00",Cash,14545.00,206.00,0.00,14751.00
4119,1838,14,"2025-07-10 00:00:00",Cash,4922.00,169.00,0.00,5091.00
4120,5537,8,"2025-11-27 00:00:00",UPI,7583.00,462.00,0.00,8045.00
4121,506,14,"2025-09-05 00:00:00",Card,4925.00,463.00,0.00,5388.00
4122,3882,6,"2025-07-03 00:00:00",Cash,5676.00,189.00,0.00,5865.00
4123,1436,6,"2025-06-11 00:00:00",Cash,14083.00,495.00,0.00,14578.00
4124,5164,12,"2026-01-10 00:00:00",Cash,11661.00,163.00,0.00,11824.00
4125,1192,8,"2025-12-11 00:00:00",UPI,17471.00,228.00,0.00,17699.00
4126,4749,16,"2025-11-24 00:00:00",Cash,2607.00,360.00,0.00,2967.00
4127,4043,2,"2025-03-07 00:00:00",Card,13103.00,255.00,0.00,13358.00
4128,4305,4,"2025-11-13 00:00:00",UPI,3558.00,288.00,0.00,3846.00
4129,3,14,"2025-06-25 00:00:00",Cash,1449.00,219.00,0.00,1668.00
4130,3482,18,"2025-08-14 00:00:00",Cash,8657.00,465.00,0.00,9122.00
4131,7538,16,"2025-04-08 00:00:00",Cash,8714.00,449.00,0.00,9163.00
4132,2304,18,"2025-05-29 00:00:00",Card,8611.00,260.00,0.00,8871.00
4133,3394,2,"2025-05-26 00:00:00",UPI,15599.00,358.00,0.00,15957.00
4134,6126,10,"2025-02-19 00:00:00",Card,767.00,395.00,0.00,1162.00
4135,6508,1,"2025-02-27 00:00:00",UPI,793.00,195.00,0.00,988.00
4136,7226,6,"2025-05-17 00:00:00",Cash,9580.00,437.00,0.00,10017.00
4137,576,4,"2025-12-24 00:00:00",Card,5452.00,334.00,0.00,5786.00
4138,4247,17,"2025-07-14 00:00:00",UPI,6202.00,371.00,0.00,6573.00
4139,3560,1,"2025-07-14 00:00:00",Cash,10300.00,267.00,0.00,10567.00
4140,2033,11,"2025-05-18 00:00:00",Cash,5632.00,321.00,0.00,5953.00
4141,6216,17,"2025-04-26 00:00:00",Cash,2462.00,283.00,0.00,2745.00
4142,4067,18,"2025-01-15 00:00:00",UPI,9318.00,397.00,0.00,9715.00
4143,7061,19,"2025-10-06 00:00:00",Cash,9470.00,256.00,0.00,9726.00
4144,1948,2,"2025-08-17 00:00:00",UPI,7160.00,484.00,0.00,7644.00
4145,3992,20,"2025-01-13 00:00:00",Card,8589.00,469.00,0.00,9058.00
4146,989,1,"2025-01-17 00:00:00",Card,3092.00,186.00,0.00,3278.00
4147,6336,4,"2025-12-18 00:00:00",UPI,1883.00,499.00,0.00,2382.00
4148,5412,18,"2025-05-13 00:00:00",Cash,4151.00,485.00,0.00,4636.00
4149,4654,7,"2025-01-11 00:00:00",UPI,5708.00,268.00,0.00,5976.00
4150,5935,5,"2025-04-01 00:00:00",Cash,3580.00,212.00,0.00,3792.00
4151,6419,19,"2025-09-06 00:00:00",UPI,13409.00,343.00,0.00,13752.00
4152,2137,14,"2025-05-04 00:00:00",Cash,16009.00,470.00,0.00,16479.00
4153,1501,3,"2025-09-05 00:00:00",UPI,4866.00,492.00,0.00,5358.00
4154,175,4,"2025-03-16 00:00:00",UPI,3835.00,227.00,0.00,4062.00
4155,7846,3,"2025-03-07 00:00:00",UPI,6958.00,339.00,0.00,7297.00
4156,1626,20,"2025-06-26 00:00:00",Cash,10343.00,316.00,0.00,10659.00
4157,876,16,"2025-11-20 00:00:00",Card,13239.00,212.00,0.00,13451.00
4158,7536,3,"2025-04-06 00:00:00",Cash,6998.00,424.00,0.00,7422.00
4159,1790,6,"2026-01-02 00:00:00",Cash,9078.00,454.00,0.00,9532.00
4160,1528,2,"2025-08-20 00:00:00",Card,8036.00,325.00,0.00,8361.00
4161,7217,3,"2025-12-11 00:00:00",Card,13413.00,348.00,0.00,13761.00
4162,754,2,"2025-10-26 00:00:00",Cash,11384.00,355.00,0.00,11739.00
4163,1885,3,"2025-01-26 00:00:00",Cash,4928.00,432.00,0.00,5360.00
4164,5159,17,"2025-07-17 00:00:00",Cash,17250.00,374.00,0.00,17624.00
4165,4093,19,"2025-03-02 00:00:00",Cash,15797.00,494.00,0.00,16291.00
4166,478,4,"2025-05-13 00:00:00",Cash,27932.00,293.00,0.00,28225.00
4167,781,3,"2026-01-08 00:00:00",UPI,13116.00,312.00,0.00,13428.00
4168,1286,6,"2025-07-21 00:00:00",UPI,560.00,497.00,0.00,1057.00
4169,1800,13,"2025-01-12 00:00:00",Card,4255.00,291.00,0.00,4546.00
4170,3261,17,"2026-01-10 00:00:00",Cash,11919.00,244.00,0.00,12163.00
4171,6077,3,"2025-06-23 00:00:00",Card,1205.00,312.00,0.00,1517.00
4172,3203,1,"2025-02-13 00:00:00",Card,18953.00,377.00,0.00,19330.00
4173,5581,19,"2025-05-11 00:00:00",UPI,5610.00,235.00,0.00,5845.00
4174,5283,10,"2025-12-20 00:00:00",Cash,5970.00,281.00,0.00,6251.00
4175,1951,19,"2025-08-19 00:00:00",Cash,12717.00,453.00,0.00,13170.00
4176,6618,9,"2025-03-01 00:00:00",Card,7616.00,224.00,0.00,7840.00
4177,4742,9,"2025-11-16 00:00:00",UPI,19128.00,220.00,0.00,19348.00
4178,1227,12,"2025-03-06 00:00:00",UPI,6590.00,383.00,0.00,6973.00
4179,5502,13,"2025-11-03 00:00:00",Card,16440.00,430.00,0.00,16870.00
4180,3142,18,"2025-10-09 00:00:00",Card,14296.00,484.00,0.00,14780.00
4181,3062,12,"2025-11-09 00:00:00",UPI,8663.00,230.00,0.00,8893.00
4182,6495,17,"2025-10-14 00:00:00",UPI,1148.00,190.00,0.00,1338.00
4183,6981,1,"2025-09-12 00:00:00",UPI,15115.00,399.00,0.00,15514.00
4184,1166,1,"2025-01-20 00:00:00",Cash,7939.00,151.00,0.00,8090.00
4185,4156,2,"2026-01-03 00:00:00",Cash,6738.00,460.00,0.00,7198.00
4186,6817,1,"2025-10-08 00:00:00",Card,6338.00,349.00,0.00,6687.00
4187,1688,6,"2025-06-21 00:00:00",Card,2985.00,256.00,0.00,3241.00
4188,2724,17,"2025-12-25 00:00:00",Cash,18727.00,443.00,0.00,19170.00
4189,4150,10,"2025-02-04 00:00:00",Cash,2696.00,176.00,0.00,2872.00
4190,2779,19,"2025-01-26 00:00:00",UPI,6954.00,482.00,0.00,7436.00
4191,7409,14,"2025-03-27 00:00:00",Cash,3224.00,477.00,0.00,3701.00
4192,2250,5,"2025-12-31 00:00:00",UPI,24837.00,282.00,0.00,25119.00
4193,1195,14,"2025-06-19 00:00:00",UPI,10530.00,206.00,0.00,10736.00
4194,6703,6,"2025-04-23 00:00:00",UPI,23217.00,432.00,0.00,23649.00
4195,5052,11,"2026-01-06 00:00:00",UPI,738.00,219.00,0.00,957.00
4196,3236,19,"2025-12-31 00:00:00",UPI,14375.00,454.00,0.00,14829.00
4197,7990,6,"2025-02-15 00:00:00",UPI,7176.00,247.00,0.00,7423.00
4198,344,18,"2025-02-01 00:00:00",Card,16085.00,487.00,0.00,16572.00
4199,4943,16,"2025-05-12 00:00:00",Card,5014.00,266.00,0.00,5280.00
4200,3885,10,"2025-01-17 00:00:00",UPI,6966.00,180.00,0.00,7146.00
4201,7555,3,"2025-08-05 00:00:00",Cash,2354.00,254.00,0.00,2608.00
4202,6333,7,"2025-08-14 00:00:00",Cash,7499.00,151.00,0.00,7650.00
4203,7997,12,"2025-04-15 00:00:00",Card,3046.00,258.00,0.00,3304.00
4204,3398,17,"2025-07-22 00:00:00",Card,9891.00,175.00,0.00,10066.00
4205,3628,16,"2025-02-26 00:00:00",Card,9949.00,322.00,0.00,10271.00
4206,229,5,"2025-05-18 00:00:00",Card,7347.00,292.00,0.00,7639.00
4207,1140,9,"2025-03-08 00:00:00",UPI,6578.00,250.00,0.00,6828.00
4208,478,18,"2025-03-02 00:00:00",Card,6543.00,197.00,0.00,6740.00
4209,1451,1,"2025-10-25 00:00:00",Card,8727.00,360.00,0.00,9087.00
4210,7737,17,"2025-02-18 00:00:00",Cash,13908.00,284.00,0.00,14192.00
4211,5680,9,"2025-12-16 00:00:00",Cash,7952.00,296.00,0.00,8248.00
4212,1557,16,"2025-01-21 00:00:00",Card,2938.00,214.00,0.00,3152.00
4213,5884,18,"2025-07-24 00:00:00",UPI,16645.00,194.00,0.00,16839.00
4214,719,15,"2025-06-11 00:00:00",Card,8764.00,267.00,0.00,9031.00
4215,3139,7,"2025-10-11 00:00:00",Cash,8898.00,186.00,0.00,9084.00
4216,505,6,"2025-05-04 00:00:00",UPI,21984.00,222.00,0.00,22206.00
4217,7402,8,"2026-01-11 00:00:00",UPI,5317.00,279.00,0.00,5596.00
4218,96,13,"2025-05-20 00:00:00",UPI,13364.00,324.00,0.00,13688.00
4219,1888,7,"2025-12-06 00:00:00",Card,21900.00,332.00,0.00,22232.00
4220,4931,5,"2025-01-26 00:00:00",UPI,13283.00,482.00,0.00,13765.00
4221,2907,2,"2025-04-12 00:00:00",Cash,10976.00,371.00,0.00,11347.00
4222,342,12,"2025-06-28 00:00:00",Cash,5077.00,376.00,0.00,5453.00
4223,6485,10,"2025-11-18 00:00:00",UPI,3420.00,449.00,0.00,3869.00
4224,6101,12,"2025-01-14 00:00:00",UPI,21944.00,276.00,0.00,22220.00
4225,4110,20,"2025-10-30 00:00:00",Cash,3142.00,440.00,0.00,3582.00
4226,1900,10,"2025-07-04 00:00:00",Card,6017.00,377.00,0.00,6394.00
4227,2514,11,"2025-01-27 00:00:00",UPI,12738.00,449.00,0.00,13187.00
4228,2354,14,"2025-10-09 00:00:00",Card,8203.00,206.00,0.00,8409.00
4229,3938,9,"2025-04-21 00:00:00",UPI,4162.00,215.00,0.00,4377.00
4230,2832,9,"2025-02-09 00:00:00",UPI,6348.00,164.00,0.00,6512.00
4231,4525,16,"2025-11-03 00:00:00",UPI,10357.00,346.00,0.00,10703.00
4232,2231,18,"2025-06-02 00:00:00",UPI,7766.00,447.00,0.00,8213.00
4233,7181,15,"2025-10-24 00:00:00",Card,9041.00,201.00,0.00,9242.00
4234,1900,3,"2025-10-10 00:00:00",UPI,11467.00,299.00,0.00,11766.00
4235,3093,7,"2025-02-27 00:00:00",Cash,9476.00,279.00,0.00,9755.00
4236,1260,4,"2025-10-12 00:00:00",Cash,10867.00,479.00,0.00,11346.00
4237,852,18,"2025-04-28 00:00:00",UPI,13810.00,228.00,0.00,14038.00
4238,2758,2,"2025-02-10 00:00:00",UPI,16312.00,457.00,0.00,16769.00
4239,6855,17,"2025-07-09 00:00:00",UPI,6843.00,492.00,0.00,7335.00
4240,7814,19,"2025-10-02 00:00:00",Cash,11198.00,200.00,0.00,11398.00
4241,3089,14,"2025-11-19 00:00:00",Cash,16158.00,295.00,0.00,16453.00
4242,4665,1,"2025-12-14 00:00:00",UPI,2041.00,327.00,0.00,2368.00
4243,7444,12,"2025-08-11 00:00:00",UPI,11544.00,484.00,0.00,12028.00
4244,6124,17,"2025-06-02 00:00:00",UPI,12366.00,263.00,0.00,12629.00
4245,6209,19,"2025-11-18 00:00:00",Card,12787.00,464.00,0.00,13251.00
4246,469,17,"2025-10-20 00:00:00",Cash,5791.00,478.00,0.00,6269.00
4247,7354,11,"2025-05-12 00:00:00",UPI,9361.00,473.00,0.00,9834.00
4248,2900,16,"2025-01-25 00:00:00",UPI,8706.00,226.00,0.00,8932.00
4249,4738,11,"2025-02-14 00:00:00",UPI,3293.00,418.00,0.00,3711.00
4250,2329,20,"2025-11-11 00:00:00",Card,10890.00,181.00,0.00,11071.00
4251,1593,11,"2025-04-03 00:00:00",Card,1063.00,353.00,0.00,1416.00
4252,4532,1,"2025-02-12 00:00:00",Cash,5607.00,437.00,0.00,6044.00
4253,181,7,"2025-10-29 00:00:00",Cash,7913.00,359.00,0.00,8272.00
4254,1373,16,"2025-09-06 00:00:00",UPI,11380.00,482.00,0.00,11862.00
4255,7612,16,"2025-06-29 00:00:00",UPI,3290.00,391.00,0.00,3681.00
4256,463,17,"2025-03-23 00:00:00",Cash,6070.00,463.00,0.00,6533.00
4257,3881,6,"2025-02-28 00:00:00",UPI,11249.00,245.00,0.00,11494.00
4258,926,12,"2025-03-24 00:00:00",UPI,4965.00,239.00,0.00,5204.00
4259,4537,1,"2025-12-12 00:00:00",UPI,10466.00,299.00,0.00,10765.00
4260,2062,13,"2025-12-13 00:00:00",UPI,3622.00,480.00,0.00,4102.00
4261,4383,1,"2025-06-07 00:00:00",UPI,15833.00,318.00,0.00,16151.00
4262,5182,12,"2025-08-31 00:00:00",Cash,3807.00,312.00,0.00,4119.00
4263,4219,7,"2025-09-17 00:00:00",Card,9720.00,207.00,0.00,9927.00
4264,4322,6,"2025-10-08 00:00:00",UPI,10747.00,362.00,0.00,11109.00
4265,3421,7,"2025-11-30 00:00:00",UPI,17186.00,342.00,0.00,17528.00
4266,880,7,"2025-05-08 00:00:00",UPI,1408.00,303.00,0.00,1711.00
4267,555,1,"2025-09-30 00:00:00",Card,2327.00,311.00,0.00,2638.00
4268,4901,5,"2025-02-04 00:00:00",Cash,12248.00,247.00,0.00,12495.00
4269,6967,18,"2025-04-17 00:00:00",Card,16541.00,258.00,0.00,16799.00
4270,3725,2,"2025-04-21 00:00:00",Card,31742.00,153.00,0.00,31895.00
4271,2071,3,"2025-06-27 00:00:00",Cash,17911.00,210.00,0.00,18121.00
4272,2092,4,"2025-03-11 00:00:00",Cash,4545.00,374.00,0.00,4919.00
4273,7622,2,"2025-06-10 00:00:00",Card,10742.00,283.00,0.00,11025.00
4274,6749,12,"2025-05-13 00:00:00",Cash,12721.00,357.00,0.00,13078.00
4275,120,19,"2025-09-20 00:00:00",Cash,6006.00,199.00,0.00,6205.00
4276,5314,18,"2025-04-02 00:00:00",Card,15596.00,173.00,0.00,15769.00
4277,115,6,"2025-01-21 00:00:00",UPI,7352.00,211.00,0.00,7563.00
4278,308,10,"2025-07-18 00:00:00",Cash,4779.00,340.00,0.00,5119.00
4279,3359,12,"2025-12-14 00:00:00",Cash,13714.00,401.00,0.00,14115.00
4280,1439,5,"2025-09-16 00:00:00",Card,3957.00,339.00,0.00,4296.00
4281,2684,17,"2025-09-07 00:00:00",Card,3981.00,329.00,0.00,4310.00
4282,4270,15,"2025-12-31 00:00:00",Cash,1763.00,489.00,0.00,2252.00
4283,1893,2,"2025-11-06 00:00:00",Card,5200.00,192.00,0.00,5392.00
4284,6543,19,"2025-09-12 00:00:00",Card,9747.00,438.00,0.00,10185.00
4285,3321,12,"2025-09-18 00:00:00",UPI,12679.00,412.00,0.00,13091.00
4286,3944,13,"2025-01-12 00:00:00",Cash,9184.00,444.00,0.00,9628.00
4287,5300,13,"2025-11-10 00:00:00",Cash,19130.00,237.00,0.00,19367.00
4288,2310,2,"2025-05-05 00:00:00",UPI,5937.00,239.00,0.00,6176.00
4289,271,8,"2025-09-14 00:00:00",Card,8726.00,487.00,0.00,9213.00
4290,6420,17,"2025-02-11 00:00:00",Card,6571.00,235.00,0.00,6806.00
4291,4139,1,"2025-09-22 00:00:00",Card,2468.00,437.00,0.00,2905.00
4292,5884,11,"2025-10-10 00:00:00",Cash,18849.00,421.00,0.00,19270.00
4293,3299,20,"2025-09-25 00:00:00",Card,14215.00,329.00,0.00,14544.00
4294,6470,5,"2025-10-21 00:00:00",Cash,11779.00,332.00,0.00,12111.00
4295,6316,4,"2026-01-06 00:00:00",Cash,4519.00,357.00,0.00,4876.00
4296,477,16,"2025-03-17 00:00:00",Card,18232.00,281.00,0.00,18513.00
4297,69,11,"2025-10-23 00:00:00",Card,9161.00,448.00,0.00,9609.00
4298,7303,2,"2025-11-18 00:00:00",UPI,8318.00,164.00,0.00,8482.00
4299,4188,4,"2025-04-03 00:00:00",Cash,14211.00,337.00,0.00,14548.00
4300,7608,18,"2025-03-23 00:00:00",UPI,15273.00,296.00,0.00,15569.00
4301,2714,13,"2026-01-03 00:00:00",Card,1046.00,269.00,0.00,1315.00
4302,6360,8,"2025-10-09 00:00:00",Cash,19219.00,213.00,0.00,19432.00
4303,85,14,"2025-01-23 00:00:00",Cash,11386.00,321.00,0.00,11707.00
4304,1963,12,"2025-10-29 00:00:00",UPI,14714.00,266.00,0.00,14980.00
4305,4099,9,"2025-12-06 00:00:00",Card,2845.00,419.00,0.00,3264.00
4306,3501,13,"2025-09-05 00:00:00",Cash,18652.00,427.00,0.00,19079.00
4307,5011,19,"2026-01-03 00:00:00",Card,7307.00,173.00,0.00,7480.00
4308,6591,14,"2025-06-15 00:00:00",Card,17304.00,263.00,0.00,17567.00
4309,2176,5,"2025-09-05 00:00:00",UPI,7441.00,428.00,0.00,7869.00
4310,3771,19,"2025-06-05 00:00:00",UPI,7588.00,182.00,0.00,7770.00
4311,1359,17,"2025-04-09 00:00:00",Cash,17684.00,388.00,0.00,18072.00
4312,2481,18,"2025-11-25 00:00:00",Cash,11715.00,339.00,0.00,12054.00
4313,3784,20,"2025-06-30 00:00:00",Cash,10491.00,379.00,0.00,10870.00
4314,7400,10,"2025-04-29 00:00:00",Cash,12736.00,386.00,0.00,13122.00
4315,7858,8,"2025-12-11 00:00:00",Cash,15966.00,335.00,0.00,16301.00
4316,7787,16,"2025-03-09 00:00:00",Cash,5952.00,402.00,0.00,6354.00
4317,1286,14,"2025-09-11 00:00:00",Card,16840.00,163.00,0.00,17003.00
4318,4735,12,"2025-11-23 00:00:00",Cash,5235.00,412.00,0.00,5647.00
4319,6272,15,"2025-02-11 00:00:00",Cash,20168.00,491.00,0.00,20659.00
4320,4766,6,"2025-10-19 00:00:00",Cash,1297.00,157.00,0.00,1454.00
4321,7353,8,"2025-12-27 00:00:00",Card,12506.00,438.00,0.00,12944.00
4322,3136,6,"2025-08-27 00:00:00",Card,9486.00,193.00,0.00,9679.00
4323,5199,16,"2025-02-25 00:00:00",Cash,6133.00,450.00,0.00,6583.00
4324,3598,6,"2025-05-09 00:00:00",UPI,21451.00,488.00,0.00,21939.00
4325,4923,6,"2025-06-15 00:00:00",UPI,1187.00,330.00,0.00,1517.00
4326,7109,1,"2025-06-18 00:00:00",Card,4295.00,153.00,0.00,4448.00
4327,2817,6,"2025-11-04 00:00:00",Cash,11736.00,383.00,0.00,12119.00
4328,7015,19,"2025-03-30 00:00:00",UPI,3238.00,246.00,0.00,3484.00
4329,1794,9,"2025-04-26 00:00:00",UPI,9704.00,253.00,0.00,9957.00
4330,1804,2,"2025-04-20 00:00:00",Cash,11106.00,360.00,0.00,11466.00
4331,173,9,"2025-06-21 00:00:00",UPI,1914.00,382.00,0.00,2296.00
4332,2635,12,"2025-08-21 00:00:00",Cash,11068.00,311.00,0.00,11379.00
4333,3233,13,"2025-10-20 00:00:00",UPI,16608.00,486.00,0.00,17094.00
4334,4778,4,"2025-05-17 00:00:00",Cash,5053.00,201.00,0.00,5254.00
4335,4544,17,"2025-05-15 00:00:00",Cash,9470.00,324.00,0.00,9794.00
4336,1992,9,"2025-02-06 00:00:00",Card,5036.00,311.00,0.00,5347.00
4337,3987,19,"2025-05-03 00:00:00",UPI,9611.00,276.00,0.00,9887.00
4338,2893,16,"2025-06-30 00:00:00",Cash,15759.00,397.00,0.00,16156.00
4339,7355,8,"2025-09-28 00:00:00",Cash,8698.00,490.00,0.00,9188.00
4340,7874,16,"2025-06-16 00:00:00",UPI,638.00,206.00,0.00,844.00
4341,3141,10,"2025-10-05 00:00:00",Cash,11282.00,409.00,0.00,11691.00
4342,5877,1,"2025-10-31 00:00:00",Cash,13898.00,295.00,0.00,14193.00
4343,5629,19,"2025-02-11 00:00:00",UPI,1896.00,297.00,0.00,2193.00
4344,7441,10,"2025-10-03 00:00:00",UPI,11979.00,379.00,0.00,12358.00
4345,6012,15,"2025-05-04 00:00:00",Cash,9349.00,208.00,0.00,9557.00
4346,5651,13,"2025-05-05 00:00:00",UPI,6679.00,350.00,0.00,7029.00
4347,1945,13,"2025-03-23 00:00:00",Cash,6173.00,251.00,0.00,6424.00
4348,2732,14,"2025-05-08 00:00:00",Card,15665.00,380.00,0.00,16045.00
4349,2289,3,"2025-08-23 00:00:00",Cash,17660.00,490.00,0.00,18150.00
4350,935,15,"2025-05-26 00:00:00",Cash,8162.00,495.00,0.00,8657.00
4351,151,15,"2025-08-15 00:00:00",Cash,4672.00,365.00,0.00,5037.00
4352,4579,9,"2025-02-28 00:00:00",Cash,14931.00,372.00,0.00,15303.00
4353,2743,14,"2025-12-19 00:00:00",UPI,7195.00,368.00,0.00,7563.00
4354,7524,17,"2025-10-26 00:00:00",Card,697.00,249.00,0.00,946.00
4355,1097,1,"2025-04-04 00:00:00",UPI,5078.00,438.00,0.00,5516.00
4356,2978,6,"2025-05-11 00:00:00",Card,2764.00,493.00,0.00,3257.00
4357,823,14,"2025-09-30 00:00:00",Card,3889.00,175.00,0.00,4064.00
4358,2761,20,"2025-02-28 00:00:00",Card,10577.00,446.00,0.00,11023.00
4359,2382,10,"2025-10-16 00:00:00",UPI,15394.00,307.00,0.00,15701.00
4360,7422,11,"2025-07-29 00:00:00",Cash,12704.00,491.00,0.00,13195.00
4361,7410,10,"2025-07-21 00:00:00",Card,1168.00,189.00,0.00,1357.00
4362,5383,6,"2025-10-05 00:00:00",Cash,1651.00,218.00,0.00,1869.00
4363,5146,2,"2025-07-30 00:00:00",Cash,10841.00,461.00,0.00,11302.00
4364,3568,16,"2025-10-07 00:00:00",UPI,20750.00,249.00,0.00,20999.00
4365,6100,18,"2025-05-23 00:00:00",Card,3024.00,326.00,0.00,3350.00
4366,898,10,"2025-03-12 00:00:00",Card,8508.00,165.00,0.00,8673.00
4367,5745,14,"2025-10-23 00:00:00",Card,6800.00,471.00,0.00,7271.00
4368,2892,8,"2025-11-23 00:00:00",Card,6563.00,424.00,0.00,6987.00
4369,1802,8,"2025-09-07 00:00:00",Card,2890.00,152.00,0.00,3042.00
4370,3815,10,"2025-11-16 00:00:00",Card,6218.00,160.00,0.00,6378.00
4371,3574,13,"2025-03-28 00:00:00",UPI,6969.00,257.00,0.00,7226.00
4372,5273,4,"2025-08-30 00:00:00",Card,7720.00,244.00,0.00,7964.00
4373,4122,8,"2025-11-25 00:00:00",UPI,9158.00,247.00,0.00,9405.00
4374,5069,1,"2025-06-24 00:00:00",Card,6939.00,333.00,0.00,7272.00
4375,6953,19,"2025-05-05 00:00:00",Cash,12380.00,328.00,0.00,12708.00
4376,760,2,"2025-05-16 00:00:00",UPI,12012.00,296.00,0.00,12308.00
4377,4041,4,"2025-07-30 00:00:00",Cash,7730.00,275.00,0.00,8005.00
4378,2838,6,"2026-01-07 00:00:00",Cash,7637.00,324.00,0.00,7961.00
4379,4419,5,"2025-05-29 00:00:00",Cash,15377.00,410.00,0.00,15787.00
4380,5958,14,"2025-08-17 00:00:00",Cash,1285.00,244.00,0.00,1529.00
4381,7264,8,"2025-10-01 00:00:00",Cash,4320.00,456.00,0.00,4776.00
4382,2656,14,"2025-11-19 00:00:00",UPI,13327.00,193.00,0.00,13520.00
4383,3525,19,"2025-07-25 00:00:00",Card,10403.00,414.00,0.00,10817.00
4384,6166,4,"2025-12-18 00:00:00",Cash,11722.00,170.00,0.00,11892.00
4385,6346,7,"2025-09-25 00:00:00",UPI,16461.00,430.00,0.00,16891.00
4386,4988,11,"2025-03-26 00:00:00",Card,12063.00,463.00,0.00,12526.00
4387,4074,9,"2025-05-02 00:00:00",UPI,29296.00,392.00,0.00,29688.00
4388,6591,18,"2025-05-05 00:00:00",UPI,7189.00,271.00,0.00,7460.00
4389,4537,5,"2025-08-19 00:00:00",Card,12761.00,386.00,0.00,13147.00
4390,6978,4,"2025-12-13 00:00:00",UPI,14478.00,189.00,0.00,14667.00
4391,2684,2,"2025-01-21 00:00:00",UPI,4030.00,377.00,0.00,4407.00
4392,5627,11,"2025-04-23 00:00:00",Cash,2945.00,187.00,0.00,3132.00
4393,3098,1,"2025-06-13 00:00:00",Card,22230.00,162.00,0.00,22392.00
4394,7227,16,"2025-09-21 00:00:00",Card,7675.00,450.00,0.00,8125.00
4395,4899,7,"2025-07-15 00:00:00",Cash,4644.00,392.00,0.00,5036.00
4396,6217,17,"2025-07-24 00:00:00",Cash,17732.00,222.00,0.00,17954.00
4397,1145,1,"2025-08-28 00:00:00",UPI,19128.00,153.00,0.00,19281.00
4398,5472,5,"2025-09-13 00:00:00",Card,17449.00,250.00,0.00,17699.00
4399,4223,17,"2025-03-10 00:00:00",Card,3368.00,369.00,0.00,3737.00
4400,6585,1,"2025-12-31 00:00:00",Card,14554.00,161.00,0.00,14715.00
4401,7584,13,"2025-12-22 00:00:00",UPI,15657.00,275.00,0.00,15932.00
4402,5474,13,"2025-08-27 00:00:00",Cash,9730.00,270.00,0.00,10000.00
4403,2817,2,"2025-08-23 00:00:00",Cash,7372.00,242.00,0.00,7614.00
4404,1779,8,"2025-09-17 00:00:00",Cash,9960.00,357.00,0.00,10317.00
4405,1812,1,"2025-03-15 00:00:00",Cash,19025.00,443.00,0.00,19468.00
4406,2077,15,"2025-06-20 00:00:00",UPI,7564.00,220.00,0.00,7784.00
4407,21,18,"2025-05-29 00:00:00",UPI,7558.00,305.00,0.00,7863.00
4408,4651,7,"2025-12-21 00:00:00",Card,10840.00,231.00,0.00,11071.00
4409,4834,10,"2025-04-19 00:00:00",Card,9594.00,217.00,0.00,9811.00
4410,3350,19,"2025-05-31 00:00:00",UPI,1993.00,273.00,0.00,2266.00
4411,5795,12,"2025-04-27 00:00:00",UPI,6410.00,416.00,0.00,6826.00
4412,118,15,"2025-08-14 00:00:00",Cash,12926.00,452.00,0.00,13378.00
4413,5385,16,"2025-01-17 00:00:00",UPI,12732.00,256.00,0.00,12988.00
4414,4068,12,"2025-07-25 00:00:00",UPI,5199.00,454.00,0.00,5653.00
4415,6287,16,"2025-01-27 00:00:00",Card,3036.00,394.00,0.00,3430.00
4416,7418,20,"2025-09-14 00:00:00",Cash,25326.00,182.00,0.00,25508.00
4417,4740,15,"2025-05-22 00:00:00",UPI,5913.00,203.00,0.00,6116.00
4418,3917,7,"2025-10-09 00:00:00",UPI,6606.00,375.00,0.00,6981.00
4419,505,6,"2025-02-22 00:00:00",Cash,1692.00,500.00,0.00,2192.00
4420,6101,4,"2025-11-08 00:00:00",Card,7182.00,366.00,0.00,7548.00
4421,1991,10,"2025-09-29 00:00:00",Card,5591.00,272.00,0.00,5863.00
4422,3288,8,"2025-05-09 00:00:00",Card,10932.00,485.00,0.00,11417.00
4423,5418,2,"2025-12-22 00:00:00",UPI,11508.00,437.00,0.00,11945.00
4424,1792,7,"2025-03-23 00:00:00",Cash,12070.00,435.00,0.00,12505.00
4425,7077,10,"2025-03-24 00:00:00",UPI,5166.00,299.00,0.00,5465.00
4426,7248,6,"2025-05-18 00:00:00",UPI,4514.00,409.00,0.00,4923.00
4427,5788,15,"2025-08-20 00:00:00",Card,8180.00,194.00,0.00,8374.00
4428,2849,12,"2025-07-29 00:00:00",Cash,15198.00,298.00,0.00,15496.00
4429,3676,11,"2025-08-10 00:00:00",Cash,13005.00,460.00,0.00,13465.00
4430,5430,8,"2025-09-02 00:00:00",Card,5370.00,423.00,0.00,5793.00
4431,7819,16,"2025-12-09 00:00:00",Cash,13689.00,304.00,0.00,13993.00
4432,3004,14,"2025-10-16 00:00:00",Cash,4782.00,482.00,0.00,5264.00
4433,935,5,"2025-05-12 00:00:00",Cash,3847.00,427.00,0.00,4274.00
4434,5495,19,"2025-04-28 00:00:00",UPI,8761.00,284.00,0.00,9045.00
4435,7229,18,"2025-10-24 00:00:00",Card,13411.00,289.00,0.00,13700.00
4436,4319,14,"2025-02-28 00:00:00",Card,7703.00,484.00,0.00,8187.00
4437,4307,8,"2025-01-25 00:00:00",UPI,4418.00,332.00,0.00,4750.00
4438,2082,2,"2025-07-15 00:00:00",UPI,11702.00,181.00,0.00,11883.00
4439,5301,6,"2025-09-05 00:00:00",Cash,3609.00,415.00,0.00,4024.00
4440,783,19,"2025-11-11 00:00:00",UPI,3558.00,489.00,0.00,4047.00
4441,5247,18,"2025-11-25 00:00:00",Cash,17839.00,204.00,0.00,18043.00
4442,6348,16,"2025-08-12 00:00:00",UPI,15822.00,183.00,0.00,16005.00
4443,7365,17,"2025-05-03 00:00:00",UPI,12972.00,465.00,0.00,13437.00
4444,115,11,"2025-05-23 00:00:00",UPI,10992.00,329.00,0.00,11321.00
4445,1350,18,"2025-12-05 00:00:00",UPI,7193.00,230.00,0.00,7423.00
4446,5276,3,"2025-12-25 00:00:00",UPI,13372.00,363.00,0.00,13735.00
4447,7364,17,"2025-06-08 00:00:00",Card,11953.00,236.00,0.00,12189.00
4448,2107,6,"2025-08-09 00:00:00",UPI,3923.00,432.00,0.00,4355.00
4449,2745,9,"2025-04-01 00:00:00",Card,6311.00,204.00,0.00,6515.00
4450,3057,4,"2025-08-05 00:00:00",Cash,9612.00,312.00,0.00,9924.00
4451,519,13,"2025-04-29 00:00:00",UPI,14126.00,485.00,0.00,14611.00
4452,5789,10,"2025-09-19 00:00:00",UPI,8932.00,494.00,0.00,9426.00
4453,4164,3,"2025-11-13 00:00:00",UPI,3526.00,494.00,0.00,4020.00
4454,1935,16,"2025-11-09 00:00:00",Card,23945.00,303.00,0.00,24248.00
4455,7657,20,"2025-10-10 00:00:00",Card,10483.00,437.00,0.00,10920.00
4456,61,12,"2025-10-24 00:00:00",Card,17708.00,399.00,0.00,18107.00
4457,4701,19,"2025-09-22 00:00:00",Card,11805.00,151.00,0.00,11956.00
4458,7157,15,"2025-07-22 00:00:00",Card,1510.00,340.00,0.00,1850.00
4459,4032,2,"2025-12-31 00:00:00",Card,4274.00,156.00,0.00,4430.00
4460,5119,17,"2025-04-28 00:00:00",Cash,3000.00,294.00,0.00,3294.00
4461,7199,6,"2025-12-28 00:00:00",Cash,27451.00,392.00,0.00,27843.00
4462,2758,12,"2025-11-11 00:00:00",Card,7414.00,407.00,0.00,7821.00
4463,6523,5,"2025-10-05 00:00:00",Cash,579.00,187.00,0.00,766.00
4464,1703,19,"2025-11-29 00:00:00",Card,21658.00,388.00,0.00,22046.00
4465,4072,12,"2025-08-24 00:00:00",UPI,10324.00,341.00,0.00,10665.00
4466,6749,18,"2026-01-05 00:00:00",UPI,10897.00,452.00,0.00,11349.00
4467,832,6,"2025-03-18 00:00:00",UPI,2013.00,249.00,0.00,2262.00
4468,7328,17,"2025-04-16 00:00:00",UPI,7779.00,192.00,0.00,7971.00
4469,5877,4,"2026-01-01 00:00:00",Card,8530.00,342.00,0.00,8872.00
4470,4571,19,"2025-06-04 00:00:00",Card,15162.00,287.00,0.00,15449.00
4471,5647,19,"2025-12-19 00:00:00",UPI,4306.00,412.00,0.00,4718.00
4472,2679,9,"2025-12-17 00:00:00",Card,3010.00,412.00,0.00,3422.00
4473,7325,14,"2025-01-21 00:00:00",Card,5008.00,451.00,0.00,5459.00
4474,2010,5,"2025-03-23 00:00:00",Card,10947.00,232.00,0.00,11179.00
4475,6065,9,"2025-03-12 00:00:00",Card,4388.00,360.00,0.00,4748.00
4476,6280,20,"2025-12-27 00:00:00",Cash,8694.00,397.00,0.00,9091.00
4477,6818,2,"2026-01-11 00:00:00",UPI,6510.00,294.00,0.00,6804.00
4478,1287,7,"2025-06-04 00:00:00",Cash,14680.00,411.00,0.00,15091.00
4479,3280,14,"2026-01-11 00:00:00",UPI,14958.00,455.00,0.00,15413.00
4480,2927,1,"2025-03-24 00:00:00",Cash,6754.00,395.00,0.00,7149.00
4481,4522,19,"2025-08-14 00:00:00",Cash,1629.00,217.00,0.00,1846.00
4482,344,14,"2025-02-27 00:00:00",UPI,21052.00,202.00,0.00,21254.00
4483,4188,19,"2025-01-18 00:00:00",Card,13891.00,362.00,0.00,14253.00
4484,7331,1,"2025-04-02 00:00:00",Card,12293.00,398.00,0.00,12691.00
4485,109,17,"2025-03-01 00:00:00",Card,7800.00,162.00,0.00,7962.00
4486,2985,15,"2025-03-02 00:00:00",UPI,2507.00,164.00,0.00,2671.00
4487,1220,4,"2025-07-14 00:00:00",Cash,11006.00,401.00,0.00,11407.00
4488,1025,14,"2026-01-05 00:00:00",UPI,14050.00,446.00,0.00,14496.00
4489,7256,16,"2025-08-10 00:00:00",UPI,1786.00,357.00,0.00,2143.00
4490,330,8,"2025-03-19 00:00:00",Cash,10752.00,379.00,0.00,11131.00
4491,4310,2,"2025-02-08 00:00:00",Card,1796.00,458.00,0.00,2254.00
4492,1014,16,"2025-03-02 00:00:00",Cash,16099.00,229.00,0.00,16328.00
4493,7429,8,"2025-12-05 00:00:00",UPI,21872.00,239.00,0.00,22111.00
4494,7244,13,"2025-12-16 00:00:00",UPI,8234.00,271.00,0.00,8505.00
4495,4055,10,"2025-09-06 00:00:00",Cash,11017.00,459.00,0.00,11476.00
4496,5987,12,"2025-08-17 00:00:00",Cash,19386.00,398.00,0.00,19784.00
4497,716,5,"2025-04-16 00:00:00",Card,9141.00,356.00,0.00,9497.00
4498,2513,20,"2025-09-18 00:00:00",UPI,2197.00,167.00,0.00,2364.00
4499,373,10,"2025-12-04 00:00:00",Card,14464.00,465.00,0.00,14929.00
4500,3051,17,"2025-02-25 00:00:00",Cash,7814.00,375.00,0.00,8189.00
4501,1824,10,"2025-01-23 00:00:00",Card,10665.00,180.00,0.00,10845.00
4502,3613,15,"2025-07-13 00:00:00",UPI,11691.00,244.00,0.00,11935.00
4503,1790,9,"2025-12-21 00:00:00",UPI,9539.00,262.00,0.00,9801.00
4504,2238,4,"2025-06-04 00:00:00",Card,9645.00,436.00,0.00,10081.00
4505,4070,3,"2025-01-31 00:00:00",Card,20696.00,387.00,0.00,21083.00
4506,992,15,"2025-08-23 00:00:00",Card,7732.00,182.00,0.00,7914.00
4507,5776,6,"2025-02-27 00:00:00",UPI,20735.00,328.00,0.00,21063.00
4508,809,16,"2026-01-01 00:00:00",Cash,1777.00,305.00,0.00,2082.00
4509,5377,9,"2025-08-24 00:00:00",Cash,10652.00,173.00,0.00,10825.00
4510,6207,5,"2025-01-17 00:00:00",UPI,6766.00,478.00,0.00,7244.00
4511,3180,1,"2025-01-17 00:00:00",Card,6847.00,441.00,0.00,7288.00
4512,3742,8,"2025-04-18 00:00:00",Cash,12897.00,272.00,0.00,13169.00
4513,5726,4,"2025-12-30 00:00:00",Cash,6849.00,293.00,0.00,7142.00
4514,520,19,"2025-03-23 00:00:00",UPI,6928.00,379.00,0.00,7307.00
4515,1108,12,"2025-10-23 00:00:00",Cash,5693.00,157.00,0.00,5850.00
4516,4356,13,"2025-07-13 00:00:00",Card,19956.00,342.00,0.00,20298.00
4517,3188,2,"2025-05-13 00:00:00",Card,6679.00,195.00,0.00,6874.00
4518,3458,8,"2025-01-25 00:00:00",Card,6865.00,447.00,0.00,7312.00
4519,3652,12,"2025-04-11 00:00:00",Cash,14858.00,444.00,0.00,15302.00
4520,4955,1,"2025-04-10 00:00:00",Cash,11328.00,497.00,0.00,11825.00
4521,5290,2,"2025-11-03 00:00:00",Cash,9711.00,181.00,0.00,9892.00
4522,7396,5,"2025-03-15 00:00:00",UPI,1603.00,460.00,0.00,2063.00
4523,944,7,"2025-05-27 00:00:00",Card,13442.00,251.00,0.00,13693.00
4524,4668,12,"2025-01-14 00:00:00",UPI,11044.00,253.00,0.00,11297.00
4525,7668,16,"2025-11-17 00:00:00",Cash,1856.00,310.00,0.00,2166.00
4526,3293,10,"2025-01-22 00:00:00",Cash,35132.00,445.00,0.00,35577.00
4527,5897,11,"2025-12-07 00:00:00",UPI,11836.00,349.00,0.00,12185.00
4528,3429,2,"2025-08-11 00:00:00",UPI,11305.00,486.00,0.00,11791.00
4529,37,2,"2025-05-24 00:00:00",Cash,8997.00,483.00,0.00,9480.00
4530,5174,19,"2025-09-02 00:00:00",Card,12661.00,231.00,0.00,12892.00
4531,6748,16,"2025-05-11 00:00:00",Cash,3338.00,424.00,0.00,3762.00
4532,4588,12,"2025-04-09 00:00:00",Cash,4796.00,477.00,0.00,5273.00
4533,3282,3,"2025-06-13 00:00:00",Cash,11224.00,461.00,0.00,11685.00
4534,7329,18,"2025-02-12 00:00:00",Card,7176.00,418.00,0.00,7594.00
4535,7281,15,"2025-02-28 00:00:00",Card,1331.00,462.00,0.00,1793.00
4536,2325,13,"2025-01-12 00:00:00",Card,3752.00,483.00,0.00,4235.00
4537,3487,11,"2025-07-25 00:00:00",Card,9629.00,378.00,0.00,10007.00
4538,3478,16,"2025-08-01 00:00:00",Card,11111.00,383.00,0.00,11494.00
4539,617,14,"2025-01-21 00:00:00",Cash,5300.00,335.00,0.00,5635.00
4540,1558,5,"2025-02-24 00:00:00",UPI,8202.00,338.00,0.00,8540.00
4541,5238,18,"2025-07-07 00:00:00",Card,4224.00,270.00,0.00,4494.00
4542,4181,18,"2025-11-06 00:00:00",UPI,9594.00,357.00,0.00,9951.00
4543,1265,16,"2025-09-18 00:00:00",Cash,5322.00,278.00,0.00,5600.00
4544,4591,3,"2025-08-01 00:00:00",UPI,10125.00,200.00,0.00,10325.00
4545,2531,15,"2025-06-08 00:00:00",Cash,2863.00,401.00,0.00,3264.00
4546,7157,5,"2025-05-29 00:00:00",Cash,2945.00,466.00,0.00,3411.00
4547,5646,13,"2025-08-19 00:00:00",Cash,9051.00,205.00,0.00,9256.00
4548,7330,2,"2025-11-15 00:00:00",Cash,5984.00,230.00,0.00,6214.00
4549,2996,12,"2025-04-30 00:00:00",Cash,2941.00,229.00,0.00,3170.00
4550,2435,15,"2025-03-25 00:00:00",UPI,7893.00,269.00,0.00,8162.00
4551,4804,3,"2025-11-30 00:00:00",Cash,8654.00,462.00,0.00,9116.00
4552,1057,6,"2025-03-04 00:00:00",Card,12775.00,182.00,0.00,12957.00
4553,2227,10,"2025-07-20 00:00:00",Card,8459.00,150.00,0.00,8609.00
4554,7243,15,"2025-12-08 00:00:00",Cash,5173.00,331.00,0.00,5504.00
4555,6751,5,"2025-10-09 00:00:00",Cash,6629.00,409.00,0.00,7038.00
4556,5822,3,"2025-04-12 00:00:00",Card,16845.00,478.00,0.00,17323.00
4557,4697,5,"2025-01-29 00:00:00",Card,5053.00,218.00,0.00,5271.00
4558,5763,10,"2025-10-17 00:00:00",Cash,2875.00,414.00,0.00,3289.00
4559,339,15,"2025-06-06 00:00:00",UPI,5023.00,263.00,0.00,5286.00
4560,4996,14,"2025-10-29 00:00:00",Card,13560.00,239.00,0.00,13799.00
4561,6182,5,"2025-11-27 00:00:00",Card,2394.00,244.00,0.00,2638.00
4562,6188,12,"2025-10-10 00:00:00",UPI,7682.00,278.00,0.00,7960.00
4563,736,8,"2025-05-11 00:00:00",Card,10180.00,373.00,0.00,10553.00
4564,3966,19,"2025-10-03 00:00:00",Cash,1499.00,260.00,0.00,1759.00
4565,4130,18,"2025-09-26 00:00:00",Cash,10452.00,225.00,0.00,10677.00
4566,3969,4,"2025-04-09 00:00:00",Card,1555.00,365.00,0.00,1920.00
4567,296,14,"2025-12-12 00:00:00",Card,18181.00,380.00,0.00,18561.00
4568,5683,9,"2025-03-25 00:00:00",Cash,7120.00,256.00,0.00,7376.00
4569,5858,9,"2025-10-22 00:00:00",UPI,5437.00,374.00,0.00,5811.00
4570,6299,19,"2025-01-13 00:00:00",Cash,11811.00,372.00,0.00,12183.00
4571,6423,4,"2025-03-18 00:00:00",UPI,2416.00,412.00,0.00,2828.00
4572,239,14,"2025-07-30 00:00:00",Cash,6618.00,198.00,0.00,6816.00
4573,6669,6,"2025-03-13 00:00:00",UPI,15372.00,365.00,0.00,15737.00
4574,3479,20,"2025-06-24 00:00:00",Card,10054.00,286.00,0.00,10340.00
4575,1736,12,"2025-08-31 00:00:00",Card,6792.00,293.00,0.00,7085.00
4576,4397,4,"2025-08-22 00:00:00",UPI,3084.00,395.00,0.00,3479.00
4577,112,3,"2025-02-19 00:00:00",Cash,4430.00,251.00,0.00,4681.00
4578,3170,1,"2025-06-15 00:00:00",UPI,5263.00,390.00,0.00,5653.00
4579,4546,9,"2025-06-19 00:00:00",Card,5785.00,394.00,0.00,6179.00
4580,1687,6,"2025-09-08 00:00:00",Card,5089.00,236.00,0.00,5325.00
4581,6948,17,"2025-10-17 00:00:00",Card,5382.00,259.00,0.00,5641.00
4582,6415,7,"2025-02-04 00:00:00",Card,8405.00,260.00,0.00,8665.00
4583,1669,3,"2025-05-19 00:00:00",UPI,5709.00,214.00,0.00,5923.00
4584,6439,20,"2025-05-30 00:00:00",Cash,6018.00,253.00,0.00,6271.00
4585,7818,5,"2025-12-16 00:00:00",UPI,16544.00,439.00,0.00,16983.00
4586,6146,7,"2025-09-10 00:00:00",UPI,1063.00,381.00,0.00,1444.00
4587,1670,2,"2025-08-30 00:00:00",Cash,8429.00,403.00,0.00,8832.00
4588,7307,4,"2025-12-20 00:00:00",Cash,11750.00,258.00,0.00,12008.00
4589,3682,18,"2025-06-16 00:00:00",UPI,8911.00,283.00,0.00,9194.00
4590,3281,18,"2025-09-15 00:00:00",Card,12853.00,240.00,0.00,13093.00
4591,7661,18,"2025-09-29 00:00:00",Cash,6153.00,301.00,0.00,6454.00
4592,5326,20,"2025-04-27 00:00:00",Cash,2558.00,351.00,0.00,2909.00
4593,2683,11,"2025-02-26 00:00:00",Card,4604.00,155.00,0.00,4759.00
4594,6453,17,"2025-04-27 00:00:00",Cash,4006.00,436.00,0.00,4442.00
4595,5704,18,"2025-05-21 00:00:00",Card,5982.00,316.00,0.00,6298.00
4596,282,9,"2025-11-15 00:00:00",UPI,8011.00,418.00,0.00,8429.00
4597,865,17,"2025-07-26 00:00:00",Card,8661.00,311.00,0.00,8972.00
4598,4859,15,"2025-03-17 00:00:00",Cash,13577.00,151.00,0.00,13728.00
4599,7623,9,"2025-11-26 00:00:00",Card,11130.00,401.00,0.00,11531.00
4600,2454,10,"2025-05-28 00:00:00",Card,15606.00,229.00,0.00,15835.00
4601,5233,19,"2025-08-28 00:00:00",Cash,24149.00,228.00,0.00,24377.00
4602,5195,3,"2025-02-03 00:00:00",Card,6626.00,220.00,0.00,6846.00
4603,2711,14,"2025-10-17 00:00:00",UPI,17804.00,486.00,0.00,18290.00
4604,6876,9,"2025-02-07 00:00:00",UPI,5470.00,259.00,0.00,5729.00
4605,6553,8,"2025-04-17 00:00:00",Card,4632.00,246.00,0.00,4878.00
4606,6407,18,"2025-03-21 00:00:00",Card,6265.00,197.00,0.00,6462.00
4607,1968,12,"2025-10-22 00:00:00",Card,3314.00,486.00,0.00,3800.00
4608,6285,7,"2025-10-01 00:00:00",Card,3822.00,282.00,0.00,4104.00
4609,6725,19,"2025-03-21 00:00:00",Cash,9236.00,253.00,0.00,9489.00
4610,5157,7,"2025-04-08 00:00:00",Card,14996.00,152.00,0.00,15148.00
4611,2348,9,"2025-12-21 00:00:00",UPI,16771.00,270.00,0.00,17041.00
4612,167,8,"2025-12-08 00:00:00",UPI,13990.00,358.00,0.00,14348.00
4613,448,18,"2025-07-20 00:00:00",UPI,7955.00,197.00,0.00,8152.00
4614,4785,11,"2025-07-25 00:00:00",UPI,13008.00,416.00,0.00,13424.00
4615,5805,13,"2025-12-09 00:00:00",UPI,15157.00,178.00,0.00,15335.00
4616,474,12,"2025-03-27 00:00:00",Card,9081.00,379.00,0.00,9460.00
4617,742,9,"2025-07-26 00:00:00",Card,17285.00,464.00,0.00,17749.00
4618,1789,10,"2025-09-22 00:00:00",UPI,4671.00,478.00,0.00,5149.00
4619,4067,20,"2025-04-13 00:00:00",Card,7663.00,181.00,0.00,7844.00
4620,4890,15,"2025-07-04 00:00:00",Card,13280.00,163.00,0.00,13443.00
4621,1309,15,"2025-12-05 00:00:00",Cash,16813.00,340.00,0.00,17153.00
4622,5989,13,"2025-03-09 00:00:00",Cash,4802.00,444.00,0.00,5246.00
4623,3851,16,"2025-09-22 00:00:00",Card,11381.00,444.00,0.00,11825.00
4624,1180,11,"2025-06-14 00:00:00",Card,2143.00,203.00,0.00,2346.00
4625,434,1,"2025-02-16 00:00:00",Cash,3816.00,301.00,0.00,4117.00
4626,3919,12,"2025-07-04 00:00:00",Cash,6541.00,213.00,0.00,6754.00
4627,793,3,"2025-09-28 00:00:00",Cash,6663.00,370.00,0.00,7033.00
4628,1112,19,"2025-09-03 00:00:00",UPI,5636.00,397.00,0.00,6033.00
4629,352,19,"2025-06-10 00:00:00",Cash,704.00,451.00,0.00,1155.00
4630,7468,4,"2025-08-10 00:00:00",Cash,12140.00,262.00,0.00,12402.00
4631,6767,8,"2025-08-01 00:00:00",Card,4080.00,174.00,0.00,4254.00
4632,7255,12,"2025-02-27 00:00:00",Card,19147.00,358.00,0.00,19505.00
4633,5321,16,"2025-03-12 00:00:00",Card,1867.00,432.00,0.00,2299.00
4634,668,3,"2025-08-17 00:00:00",UPI,1215.00,308.00,0.00,1523.00
4635,1021,17,"2025-07-24 00:00:00",Cash,20448.00,463.00,0.00,20911.00
4636,3758,5,"2025-08-06 00:00:00",Cash,8995.00,389.00,0.00,9384.00
4637,2876,13,"2025-06-12 00:00:00",UPI,8895.00,212.00,0.00,9107.00
4638,4637,10,"2025-09-10 00:00:00",Cash,9348.00,474.00,0.00,9822.00
4639,5269,10,"2025-11-10 00:00:00",UPI,9542.00,427.00,0.00,9969.00
4640,4186,8,"2025-11-09 00:00:00",Cash,7013.00,466.00,0.00,7479.00
4641,7931,7,"2025-04-23 00:00:00",Cash,3478.00,180.00,0.00,3658.00
4642,4270,1,"2025-07-01 00:00:00",UPI,20375.00,265.00,0.00,20640.00
4643,5034,19,"2025-07-06 00:00:00",Card,17338.00,482.00,0.00,17820.00
4644,5308,9,"2025-05-27 00:00:00",Card,7084.00,327.00,0.00,7411.00
4645,6830,14,"2025-08-01 00:00:00",Card,4461.00,423.00,0.00,4884.00
4646,992,14,"2025-12-20 00:00:00",Card,5932.00,341.00,0.00,6273.00
4647,3238,19,"2026-01-02 00:00:00",Cash,9097.00,336.00,0.00,9433.00
4648,64,16,"2025-03-11 00:00:00",Card,1779.00,387.00,0.00,2166.00
4649,5628,16,"2025-10-04 00:00:00",Card,23298.00,359.00,0.00,23657.00
4650,2308,15,"2025-07-06 00:00:00",Card,8148.00,402.00,0.00,8550.00
4651,5564,8,"2025-12-20 00:00:00",UPI,9619.00,244.00,0.00,9863.00
4652,818,2,"2025-10-17 00:00:00",Card,19587.00,352.00,0.00,19939.00
4653,6485,2,"2025-06-05 00:00:00",Card,13169.00,464.00,0.00,13633.00
4654,4590,7,"2025-06-18 00:00:00",Card,11688.00,265.00,0.00,11953.00
4655,6275,2,"2025-03-01 00:00:00",Cash,11808.00,475.00,0.00,12283.00
4656,3871,17,"2025-11-18 00:00:00",Cash,21291.00,387.00,0.00,21678.00
4657,7640,13,"2025-10-21 00:00:00",Cash,12437.00,169.00,0.00,12606.00
4658,2273,11,"2025-01-13 00:00:00",Card,15899.00,210.00,0.00,16109.00
4659,2121,14,"2025-05-29 00:00:00",Card,10907.00,471.00,0.00,11378.00
4660,7126,17,"2025-04-18 00:00:00",UPI,1813.00,467.00,0.00,2280.00
4661,619,4,"2025-05-02 00:00:00",Cash,6438.00,279.00,0.00,6717.00
4662,3114,2,"2025-04-04 00:00:00",Card,11453.00,278.00,0.00,11731.00
4663,4108,3,"2025-08-28 00:00:00",Card,12342.00,364.00,0.00,12706.00
4664,4635,8,"2025-07-14 00:00:00",UPI,11347.00,398.00,0.00,11745.00
4665,4608,9,"2025-02-17 00:00:00",Cash,15352.00,456.00,0.00,15808.00
4666,2272,10,"2025-03-27 00:00:00",UPI,12267.00,495.00,0.00,12762.00
4667,4958,1,"2025-10-19 00:00:00",Card,14060.00,368.00,0.00,14428.00
4668,3926,16,"2025-09-05 00:00:00",Cash,5744.00,425.00,0.00,6169.00
4669,4942,9,"2025-02-22 00:00:00",Cash,3404.00,203.00,0.00,3607.00
4670,555,11,"2025-09-16 00:00:00",Card,1932.00,217.00,0.00,2149.00
4671,4028,1,"2025-11-28 00:00:00",Cash,10105.00,410.00,0.00,10515.00
4672,97,5,"2025-05-14 00:00:00",UPI,6550.00,157.00,0.00,6707.00
4673,825,12,"2025-04-25 00:00:00",Cash,11887.00,206.00,0.00,12093.00
4674,3511,10,"2025-09-24 00:00:00",Cash,8979.00,424.00,0.00,9403.00
4675,2330,10,"2025-06-27 00:00:00",Cash,8946.00,426.00,0.00,9372.00
4676,6478,16,"2025-04-22 00:00:00",Cash,5054.00,397.00,0.00,5451.00
4677,6940,18,"2025-09-23 00:00:00",Card,14872.00,412.00,0.00,15284.00
4678,6782,10,"2025-11-25 00:00:00",UPI,1719.00,308.00,0.00,2027.00
4679,7072,17,"2025-10-11 00:00:00",Card,14868.00,410.00,0.00,15278.00
4680,5857,4,"2025-05-12 00:00:00",Cash,11061.00,332.00,0.00,11393.00
4681,5162,4,"2025-12-07 00:00:00",UPI,4534.00,473.00,0.00,5007.00
4682,6668,8,"2025-09-05 00:00:00",Cash,13577.00,320.00,0.00,13897.00
4683,3956,1,"2025-10-28 00:00:00",Card,15925.00,448.00,0.00,16373.00
4684,6670,7,"2025-09-07 00:00:00",Card,10223.00,299.00,0.00,10522.00
4685,1346,18,"2025-10-05 00:00:00",Card,8896.00,444.00,0.00,9340.00
4686,2256,8,"2025-10-05 00:00:00",Card,12213.00,472.00,0.00,12685.00
4687,6812,7,"2025-11-18 00:00:00",Card,7760.00,195.00,0.00,7955.00
4688,350,20,"2025-05-26 00:00:00",Cash,13084.00,342.00,0.00,13426.00
4689,7497,8,"2025-11-08 00:00:00",UPI,7943.00,240.00,0.00,8183.00
4690,233,13,"2025-08-14 00:00:00",Cash,9708.00,170.00,0.00,9878.00
4691,6473,3,"2025-04-14 00:00:00",Card,4255.00,384.00,0.00,4639.00
4692,483,7,"2025-05-06 00:00:00",Cash,2125.00,245.00,0.00,2370.00
4693,5848,1,"2025-05-31 00:00:00",UPI,2391.00,494.00,0.00,2885.00
4694,7211,8,"2025-04-30 00:00:00",Cash,664.00,281.00,0.00,945.00
4695,5196,4,"2025-05-25 00:00:00",UPI,5908.00,476.00,0.00,6384.00
4696,6447,16,"2025-05-23 00:00:00",Cash,8592.00,352.00,0.00,8944.00
4697,3566,6,"2025-08-12 00:00:00",Cash,20461.00,180.00,0.00,20641.00
4698,2374,10,"2025-10-15 00:00:00",Cash,14886.00,304.00,0.00,15190.00
4699,6604,17,"2025-07-18 00:00:00",UPI,6091.00,459.00,0.00,6550.00
4700,6263,12,"2025-03-14 00:00:00",UPI,8061.00,237.00,0.00,8298.00
4701,1875,18,"2025-09-10 00:00:00",UPI,3737.00,387.00,0.00,4124.00
4702,286,6,"2025-01-17 00:00:00",Card,13409.00,323.00,0.00,13732.00
4703,6111,9,"2025-02-05 00:00:00",Cash,8819.00,150.00,0.00,8969.00
4704,7331,7,"2025-04-06 00:00:00",UPI,8591.00,406.00,0.00,8997.00
4705,5736,8,"2025-04-22 00:00:00",Card,5310.00,438.00,0.00,5748.00
4706,3331,8,"2025-12-09 00:00:00",Cash,7291.00,276.00,0.00,7567.00
4707,3156,1,"2025-07-06 00:00:00",UPI,12707.00,361.00,0.00,13068.00
4708,2321,13,"2025-03-08 00:00:00",UPI,6947.00,348.00,0.00,7295.00
4709,6368,17,"2025-02-01 00:00:00",UPI,6311.00,231.00,0.00,6542.00
4710,7989,6,"2025-07-22 00:00:00",UPI,15291.00,221.00,0.00,15512.00
4711,7072,2,"2025-11-10 00:00:00",Card,1671.00,456.00,0.00,2127.00
4712,5669,11,"2025-12-22 00:00:00",Card,14183.00,438.00,0.00,14621.00
4713,2616,18,"2025-08-18 00:00:00",UPI,5512.00,278.00,0.00,5790.00
4714,7120,12,"2025-04-13 00:00:00",Card,12208.00,437.00,0.00,12645.00
4715,1974,6,"2025-12-30 00:00:00",Card,3878.00,165.00,0.00,4043.00
4716,6727,13,"2025-07-20 00:00:00",Card,18479.00,416.00,0.00,18895.00
4717,7217,16,"2025-02-02 00:00:00",Cash,13042.00,361.00,0.00,13403.00
4718,6188,9,"2025-11-21 00:00:00",UPI,4378.00,312.00,0.00,4690.00
4719,1809,10,"2025-02-16 00:00:00",UPI,16515.00,225.00,0.00,16740.00
4720,355,3,"2025-06-30 00:00:00",Cash,2251.00,190.00,0.00,2441.00
4721,4850,3,"2025-08-13 00:00:00",Card,10780.00,414.00,0.00,11194.00
4722,3148,16,"2025-11-17 00:00:00",Card,7710.00,398.00,0.00,8108.00
4723,5955,9,"2025-10-17 00:00:00",Cash,3291.00,420.00,0.00,3711.00
4724,5348,15,"2025-05-21 00:00:00",Card,6155.00,480.00,0.00,6635.00
4725,480,18,"2025-01-12 00:00:00",UPI,8770.00,220.00,0.00,8990.00
4726,1211,8,"2025-02-28 00:00:00",UPI,3528.00,261.00,0.00,3789.00
4727,2753,19,"2025-10-30 00:00:00",Cash,10058.00,458.00,0.00,10516.00
4728,5653,3,"2025-12-01 00:00:00",Cash,1452.00,207.00,0.00,1659.00
4729,3219,15,"2025-12-15 00:00:00",Card,7479.00,430.00,0.00,7909.00
4730,7968,13,"2025-03-17 00:00:00",UPI,1026.00,417.00,0.00,1443.00
4731,5158,5,"2025-06-02 00:00:00",Cash,6651.00,456.00,0.00,7107.00
4732,4792,15,"2025-10-18 00:00:00",Cash,6073.00,191.00,0.00,6264.00
4733,833,3,"2025-08-12 00:00:00",Cash,6486.00,202.00,0.00,6688.00
4734,1038,13,"2025-10-10 00:00:00",UPI,9554.00,216.00,0.00,9770.00
4735,3448,2,"2025-06-09 00:00:00",Card,13172.00,374.00,0.00,13546.00
4736,1977,7,"2025-11-20 00:00:00",Card,7472.00,332.00,0.00,7804.00
4737,5185,4,"2025-11-30 00:00:00",UPI,3142.00,386.00,0.00,3528.00
4738,99,9,"2025-06-16 00:00:00",UPI,9629.00,425.00,0.00,10054.00
4739,6936,13,"2025-11-18 00:00:00",Cash,9603.00,337.00,0.00,9940.00
4740,479,12,"2025-07-17 00:00:00",Card,3253.00,405.00,0.00,3658.00
4741,3872,15,"2025-06-26 00:00:00",UPI,649.00,283.00,0.00,932.00
4742,6392,8,"2025-01-14 00:00:00",Cash,4578.00,448.00,0.00,5026.00
4743,1091,13,"2025-06-17 00:00:00",UPI,1715.00,356.00,0.00,2071.00
4744,1207,17,"2025-12-23 00:00:00",UPI,625.00,477.00,0.00,1102.00
4745,2587,2,"2025-10-11 00:00:00",Card,1010.00,205.00,0.00,1215.00
4746,3576,15,"2025-03-27 00:00:00",Card,2308.00,216.00,0.00,2524.00
4747,3712,14,"2025-02-22 00:00:00",Cash,17085.00,173.00,0.00,17258.00
4748,1124,10,"2025-05-28 00:00:00",Card,3247.00,275.00,0.00,3522.00
4749,4746,6,"2025-12-17 00:00:00",UPI,16348.00,187.00,0.00,16535.00
4750,6348,13,"2025-09-13 00:00:00",Cash,17232.00,452.00,0.00,17684.00
4751,1172,5,"2025-04-05 00:00:00",Cash,7594.00,194.00,0.00,7788.00
4752,2361,3,"2025-08-01 00:00:00",Card,17213.00,499.00,0.00,17712.00
4753,2924,11,"2025-08-02 00:00:00",UPI,11572.00,482.00,0.00,12054.00
4754,2757,18,"2025-07-25 00:00:00",Cash,7671.00,336.00,0.00,8007.00
4755,4204,6,"2025-11-22 00:00:00",Card,4651.00,418.00,0.00,5069.00
4756,305,17,"2025-05-24 00:00:00",Card,18241.00,355.00,0.00,18596.00
4757,4490,6,"2025-11-24 00:00:00",UPI,13929.00,226.00,0.00,14155.00
4758,4968,15,"2025-08-07 00:00:00",UPI,7541.00,156.00,0.00,7697.00
4759,6463,16,"2025-04-02 00:00:00",Cash,10633.00,250.00,0.00,10883.00
4760,6073,6,"2025-09-18 00:00:00",Cash,15114.00,383.00,0.00,15497.00
4761,1527,11,"2025-04-25 00:00:00",Card,9398.00,202.00,0.00,9600.00
4762,3283,18,"2025-11-26 00:00:00",UPI,6510.00,425.00,0.00,6935.00
4763,430,11,"2025-08-04 00:00:00",Cash,7670.00,349.00,0.00,8019.00
4764,4711,18,"2025-05-18 00:00:00",Cash,2610.00,322.00,0.00,2932.00
4765,4694,9,"2025-09-07 00:00:00",Card,4835.00,274.00,0.00,5109.00
4766,1257,11,"2025-01-29 00:00:00",UPI,9418.00,337.00,0.00,9755.00
4767,1224,9,"2025-08-27 00:00:00",Card,5700.00,415.00,0.00,6115.00
4768,4289,4,"2025-09-11 00:00:00",UPI,15201.00,258.00,0.00,15459.00
4769,456,8,"2025-11-13 00:00:00",Card,9126.00,389.00,0.00,9515.00
4770,6902,10,"2025-07-17 00:00:00",UPI,9734.00,332.00,0.00,10066.00
4771,1853,8,"2025-03-20 00:00:00",Card,8505.00,418.00,0.00,8923.00
4772,3135,19,"2025-01-17 00:00:00",UPI,15367.00,345.00,0.00,15712.00
4773,6338,20,"2025-11-29 00:00:00",Card,6432.00,189.00,0.00,6621.00
4774,3773,6,"2025-11-15 00:00:00",UPI,16374.00,189.00,0.00,16563.00
4775,5356,8,"2025-07-02 00:00:00",Card,1510.00,475.00,0.00,1985.00
4776,5618,11,"2025-08-17 00:00:00",UPI,977.00,300.00,0.00,1277.00
4777,1446,13,"2025-09-15 00:00:00",Cash,9653.00,320.00,0.00,9973.00
4778,4791,4,"2025-07-23 00:00:00",UPI,17585.00,437.00,0.00,18022.00
4779,822,2,"2025-06-05 00:00:00",Cash,2854.00,181.00,0.00,3035.00
4780,7569,18,"2025-05-05 00:00:00",UPI,2952.00,262.00,0.00,3214.00
4781,599,12,"2025-02-24 00:00:00",Card,909.00,155.00,0.00,1064.00
4782,146,19,"2025-03-09 00:00:00",UPI,11590.00,401.00,0.00,11991.00
4783,7744,16,"2025-06-07 00:00:00",Card,5491.00,486.00,0.00,5977.00
4784,3270,5,"2025-03-15 00:00:00",Cash,14977.00,152.00,0.00,15129.00
4785,7239,15,"2025-04-23 00:00:00",Cash,2978.00,312.00,0.00,3290.00
4786,2926,5,"2025-12-14 00:00:00",Cash,6060.00,221.00,0.00,6281.00
4787,2051,7,"2025-11-19 00:00:00",Cash,7519.00,442.00,0.00,7961.00
4788,7877,3,"2025-06-09 00:00:00",UPI,5540.00,400.00,0.00,5940.00
4789,5636,7,"2025-10-13 00:00:00",UPI,4233.00,311.00,0.00,4544.00
4790,3182,6,"2025-03-09 00:00:00",Cash,16183.00,324.00,0.00,16507.00
4791,552,8,"2025-09-21 00:00:00",UPI,10614.00,295.00,0.00,10909.00
4792,6098,8,"2025-07-08 00:00:00",Card,20724.00,478.00,0.00,21202.00
4793,6393,6,"2025-10-08 00:00:00",Card,7596.00,312.00,0.00,7908.00
4794,5049,9,"2025-09-09 00:00:00",Cash,4348.00,182.00,0.00,4530.00
4795,1465,12,"2025-06-15 00:00:00",Card,6734.00,379.00,0.00,7113.00
4796,6547,11,"2025-10-15 00:00:00",Cash,6560.00,321.00,0.00,6881.00
4797,6603,11,"2025-09-19 00:00:00",UPI,12864.00,268.00,0.00,13132.00
4798,1292,16,"2025-08-14 00:00:00",Card,20327.00,335.00,0.00,20662.00
4799,6314,10,"2025-06-30 00:00:00",Card,11438.00,422.00,0.00,11860.00
4800,6445,16,"2025-10-17 00:00:00",Cash,4833.00,242.00,0.00,5075.00
4801,907,5,"2025-11-28 00:00:00",UPI,3715.00,161.00,0.00,3876.00
4802,3702,3,"2025-07-05 00:00:00",Cash,17405.00,324.00,0.00,17729.00
4803,6193,16,"2025-04-14 00:00:00",UPI,5379.00,371.00,0.00,5750.00
4804,1661,6,"2025-03-11 00:00:00",UPI,12715.00,349.00,0.00,13064.00
4805,4378,13,"2025-06-07 00:00:00",UPI,5133.00,403.00,0.00,5536.00
4806,5465,13,"2025-04-14 00:00:00",Card,17379.00,416.00,0.00,17795.00
4807,2495,14,"2025-05-18 00:00:00",Card,5271.00,398.00,0.00,5669.00
4808,4481,3,"2025-11-12 00:00:00",Cash,4003.00,398.00,0.00,4401.00
4809,4396,3,"2025-05-12 00:00:00",Card,5413.00,154.00,0.00,5567.00
4810,5798,2,"2025-05-19 00:00:00",Cash,3549.00,244.00,0.00,3793.00
4811,5381,3,"2025-08-03 00:00:00",UPI,8392.00,176.00,0.00,8568.00
4812,742,6,"2025-01-12 00:00:00",Card,23487.00,403.00,0.00,23890.00
4813,6277,17,"2025-04-05 00:00:00",Cash,10184.00,256.00,0.00,10440.00
4814,5377,1,"2025-10-13 00:00:00",Cash,15621.00,434.00,0.00,16055.00
4815,739,7,"2025-12-04 00:00:00",Cash,2967.00,319.00,0.00,3286.00
4816,1951,3,"2025-04-07 00:00:00",UPI,19320.00,323.00,0.00,19643.00
4817,3327,3,"2025-11-28 00:00:00",Cash,1323.00,428.00,0.00,1751.00
4818,5434,1,"2025-07-14 00:00:00",UPI,9310.00,457.00,0.00,9767.00
4819,3800,7,"2025-07-24 00:00:00",Cash,10779.00,257.00,0.00,11036.00
4820,1185,11,"2025-06-18 00:00:00",Card,10713.00,340.00,0.00,11053.00
4821,5666,11,"2025-06-10 00:00:00",UPI,4974.00,379.00,0.00,5353.00
4822,1150,12,"2025-09-25 00:00:00",Cash,1802.00,233.00,0.00,2035.00
4823,3503,16,"2025-01-24 00:00:00",Card,5795.00,493.00,0.00,6288.00
4824,3612,20,"2025-12-02 00:00:00",Card,20266.00,373.00,0.00,20639.00
4825,2525,3,"2025-06-22 00:00:00",UPI,8620.00,282.00,0.00,8902.00
4826,7892,20,"2025-03-14 00:00:00",UPI,1876.00,292.00,0.00,2168.00
4827,7327,13,"2025-10-17 00:00:00",Cash,9111.00,238.00,0.00,9349.00
4828,6757,11,"2025-02-15 00:00:00",UPI,3107.00,308.00,0.00,3415.00
4829,6612,18,"2025-07-07 00:00:00",Cash,13558.00,151.00,0.00,13709.00
4830,2728,18,"2025-01-18 00:00:00",UPI,2860.00,367.00,0.00,3227.00
4831,4648,10,"2025-03-09 00:00:00",UPI,9174.00,153.00,0.00,9327.00
4832,2519,10,"2025-02-23 00:00:00",UPI,6108.00,209.00,0.00,6317.00
4833,3842,6,"2025-02-06 00:00:00",Cash,6281.00,374.00,0.00,6655.00
4834,2198,16,"2025-09-13 00:00:00",Card,6849.00,461.00,0.00,7310.00
4835,7194,15,"2025-01-20 00:00:00",UPI,11369.00,236.00,0.00,11605.00
4836,7036,11,"2025-08-30 00:00:00",Cash,15721.00,364.00,0.00,16085.00
4837,4154,10,"2025-12-12 00:00:00",Cash,795.00,474.00,0.00,1269.00
4838,2154,2,"2025-05-06 00:00:00",UPI,3287.00,286.00,0.00,3573.00
4839,5653,3,"2025-04-12 00:00:00",Cash,10340.00,266.00,0.00,10606.00
4840,4143,14,"2025-04-21 00:00:00",Cash,12745.00,469.00,0.00,13214.00
4841,4244,9,"2025-06-05 00:00:00",Cash,16060.00,486.00,0.00,16546.00
4842,2239,2,"2025-05-29 00:00:00",UPI,10511.00,223.00,0.00,10734.00
4843,2388,4,"2025-11-05 00:00:00",Card,940.00,485.00,0.00,1425.00
4844,2051,8,"2026-01-02 00:00:00",Cash,4817.00,332.00,0.00,5149.00
4845,3212,11,"2025-05-23 00:00:00",Cash,8583.00,309.00,0.00,8892.00
4846,4114,1,"2025-11-01 00:00:00",Card,5194.00,404.00,0.00,5598.00
4847,887,20,"2025-02-13 00:00:00",UPI,3657.00,435.00,0.00,4092.00
4848,6625,9,"2025-06-23 00:00:00",Card,24153.00,165.00,0.00,24318.00
4849,6024,2,"2025-03-20 00:00:00",Cash,4410.00,464.00,0.00,4874.00
4850,5305,6,"2025-05-07 00:00:00",Card,11955.00,386.00,0.00,12341.00
4851,4432,6,"2025-10-02 00:00:00",Card,11108.00,449.00,0.00,11557.00
4852,5908,15,"2025-05-12 00:00:00",Card,11683.00,396.00,0.00,12079.00
4853,2676,20,"2025-09-17 00:00:00",Cash,6998.00,307.00,0.00,7305.00
4854,126,18,"2025-09-26 00:00:00",Card,4544.00,209.00,0.00,4753.00
4855,5342,13,"2025-01-21 00:00:00",UPI,5762.00,485.00,0.00,6247.00
4856,1585,5,"2025-12-19 00:00:00",Cash,7979.00,463.00,0.00,8442.00
4857,7409,1,"2025-06-21 00:00:00",Cash,5171.00,422.00,0.00,5593.00
4858,5463,7,"2025-11-20 00:00:00",UPI,5461.00,425.00,0.00,5886.00
4859,5541,14,"2025-12-24 00:00:00",Card,10084.00,420.00,0.00,10504.00
4860,3158,6,"2025-09-16 00:00:00",UPI,702.00,340.00,0.00,1042.00
4861,7523,7,"2026-01-02 00:00:00",Card,7810.00,469.00,0.00,8279.00
4862,5340,3,"2025-11-29 00:00:00",Card,4953.00,245.00,0.00,5198.00
4863,6786,18,"2025-12-06 00:00:00",Cash,12156.00,452.00,0.00,12608.00
4864,5041,10,"2025-05-15 00:00:00",Card,5564.00,246.00,0.00,5810.00
4865,2196,12,"2025-10-01 00:00:00",Card,13295.00,311.00,0.00,13606.00
4866,1400,10,"2025-07-18 00:00:00",Card,2435.00,324.00,0.00,2759.00
4867,4258,13,"2025-09-26 00:00:00",Card,1825.00,276.00,0.00,2101.00
4868,3424,15,"2025-04-21 00:00:00",Cash,2896.00,322.00,0.00,3218.00
4869,3436,1,"2025-07-04 00:00:00",Card,13292.00,425.00,0.00,13717.00
4870,7005,1,"2025-02-22 00:00:00",UPI,5695.00,172.00,0.00,5867.00
4871,1247,4,"2025-05-07 00:00:00",Cash,3776.00,324.00,0.00,4100.00
4872,5381,2,"2025-06-22 00:00:00",UPI,4519.00,404.00,0.00,4923.00
4873,1127,19,"2025-03-21 00:00:00",Cash,8485.00,249.00,0.00,8734.00
4874,5595,4,"2025-07-20 00:00:00",Cash,9919.00,412.00,0.00,10331.00
4875,5225,10,"2025-08-03 00:00:00",Cash,11127.00,345.00,0.00,11472.00
4876,2144,8,"2025-07-11 00:00:00",Cash,3963.00,397.00,0.00,4360.00
4877,3635,9,"2025-09-28 00:00:00",Cash,15836.00,221.00,0.00,16057.00
4878,2768,18,"2025-07-13 00:00:00",Cash,601.00,295.00,0.00,896.00
4879,718,18,"2025-11-08 00:00:00",Cash,4980.00,219.00,0.00,5199.00
4880,6570,13,"2025-11-08 00:00:00",Cash,7211.00,355.00,0.00,7566.00
4881,4365,13,"2025-05-07 00:00:00",UPI,7103.00,474.00,0.00,7577.00
4882,2298,10,"2025-02-03 00:00:00",UPI,16566.00,451.00,0.00,17017.00
4883,4740,15,"2025-10-25 00:00:00",UPI,1139.00,255.00,0.00,1394.00
4884,5651,11,"2025-11-21 00:00:00",UPI,17322.00,391.00,0.00,17713.00
4885,4069,18,"2025-03-25 00:00:00",UPI,3623.00,429.00,0.00,4052.00
4886,1362,16,"2025-06-07 00:00:00",Card,10468.00,320.00,0.00,10788.00
4887,6866,11,"2025-08-14 00:00:00",UPI,4040.00,494.00,0.00,4534.00
4888,5877,5,"2025-11-27 00:00:00",Card,834.00,210.00,0.00,1044.00
4889,724,14,"2025-12-29 00:00:00",Cash,5565.00,416.00,0.00,5981.00
4890,5172,4,"2025-10-16 00:00:00",UPI,12818.00,251.00,0.00,13069.00
4891,2270,4,"2025-03-24 00:00:00",Card,10270.00,346.00,0.00,10616.00
4892,3736,6,"2025-10-02 00:00:00",Card,15712.00,343.00,0.00,16055.00
4893,2366,7,"2025-07-02 00:00:00",UPI,5563.00,288.00,0.00,5851.00
4894,4633,16,"2025-05-19 00:00:00",Card,727.00,232.00,0.00,959.00
4895,5481,13,"2025-11-02 00:00:00",Card,8859.00,396.00,0.00,9255.00
4896,4446,3,"2025-09-17 00:00:00",Cash,7864.00,161.00,0.00,8025.00
4897,3116,17,"2025-11-22 00:00:00",UPI,9557.00,404.00,0.00,9961.00
4898,4679,12,"2025-04-02 00:00:00",Cash,7983.00,326.00,0.00,8309.00
4899,4580,8,"2025-04-23 00:00:00",Cash,20302.00,387.00,0.00,20689.00
4900,3267,3,"2025-12-16 00:00:00",Card,10623.00,224.00,0.00,10847.00
4901,3814,20,"2025-07-18 00:00:00",Card,9355.00,397.00,0.00,9752.00
4902,5692,12,"2025-09-21 00:00:00",UPI,5825.00,487.00,0.00,6312.00
4903,2149,8,"2025-12-03 00:00:00",UPI,6828.00,435.00,0.00,7263.00
4904,5438,8,"2025-09-08 00:00:00",Cash,17588.00,465.00,0.00,18053.00
4905,706,6,"2025-03-11 00:00:00",Cash,3716.00,468.00,0.00,4184.00
4906,4062,5,"2025-08-15 00:00:00",Card,20379.00,322.00,0.00,20701.00
4907,2003,6,"2025-10-28 00:00:00",UPI,10459.00,338.00,0.00,10797.00
4908,7676,13,"2025-11-14 00:00:00",Cash,7169.00,487.00,0.00,7656.00
4909,6504,16,"2025-09-23 00:00:00",Card,4297.00,454.00,0.00,4751.00
4910,2866,14,"2025-01-22 00:00:00",UPI,7566.00,272.00,0.00,7838.00
4911,5797,17,"2025-03-09 00:00:00",Card,2050.00,170.00,0.00,2220.00
4912,4932,3,"2025-06-10 00:00:00",Card,22906.00,465.00,0.00,23371.00
4913,2271,6,"2025-12-20 00:00:00",Cash,6856.00,481.00,0.00,7337.00
4914,917,6,"2025-09-09 00:00:00",Card,14401.00,428.00,0.00,14829.00
4915,6615,14,"2025-03-17 00:00:00",UPI,6792.00,209.00,0.00,7001.00
4916,1382,18,"2025-12-08 00:00:00",Card,6401.00,375.00,0.00,6776.00
4917,7510,6,"2025-12-29 00:00:00",Card,20071.00,495.00,0.00,20566.00
4918,185,18,"2025-09-13 00:00:00",UPI,8867.00,334.00,0.00,9201.00
4919,489,6,"2025-07-21 00:00:00",Card,8099.00,341.00,0.00,8440.00
4920,6117,8,"2025-08-09 00:00:00",Cash,2131.00,385.00,0.00,2516.00
4921,7095,9,"2025-06-12 00:00:00",Cash,17301.00,218.00,0.00,17519.00
4922,4150,6,"2025-06-28 00:00:00",Card,8214.00,463.00,0.00,8677.00
4923,3150,13,"2025-07-11 00:00:00",Cash,18094.00,414.00,0.00,18508.00
4924,4163,10,"2025-12-23 00:00:00",UPI,2988.00,385.00,0.00,3373.00
4925,7984,5,"2025-10-29 00:00:00",UPI,8871.00,262.00,0.00,9133.00
4926,1790,9,"2025-02-07 00:00:00",UPI,6167.00,398.00,0.00,6565.00
4927,1355,7,"2025-12-31 00:00:00",Cash,7225.00,240.00,0.00,7465.00
4928,3398,5,"2025-07-18 00:00:00",Cash,7924.00,366.00,0.00,8290.00
4929,4878,6,"2025-06-17 00:00:00",Cash,10364.00,474.00,0.00,10838.00
4930,6983,2,"2025-03-09 00:00:00",UPI,6261.00,421.00,0.00,6682.00
4931,6737,15,"2025-07-28 00:00:00",Card,1752.00,220.00,0.00,1972.00
4932,6107,11,"2025-12-24 00:00:00",UPI,14005.00,426.00,0.00,14431.00
4933,1160,6,"2025-08-21 00:00:00",UPI,6141.00,379.00,0.00,6520.00
4934,1701,12,"2025-12-20 00:00:00",Cash,10588.00,442.00,0.00,11030.00
4935,4745,13,"2025-05-31 00:00:00",Card,2106.00,283.00,0.00,2389.00
4936,2889,14,"2025-09-16 00:00:00",Card,12024.00,278.00,0.00,12302.00
4937,4822,5,"2025-12-01 00:00:00",UPI,4840.00,192.00,0.00,5032.00
4938,5427,8,"2025-11-07 00:00:00",Card,5905.00,443.00,0.00,6348.00
4939,2489,6,"2025-08-10 00:00:00",UPI,15242.00,435.00,0.00,15677.00
4940,4554,20,"2025-10-31 00:00:00",Cash,3888.00,344.00,0.00,4232.00
4941,4723,10,"2025-04-03 00:00:00",UPI,14378.00,325.00,0.00,14703.00
4942,699,9,"2025-10-04 00:00:00",Card,26751.00,231.00,0.00,26982.00
4943,1970,19,"2025-08-19 00:00:00",Card,3474.00,329.00,0.00,3803.00
4944,4652,8,"2025-02-28 00:00:00",Card,8575.00,348.00,0.00,8923.00
4945,1112,11,"2025-01-31 00:00:00",Card,2815.00,419.00,0.00,3234.00
4946,3038,7,"2025-02-04 00:00:00",Cash,8985.00,328.00,0.00,9313.00
4947,1707,20,"2025-06-12 00:00:00",Cash,7664.00,221.00,0.00,7885.00
4948,4524,9,"2025-11-30 00:00:00",UPI,17793.00,324.00,0.00,18117.00
4949,4080,3,"2025-05-02 00:00:00",Cash,14640.00,286.00,0.00,14926.00
4950,543,3,"2025-06-25 00:00:00",UPI,19622.00,345.00,0.00,19967.00
4951,1911,11,"2025-07-22 00:00:00",Cash,17557.00,189.00,0.00,17746.00
4952,2089,13,"2025-08-14 00:00:00",UPI,6911.00,204.00,0.00,7115.00
4953,5281,3,"2025-11-16 00:00:00",Cash,12634.00,367.00,0.00,13001.00
4954,7325,10,"2025-01-26 00:00:00",UPI,10243.00,186.00,0.00,10429.00
4955,1210,15,"2025-04-06 00:00:00",Cash,17347.00,179.00,0.00,17526.00
4956,5193,13,"2025-09-26 00:00:00",Card,810.00,245.00,0.00,1055.00
4957,692,16,"2025-12-16 00:00:00",Cash,3662.00,353.00,0.00,4015.00
4958,6102,6,"2025-04-27 00:00:00",UPI,12119.00,386.00,0.00,12505.00
4959,1489,6,"2025-09-27 00:00:00",UPI,16711.00,367.00,0.00,17078.00
4960,4060,4,"2025-12-03 00:00:00",Card,3875.00,480.00,0.00,4355.00
4961,1379,3,"2025-09-26 00:00:00",Cash,8250.00,284.00,0.00,8534.00
4962,124,17,"2025-02-01 00:00:00",UPI,27298.00,240.00,0.00,27538.00
4963,1019,15,"2025-09-30 00:00:00",UPI,3430.00,235.00,0.00,3665.00
4964,7798,14,"2025-02-09 00:00:00",UPI,4681.00,402.00,0.00,5083.00
4965,2446,13,"2025-04-07 00:00:00",Cash,6176.00,434.00,0.00,6610.00
4966,1967,9,"2025-12-01 00:00:00",UPI,6312.00,341.00,0.00,6653.00
4967,5380,4,"2025-06-17 00:00:00",Card,1860.00,424.00,0.00,2284.00
4968,6912,10,"2025-01-21 00:00:00",UPI,13689.00,373.00,0.00,14062.00
4969,4906,10,"2025-03-10 00:00:00",Cash,9258.00,352.00,0.00,9610.00
4970,2121,15,"2025-05-03 00:00:00",UPI,3095.00,242.00,0.00,3337.00
4971,7539,7,"2025-06-02 00:00:00",Cash,6357.00,497.00,0.00,6854.00
4972,5304,13,"2025-05-30 00:00:00",Cash,10411.00,497.00,0.00,10908.00
4973,4688,6,"2025-04-10 00:00:00",Card,4127.00,478.00,0.00,4605.00
4974,3009,1,"2025-07-13 00:00:00",UPI,5874.00,252.00,0.00,6126.00
4975,5554,13,"2025-05-21 00:00:00",Cash,2625.00,218.00,0.00,2843.00
4976,4325,1,"2025-11-02 00:00:00",Card,1873.00,350.00,0.00,2223.00
4977,1409,12,"2025-08-19 00:00:00",UPI,8301.00,192.00,0.00,8493.00
4978,1946,1,"2025-05-15 00:00:00",Card,14425.00,242.00,0.00,14667.00
4979,6294,20,"2025-09-18 00:00:00",Cash,26926.00,435.00,0.00,27361.00
4980,7671,3,"2025-05-28 00:00:00",UPI,5386.00,342.00,0.00,5728.00
4981,6800,3,"2025-09-02 00:00:00",UPI,6903.00,214.00,0.00,7117.00
4982,3824,16,"2025-05-11 00:00:00",Card,11835.00,200.00,0.00,12035.00
4983,6091,14,"2025-03-24 00:00:00",Cash,3594.00,408.00,0.00,4002.00
4984,2080,9,"2025-09-04 00:00:00",Cash,11436.00,220.00,0.00,11656.00
4985,3356,17,"2025-02-04 00:00:00",UPI,12840.00,228.00,0.00,13068.00
4986,94,3,"2025-06-13 00:00:00",UPI,13665.00,439.00,0.00,14104.00
4987,3695,13,"2025-06-29 00:00:00",Cash,15734.00,240.00,0.00,15974.00
4988,3287,8,"2025-07-17 00:00:00",Cash,17840.00,195.00,0.00,18035.00
4989,7151,8,"2025-05-10 00:00:00",UPI,5592.00,482.00,0.00,6074.00
4990,1566,18,"2025-07-04 00:00:00",Cash,2903.00,478.00,0.00,3381.00
4991,419,3,"2025-06-25 00:00:00",Cash,2352.00,280.00,0.00,2632.00
4992,3067,4,"2026-01-09 00:00:00",Cash,6909.00,396.00,0.00,7305.00
4993,1105,7,"2025-01-23 00:00:00",UPI,5100.00,264.00,0.00,5364.00
4994,550,13,"2025-04-07 00:00:00",Cash,5849.00,321.00,0.00,6170.00
4995,7530,19,"2025-10-10 00:00:00",Card,6711.00,486.00,0.00,7197.00
4996,2359,12,"2025-12-15 00:00:00",UPI,13729.00,442.00,0.00,14171.00
4997,5078,15,"2025-10-19 00:00:00",Card,5071.00,256.00,0.00,5327.00
4998,896,12,"2026-01-08 00:00:00",Cash,12902.00,192.00,0.00,13094.00
4999,4215,9,"2025-10-24 00:00:00",Cash,10082.00,429.00,0.00,10511.00
5000,5625,10,"2025-07-23 00:00:00",Cash,3403.00,178.00,0.00,3581.00
