invoice_id,item_id,product_id,brand_id,product_type_id,quantity,unit_selling_price,final_product_price
1,1,6,24,36,1,6749.00,6749.00
2,2,3,19,22,1,2748.00,2748.00
3,3,3,18,19,1,2227.00,2227.00
4,4,1,1,7,1,4514.00,4514.00
4,5,1,2,5,1,6928.00,6928.00
5,6,4,22,31,1,5684.00,5684.00
5,7,3,19,29,1,6657.00,6657.00
6,8,2,17,18,2,4045.00,8090.00
6,9,3,19,22,1,5089.00,5089.00
6,10,6,24,36,1,2949.00,2949.00
7,11,6,25,36,1,6386.00,6386.00
7,12,4,21,35,1,555.00,555.00
8,13,6,25,36,1,601.00,601.00
8,14,6,25,36,1,1333.00,1333.00
9,15,2,13,14,2,2077.00,4154.00
10,16,3,19,25,1,1881.00,1881.00
11,17,4,21,30,1,3706.00,3706.00
12,18,4,20,31,1,2026.00,2026.00
12,19,2,11,13,2,4088.00,8176.00
13,20,4,22,31,1,4977.00,4977.00
14,21,3,19,25,1,4030.00,4030.00
15,22,1,10,10,1,2461.00,2461.00
15,23,4,21,31,1,5016.00,5016.00
15,24,6,24,36,1,6284.00,6284.00
16,25,1,7,2,1,6342.00,6342.00
16,26,3,19,27,1,2785.00,2785.00
16,27,1,9,2,1,2971.00,2971.00
17,28,1,1,6,1,4493.00,4493.00
17,29,4,20,32,1,6106.00,6106.00
17,30,2,15,13,2,6945.00,13890.00
18,31,4,22,32,1,1014.00,1014.00
18,32,4,21,30,1,1319.00,1319.00
19,33,1,6,5,1,4521.00,4521.00
19,34,4,20,35,1,6857.00,6857.00
19,35,2,12,17,2,4475.00,8950.00
20,36,1,9,5,1,1441.00,1441.00
21,37,4,22,34,1,5391.00,5391.00
22,38,2,16,17,2,1485.00,2970.00
22,39,4,21,31,1,1327.00,1327.00
22,40,2,14,17,2,1215.00,2430.00
23,41,1,3,7,1,4400.00,4400.00
23,42,2,16,17,2,897.00,1794.00
23,43,3,19,24,1,1544.00,1544.00
24,44,1,2,5,1,3988.00,3988.00
24,45,3,19,27,1,5027.00,5027.00
25,46,6,24,36,1,1929.00,1929.00
26,47,2,11,12,2,1626.00,3252.00
27,48,4,21,34,1,6303.00,6303.00
27,49,6,24,36,1,6342.00,6342.00
28,50,2,11,17,2,4886.00,9772.00
29,51,1,9,9,1,2916.00,2916.00
30,52,6,25,36,1,3630.00,3630.00
31,53,1,9,5,1,2721.00,2721.00
31,54,1,4,9,1,1840.00,1840.00
32,55,1,6,11,1,1173.00,1173.00
32,56,1,3,3,1,5522.00,5522.00
33,57,4,22,34,1,3339.00,3339.00
33,58,3,18,26,1,861.00,861.00
33,59,3,18,26,1,4574.00,4574.00
34,60,1,9,7,1,5156.00,5156.00
35,61,4,20,30,1,6502.00,6502.00
35,62,4,20,32,1,680.00,680.00
35,63,1,3,2,1,1916.00,1916.00
36,64,6,25,36,1,5929.00,5929.00
36,65,4,22,35,1,2334.00,2334.00
36,66,6,25,36,1,5038.00,5038.00
37,67,3,19,25,1,2900.00,2900.00
37,68,1,6,3,1,6458.00,6458.00
37,69,6,24,36,1,2474.00,2474.00
38,70,4,22,35,1,6862.00,6862.00
38,71,3,19,28,1,6859.00,6859.00
38,72,6,25,36,1,869.00,869.00
39,73,6,24,36,1,6633.00,6633.00
40,74,6,25,36,1,6589.00,6589.00
40,75,6,25,36,1,2538.00,2538.00
40,76,1,1,2,1,2967.00,2967.00
41,77,6,24,36,1,2956.00,2956.00
41,78,3,19,25,1,2522.00,2522.00
41,79,3,19,19,1,4897.00,4897.00
42,80,1,8,1,1,6256.00,6256.00
42,81,1,1,1,1,6858.00,6858.00
43,82,6,25,36,1,5004.00,5004.00
43,83,2,12,16,2,3020.00,6040.00
43,84,6,24,36,1,5659.00,5659.00
44,85,6,24,36,1,2224.00,2224.00
44,86,3,19,29,1,4631.00,4631.00
44,87,6,25,36,1,3599.00,3599.00
45,88,1,4,10,1,3805.00,3805.00
45,89,2,17,13,2,5671.00,11342.00
46,90,3,19,23,1,3849.00,3849.00
46,91,4,20,30,1,5507.00,5507.00
46,92,4,21,31,1,5657.00,5657.00
47,93,4,22,33,1,6027.00,6027.00
47,94,2,11,17,2,3655.00,7310.00
47,95,2,16,17,2,1739.00,3478.00
48,96,3,19,23,1,2857.00,2857.00
48,97,6,24,36,1,4515.00,4515.00
49,98,6,24,36,1,2800.00,2800.00
49,99,4,21,32,1,4474.00,4474.00
49,100,3,18,29,1,1278.00,1278.00
50,101,6,24,36,1,3070.00,3070.00
51,102,6,25,36,1,4514.00,4514.00
51,103,1,8,5,1,2284.00,2284.00
51,104,1,4,2,1,3642.00,3642.00
52,105,2,12,14,2,1742.00,3484.00
52,106,3,19,29,1,2407.00,2407.00
52,107,3,19,25,1,4193.00,4193.00
53,108,6,25,36,1,2792.00,2792.00
53,109,3,18,24,1,3620.00,3620.00
53,110,6,24,36,1,1854.00,1854.00
54,111,1,10,11,1,888.00,888.00
55,112,6,24,36,1,619.00,619.00
55,113,1,8,11,1,4955.00,4955.00
56,114,4,21,32,1,4885.00,4885.00
56,115,1,3,9,1,3885.00,3885.00
57,116,3,18,20,1,1342.00,1342.00
58,117,1,2,6,1,1588.00,1588.00
58,118,3,19,25,1,3887.00,3887.00
58,119,1,6,2,1,3449.00,3449.00
59,120,6,24,36,1,3848.00,3848.00
59,121,3,19,20,1,4577.00,4577.00
60,122,6,24,36,1,4359.00,4359.00
60,123,2,11,17,2,2269.00,4538.00
60,124,3,18,23,1,2800.00,2800.00
61,125,2,13,18,2,5983.00,11966.00
62,126,2,15,15,2,894.00,1788.00
62,127,1,10,9,1,5511.00,5511.00
63,128,4,20,30,1,4800.00,4800.00
63,129,2,16,17,2,1113.00,2226.00
63,130,4,21,32,1,4745.00,4745.00
64,131,3,19,22,1,1077.00,1077.00
64,132,1,7,6,1,4897.00,4897.00
65,133,3,19,26,1,5480.00,5480.00
65,134,6,25,36,1,2824.00,2824.00
65,135,6,25,36,1,6303.00,6303.00
66,136,3,18,25,1,4877.00,4877.00
66,137,4,21,30,1,4697.00,4697.00
66,138,2,15,12,2,3987.00,7974.00
67,139,4,21,33,1,1572.00,1572.00
67,140,1,6,9,1,5813.00,5813.00
68,141,2,14,14,2,2040.00,4080.00
68,142,1,1,5,1,4914.00,4914.00
69,143,4,21,34,1,4439.00,4439.00
70,144,4,22,33,1,748.00,748.00
71,145,6,24,36,1,5557.00,5557.00
71,146,2,17,12,2,1520.00,3040.00
72,147,6,24,36,1,2356.00,2356.00
73,148,6,24,36,1,907.00,907.00
74,149,6,25,36,1,3167.00,3167.00
74,150,6,24,36,1,710.00,710.00
75,151,4,20,35,1,6724.00,6724.00
75,152,2,14,14,2,6912.00,13824.00
76,153,1,4,6,1,6048.00,6048.00
76,154,2,14,17,2,5052.00,10104.00
76,155,1,10,9,1,1772.00,1772.00
77,156,1,2,2,1,4399.00,4399.00
78,157,1,1,8,1,4602.00,4602.00
79,158,6,24,36,1,1624.00,1624.00
79,159,6,24,36,1,5209.00,5209.00
80,160,1,5,8,1,2123.00,2123.00
80,161,3,19,26,1,3048.00,3048.00
81,162,1,2,7,1,4932.00,4932.00
81,163,3,19,20,1,2353.00,2353.00
81,164,1,1,3,1,4880.00,4880.00
82,165,1,2,2,1,6550.00,6550.00
82,166,2,17,15,2,6862.00,13724.00
82,167,4,21,34,1,3736.00,3736.00
83,168,4,22,33,1,696.00,696.00
83,169,3,19,21,1,2154.00,2154.00
83,170,1,10,3,1,4812.00,4812.00
84,171,2,15,12,2,550.00,1100.00
84,172,3,19,23,1,3365.00,3365.00
85,173,2,12,16,2,6917.00,13834.00
85,174,2,13,15,2,1461.00,2922.00
86,175,3,19,21,1,2752.00,2752.00
87,176,4,21,32,1,3967.00,3967.00
88,177,4,20,32,1,4853.00,4853.00
88,178,4,22,35,1,5903.00,5903.00
88,179,4,21,30,1,584.00,584.00
89,180,2,17,15,2,1373.00,2746.00
90,181,3,19,22,1,6298.00,6298.00
91,182,2,15,17,2,6439.00,12878.00
91,183,2,12,18,2,4192.00,8384.00
91,184,1,5,5,1,4676.00,4676.00
92,185,2,11,15,2,5420.00,10840.00
92,186,6,25,36,1,4103.00,4103.00
93,187,4,21,32,1,6333.00,6333.00
94,188,3,18,29,1,854.00,854.00
95,189,4,22,34,1,4471.00,4471.00
96,190,1,8,4,1,2228.00,2228.00
96,191,6,24,36,1,2416.00,2416.00
96,192,1,5,7,1,1405.00,1405.00
97,193,1,1,4,1,2813.00,2813.00
98,194,2,12,18,2,1080.00,2160.00
99,195,1,4,11,1,627.00,627.00
99,196,6,24,36,1,3278.00,3278.00
100,197,4,20,31,1,2788.00,2788.00
101,198,1,9,3,1,4200.00,4200.00
102,199,1,3,10,1,2831.00,2831.00
102,200,1,6,4,1,5023.00,5023.00
103,201,6,25,36,1,798.00,798.00
104,202,4,20,35,1,2040.00,2040.00
104,203,2,15,18,2,6301.00,12602.00
104,204,2,17,15,2,1971.00,3942.00
105,205,3,18,20,1,5271.00,5271.00
105,206,4,20,31,1,6899.00,6899.00
105,207,3,19,29,1,3042.00,3042.00
106,208,4,20,31,1,5089.00,5089.00
107,209,6,25,36,1,6525.00,6525.00
108,210,6,24,36,1,5207.00,5207.00
109,211,1,8,7,1,3574.00,3574.00
109,212,1,10,2,1,4272.00,4272.00
110,213,3,19,21,1,2026.00,2026.00
110,214,4,21,35,1,5302.00,5302.00
111,215,4,21,33,1,3499.00,3499.00
111,216,3,18,27,1,4500.00,4500.00
111,217,2,16,13,2,5196.00,10392.00
112,218,1,7,8,1,6992.00,6992.00
113,219,2,15,13,2,5298.00,10596.00
113,220,1,10,3,1,6334.00,6334.00
113,221,4,22,35,1,4389.00,4389.00
114,222,2,14,16,2,3080.00,6160.00
114,223,3,18,22,1,3350.00,3350.00
115,224,4,22,34,1,4227.00,4227.00
115,225,2,13,12,2,875.00,1750.00
116,226,3,18,23,1,6265.00,6265.00
116,227,2,14,16,2,4237.00,8474.00
117,228,6,24,36,1,5536.00,5536.00
118,229,6,24,36,1,3204.00,3204.00
119,230,1,10,2,1,818.00,818.00
119,231,1,1,5,1,4938.00,4938.00
119,232,3,19,23,1,6299.00,6299.00
120,233,4,22,32,1,3611.00,3611.00
121,234,3,18,29,1,5642.00,5642.00
121,235,6,25,36,1,3699.00,3699.00
121,236,2,12,12,2,2735.00,5470.00
122,237,6,25,36,1,6589.00,6589.00
123,238,1,5,2,1,4190.00,4190.00
123,239,1,2,9,1,5222.00,5222.00
124,240,2,12,18,2,2422.00,4844.00
125,241,1,5,6,1,2218.00,2218.00
126,242,1,3,11,1,5084.00,5084.00
127,243,1,5,2,1,6521.00,6521.00
128,244,2,16,13,2,1293.00,2586.00
129,245,4,22,33,1,6027.00,6027.00
129,246,3,18,29,1,6413.00,6413.00
129,247,2,12,17,2,3234.00,6468.00
130,248,6,25,36,1,4835.00,4835.00
130,249,4,22,32,1,6691.00,6691.00
131,250,2,12,17,2,3891.00,7782.00
132,251,6,24,36,1,4210.00,4210.00
132,252,6,25,36,1,3928.00,3928.00
132,253,4,22,32,1,1455.00,1455.00
133,254,4,20,34,1,4831.00,4831.00
133,255,6,25,36,1,575.00,575.00
134,256,2,13,18,2,2609.00,5218.00
134,257,2,11,13,2,6709.00,13418.00
134,258,4,21,34,1,3506.00,3506.00
135,259,1,4,11,1,5832.00,5832.00
135,260,4,21,32,1,1931.00,1931.00
135,261,3,18,29,1,684.00,684.00
136,262,3,19,21,1,2400.00,2400.00
136,263,6,25,36,1,1373.00,1373.00
136,264,6,25,36,1,3247.00,3247.00
137,265,3,18,20,1,6799.00,6799.00
137,266,2,11,15,2,6471.00,12942.00
138,267,6,25,36,1,5301.00,5301.00
138,268,1,10,4,1,2755.00,2755.00
138,269,3,18,20,1,976.00,976.00
139,270,3,18,20,1,614.00,614.00
139,271,4,22,33,1,2819.00,2819.00
140,272,4,20,30,1,6615.00,6615.00
140,273,1,9,9,1,2964.00,2964.00
140,274,4,20,33,1,1060.00,1060.00
141,275,6,24,36,1,2018.00,2018.00
141,276,1,10,4,1,6281.00,6281.00
141,277,2,13,18,2,576.00,1152.00
142,278,4,21,34,1,3820.00,3820.00
142,279,2,11,14,2,1183.00,2366.00
142,280,3,19,21,1,1163.00,1163.00
143,281,3,19,21,1,5733.00,5733.00
144,282,3,19,27,1,1389.00,1389.00
144,283,2,15,15,2,1357.00,2714.00
144,284,6,25,36,1,4242.00,4242.00
145,285,3,18,28,1,2794.00,2794.00
145,286,3,19,19,1,5409.00,5409.00
145,287,4,21,32,1,2467.00,2467.00
146,288,1,10,4,1,1841.00,1841.00
147,289,6,24,36,1,4280.00,4280.00
147,290,6,25,36,1,5761.00,5761.00
148,291,4,21,35,1,4846.00,4846.00
148,292,2,13,14,2,2820.00,5640.00
149,293,1,5,4,1,2999.00,2999.00
149,294,2,15,13,2,6795.00,13590.00
150,295,4,20,33,1,4524.00,4524.00
150,296,3,19,21,1,5282.00,5282.00
151,297,4,20,33,1,5290.00,5290.00
151,298,1,9,5,1,3439.00,3439.00
151,299,1,1,4,1,5518.00,5518.00
152,300,3,19,20,1,2619.00,2619.00
153,301,6,25,36,1,4249.00,4249.00
154,302,3,19,27,1,6445.00,6445.00
155,303,4,21,31,1,1718.00,1718.00
155,304,3,19,25,1,4026.00,4026.00
156,305,1,8,6,1,5330.00,5330.00
156,306,2,12,14,2,2413.00,4826.00
156,307,1,3,9,1,2407.00,2407.00
157,308,4,22,33,1,2367.00,2367.00
157,309,3,19,21,1,5523.00,5523.00
157,310,3,19,25,1,5802.00,5802.00
158,311,4,22,31,1,1063.00,1063.00
158,312,4,22,31,1,6672.00,6672.00
159,313,4,21,32,1,5342.00,5342.00
159,314,6,24,36,1,6073.00,6073.00
159,315,4,21,32,1,6141.00,6141.00
160,316,1,4,8,1,1251.00,1251.00
161,317,3,18,27,1,6030.00,6030.00
161,318,1,4,3,1,6302.00,6302.00
162,319,2,16,12,2,1358.00,2716.00
163,320,6,24,36,1,2382.00,2382.00
163,321,6,24,36,1,4926.00,4926.00
164,322,6,24,36,1,5780.00,5780.00
164,323,6,25,36,1,3641.00,3641.00
164,324,1,7,6,1,704.00,704.00
165,325,3,18,27,1,3835.00,3835.00
165,326,6,25,36,1,3988.00,3988.00
166,327,4,20,35,1,2192.00,2192.00
167,328,3,18,22,1,1544.00,1544.00
167,329,6,25,36,1,5126.00,5126.00
167,330,3,18,23,1,542.00,542.00
168,331,6,24,36,1,1545.00,1545.00
169,332,2,15,18,2,4260.00,8520.00
170,333,4,20,32,1,4386.00,4386.00
170,334,3,19,24,1,1041.00,1041.00
171,335,1,8,8,1,1370.00,1370.00
171,336,2,14,12,2,5926.00,11852.00
172,337,4,21,34,1,4715.00,4715.00
172,338,2,16,14,2,1601.00,3202.00
173,339,4,21,35,1,4622.00,4622.00
174,340,3,18,20,1,2819.00,2819.00
174,341,2,15,15,2,2852.00,5704.00
174,342,4,22,35,1,3792.00,3792.00
175,343,2,13,12,2,6124.00,12248.00
175,344,1,9,10,1,609.00,609.00
175,345,4,20,32,1,1400.00,1400.00
176,346,6,24,36,1,1412.00,1412.00
177,347,3,19,26,1,6495.00,6495.00
178,348,4,22,30,1,6510.00,6510.00
179,349,3,18,20,1,3168.00,3168.00
179,350,3,19,29,1,1097.00,1097.00
180,351,3,19,23,1,6972.00,6972.00
180,352,3,19,21,1,2006.00,2006.00
180,353,4,21,31,1,1858.00,1858.00
181,354,6,24,36,1,6614.00,6614.00
182,355,1,10,11,1,4358.00,4358.00
183,356,4,21,32,1,5338.00,5338.00
183,357,3,19,22,1,6259.00,6259.00
183,358,2,15,18,2,6640.00,13280.00
184,359,6,25,36,1,2959.00,2959.00
184,360,6,25,36,1,2145.00,2145.00
184,361,4,21,34,1,796.00,796.00
185,362,2,16,17,2,5383.00,10766.00
186,363,6,25,36,1,5573.00,5573.00
186,364,3,18,29,1,5065.00,5065.00
186,365,1,10,8,1,5524.00,5524.00
187,366,1,10,2,1,1229.00,1229.00
187,367,2,14,16,2,4717.00,9434.00
187,368,2,17,18,2,3822.00,7644.00
188,369,6,24,36,1,1037.00,1037.00
188,370,3,19,25,1,4550.00,4550.00
188,371,2,14,18,2,3055.00,6110.00
189,372,3,18,19,1,4498.00,4498.00
189,373,2,12,18,2,2230.00,4460.00
190,374,3,18,25,1,5891.00,5891.00
190,375,3,18,20,1,4562.00,4562.00
191,376,1,4,3,1,3243.00,3243.00
192,377,6,24,36,1,4563.00,4563.00
192,378,2,13,15,2,1904.00,3808.00
193,379,1,6,6,1,3455.00,3455.00
193,380,3,18,24,1,1318.00,1318.00
194,381,4,20,30,1,5719.00,5719.00
194,382,1,10,8,1,6226.00,6226.00
194,383,4,22,31,1,2462.00,2462.00
195,384,1,1,8,1,677.00,677.00
196,385,1,10,11,1,1723.00,1723.00
196,386,3,18,25,1,547.00,547.00
196,387,3,18,23,1,3407.00,3407.00
197,388,2,11,12,2,1558.00,3116.00
198,389,1,4,4,1,2428.00,2428.00
199,390,1,1,4,1,3233.00,3233.00
200,391,2,11,18,2,6213.00,12426.00
200,392,4,20,30,1,5393.00,5393.00
201,393,2,15,14,2,5075.00,10150.00
202,394,4,20,30,1,2760.00,2760.00
202,395,3,18,19,1,4096.00,4096.00
202,396,6,24,36,1,5510.00,5510.00
203,397,3,19,26,1,1413.00,1413.00
204,398,3,19,22,1,1395.00,1395.00
205,399,2,17,12,2,3247.00,6494.00
205,400,3,19,28,1,2720.00,2720.00
205,401,1,10,3,1,1781.00,1781.00
206,402,3,18,22,1,1118.00,1118.00
206,403,3,19,26,1,3809.00,3809.00
207,404,3,18,25,1,4710.00,4710.00
208,405,4,21,31,1,4923.00,4923.00
208,406,2,15,14,2,4846.00,9692.00
208,407,4,20,31,1,3957.00,3957.00
209,408,3,19,29,1,6335.00,6335.00
209,409,1,7,3,1,5648.00,5648.00
210,410,2,14,17,2,4142.00,8284.00
210,411,3,18,19,1,6583.00,6583.00
211,412,4,20,33,1,966.00,966.00
211,413,1,5,5,1,1151.00,1151.00
212,414,2,16,15,2,2030.00,4060.00
212,415,1,7,8,1,4467.00,4467.00
212,416,1,8,3,1,740.00,740.00
213,417,3,19,24,1,1361.00,1361.00
214,418,3,18,21,1,3720.00,3720.00
215,419,3,18,21,1,998.00,998.00
215,420,4,20,34,1,1867.00,1867.00
216,421,2,15,14,2,6117.00,12234.00
217,422,6,25,36,1,4158.00,4158.00
218,423,6,25,36,1,2686.00,2686.00
219,424,4,22,34,1,5372.00,5372.00
220,425,2,16,16,2,4222.00,8444.00
220,426,2,15,15,2,2537.00,5074.00
220,427,3,18,20,1,1354.00,1354.00
221,428,1,4,9,1,2090.00,2090.00
221,429,1,2,5,1,6947.00,6947.00
221,430,2,13,12,2,4384.00,8768.00
222,431,3,18,19,1,3509.00,3509.00
223,432,4,21,34,1,5915.00,5915.00
223,433,2,16,15,2,6902.00,13804.00
223,434,1,10,7,1,4070.00,4070.00
224,435,1,5,6,1,4517.00,4517.00
225,436,4,22,30,1,3195.00,3195.00
226,437,6,24,36,1,4147.00,4147.00
226,438,4,21,33,1,2263.00,2263.00
226,439,6,24,36,1,5217.00,5217.00
227,440,1,9,1,1,1752.00,1752.00
227,441,3,18,28,1,816.00,816.00
227,442,1,2,8,1,3489.00,3489.00
228,443,2,14,16,2,4102.00,8204.00
228,444,3,19,24,1,5834.00,5834.00
228,445,6,25,36,1,1104.00,1104.00
229,446,3,19,19,1,3990.00,3990.00
230,447,3,19,23,1,6547.00,6547.00
230,448,2,13,12,2,3019.00,6038.00
231,449,4,21,31,1,5807.00,5807.00
232,450,2,16,16,2,5811.00,11622.00
233,451,2,16,18,2,3853.00,7706.00
233,452,3,19,22,1,2272.00,2272.00
234,453,3,18,27,1,6314.00,6314.00
234,454,2,15,18,2,2660.00,5320.00
234,455,2,11,13,2,6779.00,13558.00
235,456,6,24,36,1,2474.00,2474.00
235,457,2,12,15,2,625.00,1250.00
236,458,6,24,36,1,5381.00,5381.00
237,459,3,18,25,1,1516.00,1516.00
237,460,4,22,35,1,897.00,897.00
238,461,3,19,24,1,1782.00,1782.00
238,462,3,19,24,1,1382.00,1382.00
238,463,3,18,20,1,2668.00,2668.00
239,464,1,6,2,1,4260.00,4260.00
240,465,2,14,15,2,6409.00,12818.00
240,466,2,12,15,2,1465.00,2930.00
240,467,1,4,10,1,6855.00,6855.00
241,468,6,25,36,1,3262.00,3262.00
241,469,3,18,27,1,6499.00,6499.00
241,470,1,9,8,1,5306.00,5306.00
242,471,3,18,29,1,2129.00,2129.00
242,472,3,18,26,1,4572.00,4572.00
242,473,1,7,1,1,839.00,839.00
243,474,6,25,36,1,3468.00,3468.00
243,475,6,25,36,1,3843.00,3843.00
243,476,6,25,36,1,6624.00,6624.00
244,477,2,14,16,2,2936.00,5872.00
245,478,1,9,10,1,833.00,833.00
245,479,2,12,17,2,3785.00,7570.00
246,480,1,6,5,1,6534.00,6534.00
246,481,2,16,14,2,939.00,1878.00
247,482,6,24,36,1,2810.00,2810.00
247,483,1,4,10,1,1365.00,1365.00
247,484,1,7,11,1,6642.00,6642.00
248,485,1,10,5,1,6464.00,6464.00
249,486,3,18,29,1,6856.00,6856.00
249,487,2,15,18,2,5395.00,10790.00
250,488,2,16,16,2,3398.00,6796.00
250,489,6,25,36,1,1649.00,1649.00
251,490,1,8,3,1,5077.00,5077.00
252,491,3,19,22,1,4707.00,4707.00
253,492,6,24,36,1,1505.00,1505.00
254,493,1,1,8,1,4012.00,4012.00
254,494,3,18,26,1,3557.00,3557.00
255,495,1,8,4,1,5620.00,5620.00
255,496,6,24,36,1,861.00,861.00
256,497,1,1,8,1,1377.00,1377.00
256,498,6,25,36,1,2219.00,2219.00
256,499,4,22,32,1,4192.00,4192.00
257,500,3,18,22,1,6710.00,6710.00
257,501,4,20,35,1,1010.00,1010.00
257,502,1,8,1,1,4209.00,4209.00
258,503,6,25,36,1,2080.00,2080.00
258,504,6,24,36,1,4012.00,4012.00
259,505,2,11,14,2,5223.00,10446.00
259,506,1,5,5,1,6500.00,6500.00
259,507,3,18,21,1,4978.00,4978.00
260,508,6,24,36,1,830.00,830.00
261,509,6,25,36,1,6707.00,6707.00
261,510,6,24,36,1,666.00,666.00
261,511,6,24,36,1,3813.00,3813.00
262,512,1,6,7,1,4616.00,4616.00
262,513,6,24,36,1,1044.00,1044.00
262,514,6,24,36,1,6803.00,6803.00
263,515,6,25,36,1,1623.00,1623.00
263,516,6,25,36,1,595.00,595.00
264,517,4,22,31,1,3633.00,3633.00
264,518,1,6,10,1,4337.00,4337.00
265,519,4,22,35,1,3212.00,3212.00
265,520,3,18,23,1,717.00,717.00
266,521,3,18,26,1,1174.00,1174.00
266,522,2,15,14,2,1515.00,3030.00
266,523,6,24,36,1,1197.00,1197.00
267,524,3,18,20,1,4106.00,4106.00
267,525,1,3,6,1,6198.00,6198.00
267,526,1,10,1,1,4261.00,4261.00
268,527,4,20,33,1,1389.00,1389.00
269,528,4,20,34,1,2621.00,2621.00
269,529,2,17,17,2,953.00,1906.00
270,530,6,25,36,1,2597.00,2597.00
270,531,2,17,12,2,2686.00,5372.00
271,532,4,20,30,1,1855.00,1855.00
272,533,3,19,20,1,5872.00,5872.00
272,534,2,14,18,2,522.00,1044.00
272,535,4,20,31,1,4568.00,4568.00
273,536,2,13,18,2,2480.00,4960.00
273,537,1,10,9,1,4511.00,4511.00
274,538,1,7,5,1,2525.00,2525.00
274,539,2,15,16,2,5730.00,11460.00
275,540,2,14,17,2,1748.00,3496.00
275,541,4,22,32,1,6365.00,6365.00
276,542,3,18,22,1,5844.00,5844.00
276,543,4,20,31,1,4641.00,4641.00
276,544,4,21,33,1,1267.00,1267.00
277,545,3,19,25,1,6910.00,6910.00
277,546,6,24,36,1,6956.00,6956.00
277,547,2,12,14,2,2176.00,4352.00
278,548,1,4,1,1,996.00,996.00
278,549,4,21,30,1,1895.00,1895.00
278,550,4,21,30,1,6614.00,6614.00
279,551,6,25,36,1,5485.00,5485.00
279,552,2,14,12,2,6111.00,12222.00
279,553,4,21,34,1,1553.00,1553.00
280,554,4,22,34,1,1906.00,1906.00
280,555,3,19,23,1,1287.00,1287.00
280,556,3,19,24,1,5364.00,5364.00
281,557,4,22,30,1,5921.00,5921.00
282,558,6,25,36,1,1018.00,1018.00
282,559,1,4,3,1,4676.00,4676.00
282,560,2,12,18,2,2418.00,4836.00
283,561,2,17,15,2,3021.00,6042.00
283,562,3,19,19,1,5105.00,5105.00
284,563,2,12,18,2,1151.00,2302.00
285,564,4,20,33,1,3940.00,3940.00
286,565,4,20,33,1,677.00,677.00
287,566,4,22,34,1,3611.00,3611.00
287,567,1,7,1,1,741.00,741.00
287,568,2,11,17,2,5788.00,11576.00
288,569,6,24,36,1,5018.00,5018.00
288,570,6,25,36,1,3333.00,3333.00
289,571,3,18,19,1,1305.00,1305.00
290,572,6,24,36,1,4259.00,4259.00
291,573,6,24,36,1,503.00,503.00
291,574,3,18,24,1,6098.00,6098.00
291,575,1,6,1,1,6225.00,6225.00
292,576,1,7,2,1,4094.00,4094.00
293,577,2,15,18,2,978.00,1956.00
293,578,2,16,15,2,4625.00,9250.00
293,579,2,16,16,2,3212.00,6424.00
294,580,4,22,30,1,685.00,685.00
294,581,1,4,4,1,3846.00,3846.00
294,582,4,22,34,1,5607.00,5607.00
295,583,2,11,16,2,5144.00,10288.00
295,584,1,3,1,1,1772.00,1772.00
295,585,4,20,35,1,4285.00,4285.00
296,586,1,7,8,1,4873.00,4873.00
296,587,6,24,36,1,2577.00,2577.00
297,588,2,11,16,2,2725.00,5450.00
297,589,3,19,21,1,1231.00,1231.00
298,590,2,11,16,2,1529.00,3058.00
299,591,3,18,20,1,5925.00,5925.00
300,592,4,22,34,1,5769.00,5769.00
301,593,1,6,1,1,2079.00,2079.00
301,594,3,18,22,1,3819.00,3819.00
302,595,2,12,17,2,2964.00,5928.00
302,596,2,15,14,2,5116.00,10232.00
303,597,2,14,18,2,745.00,1490.00
303,598,4,22,33,1,6317.00,6317.00
303,599,6,25,36,1,5707.00,5707.00
304,600,4,22,31,1,5721.00,5721.00
305,601,3,18,23,1,721.00,721.00
305,602,1,5,2,1,6713.00,6713.00
306,603,2,11,16,2,4803.00,9606.00
306,604,2,15,18,2,1188.00,2376.00
306,605,4,20,30,1,6129.00,6129.00
307,606,3,18,21,1,6943.00,6943.00
307,607,6,25,36,1,1948.00,1948.00
307,608,4,20,30,1,6847.00,6847.00
308,609,6,24,36,1,5669.00,5669.00
309,610,2,13,14,2,7000.00,14000.00
309,611,1,9,5,1,554.00,554.00
310,612,3,18,26,1,5338.00,5338.00
311,613,1,1,4,1,6571.00,6571.00
311,614,6,24,36,1,5127.00,5127.00
312,615,1,7,5,1,4286.00,4286.00
312,616,1,5,3,1,6927.00,6927.00
313,617,4,21,30,1,2183.00,2183.00
314,618,4,21,32,1,2105.00,2105.00
315,619,3,19,21,1,6320.00,6320.00
315,620,3,19,23,1,3837.00,3837.00
316,621,6,25,36,1,1969.00,1969.00
317,622,1,4,7,1,3262.00,3262.00
317,623,4,21,33,1,6822.00,6822.00
318,624,4,21,35,1,2102.00,2102.00
318,625,3,18,28,1,2183.00,2183.00
318,626,6,24,36,1,1197.00,1197.00
319,627,4,21,34,1,2088.00,2088.00
319,628,1,2,9,1,4745.00,4745.00
320,629,2,11,15,2,6856.00,13712.00
321,630,4,20,35,1,6220.00,6220.00
322,631,6,25,36,1,4516.00,4516.00
322,632,3,18,27,1,767.00,767.00
322,633,4,21,32,1,6289.00,6289.00
323,634,2,13,14,2,5969.00,11938.00
324,635,4,21,30,1,5729.00,5729.00
324,636,1,4,2,1,2429.00,2429.00
325,637,6,25,36,1,3747.00,3747.00
326,638,4,21,31,1,5699.00,5699.00
327,639,1,8,3,1,2201.00,2201.00
327,640,6,24,36,1,4903.00,4903.00
328,641,1,8,8,1,1592.00,1592.00
329,642,6,24,36,1,6289.00,6289.00
329,643,3,18,29,1,1051.00,1051.00
330,644,6,24,36,1,820.00,820.00
331,645,2,14,12,2,4152.00,8304.00
331,646,4,20,35,1,786.00,786.00
332,647,3,18,22,1,6681.00,6681.00
332,648,4,22,34,1,1656.00,1656.00
333,649,6,25,36,1,6680.00,6680.00
333,650,2,16,18,2,2670.00,5340.00
334,651,4,21,35,1,5654.00,5654.00
334,652,2,14,17,2,2772.00,5544.00
334,653,2,16,18,2,5339.00,10678.00
335,654,2,15,14,2,604.00,1208.00
335,655,2,15,18,2,1076.00,2152.00
335,656,3,18,27,1,3895.00,3895.00
336,657,4,21,31,1,5374.00,5374.00
337,658,3,19,28,1,626.00,626.00
337,659,3,19,29,1,6005.00,6005.00
337,660,4,20,33,1,5953.00,5953.00
338,661,4,21,31,1,4026.00,4026.00
338,662,3,19,27,1,2415.00,2415.00
339,663,3,19,19,1,5168.00,5168.00
340,664,2,11,16,2,5027.00,10054.00
340,665,6,25,36,1,3273.00,3273.00
340,666,3,19,22,1,792.00,792.00
341,667,2,14,16,2,5989.00,11978.00
341,668,3,19,28,1,2206.00,2206.00
341,669,4,21,33,1,1256.00,1256.00
342,670,2,16,18,2,3181.00,6362.00
342,671,2,13,13,2,1262.00,2524.00
342,672,2,11,13,2,3546.00,7092.00
343,673,4,20,33,1,1006.00,1006.00
343,674,4,21,31,1,6545.00,6545.00
344,675,4,21,35,1,2036.00,2036.00
344,676,1,2,6,1,946.00,946.00
345,677,6,25,36,1,2830.00,2830.00
345,678,2,12,15,2,5231.00,10462.00
346,679,3,18,28,1,6086.00,6086.00
347,680,2,17,16,2,3772.00,7544.00
347,681,2,16,14,2,593.00,1186.00
347,682,3,19,25,1,5292.00,5292.00
348,683,6,25,36,1,5306.00,5306.00
349,684,6,25,36,1,5811.00,5811.00
349,685,3,18,29,1,2154.00,2154.00
349,686,3,19,24,1,6445.00,6445.00
350,687,2,13,17,2,4657.00,9314.00
350,688,3,19,29,1,3528.00,3528.00
351,689,2,15,17,2,6781.00,13562.00
351,690,2,12,13,2,5533.00,11066.00
352,691,4,20,32,1,2102.00,2102.00
353,692,1,8,2,1,6453.00,6453.00
353,693,4,20,32,1,1317.00,1317.00
354,694,3,19,24,1,1610.00,1610.00
355,695,1,4,8,1,5798.00,5798.00
355,696,3,19,19,1,4968.00,4968.00
356,697,4,22,34,1,6283.00,6283.00
357,698,2,12,18,2,4375.00,8750.00
357,699,4,22,30,1,1396.00,1396.00
357,700,3,19,27,1,2052.00,2052.00
358,701,2,13,14,2,1177.00,2354.00
359,702,3,18,22,1,946.00,946.00
360,703,2,12,12,2,5733.00,11466.00
360,704,6,25,36,1,4269.00,4269.00
361,705,6,25,36,1,2750.00,2750.00
361,706,6,24,36,1,3945.00,3945.00
362,707,3,18,29,1,5373.00,5373.00
362,708,1,7,1,1,1824.00,1824.00
362,709,3,19,26,1,2194.00,2194.00
363,710,1,9,4,1,3931.00,3931.00
363,711,2,13,13,2,1744.00,3488.00
364,712,1,10,3,1,1828.00,1828.00
365,713,4,21,35,1,2506.00,2506.00
366,714,3,19,23,1,2910.00,2910.00
366,715,3,19,23,1,6598.00,6598.00
366,716,6,25,36,1,3315.00,3315.00
367,717,4,22,33,1,4340.00,4340.00
367,718,3,18,20,1,6360.00,6360.00
368,719,1,2,5,1,5268.00,5268.00
368,720,4,22,31,1,5583.00,5583.00
369,721,3,18,21,1,6742.00,6742.00
370,722,3,19,21,1,5179.00,5179.00
371,723,1,8,5,1,6894.00,6894.00
371,724,3,19,20,1,5739.00,5739.00
371,725,2,12,16,2,3177.00,6354.00
372,726,1,4,2,1,2341.00,2341.00
372,727,6,24,36,1,6180.00,6180.00
372,728,1,4,10,1,1619.00,1619.00
373,729,1,1,6,1,5904.00,5904.00
374,730,1,10,9,1,3101.00,3101.00
374,731,3,18,29,1,2915.00,2915.00
374,732,3,18,27,1,3074.00,3074.00
375,733,2,14,17,2,4506.00,9012.00
375,734,4,22,33,1,4283.00,4283.00
375,735,4,20,32,1,5373.00,5373.00
376,736,4,22,32,1,2369.00,2369.00
376,737,3,19,22,1,1599.00,1599.00
376,738,6,24,36,1,6358.00,6358.00
377,739,6,25,36,1,6256.00,6256.00
377,740,3,18,23,1,2764.00,2764.00
378,741,2,14,12,2,4076.00,8152.00
378,742,1,4,10,1,6690.00,6690.00
379,743,3,18,21,1,3977.00,3977.00
379,744,1,7,1,1,2108.00,2108.00
379,745,3,19,23,1,4813.00,4813.00
380,746,6,24,36,1,3728.00,3728.00
380,747,1,9,1,1,696.00,696.00
380,748,4,20,34,1,6150.00,6150.00
381,749,1,2,11,1,5406.00,5406.00
381,750,4,20,30,1,2335.00,2335.00
382,751,6,24,36,1,4374.00,4374.00
382,752,6,25,36,1,553.00,553.00
383,753,6,25,36,1,2299.00,2299.00
384,754,6,25,36,1,6312.00,6312.00
384,755,4,22,33,1,2722.00,2722.00
384,756,6,25,36,1,2180.00,2180.00
385,757,1,10,5,1,3080.00,3080.00
385,758,4,22,35,1,5465.00,5465.00
386,759,6,24,36,1,6692.00,6692.00
386,760,4,20,31,1,3218.00,3218.00
387,761,2,11,13,2,6572.00,13144.00
388,762,3,19,22,1,1196.00,1196.00
388,763,2,14,16,2,6300.00,12600.00
388,764,1,2,6,1,6186.00,6186.00
389,765,2,14,17,2,5859.00,11718.00
389,766,4,22,35,1,5943.00,5943.00
389,767,3,19,22,1,3270.00,3270.00
390,768,2,17,14,2,5209.00,10418.00
391,769,2,11,15,2,2384.00,4768.00
391,770,2,16,18,2,5078.00,10156.00
391,771,2,13,13,2,3211.00,6422.00
392,772,1,2,10,1,5247.00,5247.00
393,773,1,4,6,1,4133.00,4133.00
394,774,3,19,26,1,4598.00,4598.00
394,775,6,24,36,1,2625.00,2625.00
395,776,2,16,14,2,2762.00,5524.00
395,777,6,24,36,1,5742.00,5742.00
395,778,2,14,13,2,6645.00,13290.00
396,779,3,19,21,1,6282.00,6282.00
396,780,1,5,3,1,5014.00,5014.00
397,781,6,24,36,1,2938.00,2938.00
397,782,1,6,1,1,5816.00,5816.00
397,783,6,25,36,1,1188.00,1188.00
398,784,4,20,30,1,4796.00,4796.00
398,785,6,24,36,1,1427.00,1427.00
399,786,3,18,21,1,6320.00,6320.00
399,787,1,3,2,1,4889.00,4889.00
399,788,4,22,31,1,4955.00,4955.00
400,789,6,25,36,1,4922.00,4922.00
400,790,2,13,12,2,1990.00,3980.00
401,791,4,21,35,1,5668.00,5668.00
402,792,4,20,34,1,1057.00,1057.00
402,793,2,11,18,2,4923.00,9846.00
402,794,4,21,34,1,6266.00,6266.00
403,795,2,14,16,2,4809.00,9618.00
404,796,6,25,36,1,602.00,602.00
404,797,6,25,36,1,4166.00,4166.00
404,798,6,24,36,1,2547.00,2547.00
405,799,1,7,1,1,6179.00,6179.00
405,800,6,24,36,1,4691.00,4691.00
406,801,6,24,36,1,1988.00,1988.00
406,802,2,13,13,2,6843.00,13686.00
407,803,2,13,15,2,5765.00,11530.00
407,804,1,8,7,1,4947.00,4947.00
408,805,4,20,35,1,3665.00,3665.00
408,806,4,21,32,1,4992.00,4992.00
408,807,1,5,10,1,6848.00,6848.00
409,808,6,25,36,1,6602.00,6602.00
409,809,6,24,36,1,2433.00,2433.00
410,810,1,1,7,1,549.00,549.00
411,811,2,15,17,2,3423.00,6846.00
411,812,1,9,11,1,2081.00,2081.00
412,813,6,25,36,1,6489.00,6489.00
413,814,2,13,17,2,927.00,1854.00
413,815,1,8,10,1,4617.00,4617.00
414,816,4,21,31,1,4188.00,4188.00
414,817,2,17,18,2,6860.00,13720.00
414,818,3,19,22,1,5520.00,5520.00
415,819,3,18,28,1,4327.00,4327.00
415,820,2,12,16,2,2171.00,4342.00
416,821,3,19,25,1,1449.00,1449.00
417,822,4,22,31,1,6456.00,6456.00
417,823,3,18,21,1,4669.00,4669.00
417,824,6,25,36,1,711.00,711.00
418,825,6,24,36,1,3786.00,3786.00
418,826,2,13,14,2,705.00,1410.00
419,827,4,21,33,1,6569.00,6569.00
419,828,6,25,36,1,731.00,731.00
419,829,4,20,34,1,1289.00,1289.00
420,830,4,21,30,1,3943.00,3943.00
421,831,1,3,7,1,5393.00,5393.00
422,832,6,24,36,1,6687.00,6687.00
422,833,6,24,36,1,2506.00,2506.00
422,834,2,12,13,2,6627.00,13254.00
423,835,4,20,32,1,640.00,640.00
423,836,3,19,26,1,3600.00,3600.00
424,837,3,19,21,1,5762.00,5762.00
424,838,4,21,32,1,3742.00,3742.00
425,839,2,11,12,2,4154.00,8308.00
425,840,6,25,36,1,2956.00,2956.00
425,841,3,18,25,1,6016.00,6016.00
426,842,6,25,36,1,2917.00,2917.00
426,843,1,4,6,1,1386.00,1386.00
426,844,4,21,35,1,1350.00,1350.00
427,845,2,13,15,2,4214.00,8428.00
427,846,6,24,36,1,5577.00,5577.00
427,847,6,24,36,1,6430.00,6430.00
428,848,3,19,19,1,3224.00,3224.00
428,849,2,14,13,2,4430.00,8860.00
429,850,3,19,27,1,4916.00,4916.00
429,851,1,3,6,1,1344.00,1344.00
429,852,2,13,13,2,994.00,1988.00
430,853,3,18,24,1,6948.00,6948.00
430,854,1,4,8,1,3246.00,3246.00
430,855,4,21,30,1,5428.00,5428.00
431,856,2,12,14,2,1364.00,2728.00
431,857,6,24,36,1,5072.00,5072.00
432,858,6,24,36,1,1758.00,1758.00
432,859,1,9,2,1,1522.00,1522.00
432,860,4,22,34,1,4539.00,4539.00
433,861,4,21,31,1,3646.00,3646.00
433,862,1,4,9,1,817.00,817.00
433,863,3,18,22,1,5466.00,5466.00
434,864,1,6,4,1,3108.00,3108.00
435,865,1,3,4,1,5546.00,5546.00
436,866,4,22,30,1,1609.00,1609.00
437,867,4,21,34,1,3888.00,3888.00
437,868,2,16,12,2,4997.00,9994.00
438,869,6,24,36,1,6949.00,6949.00
439,870,1,3,11,1,2796.00,2796.00
439,871,6,25,36,1,1502.00,1502.00
439,872,3,18,21,1,2320.00,2320.00
440,873,2,17,16,2,3673.00,7346.00
440,874,3,18,20,1,5108.00,5108.00
440,875,6,25,36,1,1022.00,1022.00
441,876,2,16,14,2,4445.00,8890.00
441,877,6,25,36,1,3917.00,3917.00
442,878,2,12,16,2,2037.00,4074.00
442,879,3,19,26,1,1103.00,1103.00
443,880,1,6,4,1,529.00,529.00
443,881,4,22,30,1,5845.00,5845.00
444,882,6,24,36,1,797.00,797.00
445,883,4,22,33,1,3151.00,3151.00
445,884,3,19,21,1,5614.00,5614.00
445,885,1,4,1,1,4199.00,4199.00
446,886,6,24,36,1,4017.00,4017.00
446,887,3,18,21,1,2191.00,2191.00
446,888,4,22,34,1,1745.00,1745.00
447,889,6,24,36,1,2981.00,2981.00
447,890,3,19,27,1,1112.00,1112.00
448,891,4,22,33,1,4296.00,4296.00
448,892,6,25,36,1,4290.00,4290.00
448,893,4,20,32,1,636.00,636.00
449,894,2,15,18,2,3966.00,7932.00
449,895,1,3,9,1,4757.00,4757.00
450,896,3,19,24,1,3002.00,3002.00
450,897,1,7,2,1,2886.00,2886.00
451,898,1,3,7,1,2947.00,2947.00
451,899,1,5,2,1,1014.00,1014.00
452,900,4,21,34,1,3672.00,3672.00
452,901,3,19,26,1,5524.00,5524.00
453,902,1,3,5,1,545.00,545.00
453,903,4,20,31,1,3249.00,3249.00
453,904,6,24,36,1,3719.00,3719.00
454,905,4,22,32,1,2119.00,2119.00
454,906,1,1,11,1,5041.00,5041.00
455,907,3,18,19,1,1255.00,1255.00
455,908,3,18,20,1,4937.00,4937.00
456,909,1,1,1,1,5681.00,5681.00
456,910,3,18,21,1,2334.00,2334.00
457,911,4,22,35,1,6654.00,6654.00
457,912,4,22,30,1,570.00,570.00
458,913,1,4,4,1,4965.00,4965.00
458,914,6,24,36,1,4752.00,4752.00
458,915,3,18,29,1,2379.00,2379.00
459,916,3,19,24,1,4281.00,4281.00
459,917,6,24,36,1,4083.00,4083.00
460,918,1,3,2,1,1098.00,1098.00
460,919,3,19,21,1,3909.00,3909.00
461,920,3,19,24,1,5521.00,5521.00
461,921,6,24,36,1,6509.00,6509.00
461,922,1,10,4,1,2055.00,2055.00
462,923,1,2,10,1,708.00,708.00
462,924,3,18,28,1,2782.00,2782.00
463,925,1,9,9,1,3441.00,3441.00
463,926,3,19,20,1,4354.00,4354.00
464,927,2,16,18,2,5991.00,11982.00
465,928,3,19,29,1,3636.00,3636.00
465,929,6,25,36,1,671.00,671.00
466,930,3,18,20,1,6605.00,6605.00
466,931,4,20,30,1,5406.00,5406.00
466,932,6,24,36,1,3148.00,3148.00
467,933,1,9,2,1,2295.00,2295.00
467,934,2,17,15,2,4808.00,9616.00
467,935,3,18,26,1,2428.00,2428.00
468,936,3,19,21,1,2940.00,2940.00
468,937,1,7,5,1,6963.00,6963.00
469,938,3,18,26,1,5451.00,5451.00
470,939,1,6,4,1,4317.00,4317.00
471,940,1,5,5,1,5797.00,5797.00
471,941,2,14,17,2,3209.00,6418.00
471,942,6,24,36,1,5977.00,5977.00
472,943,4,22,33,1,1023.00,1023.00
472,944,4,21,34,1,3824.00,3824.00
472,945,6,25,36,1,3649.00,3649.00
473,946,6,25,36,1,4870.00,4870.00
474,947,2,17,14,2,1550.00,3100.00
474,948,4,22,34,1,5119.00,5119.00
474,949,1,7,5,1,4635.00,4635.00
475,950,3,18,28,1,3306.00,3306.00
475,951,2,17,15,2,972.00,1944.00
475,952,6,24,36,1,1175.00,1175.00
476,953,2,12,15,2,6099.00,12198.00
476,954,3,19,29,1,6072.00,6072.00
477,955,4,21,32,1,2858.00,2858.00
477,956,1,5,10,1,6570.00,6570.00
478,957,1,10,3,1,3426.00,3426.00
478,958,4,20,30,1,6914.00,6914.00
479,959,2,13,14,2,1391.00,2782.00
480,960,3,19,25,1,5010.00,5010.00
480,961,6,24,36,1,5634.00,5634.00
481,962,1,8,3,1,4557.00,4557.00
481,963,6,24,36,1,536.00,536.00
482,964,4,22,32,1,5041.00,5041.00
483,965,3,18,28,1,583.00,583.00
483,966,1,8,7,1,4968.00,4968.00
484,967,2,13,18,2,1305.00,2610.00
484,968,4,20,34,1,2428.00,2428.00
485,969,4,20,32,1,4981.00,4981.00
485,970,6,25,36,1,6840.00,6840.00
485,971,3,18,23,1,1248.00,1248.00
486,972,4,21,33,1,4656.00,4656.00
486,973,3,19,21,1,3577.00,3577.00
486,974,4,21,34,1,5158.00,5158.00
487,975,2,15,18,2,2127.00,4254.00
487,976,1,1,4,1,5646.00,5646.00
488,977,6,24,36,1,659.00,659.00
488,978,4,22,35,1,5669.00,5669.00
488,979,6,25,36,1,4442.00,4442.00
489,980,2,11,12,2,3937.00,7874.00
489,981,6,24,36,1,4727.00,4727.00
490,982,4,21,31,1,5157.00,5157.00
490,983,3,19,24,1,886.00,886.00
490,984,3,19,25,1,6536.00,6536.00
491,985,1,8,7,1,4295.00,4295.00
491,986,1,3,2,1,6334.00,6334.00
492,987,6,24,36,1,5305.00,5305.00
492,988,1,5,8,1,6626.00,6626.00
493,989,4,20,31,1,1141.00,1141.00
493,990,4,20,32,1,5779.00,5779.00
494,991,6,24,36,1,5656.00,5656.00
494,992,1,1,6,1,4121.00,4121.00
494,993,1,8,8,1,1406.00,1406.00
495,994,3,19,24,1,1926.00,1926.00
495,995,1,5,2,1,5633.00,5633.00
496,996,6,24,36,1,4408.00,4408.00
496,997,3,19,28,1,3699.00,3699.00
496,998,2,12,18,2,4422.00,8844.00
497,999,6,25,36,1,584.00,584.00
498,1000,1,4,1,1,5797.00,5797.00
498,1001,2,13,18,2,972.00,1944.00
498,1002,2,12,15,2,4444.00,8888.00
499,1003,1,10,9,1,4564.00,4564.00
500,1004,4,21,32,1,3353.00,3353.00
500,1005,1,10,8,1,2448.00,2448.00
501,1006,2,15,17,2,3170.00,6340.00
502,1007,4,22,34,1,4319.00,4319.00
502,1008,1,1,9,1,6031.00,6031.00
503,1009,4,20,35,1,5543.00,5543.00
503,1010,3,18,19,1,2154.00,2154.00
504,1011,3,19,21,1,4189.00,4189.00
504,1012,4,21,33,1,4451.00,4451.00
504,1013,4,22,32,1,2791.00,2791.00
505,1014,2,13,14,2,2632.00,5264.00
505,1015,2,17,17,2,3889.00,7778.00
506,1016,2,12,17,2,3254.00,6508.00
507,1017,1,9,9,1,1572.00,1572.00
507,1018,3,19,21,1,3760.00,3760.00
507,1019,3,19,29,1,6267.00,6267.00
508,1020,1,7,1,1,1981.00,1981.00
508,1021,4,21,35,1,887.00,887.00
508,1022,6,24,36,1,2038.00,2038.00
509,1023,2,12,15,2,3382.00,6764.00
510,1024,1,3,6,1,3127.00,3127.00
511,1025,3,18,19,1,5918.00,5918.00
511,1026,2,15,18,2,2900.00,5800.00
511,1027,6,24,36,1,1981.00,1981.00
512,1028,4,20,31,1,898.00,898.00
512,1029,6,25,36,1,3279.00,3279.00
513,1030,1,2,4,1,4710.00,4710.00
513,1031,2,11,13,2,6516.00,13032.00
513,1032,4,22,35,1,5784.00,5784.00
514,1033,6,25,36,1,3504.00,3504.00
515,1034,4,21,33,1,1986.00,1986.00
516,1035,4,22,34,1,1493.00,1493.00
516,1036,4,21,33,1,3797.00,3797.00
517,1037,1,8,8,1,2786.00,2786.00
518,1038,1,4,11,1,4037.00,4037.00
518,1039,6,25,36,1,2018.00,2018.00
519,1040,4,22,31,1,6677.00,6677.00
520,1041,3,19,25,1,6556.00,6556.00
520,1042,6,24,36,1,1678.00,1678.00
520,1043,2,12,12,2,5302.00,10604.00
521,1044,2,16,18,2,5991.00,11982.00
521,1045,3,18,24,1,2574.00,2574.00
521,1046,4,21,33,1,4302.00,4302.00
522,1047,2,13,13,2,4850.00,9700.00
522,1048,1,9,2,1,4019.00,4019.00
523,1049,3,18,28,1,3516.00,3516.00
524,1050,2,17,13,2,5874.00,11748.00
525,1051,4,21,31,1,4243.00,4243.00
525,1052,1,2,10,1,2552.00,2552.00
525,1053,4,20,34,1,5099.00,5099.00
526,1054,6,25,36,1,3937.00,3937.00
527,1055,4,20,30,1,5208.00,5208.00
528,1056,1,1,11,1,994.00,994.00
528,1057,4,20,34,1,6961.00,6961.00
528,1058,3,19,26,1,2805.00,2805.00
529,1059,3,18,28,1,4559.00,4559.00
529,1060,3,18,29,1,5902.00,5902.00
529,1061,6,25,36,1,2684.00,2684.00
530,1062,2,11,12,2,4513.00,9026.00
531,1063,3,19,22,1,5667.00,5667.00
531,1064,2,12,18,2,1075.00,2150.00
532,1065,6,25,36,1,5585.00,5585.00
532,1066,1,10,11,1,6929.00,6929.00
532,1067,2,13,14,2,3883.00,7766.00
533,1068,1,5,11,1,6341.00,6341.00
533,1069,4,22,35,1,5396.00,5396.00
533,1070,1,8,11,1,5734.00,5734.00
534,1071,1,9,4,1,4888.00,4888.00
534,1072,6,25,36,1,4788.00,4788.00
535,1073,2,16,14,2,2811.00,5622.00
536,1074,1,5,5,1,6638.00,6638.00
537,1075,3,18,19,1,3237.00,3237.00
537,1076,2,16,16,2,2346.00,4692.00
538,1077,1,5,11,1,5092.00,5092.00
539,1078,1,10,7,1,3670.00,3670.00
540,1079,4,22,32,1,2549.00,2549.00
540,1080,3,19,25,1,1373.00,1373.00
540,1081,4,21,32,1,5720.00,5720.00
541,1082,3,18,23,1,849.00,849.00
541,1083,2,11,16,2,5260.00,10520.00
541,1084,6,24,36,1,5836.00,5836.00
542,1085,6,24,36,1,3979.00,3979.00
542,1086,1,6,10,1,6246.00,6246.00
543,1087,6,24,36,1,6253.00,6253.00
543,1088,2,16,12,2,6991.00,13982.00
543,1089,6,25,36,1,6575.00,6575.00
544,1090,6,24,36,1,704.00,704.00
544,1091,3,19,19,1,2813.00,2813.00
544,1092,4,20,31,1,2768.00,2768.00
545,1093,1,4,6,1,4591.00,4591.00
546,1094,1,8,3,1,1179.00,1179.00
546,1095,4,21,34,1,1201.00,1201.00
547,1096,1,2,5,1,6319.00,6319.00
548,1097,2,14,13,2,3915.00,7830.00
548,1098,6,24,36,1,1166.00,1166.00
549,1099,1,6,4,1,910.00,910.00
550,1100,6,24,36,1,6714.00,6714.00
551,1101,6,25,36,1,1932.00,1932.00
552,1102,1,3,1,1,2533.00,2533.00
553,1103,3,18,24,1,5161.00,5161.00
553,1104,2,13,18,2,5251.00,10502.00
554,1105,1,9,11,1,6961.00,6961.00
555,1106,1,10,3,1,6069.00,6069.00
556,1107,1,9,2,1,1921.00,1921.00
556,1108,6,24,36,1,6040.00,6040.00
557,1109,3,19,20,1,2759.00,2759.00
557,1110,2,16,17,2,852.00,1704.00
557,1111,4,22,35,1,721.00,721.00
558,1112,3,19,21,1,4779.00,4779.00
558,1113,6,25,36,1,3490.00,3490.00
559,1114,2,11,16,2,5146.00,10292.00
559,1115,3,18,23,1,2333.00,2333.00
559,1116,6,25,36,1,1862.00,1862.00
560,1117,1,5,8,1,6368.00,6368.00
561,1118,2,16,15,2,1603.00,3206.00
561,1119,6,24,36,1,6787.00,6787.00
562,1120,4,21,34,1,6811.00,6811.00
562,1121,3,18,29,1,2971.00,2971.00
563,1122,3,18,23,1,6583.00,6583.00
563,1123,2,16,18,2,2529.00,5058.00
564,1124,1,8,8,1,2896.00,2896.00
564,1125,6,24,36,1,2222.00,2222.00
564,1126,6,25,36,1,2179.00,2179.00
565,1127,1,9,9,1,3221.00,3221.00
565,1128,3,18,25,1,6822.00,6822.00
565,1129,1,2,5,1,5311.00,5311.00
566,1130,6,24,36,1,2559.00,2559.00
566,1131,3,19,27,1,6053.00,6053.00
567,1132,2,13,18,2,4721.00,9442.00
567,1133,2,17,13,2,5170.00,10340.00
568,1134,4,21,31,1,2548.00,2548.00
568,1135,1,3,2,1,2027.00,2027.00
569,1136,1,3,3,1,1168.00,1168.00
570,1137,4,22,35,1,1291.00,1291.00
570,1138,4,20,33,1,3341.00,3341.00
571,1139,6,24,36,1,6529.00,6529.00
572,1140,1,1,11,1,4396.00,4396.00
573,1141,6,24,36,1,1348.00,1348.00
573,1142,4,20,35,1,5502.00,5502.00
574,1143,6,25,36,1,6215.00,6215.00
574,1144,3,18,22,1,4552.00,4552.00
574,1145,6,24,36,1,5234.00,5234.00
575,1146,2,12,13,2,2015.00,4030.00
576,1147,6,24,36,1,701.00,701.00
577,1148,3,18,21,1,1306.00,1306.00
577,1149,4,22,32,1,6888.00,6888.00
578,1150,3,18,25,1,6834.00,6834.00
578,1151,3,19,26,1,1363.00,1363.00
578,1152,4,22,32,1,1236.00,1236.00
579,1153,3,18,21,1,5772.00,5772.00
580,1154,1,2,9,1,994.00,994.00
580,1155,4,21,35,1,4218.00,4218.00
580,1156,6,25,36,1,5652.00,5652.00
581,1157,1,6,5,1,5907.00,5907.00
582,1158,6,24,36,1,4044.00,4044.00
582,1159,6,25,36,1,3350.00,3350.00
582,1160,4,21,31,1,571.00,571.00
583,1161,6,24,36,1,5076.00,5076.00
583,1162,1,3,1,1,3503.00,3503.00
584,1163,3,19,24,1,897.00,897.00
584,1164,4,21,32,1,1359.00,1359.00
585,1165,4,22,32,1,6008.00,6008.00
586,1166,3,19,27,1,4770.00,4770.00
586,1167,1,2,10,1,2549.00,2549.00
586,1168,6,24,36,1,3230.00,3230.00
587,1169,4,22,35,1,1509.00,1509.00
587,1170,4,22,32,1,6108.00,6108.00
588,1171,2,11,16,2,6484.00,12968.00
589,1172,2,15,14,2,823.00,1646.00
590,1173,4,21,30,1,4760.00,4760.00
591,1174,6,25,36,1,5460.00,5460.00
591,1175,3,19,27,1,5652.00,5652.00
591,1176,2,12,15,2,2831.00,5662.00
592,1177,6,24,36,1,6678.00,6678.00
593,1178,3,19,21,1,3152.00,3152.00
593,1179,4,21,34,1,2125.00,2125.00
594,1180,4,21,34,1,4025.00,4025.00
594,1181,4,20,31,1,3836.00,3836.00
594,1182,3,19,20,1,2830.00,2830.00
595,1183,2,15,16,2,4146.00,8292.00
595,1184,4,20,31,1,4447.00,4447.00
595,1185,3,19,20,1,2541.00,2541.00
596,1186,3,18,21,1,5597.00,5597.00
597,1187,1,3,2,1,4472.00,4472.00
598,1188,2,17,16,2,3911.00,7822.00
599,1189,1,3,11,1,5411.00,5411.00
600,1190,4,22,32,1,1255.00,1255.00
601,1191,4,22,35,1,5041.00,5041.00
602,1192,6,24,36,1,5125.00,5125.00
602,1193,3,19,21,1,2310.00,2310.00
603,1194,6,25,36,1,6485.00,6485.00
603,1195,6,24,36,1,5352.00,5352.00
603,1196,1,5,10,1,2533.00,2533.00
604,1197,3,19,28,1,3585.00,3585.00
604,1198,2,17,17,2,1253.00,2506.00
604,1199,3,18,25,1,6947.00,6947.00
605,1200,1,1,8,1,969.00,969.00
605,1201,1,9,3,1,5609.00,5609.00
605,1202,2,17,13,2,2587.00,5174.00
606,1203,3,18,20,1,6845.00,6845.00
607,1204,2,14,15,2,654.00,1308.00
607,1205,1,7,9,1,2803.00,2803.00
607,1206,4,20,30,1,3082.00,3082.00
608,1207,2,15,18,2,2518.00,5036.00
608,1208,6,25,36,1,3323.00,3323.00
608,1209,4,21,34,1,940.00,940.00
609,1210,6,25,36,1,1654.00,1654.00
610,1211,6,24,36,1,2026.00,2026.00
610,1212,6,24,36,1,3161.00,3161.00
610,1213,4,20,32,1,3377.00,3377.00
611,1214,1,4,5,1,3818.00,3818.00
611,1215,2,15,12,2,862.00,1724.00
612,1216,4,22,31,1,4008.00,4008.00
612,1217,2,11,18,2,5309.00,10618.00
612,1218,4,20,33,1,4053.00,4053.00
613,1219,4,21,32,1,1502.00,1502.00
613,1220,3,19,19,1,713.00,713.00
613,1221,6,25,36,1,4427.00,4427.00
614,1222,1,10,1,1,2016.00,2016.00
614,1223,4,22,32,1,6342.00,6342.00
614,1224,3,19,28,1,2829.00,2829.00
615,1225,1,7,8,1,2599.00,2599.00
615,1226,6,25,36,1,1011.00,1011.00
616,1227,6,24,36,1,1110.00,1110.00
617,1228,4,21,34,1,2954.00,2954.00
617,1229,1,9,8,1,6436.00,6436.00
617,1230,4,20,33,1,2676.00,2676.00
618,1231,3,18,19,1,2471.00,2471.00
618,1232,3,19,19,1,1392.00,1392.00
619,1233,2,12,17,2,617.00,1234.00
619,1234,6,24,36,1,4559.00,4559.00
619,1235,3,19,23,1,1752.00,1752.00
620,1236,3,19,26,1,1746.00,1746.00
620,1237,6,25,36,1,3838.00,3838.00
621,1238,2,15,13,2,6240.00,12480.00
622,1239,3,18,23,1,6480.00,6480.00
622,1240,4,20,30,1,804.00,804.00
622,1241,3,18,29,1,5204.00,5204.00
623,1242,4,22,35,1,3341.00,3341.00
623,1243,1,2,1,1,4235.00,4235.00
624,1244,4,20,35,1,2475.00,2475.00
624,1245,6,24,36,1,4049.00,4049.00
625,1246,1,1,8,1,2104.00,2104.00
625,1247,2,16,18,2,1613.00,3226.00
626,1248,1,9,1,1,2767.00,2767.00
626,1249,1,10,11,1,4022.00,4022.00
627,1250,4,21,34,1,6250.00,6250.00
627,1251,2,11,16,2,6684.00,13368.00
628,1252,2,15,13,2,4293.00,8586.00
628,1253,1,2,3,1,795.00,795.00
629,1254,6,24,36,1,3687.00,3687.00
629,1255,4,21,31,1,6670.00,6670.00
630,1256,3,18,20,1,5865.00,5865.00
631,1257,2,15,14,2,2278.00,4556.00
632,1258,3,19,25,1,3241.00,3241.00
632,1259,1,4,7,1,3955.00,3955.00
632,1260,1,7,1,1,6451.00,6451.00
633,1261,6,24,36,1,6131.00,6131.00
634,1262,1,7,10,1,6910.00,6910.00
634,1263,3,19,22,1,3325.00,3325.00
634,1264,1,4,6,1,5911.00,5911.00
635,1265,1,2,8,1,5414.00,5414.00
636,1266,6,24,36,1,6692.00,6692.00
636,1267,2,15,14,2,4365.00,8730.00
637,1268,4,22,31,1,961.00,961.00
637,1269,1,7,6,1,4826.00,4826.00
637,1270,2,13,13,2,6349.00,12698.00
638,1271,1,8,7,1,5192.00,5192.00
638,1272,2,16,14,2,6527.00,13054.00
638,1273,4,22,32,1,5319.00,5319.00
639,1274,1,4,3,1,2152.00,2152.00
639,1275,6,24,36,1,4201.00,4201.00
639,1276,6,25,36,1,1985.00,1985.00
640,1277,2,13,15,2,5797.00,11594.00
640,1278,2,11,16,2,1861.00,3722.00
641,1279,3,19,29,1,1265.00,1265.00
641,1280,1,10,6,1,2599.00,2599.00
641,1281,3,18,27,1,4735.00,4735.00
642,1282,3,18,23,1,5048.00,5048.00
642,1283,2,16,16,2,5624.00,11248.00
643,1284,6,25,36,1,2230.00,2230.00
644,1285,4,21,30,1,1054.00,1054.00
644,1286,1,9,6,1,5984.00,5984.00
645,1287,6,25,36,1,2494.00,2494.00
645,1288,2,17,17,2,4404.00,8808.00
646,1289,3,19,23,1,2717.00,2717.00
646,1290,2,15,14,2,900.00,1800.00
646,1291,3,18,26,1,7000.00,7000.00
647,1292,2,12,15,2,3315.00,6630.00
648,1293,6,24,36,1,1619.00,1619.00
648,1294,3,19,22,1,2711.00,2711.00
648,1295,2,12,17,2,843.00,1686.00
649,1296,4,22,31,1,1153.00,1153.00
650,1297,6,24,36,1,3132.00,3132.00
650,1298,4,21,30,1,3838.00,3838.00
651,1299,1,10,2,1,6896.00,6896.00
651,1300,3,19,29,1,4078.00,4078.00
651,1301,4,21,32,1,2701.00,2701.00
652,1302,1,10,9,1,4079.00,4079.00
652,1303,6,24,36,1,2739.00,2739.00
653,1304,2,13,15,2,1932.00,3864.00
653,1305,1,1,1,1,5723.00,5723.00
653,1306,4,20,31,1,4575.00,4575.00
654,1307,6,25,36,1,5911.00,5911.00
655,1308,4,22,31,1,6032.00,6032.00
656,1309,6,25,36,1,1084.00,1084.00
656,1310,1,3,3,1,1214.00,1214.00
656,1311,4,20,35,1,1356.00,1356.00
657,1312,2,17,18,2,3937.00,7874.00
657,1313,6,24,36,1,3305.00,3305.00
657,1314,4,20,34,1,3218.00,3218.00
658,1315,3,19,29,1,3857.00,3857.00
659,1316,6,24,36,1,1518.00,1518.00
659,1317,3,18,22,1,4765.00,4765.00
660,1318,4,22,33,1,3124.00,3124.00
660,1319,1,3,11,1,6102.00,6102.00
660,1320,4,21,35,1,6371.00,6371.00
661,1321,1,4,11,1,3222.00,3222.00
662,1322,2,14,14,2,6847.00,13694.00
662,1323,3,19,26,1,2806.00,2806.00
663,1324,4,20,34,1,3296.00,3296.00
663,1325,3,18,28,1,3784.00,3784.00
664,1326,3,18,29,1,1568.00,1568.00
664,1327,4,22,33,1,2696.00,2696.00
665,1328,1,3,6,1,3033.00,3033.00
666,1329,6,25,36,1,4348.00,4348.00
666,1330,6,25,36,1,6932.00,6932.00
666,1331,6,25,36,1,4044.00,4044.00
667,1332,2,15,16,2,1160.00,2320.00
667,1333,3,19,19,1,4233.00,4233.00
667,1334,4,20,30,1,719.00,719.00
668,1335,1,9,6,1,4306.00,4306.00
669,1336,2,11,18,2,912.00,1824.00
669,1337,6,24,36,1,1126.00,1126.00
669,1338,3,18,25,1,577.00,577.00
670,1339,3,18,27,1,5656.00,5656.00
670,1340,6,24,36,1,5297.00,5297.00
671,1341,2,12,14,2,6161.00,12322.00
671,1342,2,17,14,2,6160.00,12320.00
672,1343,1,7,2,1,2815.00,2815.00
672,1344,2,12,12,2,2005.00,4010.00
673,1345,6,24,36,1,4331.00,4331.00
674,1346,3,19,29,1,6323.00,6323.00
674,1347,6,25,36,1,6597.00,6597.00
675,1348,6,25,36,1,6196.00,6196.00
675,1349,3,18,25,1,3653.00,3653.00
676,1350,2,16,15,2,2756.00,5512.00
676,1351,4,22,33,1,5908.00,5908.00
677,1352,4,20,33,1,5559.00,5559.00
678,1353,3,18,28,1,2278.00,2278.00
678,1354,1,4,9,1,3698.00,3698.00
678,1355,1,8,2,1,4455.00,4455.00
679,1356,2,12,13,2,4993.00,9986.00
680,1357,1,6,7,1,5765.00,5765.00
681,1358,6,24,36,1,3015.00,3015.00
682,1359,4,22,34,1,2245.00,2245.00
683,1360,1,3,8,1,4081.00,4081.00
684,1361,4,22,35,1,935.00,935.00
684,1362,6,25,36,1,4791.00,4791.00
684,1363,2,16,15,2,950.00,1900.00
685,1364,1,10,2,1,1788.00,1788.00
686,1365,3,18,24,1,5454.00,5454.00
686,1366,2,15,16,2,4728.00,9456.00
686,1367,2,17,18,2,5359.00,10718.00
687,1368,4,22,35,1,2801.00,2801.00
688,1369,1,1,6,1,2330.00,2330.00
688,1370,3,19,20,1,548.00,548.00
689,1371,6,25,36,1,1512.00,1512.00
690,1372,2,12,17,2,3376.00,6752.00
690,1373,4,20,30,1,1356.00,1356.00
690,1374,4,21,35,1,595.00,595.00
691,1375,3,19,25,1,6307.00,6307.00
691,1376,2,12,14,2,2600.00,5200.00
692,1377,4,21,35,1,527.00,527.00
693,1378,6,25,36,1,6010.00,6010.00
693,1379,6,25,36,1,3858.00,3858.00
693,1380,4,20,31,1,1200.00,1200.00
694,1381,3,18,24,1,5041.00,5041.00
694,1382,4,21,35,1,6364.00,6364.00
695,1383,4,20,34,1,1720.00,1720.00
695,1384,4,21,30,1,1481.00,1481.00
695,1385,6,25,36,1,4703.00,4703.00
696,1386,4,21,35,1,6688.00,6688.00
696,1387,4,22,33,1,2980.00,2980.00
697,1388,3,18,28,1,1087.00,1087.00
698,1389,2,12,15,2,5268.00,10536.00
698,1390,4,22,35,1,3739.00,3739.00
698,1391,4,22,35,1,2908.00,2908.00
699,1392,4,22,31,1,4341.00,4341.00
699,1393,3,18,27,1,4681.00,4681.00
700,1394,1,9,4,1,5052.00,5052.00
700,1395,6,25,36,1,975.00,975.00
701,1396,1,8,9,1,766.00,766.00
701,1397,3,19,19,1,5173.00,5173.00
702,1398,2,15,18,2,4006.00,8012.00
702,1399,1,10,5,1,5036.00,5036.00
703,1400,2,14,14,2,2263.00,4526.00
704,1401,6,25,36,1,3028.00,3028.00
705,1402,4,20,33,1,4729.00,4729.00
706,1403,4,22,32,1,1153.00,1153.00
706,1404,1,7,10,1,6718.00,6718.00
706,1405,2,11,12,2,4725.00,9450.00
707,1406,1,3,3,1,6133.00,6133.00
708,1407,6,24,36,1,2014.00,2014.00
708,1408,4,21,33,1,3182.00,3182.00
708,1409,6,24,36,1,5400.00,5400.00
709,1410,4,20,34,1,5840.00,5840.00
710,1411,3,19,25,1,787.00,787.00
710,1412,2,11,12,2,6134.00,12268.00
711,1413,2,17,18,2,4517.00,9034.00
711,1414,2,17,16,2,5591.00,11182.00
711,1415,1,9,9,1,1713.00,1713.00
712,1416,2,16,14,2,3270.00,6540.00
712,1417,6,24,36,1,882.00,882.00
713,1418,1,3,10,1,1113.00,1113.00
714,1419,2,11,15,2,5154.00,10308.00
714,1420,6,25,36,1,2813.00,2813.00
714,1421,4,20,35,1,2627.00,2627.00
715,1422,2,15,14,2,1587.00,3174.00
715,1423,2,16,16,2,1691.00,3382.00
715,1424,6,25,36,1,4181.00,4181.00
716,1425,3,19,22,1,2369.00,2369.00
716,1426,1,3,6,1,2504.00,2504.00
717,1427,4,20,33,1,1555.00,1555.00
718,1428,1,6,2,1,6728.00,6728.00
718,1429,1,1,11,1,3687.00,3687.00
718,1430,2,13,16,2,2855.00,5710.00
719,1431,4,20,34,1,1339.00,1339.00
720,1432,2,12,15,2,6748.00,13496.00
720,1433,1,3,5,1,6504.00,6504.00
720,1434,2,14,13,2,3304.00,6608.00
721,1435,1,3,6,1,1333.00,1333.00
721,1436,3,19,25,1,6759.00,6759.00
721,1437,2,16,12,2,4301.00,8602.00
722,1438,6,25,36,1,6734.00,6734.00
722,1439,1,8,4,1,724.00,724.00
723,1440,6,24,36,1,4323.00,4323.00
724,1441,1,10,11,1,4419.00,4419.00
724,1442,4,22,31,1,6605.00,6605.00
725,1443,3,18,24,1,3559.00,3559.00
725,1444,3,19,22,1,6694.00,6694.00
725,1445,6,25,36,1,4680.00,4680.00
726,1446,1,2,3,1,3212.00,3212.00
727,1447,4,22,35,1,6151.00,6151.00
727,1448,6,25,36,1,6063.00,6063.00
728,1449,3,19,27,1,4911.00,4911.00
728,1450,2,15,16,2,1285.00,2570.00
728,1451,3,19,28,1,4238.00,4238.00
729,1452,4,21,32,1,1510.00,1510.00
729,1453,4,22,31,1,2787.00,2787.00
729,1454,3,18,19,1,3662.00,3662.00
730,1455,1,10,1,1,5594.00,5594.00
730,1456,1,8,10,1,5393.00,5393.00
731,1457,1,2,4,1,3103.00,3103.00
731,1458,6,25,36,1,5990.00,5990.00
731,1459,4,22,35,1,2018.00,2018.00
732,1460,6,25,36,1,6047.00,6047.00
732,1461,3,19,28,1,6309.00,6309.00
733,1462,1,10,1,1,3277.00,3277.00
734,1463,3,19,27,1,2566.00,2566.00
735,1464,4,21,32,1,2843.00,2843.00
735,1465,6,25,36,1,4443.00,4443.00
735,1466,4,22,32,1,4574.00,4574.00
736,1467,3,19,19,1,6958.00,6958.00
737,1468,4,22,34,1,3237.00,3237.00
737,1469,3,18,27,1,1731.00,1731.00
737,1470,6,24,36,1,4753.00,4753.00
738,1471,2,16,14,2,5169.00,10338.00
739,1472,6,24,36,1,2854.00,2854.00
739,1473,2,17,13,2,1133.00,2266.00
740,1474,1,10,4,1,2879.00,2879.00
740,1475,4,22,32,1,1275.00,1275.00
740,1476,3,18,19,1,1666.00,1666.00
741,1477,4,20,32,1,5734.00,5734.00
741,1478,3,19,29,1,3590.00,3590.00
741,1479,6,24,36,1,2483.00,2483.00
742,1480,3,19,26,1,1355.00,1355.00
742,1481,1,1,4,1,1925.00,1925.00
743,1482,4,22,31,1,3788.00,3788.00
743,1483,6,25,36,1,6422.00,6422.00
744,1484,1,6,6,1,1433.00,1433.00
745,1485,4,22,31,1,5125.00,5125.00
746,1486,6,25,36,1,5311.00,5311.00
746,1487,1,1,4,1,1113.00,1113.00
746,1488,1,5,1,1,657.00,657.00
747,1489,6,24,36,1,5880.00,5880.00
747,1490,3,18,19,1,6287.00,6287.00
748,1491,1,6,2,1,3942.00,3942.00
749,1492,3,19,29,1,5490.00,5490.00
749,1493,6,24,36,1,1906.00,1906.00
750,1494,1,6,6,1,1020.00,1020.00
750,1495,1,9,4,1,6255.00,6255.00
751,1496,3,19,20,1,6081.00,6081.00
752,1497,3,19,24,1,1742.00,1742.00
752,1498,4,21,30,1,2701.00,2701.00
753,1499,1,3,2,1,3632.00,3632.00
753,1500,3,18,26,1,1165.00,1165.00
753,1501,1,2,6,1,5983.00,5983.00
754,1502,1,4,7,1,716.00,716.00
754,1503,6,24,36,1,3221.00,3221.00
755,1504,6,25,36,1,6011.00,6011.00
756,1505,2,17,14,2,2453.00,4906.00
757,1506,2,13,18,2,4213.00,8426.00
758,1507,4,22,34,1,2637.00,2637.00
758,1508,6,25,36,1,1194.00,1194.00
759,1509,1,5,11,1,1203.00,1203.00
760,1510,6,25,36,1,4776.00,4776.00
760,1511,1,4,11,1,2361.00,2361.00
761,1512,2,16,13,2,2498.00,4996.00
761,1513,1,3,6,1,6605.00,6605.00
762,1514,2,17,15,2,5588.00,11176.00
763,1515,3,18,21,1,5481.00,5481.00
763,1516,3,19,22,1,1219.00,1219.00
763,1517,4,21,35,1,2044.00,2044.00
764,1518,6,25,36,1,4013.00,4013.00
764,1519,4,22,34,1,6661.00,6661.00
764,1520,1,5,7,1,2805.00,2805.00
765,1521,2,17,15,2,4158.00,8316.00
766,1522,6,24,36,1,4744.00,4744.00
766,1523,1,7,4,1,1293.00,1293.00
767,1524,6,24,36,1,3896.00,3896.00
767,1525,4,22,34,1,4077.00,4077.00
767,1526,4,22,34,1,5935.00,5935.00
768,1527,6,24,36,1,1674.00,1674.00
768,1528,4,20,32,1,584.00,584.00
769,1529,2,12,16,2,5256.00,10512.00
769,1530,6,25,36,1,5929.00,5929.00
770,1531,3,18,25,1,3810.00,3810.00
771,1532,6,25,36,1,2759.00,2759.00
771,1533,6,25,36,1,2238.00,2238.00
772,1534,6,25,36,1,6055.00,6055.00
773,1535,2,17,13,2,4488.00,8976.00
773,1536,3,19,27,1,3104.00,3104.00
774,1537,3,19,25,1,6062.00,6062.00
774,1538,1,1,7,1,3250.00,3250.00
774,1539,1,7,9,1,6477.00,6477.00
775,1540,6,25,36,1,730.00,730.00
776,1541,6,25,36,1,3445.00,3445.00
776,1542,2,15,15,2,4870.00,9740.00
777,1543,4,22,35,1,3583.00,3583.00
777,1544,3,18,22,1,4834.00,4834.00
777,1545,2,14,15,2,3747.00,7494.00
778,1546,4,20,33,1,2824.00,2824.00
779,1547,3,19,21,1,4572.00,4572.00
779,1548,4,21,32,1,5250.00,5250.00
779,1549,1,7,7,1,2715.00,2715.00
780,1550,6,25,36,1,1735.00,1735.00
780,1551,3,18,24,1,4270.00,4270.00
780,1552,4,22,31,1,6871.00,6871.00
781,1553,3,18,24,1,6434.00,6434.00
782,1554,6,24,36,1,3580.00,3580.00
782,1555,4,21,30,1,1017.00,1017.00
783,1556,4,21,30,1,4841.00,4841.00
783,1557,4,22,34,1,3685.00,3685.00
783,1558,4,22,32,1,2016.00,2016.00
784,1559,1,10,7,1,2387.00,2387.00
784,1560,4,22,32,1,6671.00,6671.00
784,1561,4,22,32,1,1118.00,1118.00
785,1562,4,22,32,1,784.00,784.00
785,1563,6,25,36,1,5767.00,5767.00
786,1564,6,25,36,1,5966.00,5966.00
786,1565,6,24,36,1,6218.00,6218.00
786,1566,2,15,12,2,2075.00,4150.00
787,1567,6,24,36,1,5056.00,5056.00
788,1568,2,11,12,2,542.00,1084.00
788,1569,6,25,36,1,4126.00,4126.00
789,1570,3,18,29,1,722.00,722.00
789,1571,6,24,36,1,1196.00,1196.00
790,1572,3,18,28,1,3555.00,3555.00
791,1573,3,19,20,1,3788.00,3788.00
792,1574,3,18,25,1,6004.00,6004.00
793,1575,4,21,30,1,5617.00,5617.00
793,1576,1,5,1,1,5586.00,5586.00
794,1577,1,3,6,1,2007.00,2007.00
795,1578,4,22,30,1,1850.00,1850.00
796,1579,1,2,4,1,3787.00,3787.00
796,1580,3,18,24,1,2349.00,2349.00
796,1581,6,25,36,1,5317.00,5317.00
797,1582,4,20,35,1,4768.00,4768.00
798,1583,1,9,1,1,1611.00,1611.00
798,1584,1,10,10,1,886.00,886.00
798,1585,1,1,7,1,4058.00,4058.00
799,1586,2,16,15,2,3565.00,7130.00
799,1587,6,25,36,1,5731.00,5731.00
799,1588,4,21,33,1,1038.00,1038.00
800,1589,2,13,13,2,5146.00,10292.00
800,1590,4,20,31,1,3921.00,3921.00
800,1591,1,5,6,1,5736.00,5736.00
801,1592,2,14,18,2,4821.00,9642.00
801,1593,6,24,36,1,6678.00,6678.00
801,1594,1,9,4,1,5992.00,5992.00
802,1595,6,25,36,1,5956.00,5956.00
802,1596,3,19,22,1,4911.00,4911.00
803,1597,3,18,28,1,1609.00,1609.00
803,1598,4,20,32,1,4988.00,4988.00
804,1599,4,22,35,1,6538.00,6538.00
804,1600,1,6,2,1,5829.00,5829.00
805,1601,4,21,31,1,6404.00,6404.00
805,1602,2,14,13,2,2525.00,5050.00
805,1603,2,11,12,2,1418.00,2836.00
806,1604,6,25,36,1,1637.00,1637.00
806,1605,6,24,36,1,4020.00,4020.00
806,1606,2,13,16,2,6076.00,12152.00
807,1607,6,25,36,1,583.00,583.00
807,1608,1,6,3,1,4510.00,4510.00
807,1609,2,11,15,2,5473.00,10946.00
808,1610,3,19,23,1,4979.00,4979.00
808,1611,1,10,7,1,4885.00,4885.00
808,1612,4,20,31,1,4637.00,4637.00
809,1613,1,6,10,1,3725.00,3725.00
810,1614,1,9,7,1,4228.00,4228.00
810,1615,6,25,36,1,2100.00,2100.00
811,1616,2,17,17,2,6759.00,13518.00
811,1617,6,25,36,1,536.00,536.00
812,1618,1,5,11,1,3750.00,3750.00
813,1619,4,22,35,1,4803.00,4803.00
814,1620,6,24,36,1,694.00,694.00
814,1621,2,17,18,2,5071.00,10142.00
815,1622,3,18,25,1,3528.00,3528.00
815,1623,3,18,20,1,1794.00,1794.00
815,1624,3,19,26,1,4778.00,4778.00
816,1625,2,15,15,2,2999.00,5998.00
816,1626,2,12,12,2,6394.00,12788.00
817,1627,1,5,4,1,4635.00,4635.00
817,1628,3,18,19,1,3015.00,3015.00
817,1629,2,15,17,2,6863.00,13726.00
818,1630,4,21,34,1,4094.00,4094.00
819,1631,1,2,10,1,3861.00,3861.00
819,1632,6,24,36,1,5350.00,5350.00
820,1633,3,18,19,1,4798.00,4798.00
820,1634,1,4,10,1,4059.00,4059.00
820,1635,2,17,17,2,5119.00,10238.00
821,1636,4,22,33,1,5539.00,5539.00
822,1637,3,19,21,1,2648.00,2648.00
822,1638,3,18,26,1,4843.00,4843.00
823,1639,1,7,3,1,4290.00,4290.00
824,1640,6,25,36,1,551.00,551.00
824,1641,6,24,36,1,2935.00,2935.00
825,1642,3,19,25,1,5577.00,5577.00
826,1643,6,25,36,1,6441.00,6441.00
827,1644,4,22,32,1,928.00,928.00
827,1645,6,25,36,1,6165.00,6165.00
827,1646,6,24,36,1,4557.00,4557.00
828,1647,2,16,12,2,3085.00,6170.00
829,1648,6,25,36,1,2875.00,2875.00
829,1649,3,18,29,1,1587.00,1587.00
830,1650,6,25,36,1,6837.00,6837.00
830,1651,3,18,29,1,1506.00,1506.00
831,1652,1,3,8,1,2120.00,2120.00
831,1653,1,6,10,1,2481.00,2481.00
832,1654,6,25,36,1,6962.00,6962.00
832,1655,2,15,15,2,4097.00,8194.00
832,1656,2,11,14,2,6632.00,13264.00
833,1657,2,17,14,2,5314.00,10628.00
834,1658,1,2,7,1,5627.00,5627.00
835,1659,4,22,33,1,5160.00,5160.00
835,1660,3,19,29,1,727.00,727.00
836,1661,4,21,32,1,881.00,881.00
836,1662,3,18,29,1,639.00,639.00
836,1663,6,25,36,1,1255.00,1255.00
837,1664,2,13,13,2,3841.00,7682.00
837,1665,1,10,6,1,3674.00,3674.00
838,1666,3,18,26,1,4545.00,4545.00
838,1667,1,10,8,1,5798.00,5798.00
838,1668,6,24,36,1,2973.00,2973.00
839,1669,3,19,19,1,1439.00,1439.00
839,1670,4,20,33,1,3209.00,3209.00
839,1671,1,1,9,1,6085.00,6085.00
840,1672,1,2,7,1,6151.00,6151.00
840,1673,2,17,13,2,2728.00,5456.00
840,1674,6,24,36,1,6556.00,6556.00
841,1675,3,19,20,1,5157.00,5157.00
841,1676,3,19,26,1,5871.00,5871.00
842,1677,6,24,36,1,3528.00,3528.00
842,1678,1,1,2,1,763.00,763.00
842,1679,2,16,15,2,6281.00,12562.00
843,1680,6,25,36,1,1910.00,1910.00
843,1681,4,22,30,1,6592.00,6592.00
844,1682,3,18,20,1,2082.00,2082.00
844,1683,2,12,17,2,3133.00,6266.00
844,1684,4,21,34,1,3058.00,3058.00
845,1685,4,22,30,1,4184.00,4184.00
845,1686,1,9,5,1,4388.00,4388.00
846,1687,6,25,36,1,5611.00,5611.00
846,1688,2,16,18,2,3044.00,6088.00
847,1689,1,3,3,1,3555.00,3555.00
847,1690,6,24,36,1,1127.00,1127.00
848,1691,1,5,9,1,2673.00,2673.00
849,1692,4,20,30,1,6167.00,6167.00
849,1693,6,25,36,1,3526.00,3526.00
850,1694,6,24,36,1,3985.00,3985.00
850,1695,2,13,16,2,4112.00,8224.00
850,1696,2,12,14,2,5867.00,11734.00
851,1697,6,24,36,1,5082.00,5082.00
852,1698,4,21,31,1,5711.00,5711.00
852,1699,4,22,35,1,4656.00,4656.00
853,1700,6,25,36,1,4058.00,4058.00
853,1701,3,18,24,1,1691.00,1691.00
853,1702,4,20,34,1,3265.00,3265.00
854,1703,4,21,32,1,4270.00,4270.00
855,1704,1,5,1,1,6893.00,6893.00
856,1705,3,19,26,1,2777.00,2777.00
856,1706,1,7,3,1,3355.00,3355.00
856,1707,4,22,32,1,6379.00,6379.00
857,1708,3,18,29,1,4802.00,4802.00
857,1709,3,19,20,1,3119.00,3119.00
858,1710,1,5,3,1,2634.00,2634.00
858,1711,1,6,6,1,4738.00,4738.00
858,1712,3,19,22,1,2790.00,2790.00
859,1713,2,13,12,2,882.00,1764.00
859,1714,3,18,26,1,5177.00,5177.00
860,1715,3,19,22,1,1775.00,1775.00
860,1716,3,19,23,1,5468.00,5468.00
861,1717,1,6,3,1,915.00,915.00
862,1718,2,14,12,2,6150.00,12300.00
862,1719,3,18,25,1,6938.00,6938.00
863,1720,2,13,17,2,6788.00,13576.00
863,1721,3,18,29,1,2022.00,2022.00
863,1722,1,6,2,1,1030.00,1030.00
864,1723,4,21,30,1,4428.00,4428.00
865,1724,6,24,36,1,2699.00,2699.00
865,1725,3,18,23,1,4786.00,4786.00
865,1726,1,4,1,1,2833.00,2833.00
866,1727,4,21,34,1,6284.00,6284.00
866,1728,6,25,36,1,5699.00,5699.00
866,1729,1,9,11,1,850.00,850.00
867,1730,3,18,24,1,2356.00,2356.00
867,1731,2,16,13,2,4423.00,8846.00
867,1732,2,11,16,2,6990.00,13980.00
868,1733,6,24,36,1,2105.00,2105.00
868,1734,3,18,27,1,1155.00,1155.00
869,1735,6,24,36,1,2275.00,2275.00
869,1736,3,18,25,1,4479.00,4479.00
869,1737,2,15,12,2,3367.00,6734.00
870,1738,2,11,17,2,5227.00,10454.00
870,1739,3,18,19,1,5069.00,5069.00
870,1740,2,15,17,2,1633.00,3266.00
871,1741,6,25,36,1,3040.00,3040.00
872,1742,1,4,3,1,5418.00,5418.00
872,1743,6,25,36,1,1919.00,1919.00
872,1744,2,13,16,2,1700.00,3400.00
873,1745,6,24,36,1,2742.00,2742.00
873,1746,6,25,36,1,4200.00,4200.00
874,1747,3,18,26,1,6753.00,6753.00
874,1748,1,2,9,1,5948.00,5948.00
875,1749,2,16,14,2,583.00,1166.00
875,1750,1,10,3,1,1131.00,1131.00
876,1751,2,13,15,2,1767.00,3534.00
877,1752,4,22,31,1,6237.00,6237.00
877,1753,2,12,12,2,6541.00,13082.00
878,1754,1,9,9,1,5770.00,5770.00
879,1755,2,15,13,2,2089.00,4178.00
880,1756,3,18,23,1,6735.00,6735.00
880,1757,6,24,36,1,5948.00,5948.00
881,1758,2,15,14,2,5742.00,11484.00
881,1759,1,3,1,1,4325.00,4325.00
882,1760,3,18,28,1,2676.00,2676.00
882,1761,1,10,4,1,2741.00,2741.00
883,1762,1,1,1,1,1897.00,1897.00
883,1763,6,24,36,1,2455.00,2455.00
883,1764,4,21,34,1,4138.00,4138.00
884,1765,1,4,9,1,1062.00,1062.00
885,1766,2,12,18,2,3056.00,6112.00
885,1767,4,22,33,1,3400.00,3400.00
886,1768,1,8,5,1,2370.00,2370.00
886,1769,4,22,30,1,5167.00,5167.00
887,1770,4,20,35,1,4708.00,4708.00
887,1771,3,19,22,1,5513.00,5513.00
887,1772,4,20,31,1,3865.00,3865.00
888,1773,6,25,36,1,6489.00,6489.00
888,1774,3,19,27,1,6505.00,6505.00
888,1775,6,24,36,1,6552.00,6552.00
889,1776,1,8,6,1,1260.00,1260.00
889,1777,1,10,3,1,4573.00,4573.00
890,1778,3,18,20,1,3821.00,3821.00
890,1779,3,19,29,1,3892.00,3892.00
890,1780,2,15,15,2,903.00,1806.00
891,1781,1,8,6,1,2522.00,2522.00
892,1782,4,21,34,1,3680.00,3680.00
892,1783,6,24,36,1,839.00,839.00
892,1784,4,20,35,1,6865.00,6865.00
893,1785,6,24,36,1,3983.00,3983.00
894,1786,1,1,7,1,3460.00,3460.00
894,1787,2,14,16,2,3961.00,7922.00
894,1788,2,11,14,2,4286.00,8572.00
895,1789,3,18,25,1,3246.00,3246.00
895,1790,1,3,11,1,6465.00,6465.00
896,1791,2,16,12,2,6425.00,12850.00
896,1792,4,22,33,1,6314.00,6314.00
896,1793,3,19,24,1,5684.00,5684.00
897,1794,3,19,25,1,6114.00,6114.00
897,1795,3,18,26,1,4868.00,4868.00
898,1796,2,11,17,2,6292.00,12584.00
898,1797,1,7,2,1,2974.00,2974.00
899,1798,2,15,12,2,1250.00,2500.00
900,1799,3,18,21,1,3041.00,3041.00
901,1800,1,1,5,1,2935.00,2935.00
901,1801,1,7,1,1,5531.00,5531.00
901,1802,6,24,36,1,2173.00,2173.00
902,1803,6,24,36,1,3461.00,3461.00
903,1804,1,10,3,1,3251.00,3251.00
903,1805,1,1,5,1,2866.00,2866.00
903,1806,3,19,25,1,1801.00,1801.00
904,1807,4,21,34,1,2430.00,2430.00
904,1808,2,17,13,2,6795.00,13590.00
904,1809,1,4,6,1,1064.00,1064.00
905,1810,1,7,1,1,2045.00,2045.00
905,1811,3,19,21,1,6224.00,6224.00
905,1812,4,20,31,1,2069.00,2069.00
906,1813,2,13,17,2,5291.00,10582.00
907,1814,1,2,9,1,1724.00,1724.00
907,1815,6,25,36,1,3751.00,3751.00
908,1816,3,19,21,1,5313.00,5313.00
909,1817,4,20,31,1,1716.00,1716.00
910,1818,4,21,35,1,2488.00,2488.00
910,1819,6,24,36,1,1133.00,1133.00
910,1820,4,21,34,1,2896.00,2896.00
911,1821,4,22,32,1,2743.00,2743.00
912,1822,1,8,6,1,2321.00,2321.00
913,1823,6,25,36,1,1904.00,1904.00
914,1824,6,24,36,1,3262.00,3262.00
914,1825,6,24,36,1,1962.00,1962.00
914,1826,1,7,9,1,3416.00,3416.00
915,1827,4,20,32,1,4000.00,4000.00
915,1828,3,18,29,1,4205.00,4205.00
916,1829,6,24,36,1,4869.00,4869.00
917,1830,3,19,24,1,5511.00,5511.00
917,1831,2,17,13,2,6163.00,12326.00
917,1832,3,18,19,1,1148.00,1148.00
918,1833,6,24,36,1,4497.00,4497.00
919,1834,3,19,21,1,3145.00,3145.00
920,1835,4,20,32,1,4448.00,4448.00
920,1836,4,20,33,1,3546.00,3546.00
920,1837,2,12,16,2,4107.00,8214.00
921,1838,2,14,15,2,2737.00,5474.00
921,1839,2,15,16,2,1237.00,2474.00
921,1840,4,21,34,1,5412.00,5412.00
922,1841,3,19,19,1,2003.00,2003.00
923,1842,3,18,29,1,5735.00,5735.00
923,1843,6,24,36,1,3665.00,3665.00
924,1844,6,24,36,1,6701.00,6701.00
924,1845,1,4,11,1,6710.00,6710.00
925,1846,1,3,3,1,6852.00,6852.00
926,1847,1,2,5,1,5012.00,5012.00
926,1848,1,10,9,1,4662.00,4662.00
926,1849,6,25,36,1,2840.00,2840.00
927,1850,3,19,29,1,5874.00,5874.00
928,1851,6,24,36,1,3155.00,3155.00
929,1852,1,10,2,1,3398.00,3398.00
930,1853,4,22,32,1,5763.00,5763.00
930,1854,3,19,28,1,2257.00,2257.00
930,1855,6,25,36,1,5514.00,5514.00
931,1856,6,24,36,1,1632.00,1632.00
932,1857,1,5,8,1,3797.00,3797.00
932,1858,3,19,20,1,4928.00,4928.00
933,1859,1,9,8,1,4102.00,4102.00
933,1860,6,25,36,1,6247.00,6247.00
934,1861,2,17,12,2,1991.00,3982.00
934,1862,1,7,2,1,4055.00,4055.00
934,1863,2,16,12,2,1336.00,2672.00
935,1864,4,22,34,1,6502.00,6502.00
935,1865,3,19,19,1,5150.00,5150.00
936,1866,6,25,36,1,6278.00,6278.00
937,1867,6,24,36,1,4450.00,4450.00
937,1868,6,24,36,1,4591.00,4591.00
937,1869,6,24,36,1,2381.00,2381.00
938,1870,6,24,36,1,3053.00,3053.00
938,1871,3,18,29,1,3967.00,3967.00
939,1872,2,17,17,2,6235.00,12470.00
939,1873,6,25,36,1,6209.00,6209.00
939,1874,4,22,30,1,1502.00,1502.00
940,1875,4,21,35,1,1776.00,1776.00
940,1876,4,20,33,1,798.00,798.00
941,1877,6,25,36,1,1422.00,1422.00
941,1878,2,17,13,2,5040.00,10080.00
941,1879,2,11,17,2,6327.00,12654.00
942,1880,3,18,27,1,1287.00,1287.00
943,1881,1,10,1,1,928.00,928.00
944,1882,4,22,30,1,3586.00,3586.00
944,1883,2,17,16,2,3108.00,6216.00
944,1884,6,24,36,1,4923.00,4923.00
945,1885,6,25,36,1,5027.00,5027.00
945,1886,4,22,33,1,829.00,829.00
945,1887,1,10,2,1,1505.00,1505.00
946,1888,4,20,35,1,6402.00,6402.00
946,1889,4,22,34,1,5047.00,5047.00
946,1890,1,7,4,1,1453.00,1453.00
947,1891,6,25,36,1,2248.00,2248.00
947,1892,4,22,32,1,4352.00,4352.00
948,1893,4,21,32,1,3585.00,3585.00
948,1894,4,21,34,1,3895.00,3895.00
948,1895,4,21,35,1,1246.00,1246.00
949,1896,4,21,32,1,5456.00,5456.00
950,1897,4,21,32,1,4147.00,4147.00
950,1898,3,19,19,1,5675.00,5675.00
950,1899,6,24,36,1,4968.00,4968.00
951,1900,6,25,36,1,2144.00,2144.00
952,1901,2,13,13,2,5174.00,10348.00
952,1902,3,18,27,1,3197.00,3197.00
953,1903,1,2,1,1,1689.00,1689.00
953,1904,2,13,15,2,3027.00,6054.00
954,1905,2,13,12,2,2976.00,5952.00
954,1906,4,22,30,1,3230.00,3230.00
955,1907,1,2,5,1,5388.00,5388.00
955,1908,2,11,13,2,2332.00,4664.00
956,1909,4,21,35,1,1678.00,1678.00
956,1910,1,9,2,1,4592.00,4592.00
957,1911,2,17,16,2,3258.00,6516.00
957,1912,1,3,8,1,4744.00,4744.00
957,1913,1,3,5,1,3325.00,3325.00
958,1914,6,24,36,1,726.00,726.00
959,1915,1,9,9,1,1838.00,1838.00
959,1916,4,21,33,1,1791.00,1791.00
960,1917,6,25,36,1,3205.00,3205.00
960,1918,1,9,9,1,3653.00,3653.00
961,1919,3,18,22,1,1811.00,1811.00
961,1920,6,25,36,1,3363.00,3363.00
962,1921,2,13,18,2,4004.00,8008.00
962,1922,2,14,17,2,1433.00,2866.00
962,1923,2,16,17,2,4313.00,8626.00
963,1924,6,24,36,1,6353.00,6353.00
963,1925,6,24,36,1,2843.00,2843.00
964,1926,4,20,31,1,6176.00,6176.00
964,1927,6,25,36,1,6497.00,6497.00
964,1928,3,19,19,1,657.00,657.00
965,1929,3,18,29,1,6627.00,6627.00
965,1930,1,10,6,1,663.00,663.00
965,1931,2,16,17,2,5560.00,11120.00
966,1932,2,13,15,2,1767.00,3534.00
966,1933,4,21,35,1,5528.00,5528.00
967,1934,1,3,10,1,6105.00,6105.00
967,1935,1,7,2,1,3353.00,3353.00
967,1936,3,18,22,1,6352.00,6352.00
968,1937,2,17,13,2,1756.00,3512.00
968,1938,1,9,1,1,5399.00,5399.00
969,1939,6,24,36,1,2937.00,2937.00
969,1940,1,7,3,1,2161.00,2161.00
969,1941,3,18,19,1,1307.00,1307.00
970,1942,4,20,30,1,767.00,767.00
970,1943,3,18,20,1,792.00,792.00
971,1944,2,16,17,2,4912.00,9824.00
972,1945,6,24,36,1,4686.00,4686.00
972,1946,4,20,34,1,6866.00,6866.00
973,1947,3,19,20,1,5766.00,5766.00
974,1948,4,21,33,1,5442.00,5442.00
974,1949,2,17,14,2,6351.00,12702.00
974,1950,1,9,2,1,4825.00,4825.00
975,1951,1,8,10,1,4362.00,4362.00
975,1952,2,16,14,2,3038.00,6076.00
976,1953,2,14,14,2,4044.00,8088.00
976,1954,1,6,10,1,3828.00,3828.00
976,1955,1,8,1,1,2110.00,2110.00
977,1956,6,25,36,1,4793.00,4793.00
977,1957,1,6,1,1,5136.00,5136.00
977,1958,3,18,23,1,6095.00,6095.00
978,1959,3,18,28,1,4529.00,4529.00
979,1960,6,25,36,1,6168.00,6168.00
979,1961,1,1,11,1,5562.00,5562.00
979,1962,1,4,6,1,6164.00,6164.00
980,1963,6,25,36,1,2623.00,2623.00
980,1964,4,22,31,1,5264.00,5264.00
980,1965,4,21,33,1,4968.00,4968.00
981,1966,1,10,9,1,6066.00,6066.00
981,1967,2,16,15,2,3621.00,7242.00
981,1968,4,22,35,1,4196.00,4196.00
982,1969,1,3,6,1,3375.00,3375.00
983,1970,4,22,32,1,6250.00,6250.00
983,1971,2,15,14,2,5604.00,11208.00
983,1972,1,4,7,1,1788.00,1788.00
984,1973,3,19,27,1,2719.00,2719.00
984,1974,6,25,36,1,2599.00,2599.00
984,1975,1,10,7,1,2526.00,2526.00
985,1976,3,18,27,1,4142.00,4142.00
986,1977,6,24,36,1,5921.00,5921.00
987,1978,3,19,25,1,2461.00,2461.00
987,1979,6,24,36,1,2646.00,2646.00
987,1980,1,2,8,1,6479.00,6479.00
988,1981,4,21,35,1,6844.00,6844.00
989,1982,6,24,36,1,1395.00,1395.00
989,1983,4,21,32,1,5518.00,5518.00
989,1984,4,20,34,1,5927.00,5927.00
990,1985,2,15,18,2,4902.00,9804.00
990,1986,6,24,36,1,939.00,939.00
990,1987,4,21,33,1,1550.00,1550.00
991,1988,3,19,24,1,946.00,946.00
991,1989,3,18,22,1,5925.00,5925.00
991,1990,2,15,12,2,777.00,1554.00
992,1991,4,22,35,1,4995.00,4995.00
992,1992,6,24,36,1,1011.00,1011.00
992,1993,6,25,36,1,3518.00,3518.00
993,1994,2,16,12,2,1728.00,3456.00
994,1995,6,24,36,1,5104.00,5104.00
994,1996,4,22,32,1,2132.00,2132.00
994,1997,3,18,22,1,4482.00,4482.00
995,1998,2,17,18,2,3311.00,6622.00
995,1999,2,16,14,2,816.00,1632.00
996,2000,6,24,36,1,1626.00,1626.00
997,2001,6,24,36,1,2483.00,2483.00
997,2002,4,22,30,1,2204.00,2204.00
997,2003,6,24,36,1,1994.00,1994.00
998,2004,6,25,36,1,628.00,628.00
999,2005,1,1,11,1,1879.00,1879.00
1000,2006,6,25,36,1,2293.00,2293.00
1001,2007,2,16,13,2,2449.00,4898.00
1001,2008,2,15,18,2,2405.00,4810.00
1002,2009,4,20,35,1,1917.00,1917.00
1002,2010,6,24,36,1,1200.00,1200.00
1002,2011,4,22,34,1,6103.00,6103.00
1003,2012,1,7,9,1,4519.00,4519.00
1003,2013,2,15,12,2,1527.00,3054.00
1004,2014,2,16,16,2,501.00,1002.00
1005,2015,6,25,36,1,4747.00,4747.00
1006,2016,2,12,17,2,1049.00,2098.00
1006,2017,3,19,19,1,3881.00,3881.00
1007,2018,2,17,16,2,6244.00,12488.00
1007,2019,3,18,22,1,936.00,936.00
1008,2020,1,3,4,1,5254.00,5254.00
1008,2021,6,24,36,1,1276.00,1276.00
1009,2022,6,25,36,1,1274.00,1274.00
1009,2023,6,24,36,1,1705.00,1705.00
1009,2024,3,18,26,1,4135.00,4135.00
1010,2025,6,24,36,1,1081.00,1081.00
1011,2026,4,22,33,1,6400.00,6400.00
1012,2027,3,19,21,1,1478.00,1478.00
1012,2028,1,9,8,1,3109.00,3109.00
1012,2029,3,19,24,1,4496.00,4496.00
1013,2030,4,20,34,1,3104.00,3104.00
1013,2031,3,18,26,1,4618.00,4618.00
1014,2032,4,21,34,1,6680.00,6680.00
1015,2033,3,18,22,1,4959.00,4959.00
1016,2034,1,5,8,1,1895.00,1895.00
1017,2035,4,20,31,1,2761.00,2761.00
1017,2036,3,19,24,1,5916.00,5916.00
1018,2037,1,1,9,1,2212.00,2212.00
1018,2038,2,17,16,2,2105.00,4210.00
1019,2039,6,25,36,1,5076.00,5076.00
1020,2040,2,14,17,2,3293.00,6586.00
1020,2041,1,3,6,1,6232.00,6232.00
1021,2042,3,19,22,1,3998.00,3998.00
1022,2043,2,15,14,2,5917.00,11834.00
1022,2044,2,12,16,2,4242.00,8484.00
1022,2045,3,18,21,1,6331.00,6331.00
1023,2046,1,1,3,1,3936.00,3936.00
1023,2047,1,8,2,1,2262.00,2262.00
1024,2048,1,3,6,1,926.00,926.00
1025,2049,6,25,36,1,5731.00,5731.00
1025,2050,6,24,36,1,2732.00,2732.00
1026,2051,1,1,6,1,3485.00,3485.00
1027,2052,4,22,35,1,3088.00,3088.00
1027,2053,4,21,33,1,4041.00,4041.00
1028,2054,1,6,8,1,6965.00,6965.00
1029,2055,4,20,30,1,6661.00,6661.00
1029,2056,4,20,30,1,4156.00,4156.00
1030,2057,6,24,36,1,1993.00,1993.00
1030,2058,3,18,19,1,4226.00,4226.00
1031,2059,4,21,30,1,6964.00,6964.00
1032,2060,6,25,36,1,2811.00,2811.00
1033,2061,1,2,3,1,676.00,676.00
1034,2062,3,18,26,1,2947.00,2947.00
1035,2063,2,11,12,2,3250.00,6500.00
1035,2064,3,19,28,1,3445.00,3445.00
1036,2065,1,4,9,1,6634.00,6634.00
1037,2066,2,11,16,2,5319.00,10638.00
1038,2067,6,24,36,1,3632.00,3632.00
1039,2068,6,24,36,1,1424.00,1424.00
1040,2069,2,14,12,2,2315.00,4630.00
1041,2070,3,18,27,1,3496.00,3496.00
1042,2071,2,11,14,2,1543.00,3086.00
1043,2072,3,18,29,1,2170.00,2170.00
1043,2073,4,20,32,1,3075.00,3075.00
1043,2074,6,25,36,1,5043.00,5043.00
1044,2075,2,17,14,2,1542.00,3084.00
1045,2076,4,21,30,1,1558.00,1558.00
1046,2077,4,20,30,1,1665.00,1665.00
1046,2078,2,17,13,2,5056.00,10112.00
1047,2079,3,18,20,1,3019.00,3019.00
1047,2080,2,17,16,2,6678.00,13356.00
1048,2081,6,25,36,1,5148.00,5148.00
1048,2082,3,18,23,1,4812.00,4812.00
1049,2083,2,15,14,2,5817.00,11634.00
1049,2084,4,20,35,1,3148.00,3148.00
1049,2085,6,24,36,1,3252.00,3252.00
1050,2086,6,24,36,1,1035.00,1035.00
1051,2087,2,12,15,2,4809.00,9618.00
1052,2088,2,13,18,2,4013.00,8026.00
1052,2089,6,24,36,1,5829.00,5829.00
1052,2090,3,18,25,1,1333.00,1333.00
1053,2091,6,25,36,1,1228.00,1228.00
1053,2092,3,18,20,1,3871.00,3871.00
1054,2093,4,21,35,1,5583.00,5583.00
1055,2094,6,24,36,1,4528.00,4528.00
1055,2095,2,12,17,2,5245.00,10490.00
1055,2096,1,1,4,1,5583.00,5583.00
1056,2097,3,19,24,1,4924.00,4924.00
1057,2098,2,11,13,2,5772.00,11544.00
1057,2099,6,25,36,1,3199.00,3199.00
1058,2100,3,18,23,1,4880.00,4880.00
1058,2101,3,18,20,1,4668.00,4668.00
1058,2102,4,21,31,1,6286.00,6286.00
1059,2103,3,18,28,1,6562.00,6562.00
1060,2104,1,7,8,1,3532.00,3532.00
1061,2105,6,25,36,1,2453.00,2453.00
1062,2106,6,24,36,1,1763.00,1763.00
1063,2107,6,24,36,1,2476.00,2476.00
1063,2108,2,11,12,2,5857.00,11714.00
1063,2109,1,6,8,1,6653.00,6653.00
1064,2110,4,21,34,1,1416.00,1416.00
1064,2111,6,24,36,1,5512.00,5512.00
1064,2112,1,7,8,1,4611.00,4611.00
1065,2113,3,18,27,1,5082.00,5082.00
1065,2114,3,18,28,1,1080.00,1080.00
1066,2115,3,19,23,1,3827.00,3827.00
1067,2116,2,11,16,2,1843.00,3686.00
1067,2117,1,8,6,1,6738.00,6738.00
1067,2118,4,20,32,1,4493.00,4493.00
1068,2119,3,18,28,1,3117.00,3117.00
1068,2120,1,6,8,1,6563.00,6563.00
1069,2121,2,17,14,2,6394.00,12788.00
1069,2122,6,24,36,1,6014.00,6014.00
1069,2123,1,9,11,1,3964.00,3964.00
1070,2124,4,22,35,1,3001.00,3001.00
1071,2125,1,4,6,1,3615.00,3615.00
1071,2126,1,3,5,1,5609.00,5609.00
1072,2127,4,21,32,1,6616.00,6616.00
1072,2128,2,15,13,2,1787.00,3574.00
1072,2129,6,25,36,1,3855.00,3855.00
1073,2130,6,24,36,1,2797.00,2797.00
1074,2131,4,22,30,1,826.00,826.00
1075,2132,2,13,18,2,4640.00,9280.00
1075,2133,4,20,31,1,1454.00,1454.00
1075,2134,1,10,7,1,6313.00,6313.00
1076,2135,4,22,31,1,2040.00,2040.00
1077,2136,1,10,11,1,1137.00,1137.00
1077,2137,3,18,19,1,3624.00,3624.00
1077,2138,1,3,3,1,3753.00,3753.00
1078,2139,1,7,7,1,6196.00,6196.00
1078,2140,3,19,28,1,6107.00,6107.00
1078,2141,4,22,35,1,6132.00,6132.00
1079,2142,4,21,31,1,4375.00,4375.00
1079,2143,3,18,28,1,2741.00,2741.00
1079,2144,3,19,19,1,6798.00,6798.00
1080,2145,6,25,36,1,1974.00,1974.00
1080,2146,3,19,24,1,2356.00,2356.00
1080,2147,4,20,33,1,4535.00,4535.00
1081,2148,6,25,36,1,1000.00,1000.00
1081,2149,6,24,36,1,2601.00,2601.00
1082,2150,1,1,11,1,1692.00,1692.00
1082,2151,1,10,5,1,1807.00,1807.00
1082,2152,3,18,29,1,2499.00,2499.00
1083,2153,4,21,34,1,1291.00,1291.00
1084,2154,2,15,17,2,5873.00,11746.00
1084,2155,1,9,3,1,2323.00,2323.00
1085,2156,6,25,36,1,4522.00,4522.00
1085,2157,4,20,31,1,5702.00,5702.00
1086,2158,6,25,36,1,1213.00,1213.00
1086,2159,4,22,30,1,5841.00,5841.00
1087,2160,3,19,20,1,2812.00,2812.00
1087,2161,4,22,30,1,3431.00,3431.00
1087,2162,3,18,24,1,2937.00,2937.00
1088,2163,4,20,31,1,677.00,677.00
1089,2164,2,17,13,2,6345.00,12690.00
1090,2165,6,25,36,1,2071.00,2071.00
1090,2166,6,24,36,1,6651.00,6651.00
1091,2167,6,24,36,1,6946.00,6946.00
1091,2168,6,24,36,1,2204.00,2204.00
1092,2169,4,21,35,1,5381.00,5381.00
1093,2170,2,16,16,2,5754.00,11508.00
1093,2171,3,18,25,1,1817.00,1817.00
1094,2172,6,24,36,1,1689.00,1689.00
1094,2173,4,22,35,1,5082.00,5082.00
1094,2174,3,18,24,1,1124.00,1124.00
1095,2175,2,12,18,2,536.00,1072.00
1095,2176,4,20,33,1,2926.00,2926.00
1095,2177,2,11,12,2,4388.00,8776.00
1096,2178,1,6,1,1,5167.00,5167.00
1096,2179,3,18,19,1,1848.00,1848.00
1097,2180,1,7,10,1,3095.00,3095.00
1097,2181,3,19,26,1,4755.00,4755.00
1097,2182,1,5,11,1,1555.00,1555.00
1098,2183,2,13,17,2,1395.00,2790.00
1099,2184,4,22,30,1,6583.00,6583.00
1099,2185,3,18,19,1,2389.00,2389.00
1100,2186,1,8,7,1,6244.00,6244.00
1101,2187,1,10,4,1,2571.00,2571.00
1102,2188,4,20,30,1,6669.00,6669.00
1103,2189,6,25,36,1,3855.00,3855.00
1104,2190,1,7,2,1,2856.00,2856.00
1105,2191,2,17,13,2,3454.00,6908.00
1105,2192,3,19,20,1,2287.00,2287.00
1106,2193,2,16,13,2,4425.00,8850.00
1107,2194,3,19,27,1,900.00,900.00
1107,2195,2,16,12,2,3306.00,6612.00
1107,2196,1,10,6,1,1463.00,1463.00
1108,2197,6,25,36,1,3735.00,3735.00
1108,2198,3,18,24,1,1913.00,1913.00
1108,2199,6,24,36,1,6887.00,6887.00
1109,2200,3,19,20,1,1869.00,1869.00
1110,2201,6,24,36,1,4587.00,4587.00
1110,2202,3,18,26,1,3452.00,3452.00
1111,2203,3,18,23,1,3413.00,3413.00
1112,2204,6,24,36,1,5993.00,5993.00
1112,2205,3,18,27,1,5673.00,5673.00
1112,2206,6,24,36,1,1906.00,1906.00
1113,2207,1,5,11,1,4088.00,4088.00
1114,2208,3,18,25,1,6772.00,6772.00
1114,2209,6,24,36,1,4878.00,4878.00
1114,2210,3,18,26,1,2879.00,2879.00
1115,2211,6,25,36,1,5596.00,5596.00
1115,2212,3,18,21,1,2079.00,2079.00
1115,2213,6,24,36,1,2234.00,2234.00
1116,2214,3,19,29,1,3705.00,3705.00
1117,2215,3,19,19,1,6755.00,6755.00
1118,2216,3,18,22,1,6337.00,6337.00
1118,2217,2,16,17,2,6961.00,13922.00
1119,2218,2,16,15,2,905.00,1810.00
1119,2219,4,21,31,1,1641.00,1641.00
1119,2220,1,2,2,1,5329.00,5329.00
1120,2221,6,25,36,1,3105.00,3105.00
1120,2222,1,9,4,1,4771.00,4771.00
1120,2223,6,24,36,1,4955.00,4955.00
1121,2224,6,25,36,1,5475.00,5475.00
1122,2225,3,18,25,1,2968.00,2968.00
1122,2226,1,2,3,1,5612.00,5612.00
1122,2227,4,21,32,1,1723.00,1723.00
1123,2228,1,3,5,1,3904.00,3904.00
1124,2229,3,19,28,1,4800.00,4800.00
1124,2230,1,10,9,1,6235.00,6235.00
1125,2231,1,6,10,1,5835.00,5835.00
1125,2232,4,22,31,1,1819.00,1819.00
1125,2233,2,12,18,2,6198.00,12396.00
1126,2234,6,24,36,1,4295.00,4295.00
1127,2235,3,18,22,1,4417.00,4417.00
1127,2236,2,14,12,2,646.00,1292.00
1127,2237,4,22,33,1,2630.00,2630.00
1128,2238,2,15,18,2,4958.00,9916.00
1128,2239,1,6,11,1,5987.00,5987.00
1129,2240,4,22,30,1,4504.00,4504.00
1129,2241,3,19,25,1,6735.00,6735.00
1129,2242,3,19,25,1,3011.00,3011.00
1130,2243,6,25,36,1,4390.00,4390.00
1130,2244,1,3,4,1,6631.00,6631.00
1130,2245,2,15,12,2,5113.00,10226.00
1131,2246,2,12,13,2,3020.00,6040.00
1132,2247,2,16,14,2,4997.00,9994.00
1132,2248,6,24,36,1,620.00,620.00
1133,2249,4,22,33,1,3349.00,3349.00
1133,2250,4,22,30,1,563.00,563.00
1133,2251,6,24,36,1,4589.00,4589.00
1134,2252,1,1,7,1,2520.00,2520.00
1134,2253,6,24,36,1,5669.00,5669.00
1134,2254,2,14,16,2,1999.00,3998.00
1135,2255,4,21,30,1,5504.00,5504.00
1136,2256,6,24,36,1,2236.00,2236.00
1137,2257,3,19,27,1,4341.00,4341.00
1138,2258,6,24,36,1,5361.00,5361.00
1138,2259,4,20,33,1,5125.00,5125.00
1138,2260,2,15,18,2,3617.00,7234.00
1139,2261,4,20,31,1,6014.00,6014.00
1139,2262,3,19,21,1,632.00,632.00
1139,2263,6,25,36,1,3969.00,3969.00
1140,2264,3,19,22,1,3522.00,3522.00
1140,2265,1,5,1,1,736.00,736.00
1140,2266,3,19,27,1,990.00,990.00
1141,2267,6,24,36,1,1114.00,1114.00
1142,2268,3,19,26,1,5892.00,5892.00
1142,2269,6,25,36,1,4141.00,4141.00
1142,2270,4,22,34,1,6220.00,6220.00
1143,2271,6,25,36,1,4458.00,4458.00
1143,2272,1,5,10,1,6833.00,6833.00
1144,2273,1,9,2,1,2944.00,2944.00
1145,2274,3,19,19,1,1269.00,1269.00
1145,2275,6,24,36,1,1229.00,1229.00
1146,2276,3,18,19,1,6692.00,6692.00
1146,2277,4,22,33,1,5571.00,5571.00
1147,2278,3,19,20,1,2498.00,2498.00
1148,2279,3,19,19,1,1997.00,1997.00
1148,2280,6,24,36,1,5054.00,5054.00
1149,2281,1,5,10,1,4630.00,4630.00
1150,2282,1,8,8,1,6653.00,6653.00
1150,2283,1,10,10,1,5871.00,5871.00
1150,2284,2,13,14,2,3755.00,7510.00
1151,2285,3,19,27,1,3138.00,3138.00
1152,2286,1,8,1,1,1862.00,1862.00
1153,2287,2,17,14,2,5435.00,10870.00
1154,2288,2,17,16,2,3895.00,7790.00
1154,2289,2,13,18,2,5087.00,10174.00
1155,2290,4,20,33,1,1452.00,1452.00
1155,2291,6,25,36,1,599.00,599.00
1156,2292,2,15,16,2,810.00,1620.00
1156,2293,6,25,36,1,6878.00,6878.00
1156,2294,4,20,30,1,5251.00,5251.00
1157,2295,3,19,22,1,3581.00,3581.00
1157,2296,6,24,36,1,3088.00,3088.00
1158,2297,6,24,36,1,7000.00,7000.00
1158,2298,3,19,26,1,4748.00,4748.00
1158,2299,3,19,27,1,2667.00,2667.00
1159,2300,1,10,6,1,1266.00,1266.00
1159,2301,2,13,14,2,4056.00,8112.00
1159,2302,2,17,18,2,2512.00,5024.00
1160,2303,1,2,5,1,835.00,835.00
1160,2304,4,21,34,1,1256.00,1256.00
1161,2305,3,19,21,1,4069.00,4069.00
1161,2306,1,4,6,1,997.00,997.00
1162,2307,3,18,22,1,6761.00,6761.00
1163,2308,1,9,5,1,6701.00,6701.00
1164,2309,1,9,1,1,3265.00,3265.00
1164,2310,6,24,36,1,2527.00,2527.00
1164,2311,2,13,15,2,6961.00,13922.00
1165,2312,6,25,36,1,4407.00,4407.00
1166,2313,1,9,7,1,5123.00,5123.00
1167,2314,4,20,31,1,6279.00,6279.00
1168,2315,1,8,4,1,2490.00,2490.00
1168,2316,4,22,33,1,3692.00,3692.00
1169,2317,1,2,6,1,5419.00,5419.00
1169,2318,4,21,34,1,3639.00,3639.00
1169,2319,3,19,27,1,835.00,835.00
1170,2320,4,21,31,1,2291.00,2291.00
1170,2321,6,24,36,1,661.00,661.00
1171,2322,1,7,6,1,3524.00,3524.00
1171,2323,4,22,31,1,6583.00,6583.00
1171,2324,1,7,9,1,1001.00,1001.00
1172,2325,4,22,30,1,1291.00,1291.00
1173,2326,2,12,12,2,2957.00,5914.00
1174,2327,6,24,36,1,5984.00,5984.00
1174,2328,2,11,12,2,2219.00,4438.00
1174,2329,1,8,3,1,4475.00,4475.00
1175,2330,4,20,33,1,4181.00,4181.00
1175,2331,1,10,7,1,6660.00,6660.00
1175,2332,2,11,12,2,3637.00,7274.00
1176,2333,3,19,26,1,3212.00,3212.00
1176,2334,1,3,1,1,2112.00,2112.00
1176,2335,4,22,31,1,4806.00,4806.00
1177,2336,3,19,29,1,4539.00,4539.00
1177,2337,2,13,15,2,3640.00,7280.00
1177,2338,2,14,15,2,4133.00,8266.00
1178,2339,3,18,24,1,928.00,928.00
1179,2340,6,25,36,1,5214.00,5214.00
1179,2341,1,7,11,1,6158.00,6158.00
1179,2342,1,9,2,1,1345.00,1345.00
1180,2343,6,25,36,1,1789.00,1789.00
1181,2344,1,8,6,1,4018.00,4018.00
1181,2345,4,21,34,1,4731.00,4731.00
1182,2346,4,21,31,1,3764.00,3764.00
1183,2347,2,14,15,2,2660.00,5320.00
1183,2348,3,18,24,1,525.00,525.00
1183,2349,6,25,36,1,5335.00,5335.00
1184,2350,1,5,8,1,5320.00,5320.00
1184,2351,2,15,16,2,4923.00,9846.00
1184,2352,4,20,30,1,5786.00,5786.00
1185,2353,3,18,28,1,2622.00,2622.00
1185,2354,4,20,35,1,1759.00,1759.00
1185,2355,6,25,36,1,4857.00,4857.00
1186,2356,2,17,13,2,3152.00,6304.00
1186,2357,2,17,13,2,2233.00,4466.00
1187,2358,6,24,36,1,6237.00,6237.00
1188,2359,3,19,23,1,2351.00,2351.00
1189,2360,1,9,11,1,1138.00,1138.00
1189,2361,4,20,32,1,3178.00,3178.00
1189,2362,3,18,20,1,3901.00,3901.00
1190,2363,3,19,22,1,2164.00,2164.00
1190,2364,6,25,36,1,4264.00,4264.00
1191,2365,4,20,34,1,5441.00,5441.00
1191,2366,6,24,36,1,3141.00,3141.00
1192,2367,4,21,31,1,5364.00,5364.00
1193,2368,6,25,36,1,4446.00,4446.00
1193,2369,3,18,26,1,4654.00,4654.00
1194,2370,3,19,29,1,4844.00,4844.00
1194,2371,4,20,35,1,3360.00,3360.00
1195,2372,2,14,18,2,4912.00,9824.00
1195,2373,3,19,27,1,5043.00,5043.00
1196,2374,6,25,36,1,6965.00,6965.00
1197,2375,1,3,11,1,6648.00,6648.00
1197,2376,6,25,36,1,5126.00,5126.00
1197,2377,2,17,18,2,1431.00,2862.00
1198,2378,1,4,9,1,6589.00,6589.00
1199,2379,4,22,30,1,2769.00,2769.00
1199,2380,6,24,36,1,4942.00,4942.00
1200,2381,2,14,13,2,1615.00,3230.00
1200,2382,6,24,36,1,4468.00,4468.00
1201,2383,2,15,17,2,857.00,1714.00
1202,2384,4,20,30,1,6051.00,6051.00
1202,2385,6,25,36,1,2937.00,2937.00
1202,2386,4,21,30,1,3922.00,3922.00
1203,2387,1,1,10,1,5396.00,5396.00
1203,2388,4,21,30,1,3342.00,3342.00
1204,2389,2,15,18,2,2072.00,4144.00
1204,2390,3,18,27,1,2705.00,2705.00
1205,2391,4,21,30,1,2565.00,2565.00
1205,2392,6,24,36,1,2035.00,2035.00
1206,2393,6,25,36,1,561.00,561.00
1206,2394,1,1,10,1,4433.00,4433.00
1207,2395,4,22,31,1,4134.00,4134.00
1207,2396,3,19,20,1,1470.00,1470.00
1207,2397,2,12,13,2,3215.00,6430.00
1208,2398,2,16,15,2,6937.00,13874.00
1208,2399,3,19,29,1,1242.00,1242.00
1208,2400,4,21,34,1,1512.00,1512.00
1209,2401,3,18,28,1,1659.00,1659.00
1209,2402,2,13,16,2,6787.00,13574.00
1209,2403,3,18,29,1,6370.00,6370.00
1210,2404,2,14,17,2,1200.00,2400.00
1210,2405,6,25,36,1,3323.00,3323.00
1210,2406,2,16,14,2,5498.00,10996.00
1211,2407,3,18,28,1,4194.00,4194.00
1211,2408,6,25,36,1,1675.00,1675.00
1212,2409,6,25,36,1,4288.00,4288.00
1213,2410,3,19,27,1,1147.00,1147.00
1213,2411,2,13,14,2,5949.00,11898.00
1214,2412,1,9,8,1,767.00,767.00
1215,2413,6,24,36,1,2154.00,2154.00
1215,2414,3,18,22,1,5055.00,5055.00
1215,2415,2,17,12,2,4229.00,8458.00
1216,2416,6,25,36,1,2958.00,2958.00
1217,2417,2,17,16,2,1781.00,3562.00
1217,2418,1,1,11,1,1735.00,1735.00
1217,2419,2,12,17,2,4558.00,9116.00
1218,2420,6,25,36,1,2202.00,2202.00
1218,2421,1,3,8,1,6518.00,6518.00
1219,2422,3,19,27,1,1086.00,1086.00
1220,2423,3,18,25,1,4864.00,4864.00
1221,2424,6,25,36,1,6327.00,6327.00
1221,2425,6,25,36,1,4994.00,4994.00
1221,2426,3,18,29,1,5599.00,5599.00
1222,2427,3,19,21,1,1810.00,1810.00
1222,2428,2,11,16,2,5311.00,10622.00
1223,2429,4,21,33,1,3967.00,3967.00
1224,2430,3,18,29,1,6538.00,6538.00
1225,2431,3,19,25,1,6524.00,6524.00
1226,2432,3,19,25,1,3082.00,3082.00
1226,2433,1,8,3,1,5059.00,5059.00
1226,2434,1,10,9,1,6856.00,6856.00
1227,2435,6,25,36,1,3395.00,3395.00
1227,2436,4,21,35,1,4204.00,4204.00
1227,2437,6,25,36,1,4444.00,4444.00
1228,2438,2,16,17,2,6378.00,12756.00
1229,2439,6,25,36,1,5399.00,5399.00
1229,2440,2,16,15,2,5332.00,10664.00
1229,2441,1,1,8,1,2571.00,2571.00
1230,2442,1,7,9,1,5013.00,5013.00
1231,2443,2,13,15,2,2422.00,4844.00
1232,2444,1,1,8,1,954.00,954.00
1232,2445,3,19,23,1,2635.00,2635.00
1233,2446,2,11,15,2,4748.00,9496.00
1233,2447,6,25,36,1,5442.00,5442.00
1234,2448,2,14,16,2,3355.00,6710.00
1234,2449,6,25,36,1,4884.00,4884.00
1235,2450,1,7,5,1,2471.00,2471.00
1235,2451,3,18,25,1,6072.00,6072.00
1235,2452,2,16,13,2,4876.00,9752.00
1236,2453,3,18,29,1,6701.00,6701.00
1237,2454,2,13,14,2,4635.00,9270.00
1238,2455,2,17,17,2,568.00,1136.00
1238,2456,3,19,19,1,5530.00,5530.00
1238,2457,4,20,30,1,6910.00,6910.00
1239,2458,1,3,6,1,567.00,567.00
1239,2459,4,20,34,1,5278.00,5278.00
1240,2460,6,25,36,1,3546.00,3546.00
1240,2461,2,17,18,2,5015.00,10030.00
1241,2462,3,18,25,1,4484.00,4484.00
1241,2463,2,15,15,2,6245.00,12490.00
1241,2464,4,22,34,1,2065.00,2065.00
1242,2465,3,18,21,1,750.00,750.00
1242,2466,6,24,36,1,6070.00,6070.00
1242,2467,1,7,7,1,727.00,727.00
1243,2468,6,24,36,1,5816.00,5816.00
1243,2469,2,17,17,2,799.00,1598.00
1244,2470,2,12,16,2,4394.00,8788.00
1244,2471,6,25,36,1,3856.00,3856.00
1245,2472,6,24,36,1,3441.00,3441.00
1246,2473,1,5,1,1,5394.00,5394.00
1246,2474,2,12,16,2,6887.00,13774.00
1246,2475,3,19,28,1,3961.00,3961.00
1247,2476,1,1,5,1,1996.00,1996.00
1247,2477,4,20,32,1,1767.00,1767.00
1247,2478,6,24,36,1,6797.00,6797.00
1248,2479,4,20,33,1,3464.00,3464.00
1248,2480,2,16,12,2,3325.00,6650.00
1248,2481,1,8,6,1,6548.00,6548.00
1249,2482,4,21,35,1,3581.00,3581.00
1249,2483,6,25,36,1,2190.00,2190.00
1250,2484,4,20,30,1,1205.00,1205.00
1250,2485,6,24,36,1,4914.00,4914.00
1251,2486,1,10,1,1,6075.00,6075.00
1251,2487,1,4,9,1,5219.00,5219.00
1252,2488,4,21,34,1,2272.00,2272.00
1252,2489,4,21,30,1,4208.00,4208.00
1253,2490,3,18,26,1,5613.00,5613.00
1253,2491,4,21,33,1,3232.00,3232.00
1253,2492,6,25,36,1,2965.00,2965.00
1254,2493,1,9,8,1,4872.00,4872.00
1255,2494,1,8,11,1,2033.00,2033.00
1255,2495,4,21,31,1,3302.00,3302.00
1255,2496,6,25,36,1,3568.00,3568.00
1256,2497,4,20,35,1,2628.00,2628.00
1256,2498,1,5,6,1,6032.00,6032.00
1257,2499,2,11,14,2,5665.00,11330.00
1257,2500,1,2,7,1,5387.00,5387.00
1258,2501,1,4,9,1,2671.00,2671.00
1259,2502,1,10,1,1,628.00,628.00
1259,2503,6,24,36,1,6786.00,6786.00
1260,2504,4,20,35,1,687.00,687.00
1260,2505,6,24,36,1,6969.00,6969.00
1260,2506,4,22,34,1,1332.00,1332.00
1261,2507,3,18,23,1,6149.00,6149.00
1261,2508,2,13,14,2,3156.00,6312.00
1262,2509,4,21,30,1,6128.00,6128.00
1262,2510,6,25,36,1,5033.00,5033.00
1263,2511,4,21,31,1,6034.00,6034.00
1263,2512,3,18,19,1,4221.00,4221.00
1263,2513,3,18,21,1,4945.00,4945.00
1264,2514,4,21,35,1,1203.00,1203.00
1264,2515,3,19,21,1,6181.00,6181.00
1265,2516,6,24,36,1,5590.00,5590.00
1265,2517,2,16,14,2,4556.00,9112.00
1265,2518,4,22,35,1,6223.00,6223.00
1266,2519,4,20,30,1,887.00,887.00
1266,2520,6,24,36,1,4618.00,4618.00
1266,2521,6,25,36,1,583.00,583.00
1267,2522,2,15,18,2,2302.00,4604.00
1267,2523,3,18,19,1,4174.00,4174.00
1268,2524,3,18,26,1,2604.00,2604.00
1268,2525,6,24,36,1,2787.00,2787.00
1268,2526,3,18,19,1,1997.00,1997.00
1269,2527,3,18,24,1,1423.00,1423.00
1269,2528,3,18,23,1,6199.00,6199.00
1270,2529,6,24,36,1,6986.00,6986.00
1271,2530,1,8,9,1,6359.00,6359.00
1271,2531,1,9,10,1,5775.00,5775.00
1272,2532,2,14,14,2,622.00,1244.00
1272,2533,2,14,16,2,5982.00,11964.00
1272,2534,4,22,35,1,2560.00,2560.00
1273,2535,2,14,17,2,3346.00,6692.00
1273,2536,4,22,33,1,6212.00,6212.00
1273,2537,1,6,10,1,2428.00,2428.00
1274,2538,4,20,35,1,2486.00,2486.00
1275,2539,1,4,2,1,6024.00,6024.00
1276,2540,4,21,35,1,4233.00,4233.00
1276,2541,6,25,36,1,1886.00,1886.00
1277,2542,2,13,15,2,2924.00,5848.00
1278,2543,1,2,8,1,708.00,708.00
1279,2544,2,15,16,2,1243.00,2486.00
1279,2545,4,20,35,1,6686.00,6686.00
1279,2546,1,7,7,1,4959.00,4959.00
1280,2547,3,18,26,1,6411.00,6411.00
1280,2548,6,24,36,1,1188.00,1188.00
1281,2549,1,5,1,1,2828.00,2828.00
1281,2550,6,25,36,1,1405.00,1405.00
1282,2551,2,16,14,2,6234.00,12468.00
1283,2552,6,25,36,1,5642.00,5642.00
1284,2553,3,18,20,1,5878.00,5878.00
1284,2554,4,22,34,1,1843.00,1843.00
1285,2555,2,15,17,2,4766.00,9532.00
1285,2556,1,10,4,1,5040.00,5040.00
1286,2557,2,13,15,2,746.00,1492.00
1286,2558,6,25,36,1,3300.00,3300.00
1286,2559,3,19,24,1,5341.00,5341.00
1287,2560,2,12,16,2,3318.00,6636.00
1288,2561,1,4,9,1,1831.00,1831.00
1288,2562,3,19,28,1,1289.00,1289.00
1288,2563,1,3,7,1,5948.00,5948.00
1289,2564,2,15,17,2,4342.00,8684.00
1289,2565,4,21,32,1,2274.00,2274.00
1290,2566,6,24,36,1,6454.00,6454.00
1290,2567,1,4,8,1,3803.00,3803.00
1290,2568,2,17,16,2,3624.00,7248.00
1291,2569,2,13,13,2,3035.00,6070.00
1291,2570,3,18,20,1,2980.00,2980.00
1292,2571,3,19,29,1,4097.00,4097.00
1292,2572,2,12,18,2,2394.00,4788.00
1292,2573,2,13,15,2,5279.00,10558.00
1293,2574,6,24,36,1,717.00,717.00
1293,2575,6,24,36,1,3667.00,3667.00
1294,2576,1,10,10,1,6496.00,6496.00
1295,2577,4,21,33,1,3292.00,3292.00
1295,2578,1,7,1,1,1558.00,1558.00
1296,2579,2,12,18,2,4084.00,8168.00
1296,2580,4,22,30,1,6996.00,6996.00
1296,2581,4,21,34,1,625.00,625.00
1297,2582,6,24,36,1,3201.00,3201.00
1297,2583,6,25,36,1,6666.00,6666.00
1297,2584,2,14,15,2,1508.00,3016.00
1298,2585,3,18,21,1,4202.00,4202.00
1298,2586,4,20,32,1,576.00,576.00
1298,2587,3,19,25,1,2977.00,2977.00
1299,2588,3,18,29,1,5830.00,5830.00
1299,2589,4,21,33,1,6368.00,6368.00
1300,2590,3,19,23,1,4389.00,4389.00
1300,2591,6,25,36,1,3945.00,3945.00
1301,2592,6,24,36,1,6675.00,6675.00
1301,2593,1,3,3,1,3010.00,3010.00
1301,2594,1,5,10,1,4827.00,4827.00
1302,2595,1,7,10,1,1589.00,1589.00
1302,2596,6,25,36,1,6558.00,6558.00
1302,2597,2,17,13,2,4407.00,8814.00
1303,2598,1,9,11,1,801.00,801.00
1304,2599,3,18,29,1,2452.00,2452.00
1305,2600,6,25,36,1,958.00,958.00
1306,2601,4,22,34,1,5256.00,5256.00
1307,2602,2,11,12,2,2587.00,5174.00
1307,2603,6,24,36,1,6599.00,6599.00
1307,2604,1,10,7,1,5800.00,5800.00
1308,2605,3,19,28,1,3945.00,3945.00
1308,2606,6,25,36,1,5947.00,5947.00
1309,2607,2,12,14,2,6027.00,12054.00
1309,2608,4,22,33,1,6836.00,6836.00
1310,2609,4,21,34,1,6218.00,6218.00
1310,2610,2,17,14,2,2446.00,4892.00
1310,2611,2,12,18,2,2829.00,5658.00
1311,2612,6,25,36,1,840.00,840.00
1311,2613,6,25,36,1,3494.00,3494.00
1312,2614,1,4,6,1,6415.00,6415.00
1313,2615,2,16,16,2,4205.00,8410.00
1313,2616,3,19,21,1,1208.00,1208.00
1313,2617,6,24,36,1,1318.00,1318.00
1314,2618,1,7,5,1,1253.00,1253.00
1314,2619,3,19,20,1,2279.00,2279.00
1314,2620,1,5,5,1,2388.00,2388.00
1315,2621,4,21,33,1,5813.00,5813.00
1316,2622,6,24,36,1,1140.00,1140.00
1316,2623,1,1,8,1,5956.00,5956.00
1317,2624,6,25,36,1,1616.00,1616.00
1317,2625,2,11,14,2,5806.00,11612.00
1317,2626,4,22,32,1,4389.00,4389.00
1318,2627,3,18,24,1,1657.00,1657.00
1318,2628,6,25,36,1,892.00,892.00
1319,2629,6,24,36,1,2013.00,2013.00
1319,2630,3,18,24,1,2066.00,2066.00
1319,2631,1,9,2,1,2871.00,2871.00
1320,2632,4,20,35,1,2469.00,2469.00
1320,2633,6,24,36,1,5339.00,5339.00
1321,2634,6,24,36,1,6179.00,6179.00
1321,2635,4,20,33,1,2145.00,2145.00
1321,2636,6,25,36,1,3064.00,3064.00
1322,2637,2,11,15,2,3550.00,7100.00
1323,2638,4,22,31,1,2605.00,2605.00
1323,2639,1,6,9,1,2565.00,2565.00
1323,2640,4,20,34,1,1817.00,1817.00
1324,2641,1,3,2,1,6252.00,6252.00
1324,2642,4,21,32,1,5031.00,5031.00
1324,2643,6,25,36,1,5642.00,5642.00
1325,2644,6,24,36,1,3639.00,3639.00
1326,2645,6,25,36,1,2300.00,2300.00
1326,2646,3,18,19,1,3801.00,3801.00
1326,2647,2,14,18,2,3637.00,7274.00
1327,2648,1,2,5,1,4255.00,4255.00
1327,2649,1,4,2,1,5786.00,5786.00
1328,2650,1,7,2,1,1187.00,1187.00
1328,2651,2,11,12,2,2100.00,4200.00
1328,2652,4,21,33,1,3207.00,3207.00
1329,2653,6,24,36,1,6562.00,6562.00
1329,2654,1,8,4,1,1162.00,1162.00
1330,2655,3,19,26,1,5813.00,5813.00
1330,2656,6,24,36,1,4622.00,4622.00
1331,2657,3,19,29,1,544.00,544.00
1331,2658,4,21,32,1,3163.00,3163.00
1332,2659,6,25,36,1,5874.00,5874.00
1332,2660,3,19,27,1,3534.00,3534.00
1333,2661,2,16,13,2,2471.00,4942.00
1334,2662,4,21,34,1,6643.00,6643.00
1335,2663,4,22,31,1,852.00,852.00
1335,2664,3,19,28,1,550.00,550.00
1336,2665,6,25,36,1,2277.00,2277.00
1336,2666,1,1,10,1,2407.00,2407.00
1337,2667,3,18,20,1,1937.00,1937.00
1337,2668,3,18,28,1,2926.00,2926.00
1337,2669,4,21,34,1,515.00,515.00
1338,2670,4,21,31,1,1228.00,1228.00
1338,2671,4,20,32,1,3482.00,3482.00
1338,2672,2,14,18,2,2828.00,5656.00
1339,2673,1,9,7,1,5473.00,5473.00
1339,2674,4,20,32,1,1069.00,1069.00
1340,2675,4,20,30,1,1157.00,1157.00
1340,2676,1,2,10,1,6882.00,6882.00
1340,2677,1,3,8,1,1578.00,1578.00
1341,2678,1,2,3,1,2707.00,2707.00
1342,2679,4,22,35,1,2372.00,2372.00
1342,2680,3,18,19,1,3805.00,3805.00
1343,2681,1,8,9,1,6651.00,6651.00
1343,2682,3,18,28,1,6398.00,6398.00
1343,2683,6,25,36,1,1236.00,1236.00
1344,2684,1,7,5,1,1321.00,1321.00
1345,2685,3,19,21,1,1201.00,1201.00
1345,2686,3,19,19,1,1174.00,1174.00
1345,2687,6,25,36,1,968.00,968.00
1346,2688,3,18,23,1,3008.00,3008.00
1346,2689,4,20,31,1,6713.00,6713.00
1346,2690,4,22,35,1,1603.00,1603.00
1347,2691,2,14,12,2,3419.00,6838.00
1347,2692,6,24,36,1,5607.00,5607.00
1348,2693,4,22,35,1,2753.00,2753.00
1348,2694,3,18,21,1,5960.00,5960.00
1349,2695,4,21,31,1,5911.00,5911.00
1349,2696,4,21,31,1,863.00,863.00
1350,2697,2,16,13,2,5645.00,11290.00
1350,2698,2,14,18,2,2946.00,5892.00
1350,2699,2,12,12,2,5043.00,10086.00
1351,2700,3,18,21,1,1189.00,1189.00
1352,2701,4,21,35,1,5577.00,5577.00
1353,2702,6,25,36,1,6652.00,6652.00
1353,2703,3,19,20,1,3224.00,3224.00
1354,2704,2,11,13,2,3950.00,7900.00
1355,2705,3,19,20,1,1615.00,1615.00
1356,2706,6,25,36,1,3186.00,3186.00
1356,2707,2,17,17,2,6632.00,13264.00
1357,2708,2,14,17,2,5487.00,10974.00
1357,2709,3,19,20,1,4853.00,4853.00
1357,2710,6,24,36,1,2187.00,2187.00
1358,2711,1,8,8,1,6529.00,6529.00
1358,2712,3,18,26,1,6301.00,6301.00
1358,2713,4,20,33,1,505.00,505.00
1359,2714,2,12,12,2,2235.00,4470.00
1360,2715,6,25,36,1,1824.00,1824.00
1361,2716,2,13,16,2,5670.00,11340.00
1362,2717,1,3,4,1,3155.00,3155.00
1362,2718,1,10,8,1,4065.00,4065.00
1362,2719,4,20,35,1,1294.00,1294.00
1363,2720,3,18,20,1,2076.00,2076.00
1364,2721,4,21,35,1,2392.00,2392.00
1364,2722,4,20,32,1,2584.00,2584.00
1364,2723,2,15,16,2,6979.00,13958.00
1365,2724,4,21,33,1,5551.00,5551.00
1365,2725,1,10,2,1,2669.00,2669.00
1366,2726,2,14,13,2,879.00,1758.00
1366,2727,1,7,8,1,3581.00,3581.00
1367,2728,4,21,32,1,3999.00,3999.00
1367,2729,3,19,19,1,5785.00,5785.00
1368,2730,2,16,14,2,1600.00,3200.00
1369,2731,4,20,34,1,5238.00,5238.00
1369,2732,2,14,15,2,4050.00,8100.00
1370,2733,1,8,4,1,1111.00,1111.00
1370,2734,1,8,5,1,5701.00,5701.00
1371,2735,1,2,11,1,3141.00,3141.00
1372,2736,1,1,9,1,922.00,922.00
1372,2737,1,10,9,1,4606.00,4606.00
1372,2738,2,16,17,2,3582.00,7164.00
1373,2739,4,21,31,1,2199.00,2199.00
1373,2740,3,19,27,1,1410.00,1410.00
1373,2741,4,21,32,1,3500.00,3500.00
1374,2742,6,24,36,1,3479.00,3479.00
1375,2743,3,18,26,1,526.00,526.00
1375,2744,4,22,32,1,3852.00,3852.00
1376,2745,2,16,17,2,6853.00,13706.00
1377,2746,1,6,10,1,5409.00,5409.00
1378,2747,4,22,32,1,6088.00,6088.00
1378,2748,6,24,36,1,3666.00,3666.00
1378,2749,3,19,26,1,3054.00,3054.00
1379,2750,2,11,12,2,3216.00,6432.00
1379,2751,6,25,36,1,5155.00,5155.00
1379,2752,4,22,35,1,4875.00,4875.00
1380,2753,6,25,36,1,4980.00,4980.00
1380,2754,6,25,36,1,6745.00,6745.00
1380,2755,6,24,36,1,4581.00,4581.00
1381,2756,3,18,20,1,3947.00,3947.00
1381,2757,2,13,14,2,4869.00,9738.00
1382,2758,1,9,1,1,1047.00,1047.00
1383,2759,3,19,21,1,2513.00,2513.00
1384,2760,4,22,30,1,1349.00,1349.00
1384,2761,3,19,22,1,6840.00,6840.00
1384,2762,2,13,17,2,3323.00,6646.00
1385,2763,3,19,26,1,4314.00,4314.00
1386,2764,2,14,12,2,4169.00,8338.00
1387,2765,4,22,30,1,1079.00,1079.00
1387,2766,2,14,14,2,1344.00,2688.00
1387,2767,3,19,29,1,6670.00,6670.00
1388,2768,2,15,14,2,5210.00,10420.00
1388,2769,3,19,29,1,1034.00,1034.00
1388,2770,3,18,20,1,1236.00,1236.00
1389,2771,4,22,33,1,6905.00,6905.00
1389,2772,1,10,5,1,6294.00,6294.00
1390,2773,4,22,34,1,2605.00,2605.00
1391,2774,2,14,16,2,5780.00,11560.00
1391,2775,2,13,16,2,1417.00,2834.00
1392,2776,3,18,24,1,5671.00,5671.00
1393,2777,4,22,34,1,6781.00,6781.00
1394,2778,4,21,32,1,771.00,771.00
1394,2779,1,6,9,1,6898.00,6898.00
1395,2780,6,24,36,1,545.00,545.00
1395,2781,6,24,36,1,3160.00,3160.00
1395,2782,4,20,33,1,6842.00,6842.00
1396,2783,1,2,5,1,2945.00,2945.00
1396,2784,1,3,6,1,5865.00,5865.00
1397,2785,1,7,9,1,5261.00,5261.00
1397,2786,6,24,36,1,4046.00,4046.00
1397,2787,6,25,36,1,575.00,575.00
1398,2788,3,18,24,1,1290.00,1290.00
1398,2789,6,25,36,1,4229.00,4229.00
1399,2790,6,25,36,1,4693.00,4693.00
1400,2791,3,19,23,1,2643.00,2643.00
1400,2792,3,18,25,1,6920.00,6920.00
1401,2793,1,3,4,1,5834.00,5834.00
1402,2794,1,1,10,1,1904.00,1904.00
1403,2795,2,17,18,2,4337.00,8674.00
1404,2796,1,1,10,1,776.00,776.00
1404,2797,3,18,20,1,1502.00,1502.00
1404,2798,3,18,26,1,6651.00,6651.00
1405,2799,4,20,32,1,2666.00,2666.00
1405,2800,4,21,35,1,1274.00,1274.00
1406,2801,1,1,10,1,5805.00,5805.00
1406,2802,3,19,27,1,6413.00,6413.00
1407,2803,1,5,8,1,4088.00,4088.00
1408,2804,2,15,14,2,2171.00,4342.00
1409,2805,1,9,11,1,3647.00,3647.00
1409,2806,6,25,36,1,3918.00,3918.00
1410,2807,6,25,36,1,964.00,964.00
1410,2808,3,18,19,1,3073.00,3073.00
1410,2809,6,24,36,1,3729.00,3729.00
1411,2810,6,25,36,1,4472.00,4472.00
1411,2811,4,20,30,1,2404.00,2404.00
1411,2812,3,18,20,1,2242.00,2242.00
1412,2813,6,25,36,1,2733.00,2733.00
1412,2814,4,20,32,1,6947.00,6947.00
1412,2815,4,21,32,1,3536.00,3536.00
1413,2816,3,19,23,1,583.00,583.00
1413,2817,1,2,6,1,6868.00,6868.00
1413,2818,1,7,10,1,876.00,876.00
1414,2819,2,12,12,2,3067.00,6134.00
1414,2820,2,14,15,2,4226.00,8452.00
1414,2821,3,19,29,1,2812.00,2812.00
1415,2822,4,20,30,1,6285.00,6285.00
1415,2823,1,9,6,1,801.00,801.00
1416,2824,2,14,15,2,822.00,1644.00
1416,2825,1,6,8,1,6430.00,6430.00
1416,2826,1,6,11,1,1024.00,1024.00
1417,2827,3,19,19,1,5506.00,5506.00
1417,2828,6,24,36,1,6360.00,6360.00
1417,2829,2,11,12,2,1156.00,2312.00
1418,2830,4,21,31,1,1913.00,1913.00
1418,2831,4,20,33,1,4089.00,4089.00
1418,2832,1,5,3,1,2686.00,2686.00
1419,2833,2,11,12,2,6969.00,13938.00
1419,2834,4,21,32,1,2973.00,2973.00
1419,2835,4,21,30,1,1494.00,1494.00
1420,2836,4,20,32,1,5133.00,5133.00
1421,2837,3,19,24,1,3703.00,3703.00
1421,2838,4,22,30,1,6753.00,6753.00
1421,2839,2,15,12,2,6194.00,12388.00
1422,2840,3,19,28,1,4343.00,4343.00
1422,2841,4,20,31,1,3266.00,3266.00
1423,2842,1,3,2,1,1494.00,1494.00
1423,2843,1,6,11,1,5241.00,5241.00
1424,2844,2,12,13,2,1265.00,2530.00
1425,2845,4,20,35,1,1018.00,1018.00
1426,2846,2,12,16,2,2378.00,4756.00
1427,2847,1,5,11,1,4235.00,4235.00
1427,2848,2,17,18,2,4965.00,9930.00
1427,2849,6,24,36,1,3509.00,3509.00
1428,2850,3,19,23,1,1358.00,1358.00
1428,2851,2,17,18,2,6235.00,12470.00
1428,2852,1,7,6,1,2148.00,2148.00
1429,2853,2,13,12,2,4026.00,8052.00
1430,2854,4,22,32,1,4980.00,4980.00
1430,2855,4,21,31,1,3113.00,3113.00
1430,2856,1,8,9,1,1142.00,1142.00
1431,2857,6,25,36,1,1334.00,1334.00
1432,2858,2,13,16,2,658.00,1316.00
1432,2859,6,25,36,1,4528.00,4528.00
1432,2860,3,18,21,1,708.00,708.00
1433,2861,3,19,24,1,3342.00,3342.00
1434,2862,2,13,17,2,2695.00,5390.00
1435,2863,4,20,30,1,6050.00,6050.00
1436,2864,4,20,32,1,5062.00,5062.00
1437,2865,1,2,1,1,1996.00,1996.00
1437,2866,3,18,29,1,1609.00,1609.00
1438,2867,1,2,11,1,6817.00,6817.00
1438,2868,3,19,28,1,4806.00,4806.00
1438,2869,1,6,11,1,3461.00,3461.00
1439,2870,6,24,36,1,5859.00,5859.00
1439,2871,1,10,3,1,802.00,802.00
1440,2872,4,20,32,1,4435.00,4435.00
1441,2873,3,18,20,1,4226.00,4226.00
1442,2874,2,12,12,2,3400.00,6800.00
1442,2875,6,25,36,1,3006.00,3006.00
1443,2876,3,18,21,1,2410.00,2410.00
1444,2877,6,24,36,1,1026.00,1026.00
1444,2878,4,22,30,1,1707.00,1707.00
1444,2879,2,12,16,2,6199.00,12398.00
1445,2880,4,20,31,1,6789.00,6789.00
1445,2881,6,24,36,1,3655.00,3655.00
1446,2882,6,25,36,1,2551.00,2551.00
1446,2883,4,21,33,1,5537.00,5537.00
1447,2884,4,20,32,1,6708.00,6708.00
1447,2885,2,17,14,2,3993.00,7986.00
1447,2886,1,5,1,1,533.00,533.00
1448,2887,4,20,34,1,6769.00,6769.00
1449,2888,4,20,31,1,3474.00,3474.00
1449,2889,1,2,4,1,3384.00,3384.00
1450,2890,4,22,34,1,2936.00,2936.00
1451,2891,3,19,23,1,3483.00,3483.00
1452,2892,6,24,36,1,2638.00,2638.00
1453,2893,6,25,36,1,4084.00,4084.00
1453,2894,1,5,8,1,4125.00,4125.00
1453,2895,1,6,4,1,1128.00,1128.00
1454,2896,2,11,18,2,3180.00,6360.00
1455,2897,1,3,4,1,4674.00,4674.00
1456,2898,1,3,2,1,4177.00,4177.00
1457,2899,3,18,22,1,828.00,828.00
1457,2900,4,22,30,1,5094.00,5094.00
1457,2901,6,25,36,1,3759.00,3759.00
1458,2902,4,21,30,1,5799.00,5799.00
1459,2903,4,21,31,1,5823.00,5823.00
1459,2904,4,22,33,1,5799.00,5799.00
1460,2905,4,22,34,1,3896.00,3896.00
1460,2906,4,22,33,1,4050.00,4050.00
1461,2907,4,22,30,1,6154.00,6154.00
1462,2908,1,4,9,1,2422.00,2422.00
1462,2909,6,24,36,1,1779.00,1779.00
1463,2910,6,25,36,1,2415.00,2415.00
1463,2911,2,17,16,2,4354.00,8708.00
1463,2912,6,25,36,1,1034.00,1034.00
1464,2913,6,24,36,1,6979.00,6979.00
1464,2914,2,13,18,2,6865.00,13730.00
1464,2915,2,13,18,2,1873.00,3746.00
1465,2916,3,18,22,1,4852.00,4852.00
1466,2917,3,19,23,1,2546.00,2546.00
1467,2918,1,6,9,1,862.00,862.00
1468,2919,3,18,24,1,5045.00,5045.00
1468,2920,3,18,29,1,6889.00,6889.00
1468,2921,2,15,17,2,1362.00,2724.00
1469,2922,3,19,22,1,3619.00,3619.00
1469,2923,2,14,17,2,1887.00,3774.00
1470,2924,4,20,31,1,1001.00,1001.00
1470,2925,4,21,34,1,905.00,905.00
1471,2926,1,10,11,1,6297.00,6297.00
1472,2927,2,17,17,2,1047.00,2094.00
1473,2928,3,19,20,1,6186.00,6186.00
1473,2929,6,24,36,1,6464.00,6464.00
1473,2930,1,7,7,1,2957.00,2957.00
1474,2931,3,18,21,1,1018.00,1018.00
1474,2932,2,13,16,2,4160.00,8320.00
1474,2933,2,15,12,2,2370.00,4740.00
1475,2934,3,19,26,1,3906.00,3906.00
1475,2935,6,24,36,1,1394.00,1394.00
1475,2936,2,16,12,2,4743.00,9486.00
1476,2937,3,18,27,1,3087.00,3087.00
1476,2938,2,13,14,2,6561.00,13122.00
1476,2939,6,25,36,1,4170.00,4170.00
1477,2940,1,7,11,1,4119.00,4119.00
1478,2941,6,24,36,1,4998.00,4998.00
1478,2942,1,2,6,1,2537.00,2537.00
1478,2943,2,17,13,2,5076.00,10152.00
1479,2944,3,18,26,1,4112.00,4112.00
1479,2945,6,25,36,1,6339.00,6339.00
1479,2946,3,18,22,1,2152.00,2152.00
1480,2947,6,24,36,1,4685.00,4685.00
1480,2948,4,20,35,1,5453.00,5453.00
1481,2949,3,19,19,1,5726.00,5726.00
1481,2950,1,10,2,1,3932.00,3932.00
1481,2951,3,19,25,1,3762.00,3762.00
1482,2952,1,4,2,1,5462.00,5462.00
1482,2953,2,17,13,2,5237.00,10474.00
1483,2954,2,12,18,2,4794.00,9588.00
1483,2955,2,16,18,2,4030.00,8060.00
1484,2956,2,12,17,2,3338.00,6676.00
1485,2957,1,8,5,1,3871.00,3871.00
1486,2958,1,9,3,1,2614.00,2614.00
1487,2959,3,19,27,1,5465.00,5465.00
1487,2960,3,18,19,1,1687.00,1687.00
1488,2961,2,14,17,2,3322.00,6644.00
1488,2962,4,20,35,1,4828.00,4828.00
1489,2963,1,3,6,1,3224.00,3224.00
1490,2964,3,18,21,1,1710.00,1710.00
1491,2965,1,8,8,1,5720.00,5720.00
1491,2966,6,25,36,1,4564.00,4564.00
1491,2967,6,24,36,1,3844.00,3844.00
1492,2968,2,11,12,2,5270.00,10540.00
1493,2969,3,18,24,1,1051.00,1051.00
1493,2970,1,1,2,1,2536.00,2536.00
1493,2971,1,6,9,1,2667.00,2667.00
1494,2972,1,5,3,1,5730.00,5730.00
1495,2973,4,21,35,1,1392.00,1392.00
1495,2974,3,18,28,1,6763.00,6763.00
1495,2975,3,19,24,1,6543.00,6543.00
1496,2976,2,13,18,2,1675.00,3350.00
1496,2977,2,15,16,2,3582.00,7164.00
1497,2978,3,19,25,1,1759.00,1759.00
1497,2979,1,4,9,1,6868.00,6868.00
1498,2980,2,11,16,2,4402.00,8804.00
1498,2981,3,18,27,1,2589.00,2589.00
1499,2982,4,20,32,1,5341.00,5341.00
1499,2983,2,12,13,2,4782.00,9564.00
1499,2984,1,8,5,1,5873.00,5873.00
1500,2985,4,22,33,1,2586.00,2586.00
1500,2986,3,19,24,1,2814.00,2814.00
1501,2987,2,14,13,2,5327.00,10654.00
1501,2988,1,9,10,1,6923.00,6923.00
1501,2989,2,17,18,2,4494.00,8988.00
1502,2990,3,18,28,1,2752.00,2752.00
1503,2991,2,13,16,2,1027.00,2054.00
1503,2992,1,7,9,1,2604.00,2604.00
1504,2993,3,19,24,1,1975.00,1975.00
1504,2994,3,19,22,1,2648.00,2648.00
1505,2995,2,16,13,2,2751.00,5502.00
1505,2996,1,1,6,1,1076.00,1076.00
1505,2997,2,14,15,2,6801.00,13602.00
1506,2998,6,25,36,1,1022.00,1022.00
1507,2999,2,15,16,2,4329.00,8658.00
1507,3000,3,18,26,1,2262.00,2262.00
1507,3001,2,11,15,2,6448.00,12896.00
1508,3002,3,18,23,1,618.00,618.00
1508,3003,4,20,34,1,939.00,939.00
1508,3004,3,19,24,1,4858.00,4858.00
1509,3005,6,24,36,1,506.00,506.00
1510,3006,1,2,11,1,6878.00,6878.00
1510,3007,3,18,22,1,2679.00,2679.00
1511,3008,2,15,13,2,4378.00,8756.00
1511,3009,4,20,30,1,753.00,753.00
1511,3010,4,22,32,1,3461.00,3461.00
1512,3011,1,10,8,1,3175.00,3175.00
1512,3012,3,18,21,1,3035.00,3035.00
1513,3013,4,20,30,1,3633.00,3633.00
1513,3014,3,18,24,1,1230.00,1230.00
1514,3015,2,11,16,2,1358.00,2716.00
1514,3016,3,18,27,1,1334.00,1334.00
1515,3017,3,18,19,1,5729.00,5729.00
1516,3018,6,24,36,1,1574.00,1574.00
1516,3019,1,6,10,1,1919.00,1919.00
1516,3020,6,25,36,1,5073.00,5073.00
1517,3021,3,18,25,1,5818.00,5818.00
1517,3022,4,21,35,1,1396.00,1396.00
1518,3023,1,8,4,1,6664.00,6664.00
1518,3024,3,18,22,1,3927.00,3927.00
1518,3025,2,13,14,2,1651.00,3302.00
1519,3026,4,20,35,1,5412.00,5412.00
1520,3027,2,17,18,2,3924.00,7848.00
1520,3028,2,17,12,2,5629.00,11258.00
1521,3029,2,16,13,2,757.00,1514.00
1522,3030,1,3,5,1,3741.00,3741.00
1523,3031,2,17,12,2,2648.00,5296.00
1523,3032,3,19,21,1,4264.00,4264.00
1523,3033,3,18,26,1,2793.00,2793.00
1524,3034,3,18,26,1,3063.00,3063.00
1524,3035,4,22,32,1,6826.00,6826.00
1525,3036,4,22,33,1,5083.00,5083.00
1525,3037,4,20,31,1,521.00,521.00
1525,3038,6,25,36,1,5760.00,5760.00
1526,3039,6,24,36,1,1768.00,1768.00
1526,3040,4,21,32,1,2586.00,2586.00
1526,3041,3,18,24,1,2102.00,2102.00
1527,3042,3,18,25,1,1278.00,1278.00
1528,3043,4,20,30,1,3072.00,3072.00
1529,3044,3,19,27,1,2136.00,2136.00
1530,3045,4,21,30,1,1460.00,1460.00
1530,3046,4,22,31,1,1595.00,1595.00
1530,3047,4,22,30,1,1249.00,1249.00
1531,3048,2,12,18,2,4755.00,9510.00
1532,3049,6,24,36,1,586.00,586.00
1533,3050,3,19,24,1,5208.00,5208.00
1533,3051,3,18,28,1,2619.00,2619.00
1533,3052,4,20,30,1,3708.00,3708.00
1534,3053,4,20,34,1,3965.00,3965.00
1535,3054,1,9,3,1,1436.00,1436.00
1535,3055,1,3,4,1,2043.00,2043.00
1535,3056,1,10,4,1,5664.00,5664.00
1536,3057,6,25,36,1,3720.00,3720.00
1536,3058,2,11,12,2,1669.00,3338.00
1537,3059,2,13,16,2,831.00,1662.00
1537,3060,4,22,33,1,3577.00,3577.00
1538,3061,1,8,5,1,3437.00,3437.00
1538,3062,2,17,14,2,2141.00,4282.00
1539,3063,4,21,30,1,5807.00,5807.00
1539,3064,6,24,36,1,4827.00,4827.00
1540,3065,1,1,8,1,4708.00,4708.00
1540,3066,1,1,5,1,4668.00,4668.00
1540,3067,4,20,35,1,796.00,796.00
1541,3068,2,15,18,2,2717.00,5434.00
1541,3069,1,4,8,1,2544.00,2544.00
1542,3070,4,21,33,1,6309.00,6309.00
1542,3071,4,21,30,1,6684.00,6684.00
1542,3072,3,18,20,1,1623.00,1623.00
1543,3073,2,16,17,2,1013.00,2026.00
1543,3074,2,15,12,2,3544.00,7088.00
1543,3075,4,20,32,1,6848.00,6848.00
1544,3076,1,8,3,1,4863.00,4863.00
1544,3077,3,19,29,1,1093.00,1093.00
1544,3078,2,13,13,2,2422.00,4844.00
1545,3079,1,2,6,1,3938.00,3938.00
1545,3080,3,19,26,1,1163.00,1163.00
1545,3081,1,8,11,1,3722.00,3722.00
1546,3082,1,9,5,1,6074.00,6074.00
1547,3083,2,14,16,2,5192.00,10384.00
1547,3084,3,18,25,1,3617.00,3617.00
1548,3085,3,19,23,1,2590.00,2590.00
1548,3086,1,7,8,1,2500.00,2500.00
1549,3087,3,18,19,1,1128.00,1128.00
1550,3088,2,17,18,2,1977.00,3954.00
1551,3089,6,24,36,1,1083.00,1083.00
1551,3090,3,19,19,1,4658.00,4658.00
1552,3091,6,24,36,1,5658.00,5658.00
1552,3092,3,19,27,1,3569.00,3569.00
1552,3093,4,20,31,1,5547.00,5547.00
1553,3094,4,20,31,1,2726.00,2726.00
1553,3095,1,9,7,1,821.00,821.00
1554,3096,4,21,30,1,772.00,772.00
1554,3097,4,21,33,1,1801.00,1801.00
1555,3098,1,9,9,1,5353.00,5353.00
1555,3099,6,24,36,1,2748.00,2748.00
1555,3100,6,24,36,1,5834.00,5834.00
1556,3101,6,25,36,1,3982.00,3982.00
1556,3102,2,17,17,2,5286.00,10572.00
1556,3103,2,15,13,2,4142.00,8284.00
1557,3104,1,10,8,1,5231.00,5231.00
1558,3105,6,25,36,1,1523.00,1523.00
1558,3106,4,20,33,1,2400.00,2400.00
1559,3107,6,25,36,1,4165.00,4165.00
1559,3108,4,21,35,1,5814.00,5814.00
1560,3109,3,18,20,1,782.00,782.00
1561,3110,6,25,36,1,6481.00,6481.00
1561,3111,6,24,36,1,3662.00,3662.00
1562,3112,4,21,31,1,846.00,846.00
1563,3113,2,15,17,2,5474.00,10948.00
1563,3114,2,12,15,2,5062.00,10124.00
1564,3115,2,12,15,2,6450.00,12900.00
1564,3116,2,11,12,2,1001.00,2002.00
1564,3117,6,25,36,1,6771.00,6771.00
1565,3118,1,7,2,1,845.00,845.00
1565,3119,3,19,25,1,1500.00,1500.00
1565,3120,2,17,13,2,3807.00,7614.00
1566,3121,2,14,18,2,4526.00,9052.00
1567,3122,2,13,12,2,2230.00,4460.00
1568,3123,3,19,20,1,2617.00,2617.00
1569,3124,6,25,36,1,4708.00,4708.00
1570,3125,3,19,20,1,4415.00,4415.00
1570,3126,2,15,13,2,4124.00,8248.00
1570,3127,2,11,13,2,3408.00,6816.00
1571,3128,4,21,34,1,2366.00,2366.00
1571,3129,1,1,2,1,2852.00,2852.00
1571,3130,1,8,8,1,2436.00,2436.00
1572,3131,1,2,11,1,882.00,882.00
1573,3132,6,25,36,1,2236.00,2236.00
1574,3133,1,1,4,1,3921.00,3921.00
1574,3134,2,14,18,2,2003.00,4006.00
1575,3135,3,18,28,1,5648.00,5648.00
1576,3136,6,25,36,1,1028.00,1028.00
1577,3137,6,24,36,1,5573.00,5573.00
1578,3138,3,18,19,1,1238.00,1238.00
1579,3139,1,9,3,1,2887.00,2887.00
1579,3140,2,12,15,2,794.00,1588.00
1580,3141,2,14,16,2,3724.00,7448.00
1580,3142,3,19,22,1,1044.00,1044.00
1580,3143,2,12,12,2,3588.00,7176.00
1581,3144,1,1,8,1,4986.00,4986.00
1582,3145,6,25,36,1,3939.00,3939.00
1583,3146,6,24,36,1,5568.00,5568.00
1584,3147,2,12,17,2,2489.00,4978.00
1584,3148,6,24,36,1,5465.00,5465.00
1584,3149,4,22,33,1,757.00,757.00
1585,3150,6,24,36,1,5679.00,5679.00
1585,3151,3,18,19,1,4478.00,4478.00
1585,3152,6,25,36,1,5195.00,5195.00
1586,3153,4,21,31,1,5685.00,5685.00
1586,3154,3,18,20,1,5644.00,5644.00
1587,3155,6,24,36,1,5206.00,5206.00
1588,3156,4,20,34,1,967.00,967.00
1589,3157,2,12,13,2,4336.00,8672.00
1589,3158,1,7,5,1,3512.00,3512.00
1589,3159,1,2,1,1,6512.00,6512.00
1590,3160,6,24,36,1,5725.00,5725.00
1590,3161,6,25,36,1,663.00,663.00
1590,3162,4,21,34,1,3820.00,3820.00
1591,3163,6,24,36,1,949.00,949.00
1592,3164,2,14,12,2,1001.00,2002.00
1592,3165,4,20,34,1,3956.00,3956.00
1593,3166,6,24,36,1,2583.00,2583.00
1593,3167,2,11,17,2,3232.00,6464.00
1593,3168,6,25,36,1,3255.00,3255.00
1594,3169,1,9,11,1,2653.00,2653.00
1595,3170,4,20,35,1,5959.00,5959.00
1596,3171,6,24,36,1,5225.00,5225.00
1597,3172,4,20,35,1,3040.00,3040.00
1598,3173,2,14,15,2,2135.00,4270.00
1598,3174,6,25,36,1,4731.00,4731.00
1599,3175,6,24,36,1,2925.00,2925.00
1600,3176,6,24,36,1,3400.00,3400.00
1600,3177,4,20,35,1,563.00,563.00
1600,3178,1,2,5,1,2022.00,2022.00
1601,3179,1,6,5,1,1264.00,1264.00
1601,3180,2,13,14,2,3089.00,6178.00
1601,3181,4,21,35,1,4464.00,4464.00
1602,3182,2,14,12,2,4182.00,8364.00
1603,3183,4,22,31,1,5663.00,5663.00
1603,3184,2,13,13,2,3732.00,7464.00
1604,3185,3,18,27,1,3638.00,3638.00
1605,3186,1,1,3,1,4302.00,4302.00
1605,3187,3,19,19,1,2001.00,2001.00
1605,3188,2,13,13,2,4865.00,9730.00
1606,3189,2,14,15,2,5037.00,10074.00
1606,3190,2,14,12,2,6533.00,13066.00
1607,3191,2,15,16,2,3104.00,6208.00
1608,3192,1,2,2,1,6824.00,6824.00
1609,3193,3,18,29,1,6548.00,6548.00
1609,3194,3,19,29,1,2362.00,2362.00
1610,3195,3,18,29,1,5382.00,5382.00
1611,3196,4,20,34,1,6647.00,6647.00
1611,3197,6,24,36,1,3029.00,3029.00
1611,3198,6,24,36,1,539.00,539.00
1612,3199,1,2,4,1,6274.00,6274.00
1612,3200,2,17,18,2,3242.00,6484.00
1613,3201,1,6,11,1,6500.00,6500.00
1613,3202,4,20,33,1,4514.00,4514.00
1613,3203,1,9,8,1,2532.00,2532.00
1614,3204,1,9,3,1,647.00,647.00
1615,3205,2,15,18,2,5948.00,11896.00
1615,3206,2,16,14,2,6202.00,12404.00
1615,3207,1,10,4,1,892.00,892.00
1616,3208,2,15,17,2,6043.00,12086.00
1616,3209,1,2,5,1,3222.00,3222.00
1616,3210,2,11,13,2,2307.00,4614.00
1617,3211,4,22,32,1,512.00,512.00
1618,3212,2,15,12,2,5276.00,10552.00
1619,3213,6,25,36,1,6821.00,6821.00
1620,3214,1,6,9,1,4338.00,4338.00
1620,3215,3,19,19,1,4081.00,4081.00
1620,3216,6,24,36,1,4684.00,4684.00
1621,3217,2,11,15,2,903.00,1806.00
1621,3218,4,22,31,1,767.00,767.00
1622,3219,2,12,13,2,1218.00,2436.00
1622,3220,2,11,13,2,6139.00,12278.00
1622,3221,2,12,12,2,6554.00,13108.00
1623,3222,6,24,36,1,1925.00,1925.00
1623,3223,4,22,35,1,2045.00,2045.00
1623,3224,2,15,13,2,1906.00,3812.00
1624,3225,4,20,35,1,6762.00,6762.00
1624,3226,1,4,3,1,4963.00,4963.00
1625,3227,3,18,22,1,1103.00,1103.00
1626,3228,1,9,7,1,6368.00,6368.00
1626,3229,1,8,7,1,2072.00,2072.00
1627,3230,2,14,13,2,5862.00,11724.00
1627,3231,2,15,13,2,503.00,1006.00
1627,3232,2,14,15,2,2081.00,4162.00
1628,3233,1,7,2,1,2597.00,2597.00
1628,3234,6,24,36,1,4661.00,4661.00
1628,3235,4,22,35,1,3889.00,3889.00
1629,3236,4,21,34,1,1942.00,1942.00
1629,3237,2,15,16,2,4486.00,8972.00
1630,3238,6,24,36,1,3716.00,3716.00
1630,3239,4,22,32,1,1562.00,1562.00
1631,3240,6,24,36,1,6228.00,6228.00
1632,3241,1,5,8,1,4261.00,4261.00
1632,3242,1,7,3,1,6442.00,6442.00
1633,3243,3,19,28,1,6738.00,6738.00
1634,3244,6,24,36,1,1732.00,1732.00
1634,3245,4,22,30,1,6508.00,6508.00
1635,3246,6,25,36,1,2271.00,2271.00
1635,3247,4,21,33,1,3595.00,3595.00
1636,3248,2,15,16,2,4395.00,8790.00
1636,3249,2,15,13,2,3820.00,7640.00
1637,3250,2,12,13,2,6848.00,13696.00
1637,3251,3,18,25,1,4238.00,4238.00
1637,3252,6,24,36,1,2004.00,2004.00
1638,3253,4,21,33,1,3119.00,3119.00
1638,3254,2,15,18,2,4213.00,8426.00
1638,3255,3,19,29,1,1016.00,1016.00
1639,3256,4,21,30,1,1336.00,1336.00
1640,3257,2,12,14,2,743.00,1486.00
1640,3258,3,19,20,1,6083.00,6083.00
1640,3259,1,5,5,1,5855.00,5855.00
1641,3260,3,18,24,1,2497.00,2497.00
1642,3261,6,24,36,1,2935.00,2935.00
1642,3262,6,25,36,1,6677.00,6677.00
1643,3263,2,15,17,2,1469.00,2938.00
1643,3264,1,8,2,1,1367.00,1367.00
1643,3265,4,20,33,1,1942.00,1942.00
1644,3266,1,10,5,1,4963.00,4963.00
1644,3267,2,12,14,2,2010.00,4020.00
1644,3268,4,21,34,1,1305.00,1305.00
1645,3269,2,12,14,2,5789.00,11578.00
1645,3270,2,15,13,2,5553.00,11106.00
1646,3271,4,22,35,1,3189.00,3189.00
1646,3272,3,18,28,1,1236.00,1236.00
1646,3273,2,13,17,2,1819.00,3638.00
1647,3274,6,25,36,1,4984.00,4984.00
1647,3275,3,19,25,1,6655.00,6655.00
1647,3276,3,19,21,1,3633.00,3633.00
1648,3277,6,24,36,1,2464.00,2464.00
1648,3278,1,10,3,1,5927.00,5927.00
1649,3279,4,20,31,1,2430.00,2430.00
1650,3280,1,8,9,1,2038.00,2038.00
1650,3281,4,22,32,1,1457.00,1457.00
1650,3282,4,22,31,1,3786.00,3786.00
1651,3283,1,2,11,1,5685.00,5685.00
1652,3284,2,17,12,2,1883.00,3766.00
1653,3285,6,25,36,1,6850.00,6850.00
1654,3286,2,14,17,2,5461.00,10922.00
1654,3287,2,17,14,2,4541.00,9082.00
1655,3288,1,4,9,1,2821.00,2821.00
1656,3289,6,24,36,1,4395.00,4395.00
1656,3290,1,3,1,1,3483.00,3483.00
1657,3291,2,17,16,2,4000.00,8000.00
1657,3292,6,24,36,1,5209.00,5209.00
1657,3293,2,12,13,2,5207.00,10414.00
1658,3294,1,9,5,1,1459.00,1459.00
1658,3295,2,14,16,2,1281.00,2562.00
1659,3296,4,21,35,1,2444.00,2444.00
1660,3297,4,22,32,1,2166.00,2166.00
1660,3298,2,11,15,2,5630.00,11260.00
1661,3299,2,17,17,2,3124.00,6248.00
1661,3300,4,22,35,1,1834.00,1834.00
1662,3301,6,25,36,1,3660.00,3660.00
1662,3302,1,2,2,1,3454.00,3454.00
1663,3303,3,19,28,1,3451.00,3451.00
1663,3304,4,22,30,1,3088.00,3088.00
1663,3305,1,1,4,1,2316.00,2316.00
1664,3306,3,18,28,1,632.00,632.00
1664,3307,6,25,36,1,5305.00,5305.00
1665,3308,6,24,36,1,6246.00,6246.00
1666,3309,2,12,18,2,1226.00,2452.00
1667,3310,1,2,2,1,2418.00,2418.00
1668,3311,1,10,7,1,4378.00,4378.00
1668,3312,3,19,25,1,519.00,519.00
1668,3313,6,24,36,1,947.00,947.00
1669,3314,3,19,25,1,2182.00,2182.00
1670,3315,1,4,1,1,2819.00,2819.00
1671,3316,4,22,32,1,3566.00,3566.00
1672,3317,6,24,36,1,2864.00,2864.00
1673,3318,3,18,20,1,5231.00,5231.00
1673,3319,4,22,30,1,2926.00,2926.00
1673,3320,1,1,4,1,5830.00,5830.00
1674,3321,2,15,17,2,4932.00,9864.00
1674,3322,6,24,36,1,2746.00,2746.00
1674,3323,1,2,8,1,2455.00,2455.00
1675,3324,6,25,36,1,5022.00,5022.00
1676,3325,6,24,36,1,6862.00,6862.00
1677,3326,4,22,35,1,4969.00,4969.00
1677,3327,4,21,33,1,4206.00,4206.00
1677,3328,3,18,20,1,3234.00,3234.00
1678,3329,2,14,12,2,6280.00,12560.00
1678,3330,3,19,23,1,892.00,892.00
1678,3331,2,12,18,2,4600.00,9200.00
1679,3332,3,18,25,1,4421.00,4421.00
1679,3333,1,3,8,1,5376.00,5376.00
1679,3334,4,20,30,1,1852.00,1852.00
1680,3335,4,21,35,1,6775.00,6775.00
1680,3336,1,8,1,1,6727.00,6727.00
1681,3337,1,1,5,1,2542.00,2542.00
1681,3338,2,14,16,2,1398.00,2796.00
1682,3339,6,24,36,1,5782.00,5782.00
1682,3340,2,12,12,2,3976.00,7952.00
1682,3341,3,18,20,1,6628.00,6628.00
1683,3342,2,16,15,2,4204.00,8408.00
1684,3343,3,18,24,1,3385.00,3385.00
1684,3344,4,20,30,1,5592.00,5592.00
1684,3345,6,24,36,1,1571.00,1571.00
1685,3346,6,24,36,1,726.00,726.00
1685,3347,4,20,30,1,4345.00,4345.00
1685,3348,1,10,2,1,1771.00,1771.00
1686,3349,1,5,1,1,2969.00,2969.00
1686,3350,1,9,5,1,1918.00,1918.00
1686,3351,1,6,5,1,5463.00,5463.00
1687,3352,2,13,16,2,6186.00,12372.00
1688,3353,2,13,14,2,4455.00,8910.00
1688,3354,1,8,10,1,2260.00,2260.00
1689,3355,4,21,32,1,4619.00,4619.00
1689,3356,6,25,36,1,2588.00,2588.00
1690,3357,4,22,33,1,3301.00,3301.00
1690,3358,6,25,36,1,2301.00,2301.00
1691,3359,2,11,12,2,1528.00,3056.00
1691,3360,1,8,9,1,3512.00,3512.00
1691,3361,1,7,10,1,586.00,586.00
1692,3362,4,21,31,1,5465.00,5465.00
1693,3363,1,5,7,1,3236.00,3236.00
1694,3364,6,24,36,1,1635.00,1635.00
1695,3365,6,25,36,1,5217.00,5217.00
1695,3366,6,25,36,1,2361.00,2361.00
1695,3367,1,10,11,1,2427.00,2427.00
1696,3368,2,14,17,2,3673.00,7346.00
1696,3369,1,10,6,1,5508.00,5508.00
1696,3370,6,25,36,1,4274.00,4274.00
1697,3371,1,6,1,1,5654.00,5654.00
1698,3372,3,19,27,1,2959.00,2959.00
1699,3373,6,25,36,1,3389.00,3389.00
1699,3374,3,18,29,1,2983.00,2983.00
1699,3375,1,9,6,1,915.00,915.00
1700,3376,6,24,36,1,2327.00,2327.00
1701,3377,3,19,24,1,5441.00,5441.00
1701,3378,6,24,36,1,4504.00,4504.00
1702,3379,1,1,1,1,545.00,545.00
1702,3380,1,10,9,1,5889.00,5889.00
1702,3381,2,11,15,2,3382.00,6764.00
1703,3382,1,7,10,1,4890.00,4890.00
1704,3383,1,2,5,1,4530.00,4530.00
1705,3384,2,15,15,2,2375.00,4750.00
1705,3385,6,25,36,1,6294.00,6294.00
1705,3386,1,7,5,1,4782.00,4782.00
1706,3387,2,12,13,2,6256.00,12512.00
1706,3388,4,22,33,1,6029.00,6029.00
1707,3389,1,5,2,1,6698.00,6698.00
1708,3390,3,19,28,1,4068.00,4068.00
1708,3391,3,19,27,1,1703.00,1703.00
1709,3392,6,24,36,1,5069.00,5069.00
1709,3393,2,15,15,2,4115.00,8230.00
1709,3394,2,16,18,2,3245.00,6490.00
1710,3395,4,20,35,1,3048.00,3048.00
1711,3396,1,10,5,1,6816.00,6816.00
1711,3397,6,25,36,1,4123.00,4123.00
1712,3398,3,19,27,1,1184.00,1184.00
1712,3399,1,2,11,1,696.00,696.00
1713,3400,3,18,26,1,4036.00,4036.00
1713,3401,3,18,24,1,5510.00,5510.00
1713,3402,3,19,23,1,3928.00,3928.00
1714,3403,2,15,12,2,1498.00,2996.00
1715,3404,4,20,32,1,6449.00,6449.00
1715,3405,3,19,24,1,6929.00,6929.00
1716,3406,3,18,23,1,3997.00,3997.00
1716,3407,3,18,29,1,4032.00,4032.00
1716,3408,4,21,30,1,6206.00,6206.00
1717,3409,3,18,20,1,860.00,860.00
1717,3410,4,22,34,1,1610.00,1610.00
1718,3411,4,22,35,1,5608.00,5608.00
1719,3412,4,20,31,1,6761.00,6761.00
1719,3413,3,18,19,1,6321.00,6321.00
1720,3414,1,3,3,1,6081.00,6081.00
1720,3415,6,25,36,1,6587.00,6587.00
1720,3416,2,17,17,2,2699.00,5398.00
1721,3417,2,11,18,2,3593.00,7186.00
1721,3418,3,18,21,1,1085.00,1085.00
1722,3419,3,18,20,1,4687.00,4687.00
1722,3420,2,14,15,2,4535.00,9070.00
1723,3421,6,24,36,1,1073.00,1073.00
1723,3422,1,2,8,1,3725.00,3725.00
1723,3423,3,19,24,1,1265.00,1265.00
1724,3424,6,25,36,1,3146.00,3146.00
1724,3425,3,19,20,1,6576.00,6576.00
1724,3426,4,20,31,1,2089.00,2089.00
1725,3427,6,24,36,1,5786.00,5786.00
1725,3428,2,12,16,2,2976.00,5952.00
1725,3429,4,22,34,1,2636.00,2636.00
1726,3430,3,19,28,1,589.00,589.00
1726,3431,4,21,30,1,2270.00,2270.00
1727,3432,6,24,36,1,6045.00,6045.00
1727,3433,1,6,8,1,5561.00,5561.00
1727,3434,2,13,16,2,2497.00,4994.00
1728,3435,2,12,17,2,3375.00,6750.00
1729,3436,1,10,4,1,3463.00,3463.00
1729,3437,4,20,30,1,2145.00,2145.00
1730,3438,3,19,27,1,4141.00,4141.00
1730,3439,6,25,36,1,1802.00,1802.00
1730,3440,4,21,34,1,2722.00,2722.00
1731,3441,6,25,36,1,732.00,732.00
1731,3442,6,25,36,1,1720.00,1720.00
1732,3443,1,2,7,1,5167.00,5167.00
1732,3444,4,21,33,1,2494.00,2494.00
1733,3445,6,24,36,1,4397.00,4397.00
1734,3446,3,19,25,1,6482.00,6482.00
1735,3447,1,7,5,1,6655.00,6655.00
1736,3448,4,22,32,1,3833.00,3833.00
1736,3449,2,16,15,2,4356.00,8712.00
1737,3450,6,25,36,1,4269.00,4269.00
1737,3451,1,9,7,1,4007.00,4007.00
1738,3452,3,19,20,1,3977.00,3977.00
1738,3453,6,25,36,1,3305.00,3305.00
1739,3454,6,25,36,1,5210.00,5210.00
1739,3455,4,22,31,1,4505.00,4505.00
1740,3456,6,24,36,1,6348.00,6348.00
1740,3457,2,11,16,2,2506.00,5012.00
1741,3458,3,18,24,1,5499.00,5499.00
1741,3459,4,21,35,1,1443.00,1443.00
1742,3460,6,25,36,1,2024.00,2024.00
1742,3461,4,20,32,1,640.00,640.00
1743,3462,3,19,28,1,5312.00,5312.00
1744,3463,3,19,28,1,3230.00,3230.00
1744,3464,4,20,35,1,5513.00,5513.00
1744,3465,4,22,30,1,2887.00,2887.00
1745,3466,4,21,31,1,5027.00,5027.00
1745,3467,3,19,28,1,6818.00,6818.00
1746,3468,6,24,36,1,1958.00,1958.00
1746,3469,1,5,9,1,5365.00,5365.00
1746,3470,3,18,19,1,570.00,570.00
1747,3471,4,21,32,1,6491.00,6491.00
1747,3472,2,14,12,2,6296.00,12592.00
1747,3473,2,16,17,2,2313.00,4626.00
1748,3474,2,11,18,2,2909.00,5818.00
1748,3475,4,20,34,1,6045.00,6045.00
1749,3476,3,19,24,1,4750.00,4750.00
1750,3477,2,16,15,2,4848.00,9696.00
1751,3478,3,18,21,1,2607.00,2607.00
1751,3479,3,18,24,1,5866.00,5866.00
1752,3480,2,13,13,2,1030.00,2060.00
1753,3481,4,20,33,1,2136.00,2136.00
1753,3482,3,19,26,1,3732.00,3732.00
1753,3483,2,11,18,2,2255.00,4510.00
1754,3484,6,24,36,1,2784.00,2784.00
1754,3485,2,11,17,2,5254.00,10508.00
1754,3486,2,17,17,2,3614.00,7228.00
1755,3487,3,18,19,1,3327.00,3327.00
1756,3488,4,20,32,1,5327.00,5327.00
1757,3489,2,14,17,2,2574.00,5148.00
1757,3490,1,5,5,1,3325.00,3325.00
1758,3491,4,20,32,1,756.00,756.00
1758,3492,3,19,20,1,1688.00,1688.00
1759,3493,6,25,36,1,6419.00,6419.00
1760,3494,1,1,8,1,1743.00,1743.00
1760,3495,6,25,36,1,6956.00,6956.00
1760,3496,2,17,16,2,2808.00,5616.00
1761,3497,3,18,20,1,5061.00,5061.00
1761,3498,6,24,36,1,5480.00,5480.00
1761,3499,4,20,33,1,3083.00,3083.00
1762,3500,2,16,16,2,4682.00,9364.00
1762,3501,3,18,20,1,4101.00,4101.00
1763,3502,1,5,3,1,1505.00,1505.00
1763,3503,6,24,36,1,1831.00,1831.00
1764,3504,6,24,36,1,6849.00,6849.00
1764,3505,6,24,36,1,5077.00,5077.00
1765,3506,3,19,24,1,1243.00,1243.00
1766,3507,3,18,19,1,4290.00,4290.00
1766,3508,2,14,12,2,2274.00,4548.00
1766,3509,1,9,4,1,5144.00,5144.00
1767,3510,1,10,5,1,3639.00,3639.00
1767,3511,6,24,36,1,2469.00,2469.00
1767,3512,2,11,18,2,3217.00,6434.00
1768,3513,6,25,36,1,6072.00,6072.00
1769,3514,1,2,5,1,6161.00,6161.00
1770,3515,2,14,16,2,1062.00,2124.00
1770,3516,2,15,13,2,573.00,1146.00
1770,3517,1,3,3,1,948.00,948.00
1771,3518,4,22,33,1,1482.00,1482.00
1771,3519,4,20,30,1,534.00,534.00
1771,3520,1,10,6,1,5500.00,5500.00
1772,3521,6,24,36,1,2020.00,2020.00
1772,3522,2,14,12,2,2354.00,4708.00
1773,3523,6,24,36,1,5535.00,5535.00
1774,3524,2,15,18,2,5208.00,10416.00
1774,3525,6,25,36,1,5067.00,5067.00
1775,3526,4,22,35,1,3504.00,3504.00
1775,3527,2,13,16,2,1989.00,3978.00
1776,3528,3,19,25,1,2683.00,2683.00
1777,3529,1,9,4,1,5501.00,5501.00
1777,3530,4,21,34,1,4113.00,4113.00
1777,3531,6,25,36,1,6612.00,6612.00
1778,3532,4,20,35,1,5412.00,5412.00
1778,3533,1,5,6,1,2288.00,2288.00
1779,3534,4,22,34,1,3713.00,3713.00
1779,3535,2,13,14,2,3031.00,6062.00
1779,3536,3,19,22,1,2281.00,2281.00
1780,3537,4,22,34,1,5173.00,5173.00
1780,3538,3,19,25,1,3164.00,3164.00
1780,3539,1,2,6,1,5599.00,5599.00
1781,3540,2,17,13,2,6719.00,13438.00
1782,3541,4,20,31,1,3683.00,3683.00
1782,3542,1,9,2,1,1130.00,1130.00
1783,3543,6,24,36,1,1380.00,1380.00
1783,3544,4,20,35,1,3261.00,3261.00
1784,3545,2,17,15,2,3166.00,6332.00
1784,3546,2,16,16,2,2271.00,4542.00
1785,3547,2,13,12,2,6188.00,12376.00
1785,3548,3,19,24,1,3654.00,3654.00
1786,3549,1,9,1,1,2287.00,2287.00
1786,3550,6,24,36,1,6331.00,6331.00
1786,3551,3,19,22,1,2662.00,2662.00
1787,3552,4,20,35,1,4209.00,4209.00
1787,3553,3,18,24,1,2697.00,2697.00
1788,3554,3,19,27,1,2621.00,2621.00
1788,3555,1,7,11,1,3363.00,3363.00
1789,3556,4,22,35,1,6673.00,6673.00
1789,3557,4,22,31,1,1368.00,1368.00
1789,3558,2,14,13,2,4643.00,9286.00
1790,3559,6,25,36,1,4036.00,4036.00
1791,3560,2,15,16,2,2376.00,4752.00
1792,3561,1,10,7,1,6987.00,6987.00
1792,3562,1,9,5,1,6160.00,6160.00
1793,3563,6,25,36,1,3691.00,3691.00
1794,3564,2,13,17,2,2541.00,5082.00
1794,3565,3,18,19,1,4358.00,4358.00
1794,3566,6,24,36,1,2096.00,2096.00
1795,3567,1,3,4,1,2037.00,2037.00
1795,3568,2,17,15,2,1106.00,2212.00
1795,3569,6,24,36,1,2259.00,2259.00
1796,3570,4,20,34,1,4912.00,4912.00
1796,3571,2,12,15,2,2442.00,4884.00
1797,3572,2,15,13,2,4040.00,8080.00
1797,3573,4,22,33,1,4163.00,4163.00
1797,3574,2,16,17,2,6999.00,13998.00
1798,3575,2,12,18,2,1800.00,3600.00
1799,3576,3,19,21,1,5870.00,5870.00
1799,3577,1,7,2,1,4637.00,4637.00
1800,3578,2,11,15,2,6783.00,13566.00
1801,3579,1,6,6,1,5795.00,5795.00
1801,3580,4,20,30,1,3296.00,3296.00
1802,3581,6,24,36,1,5854.00,5854.00
1802,3582,6,24,36,1,4391.00,4391.00
1802,3583,3,18,26,1,6891.00,6891.00
1803,3584,1,1,11,1,6814.00,6814.00
1804,3585,4,20,35,1,4502.00,4502.00
1804,3586,3,19,21,1,5188.00,5188.00
1805,3587,1,6,2,1,2638.00,2638.00
1806,3588,4,20,35,1,6783.00,6783.00
1806,3589,4,21,31,1,6687.00,6687.00
1806,3590,3,19,29,1,2038.00,2038.00
1807,3591,3,18,28,1,1348.00,1348.00
1807,3592,4,20,35,1,5862.00,5862.00
1807,3593,4,21,31,1,4379.00,4379.00
1808,3594,3,19,29,1,2923.00,2923.00
1808,3595,2,15,12,2,1345.00,2690.00
1809,3596,2,11,15,2,4307.00,8614.00
1809,3597,2,16,18,2,6482.00,12964.00
1810,3598,6,24,36,1,5295.00,5295.00
1810,3599,3,18,22,1,4751.00,4751.00
1811,3600,4,21,30,1,5714.00,5714.00
1811,3601,6,25,36,1,2432.00,2432.00
1811,3602,4,22,33,1,5278.00,5278.00
1812,3603,2,15,12,2,2220.00,4440.00
1813,3604,4,21,30,1,4576.00,4576.00
1814,3605,3,18,28,1,6502.00,6502.00
1814,3606,6,25,36,1,4772.00,4772.00
1814,3607,6,24,36,1,4267.00,4267.00
1815,3608,2,13,18,2,2206.00,4412.00
1816,3609,3,19,28,1,3576.00,3576.00
1816,3610,6,25,36,1,4632.00,4632.00
1817,3611,3,19,19,1,4254.00,4254.00
1817,3612,4,20,30,1,4027.00,4027.00
1818,3613,4,20,32,1,5894.00,5894.00
1818,3614,1,5,11,1,1843.00,1843.00
1819,3615,6,24,36,1,5870.00,5870.00
1819,3616,1,7,1,1,5400.00,5400.00
1820,3617,2,16,18,2,2619.00,5238.00
1820,3618,6,24,36,1,1730.00,1730.00
1821,3619,3,19,22,1,4330.00,4330.00
1822,3620,1,5,6,1,1068.00,1068.00
1823,3621,4,20,35,1,4316.00,4316.00
1823,3622,4,20,30,1,4505.00,4505.00
1824,3623,2,16,13,2,1293.00,2586.00
1824,3624,3,19,19,1,3705.00,3705.00
1825,3625,2,16,15,2,2285.00,4570.00
1825,3626,4,20,32,1,2704.00,2704.00
1825,3627,1,1,9,1,3129.00,3129.00
1826,3628,6,25,36,1,3937.00,3937.00
1826,3629,2,17,17,2,4692.00,9384.00
1827,3630,1,8,4,1,3034.00,3034.00
1827,3631,4,22,34,1,6050.00,6050.00
1827,3632,2,14,16,2,5942.00,11884.00
1828,3633,2,14,13,2,3773.00,7546.00
1828,3634,6,24,36,1,3402.00,3402.00
1829,3635,2,16,12,2,4103.00,8206.00
1829,3636,1,5,6,1,2661.00,2661.00
1829,3637,6,25,36,1,4346.00,4346.00
1830,3638,3,19,19,1,2750.00,2750.00
1830,3639,6,24,36,1,1044.00,1044.00
1831,3640,1,7,5,1,1594.00,1594.00
1831,3641,1,10,3,1,2632.00,2632.00
1831,3642,4,22,30,1,4540.00,4540.00
1832,3643,3,18,25,1,863.00,863.00
1833,3644,2,14,13,2,3294.00,6588.00
1833,3645,3,18,20,1,4118.00,4118.00
1833,3646,2,11,16,2,5378.00,10756.00
1834,3647,3,18,26,1,3065.00,3065.00
1834,3648,2,13,15,2,2429.00,4858.00
1834,3649,2,14,18,2,2629.00,5258.00
1835,3650,1,5,6,1,1856.00,1856.00
1835,3651,3,19,22,1,3050.00,3050.00
1835,3652,4,20,35,1,4552.00,4552.00
1836,3653,4,20,33,1,643.00,643.00
1836,3654,3,19,19,1,6451.00,6451.00
1837,3655,1,4,10,1,3825.00,3825.00
1837,3656,6,25,36,1,2008.00,2008.00
1837,3657,1,2,10,1,912.00,912.00
1838,3658,4,22,32,1,2438.00,2438.00
1839,3659,4,22,35,1,4923.00,4923.00
1839,3660,4,20,30,1,4056.00,4056.00
1839,3661,2,15,15,2,6736.00,13472.00
1840,3662,2,11,14,2,3573.00,7146.00
1840,3663,1,6,11,1,3102.00,3102.00
1841,3664,4,22,31,1,907.00,907.00
1841,3665,4,21,32,1,2220.00,2220.00
1841,3666,6,24,36,1,1411.00,1411.00
1842,3667,6,24,36,1,3837.00,3837.00
1842,3668,2,13,13,2,4089.00,8178.00
1842,3669,6,24,36,1,5616.00,5616.00
1843,3670,2,13,13,2,1458.00,2916.00
1844,3671,4,20,31,1,5485.00,5485.00
1845,3672,4,20,32,1,529.00,529.00
1845,3673,1,1,11,1,2098.00,2098.00
1846,3674,2,17,18,2,2548.00,5096.00
1846,3675,3,18,20,1,1025.00,1025.00
1847,3676,6,25,36,1,2833.00,2833.00
1847,3677,3,19,22,1,3147.00,3147.00
1847,3678,1,1,7,1,5830.00,5830.00
1848,3679,3,18,29,1,4915.00,4915.00
1848,3680,6,24,36,1,6496.00,6496.00
1848,3681,3,19,19,1,2192.00,2192.00
1849,3682,4,22,34,1,3983.00,3983.00
1850,3683,4,20,35,1,5566.00,5566.00
1850,3684,1,2,8,1,5135.00,5135.00
1851,3685,4,20,35,1,5958.00,5958.00
1851,3686,1,10,8,1,5633.00,5633.00
1852,3687,6,24,36,1,4309.00,4309.00
1852,3688,3,18,19,1,3249.00,3249.00
1852,3689,1,9,5,1,644.00,644.00
1853,3690,1,9,9,1,3031.00,3031.00
1853,3691,4,22,35,1,1419.00,1419.00
1853,3692,2,13,17,2,6655.00,13310.00
1854,3693,3,18,24,1,6496.00,6496.00
1854,3694,4,22,32,1,4162.00,4162.00
1854,3695,1,3,8,1,976.00,976.00
1855,3696,4,21,32,1,2442.00,2442.00
1856,3697,3,18,19,1,2915.00,2915.00
1856,3698,2,14,15,2,1066.00,2132.00
1857,3699,1,6,6,1,3176.00,3176.00
1857,3700,1,1,1,1,4506.00,4506.00
1857,3701,4,21,35,1,1192.00,1192.00
1858,3702,3,18,19,1,3303.00,3303.00
1858,3703,3,19,21,1,5854.00,5854.00
1859,3704,6,24,36,1,667.00,667.00
1859,3705,6,24,36,1,4881.00,4881.00
1859,3706,1,1,3,1,4374.00,4374.00
1860,3707,4,20,33,1,5154.00,5154.00
1860,3708,6,25,36,1,4336.00,4336.00
1861,3709,1,2,10,1,512.00,512.00
1861,3710,3,19,19,1,6461.00,6461.00
1862,3711,2,16,13,2,2469.00,4938.00
1862,3712,3,18,28,1,6160.00,6160.00
1862,3713,4,20,33,1,2925.00,2925.00
1863,3714,1,6,10,1,734.00,734.00
1864,3715,4,20,35,1,1278.00,1278.00
1865,3716,3,18,25,1,1829.00,1829.00
1865,3717,4,22,33,1,2731.00,2731.00
1866,3718,3,18,26,1,5016.00,5016.00
1866,3719,1,9,9,1,929.00,929.00
1866,3720,6,25,36,1,4522.00,4522.00
1867,3721,2,15,14,2,5557.00,11114.00
1868,3722,6,24,36,1,5894.00,5894.00
1868,3723,4,21,30,1,2426.00,2426.00
1869,3724,3,18,26,1,1311.00,1311.00
1869,3725,1,8,1,1,4704.00,4704.00
1870,3726,6,24,36,1,6526.00,6526.00
1870,3727,2,15,13,2,3846.00,7692.00
1870,3728,4,22,30,1,5867.00,5867.00
1871,3729,6,25,36,1,5019.00,5019.00
1872,3730,1,7,3,1,2473.00,2473.00
1872,3731,4,20,35,1,4521.00,4521.00
1872,3732,1,7,3,1,3831.00,3831.00
1873,3733,1,3,5,1,3670.00,3670.00
1873,3734,1,9,7,1,3828.00,3828.00
1874,3735,4,20,33,1,1819.00,1819.00
1874,3736,6,24,36,1,1380.00,1380.00
1874,3737,6,25,36,1,2412.00,2412.00
1875,3738,2,16,15,2,4889.00,9778.00
1875,3739,1,4,5,1,4740.00,4740.00
1875,3740,2,15,13,2,541.00,1082.00
1876,3741,6,25,36,1,5299.00,5299.00
1876,3742,3,19,19,1,3526.00,3526.00
1876,3743,4,20,34,1,4321.00,4321.00
1877,3744,4,22,30,1,4643.00,4643.00
1878,3745,4,21,33,1,3238.00,3238.00
1878,3746,3,18,24,1,6162.00,6162.00
1879,3747,4,22,33,1,5864.00,5864.00
1880,3748,3,18,19,1,1392.00,1392.00
1881,3749,3,18,27,1,1696.00,1696.00
1881,3750,2,16,18,2,5562.00,11124.00
1882,3751,3,18,22,1,5765.00,5765.00
1883,3752,2,14,18,2,1887.00,3774.00
1884,3753,2,13,12,2,879.00,1758.00
1884,3754,6,25,36,1,5604.00,5604.00
1884,3755,1,9,7,1,5363.00,5363.00
1885,3756,1,10,9,1,4494.00,4494.00
1886,3757,4,20,30,1,631.00,631.00
1887,3758,4,22,31,1,4914.00,4914.00
1887,3759,6,24,36,1,6741.00,6741.00
1888,3760,1,1,9,1,3565.00,3565.00
1889,3761,2,13,16,2,3816.00,7632.00
1889,3762,6,25,36,1,879.00,879.00
1889,3763,2,15,12,2,5927.00,11854.00
1890,3764,1,8,10,1,6743.00,6743.00
1890,3765,2,14,13,2,5670.00,11340.00
1891,3766,3,18,23,1,1430.00,1430.00
1892,3767,4,22,30,1,5586.00,5586.00
1892,3768,6,24,36,1,6208.00,6208.00
1892,3769,4,20,32,1,543.00,543.00
1893,3770,1,9,8,1,3555.00,3555.00
1894,3771,2,11,15,2,589.00,1178.00
1894,3772,6,24,36,1,3805.00,3805.00
1895,3773,3,18,23,1,2782.00,2782.00
1895,3774,4,20,34,1,3731.00,3731.00
1895,3775,2,16,13,2,5624.00,11248.00
1896,3776,6,24,36,1,1182.00,1182.00
1896,3777,4,22,31,1,6988.00,6988.00
1897,3778,1,10,5,1,884.00,884.00
1898,3779,1,6,2,1,1031.00,1031.00
1898,3780,4,22,31,1,6942.00,6942.00
1899,3781,2,17,17,2,2942.00,5884.00
1899,3782,1,3,1,1,1836.00,1836.00
1899,3783,3,19,28,1,5507.00,5507.00
1900,3784,1,5,5,1,2225.00,2225.00
1901,3785,3,18,29,1,2141.00,2141.00
1901,3786,3,19,25,1,1886.00,1886.00
1902,3787,2,14,16,2,3811.00,7622.00
1903,3788,4,20,35,1,4501.00,4501.00
1904,3789,6,25,36,1,6665.00,6665.00
1904,3790,4,22,33,1,5074.00,5074.00
1905,3791,4,21,31,1,1578.00,1578.00
1905,3792,4,20,31,1,1537.00,1537.00
1905,3793,2,14,12,2,925.00,1850.00
1906,3794,1,8,7,1,6143.00,6143.00
1907,3795,4,20,32,1,1265.00,1265.00
1907,3796,6,25,36,1,4453.00,4453.00
1907,3797,3,18,27,1,4899.00,4899.00
1908,3798,6,24,36,1,6846.00,6846.00
1909,3799,1,10,5,1,3123.00,3123.00
1910,3800,1,1,8,1,5685.00,5685.00
1910,3801,4,21,32,1,1026.00,1026.00
1911,3802,3,19,25,1,3916.00,3916.00
1912,3803,1,1,6,1,2180.00,2180.00
1912,3804,2,12,15,2,3706.00,7412.00
1913,3805,2,15,14,2,2225.00,4450.00
1914,3806,4,21,33,1,6728.00,6728.00
1915,3807,2,12,17,2,2279.00,4558.00
1915,3808,1,5,6,1,5869.00,5869.00
1915,3809,4,20,30,1,5370.00,5370.00
1916,3810,1,7,1,1,5644.00,5644.00
1916,3811,6,24,36,1,5721.00,5721.00
1917,3812,1,4,3,1,5216.00,5216.00
1917,3813,6,24,36,1,4707.00,4707.00
1917,3814,6,24,36,1,3112.00,3112.00
1918,3815,6,24,36,1,2504.00,2504.00
1918,3816,4,21,33,1,4997.00,4997.00
1918,3817,4,22,31,1,1978.00,1978.00
1919,3818,4,21,33,1,2739.00,2739.00
1919,3819,2,17,13,2,6732.00,13464.00
1919,3820,3,18,25,1,4946.00,4946.00
1920,3821,6,24,36,1,4206.00,4206.00
1921,3822,1,4,7,1,527.00,527.00
1922,3823,3,18,23,1,6650.00,6650.00
1922,3824,2,16,18,2,1924.00,3848.00
1923,3825,3,19,23,1,547.00,547.00
1923,3826,3,19,19,1,2802.00,2802.00
1923,3827,6,25,36,1,1683.00,1683.00
1924,3828,1,10,5,1,4852.00,4852.00
1924,3829,1,7,8,1,3290.00,3290.00
1925,3830,1,1,5,1,2166.00,2166.00
1925,3831,6,25,36,1,2493.00,2493.00
1926,3832,2,12,15,2,1711.00,3422.00
1926,3833,4,22,31,1,6598.00,6598.00
1927,3834,3,19,29,1,6863.00,6863.00
1927,3835,6,24,36,1,2063.00,2063.00
1928,3836,6,25,36,1,3194.00,3194.00
1929,3837,2,11,16,2,6413.00,12826.00
1929,3838,1,6,2,1,978.00,978.00
1929,3839,3,18,24,1,3235.00,3235.00
1930,3840,4,21,33,1,3505.00,3505.00
1930,3841,2,13,16,2,3527.00,7054.00
1930,3842,6,24,36,1,3642.00,3642.00
1931,3843,2,11,14,2,1950.00,3900.00
1931,3844,2,15,18,2,5269.00,10538.00
1932,3845,1,10,1,1,5450.00,5450.00
1932,3846,2,16,18,2,2935.00,5870.00
1933,3847,6,25,36,1,5090.00,5090.00
1933,3848,4,22,32,1,5630.00,5630.00
1933,3849,4,20,34,1,625.00,625.00
1934,3850,1,6,6,1,1836.00,1836.00
1934,3851,4,20,32,1,6407.00,6407.00
1934,3852,6,25,36,1,3178.00,3178.00
1935,3853,2,11,15,2,1089.00,2178.00
1935,3854,3,18,19,1,5127.00,5127.00
1936,3855,4,20,33,1,4943.00,4943.00
1937,3856,3,19,29,1,4213.00,4213.00
1937,3857,3,19,27,1,4534.00,4534.00
1938,3858,3,19,27,1,5853.00,5853.00
1938,3859,2,11,15,2,6346.00,12692.00
1938,3860,4,22,31,1,5033.00,5033.00
1939,3861,1,4,7,1,3605.00,3605.00
1940,3862,3,19,24,1,832.00,832.00
1940,3863,6,25,36,1,2732.00,2732.00
1941,3864,1,1,1,1,3601.00,3601.00
1942,3865,6,24,36,1,6035.00,6035.00
1942,3866,3,19,19,1,6392.00,6392.00
1943,3867,3,19,19,1,5225.00,5225.00
1943,3868,2,16,18,2,3584.00,7168.00
1944,3869,2,11,17,2,4182.00,8364.00
1944,3870,3,19,20,1,2525.00,2525.00
1945,3871,2,13,16,2,2350.00,4700.00
1945,3872,3,18,29,1,4402.00,4402.00
1945,3873,4,21,30,1,4804.00,4804.00
1946,3874,3,18,19,1,1503.00,1503.00
1947,3875,1,7,7,1,764.00,764.00
1947,3876,4,20,34,1,1357.00,1357.00
1947,3877,2,15,17,2,2111.00,4222.00
1948,3878,3,18,19,1,2215.00,2215.00
1948,3879,1,7,10,1,4328.00,4328.00
1948,3880,6,24,36,1,6955.00,6955.00
1949,3881,1,8,9,1,6188.00,6188.00
1949,3882,4,21,35,1,6742.00,6742.00
1949,3883,3,18,22,1,2277.00,2277.00
1950,3884,6,24,36,1,4693.00,4693.00
1950,3885,4,20,33,1,5181.00,5181.00
1950,3886,6,24,36,1,1445.00,1445.00
1951,3887,4,22,32,1,879.00,879.00
1952,3888,3,19,25,1,4934.00,4934.00
1953,3889,4,21,35,1,1686.00,1686.00
1953,3890,3,19,22,1,5111.00,5111.00
1953,3891,4,22,31,1,2223.00,2223.00
1954,3892,4,20,30,1,4206.00,4206.00
1954,3893,3,18,29,1,1784.00,1784.00
1955,3894,1,8,6,1,4538.00,4538.00
1955,3895,6,24,36,1,4354.00,4354.00
1956,3896,3,18,28,1,3981.00,3981.00
1956,3897,2,16,17,2,1863.00,3726.00
1957,3898,2,17,15,2,4563.00,9126.00
1957,3899,4,20,31,1,3659.00,3659.00
1957,3900,4,20,32,1,2486.00,2486.00
1958,3901,4,21,31,1,569.00,569.00
1959,3902,3,19,27,1,5185.00,5185.00
1959,3903,3,19,19,1,2988.00,2988.00
1960,3904,2,17,14,2,1813.00,3626.00
1960,3905,1,1,8,1,1087.00,1087.00
1960,3906,2,14,14,2,2811.00,5622.00
1961,3907,1,4,3,1,5048.00,5048.00
1961,3908,6,25,36,1,3821.00,3821.00
1962,3909,6,24,36,1,4123.00,4123.00
1963,3910,4,20,31,1,5265.00,5265.00
1964,3911,2,11,12,2,5126.00,10252.00
1965,3912,1,6,3,1,3247.00,3247.00
1965,3913,4,20,33,1,4474.00,4474.00
1965,3914,1,2,8,1,1548.00,1548.00
1966,3915,4,20,32,1,3852.00,3852.00
1966,3916,3,18,23,1,535.00,535.00
1967,3917,3,19,22,1,1725.00,1725.00
1968,3918,2,14,13,2,6829.00,13658.00
1968,3919,2,15,15,2,2290.00,4580.00
1969,3920,4,21,32,1,2622.00,2622.00
1970,3921,3,19,24,1,5767.00,5767.00
1970,3922,3,18,24,1,2497.00,2497.00
1971,3923,6,25,36,1,5715.00,5715.00
1971,3924,3,19,27,1,6760.00,6760.00
1971,3925,2,13,13,2,6264.00,12528.00
1972,3926,1,10,4,1,6329.00,6329.00
1972,3927,3,18,23,1,3470.00,3470.00
1973,3928,3,19,23,1,4521.00,4521.00
1973,3929,2,17,15,2,1013.00,2026.00
1973,3930,2,16,13,2,3366.00,6732.00
1974,3931,1,7,8,1,4764.00,4764.00
1975,3932,6,25,36,1,1573.00,1573.00
1975,3933,2,13,15,2,3038.00,6076.00
1976,3934,3,18,25,1,2439.00,2439.00
1977,3935,6,24,36,1,2755.00,2755.00
1978,3936,6,25,36,1,1891.00,1891.00
1979,3937,6,24,36,1,3392.00,3392.00
1979,3938,6,25,36,1,4997.00,4997.00
1980,3939,4,21,33,1,2897.00,2897.00
1980,3940,4,21,35,1,2777.00,2777.00
1980,3941,2,16,16,2,1879.00,3758.00
1981,3942,2,13,12,2,1671.00,3342.00
1981,3943,2,16,15,2,2607.00,5214.00
1982,3944,6,25,36,1,846.00,846.00
1983,3945,1,7,7,1,5328.00,5328.00
1983,3946,3,18,21,1,5914.00,5914.00
1983,3947,2,14,13,2,4629.00,9258.00
1984,3948,4,21,31,1,3038.00,3038.00
1984,3949,4,20,32,1,2964.00,2964.00
1985,3950,3,19,27,1,790.00,790.00
1986,3951,1,4,4,1,2479.00,2479.00
1986,3952,3,18,25,1,6855.00,6855.00
1987,3953,6,25,36,1,3380.00,3380.00
1987,3954,1,2,6,1,2536.00,2536.00
1988,3955,4,21,35,1,4198.00,4198.00
1988,3956,1,1,2,1,1951.00,1951.00
1988,3957,4,22,35,1,2208.00,2208.00
1989,3958,4,22,31,1,5506.00,5506.00
1990,3959,2,14,13,2,6045.00,12090.00
1990,3960,3,19,25,1,6047.00,6047.00
1990,3961,4,21,31,1,5691.00,5691.00
1991,3962,6,24,36,1,3500.00,3500.00
1991,3963,6,24,36,1,3359.00,3359.00
1992,3964,1,2,11,1,1159.00,1159.00
1992,3965,6,25,36,1,1415.00,1415.00
1993,3966,6,25,36,1,6365.00,6365.00
1993,3967,2,12,13,2,3807.00,7614.00
1994,3968,3,19,23,1,2954.00,2954.00
1995,3969,3,18,24,1,1954.00,1954.00
1996,3970,6,25,36,1,5915.00,5915.00
1997,3971,2,11,15,2,6485.00,12970.00
1997,3972,4,21,30,1,5217.00,5217.00
1997,3973,1,6,6,1,2834.00,2834.00
1998,3974,1,9,9,1,850.00,850.00
1998,3975,3,18,28,1,6735.00,6735.00
1999,3976,2,11,13,2,3345.00,6690.00
1999,3977,3,18,27,1,4437.00,4437.00
1999,3978,3,18,22,1,5683.00,5683.00
2000,3979,6,25,36,1,6633.00,6633.00
2001,3980,6,24,36,1,2245.00,2245.00
2001,3981,4,22,35,1,2181.00,2181.00
2002,3982,1,4,11,1,6761.00,6761.00
2002,3983,2,12,14,2,962.00,1924.00
2002,3984,1,5,6,1,6446.00,6446.00
2003,3985,6,24,36,1,4891.00,4891.00
2003,3986,3,19,20,1,6540.00,6540.00
2003,3987,3,18,19,1,597.00,597.00
2004,3988,6,25,36,1,5760.00,5760.00
2004,3989,3,18,23,1,3536.00,3536.00
2004,3990,1,7,6,1,5569.00,5569.00
2005,3991,2,16,18,2,6607.00,13214.00
2005,3992,4,21,33,1,3373.00,3373.00
2006,3993,2,17,12,2,2763.00,5526.00
2006,3994,1,5,4,1,822.00,822.00
2006,3995,6,24,36,1,5211.00,5211.00
2007,3996,3,18,29,1,2827.00,2827.00
2008,3997,6,25,36,1,1864.00,1864.00
2008,3998,3,19,27,1,1702.00,1702.00
2009,3999,3,19,19,1,4781.00,4781.00
2009,4000,1,5,3,1,6953.00,6953.00
2010,4001,1,6,4,1,2564.00,2564.00
2010,4002,6,24,36,1,596.00,596.00
2011,4003,1,6,11,1,3904.00,3904.00
2011,4004,4,21,33,1,4632.00,4632.00
2012,4005,2,15,16,2,2616.00,5232.00
2013,4006,4,22,32,1,6861.00,6861.00
2013,4007,3,18,29,1,5454.00,5454.00
2014,4008,2,17,13,2,4572.00,9144.00
2014,4009,2,15,17,2,3748.00,7496.00
2015,4010,3,19,23,1,3487.00,3487.00
2015,4011,2,14,15,2,5366.00,10732.00
2016,4012,1,4,10,1,6452.00,6452.00
2016,4013,1,9,11,1,3472.00,3472.00
2016,4014,2,14,18,2,3286.00,6572.00
2017,4015,3,19,24,1,1512.00,1512.00
2017,4016,2,14,17,2,3218.00,6436.00
2018,4017,2,16,18,2,6461.00,12922.00
2018,4018,2,16,12,2,4690.00,9380.00
2019,4019,1,7,5,1,2413.00,2413.00
2019,4020,3,19,24,1,1414.00,1414.00
2019,4021,2,11,12,2,6906.00,13812.00
2020,4022,2,14,13,2,2570.00,5140.00
2020,4023,2,13,17,2,3563.00,7126.00
2020,4024,3,19,25,1,5627.00,5627.00
2021,4025,6,25,36,1,5335.00,5335.00
2021,4026,1,8,8,1,3482.00,3482.00
2022,4027,6,24,36,1,2647.00,2647.00
2022,4028,2,13,18,2,3111.00,6222.00
2023,4029,6,24,36,1,1872.00,1872.00
2023,4030,3,19,27,1,3362.00,3362.00
2024,4031,2,12,13,2,3152.00,6304.00
2024,4032,2,11,14,2,4244.00,8488.00
2024,4033,6,24,36,1,1899.00,1899.00
2025,4034,1,2,7,1,1826.00,1826.00
2025,4035,6,25,36,1,5853.00,5853.00
2026,4036,6,24,36,1,3234.00,3234.00
2027,4037,2,11,17,2,2690.00,5380.00
2027,4038,6,24,36,1,5510.00,5510.00
2028,4039,4,22,35,1,6998.00,6998.00
2028,4040,2,14,17,2,3316.00,6632.00
2028,4041,3,19,29,1,2519.00,2519.00
2029,4042,4,22,30,1,3692.00,3692.00
2029,4043,1,8,10,1,5845.00,5845.00
2030,4044,2,11,16,2,3826.00,7652.00
2030,4045,2,12,15,2,3053.00,6106.00
2031,4046,3,19,23,1,973.00,973.00
2032,4047,4,20,30,1,5959.00,5959.00
2032,4048,6,24,36,1,2651.00,2651.00
2032,4049,6,24,36,1,7000.00,7000.00
2033,4050,1,9,11,1,1196.00,1196.00
2033,4051,6,25,36,1,6417.00,6417.00
2033,4052,2,17,16,2,671.00,1342.00
2034,4053,4,22,31,1,5156.00,5156.00
2034,4054,3,19,26,1,5525.00,5525.00
2034,4055,3,19,26,1,3729.00,3729.00
2035,4056,4,22,34,1,682.00,682.00
2036,4057,2,14,13,2,5298.00,10596.00
2037,4058,6,25,36,1,4041.00,4041.00
2038,4059,4,22,30,1,2577.00,2577.00
2038,4060,1,6,11,1,2288.00,2288.00
2039,4061,4,21,33,1,3917.00,3917.00
2040,4062,1,10,5,1,5569.00,5569.00
2041,4063,2,12,18,2,5309.00,10618.00
2042,4064,6,25,36,1,2895.00,2895.00
2042,4065,3,19,21,1,572.00,572.00
2042,4066,1,3,3,1,6265.00,6265.00
2043,4067,2,11,15,2,886.00,1772.00
2043,4068,1,7,6,1,6570.00,6570.00
2044,4069,3,19,27,1,3366.00,3366.00
2044,4070,6,24,36,1,2809.00,2809.00
2044,4071,1,10,4,1,2630.00,2630.00
2045,4072,1,6,10,1,4730.00,4730.00
2046,4073,2,12,12,2,618.00,1236.00
2047,4074,2,15,14,2,2585.00,5170.00
2047,4075,3,19,29,1,1437.00,1437.00
2048,4076,3,19,22,1,1176.00,1176.00
2048,4077,2,15,16,2,6674.00,13348.00
2049,4078,3,19,27,1,1227.00,1227.00
2049,4079,3,18,21,1,2059.00,2059.00
2050,4080,4,21,34,1,2343.00,2343.00
2050,4081,2,17,17,2,2874.00,5748.00
2051,4082,1,6,7,1,5952.00,5952.00
2052,4083,2,13,16,2,4196.00,8392.00
2052,4084,4,21,34,1,5160.00,5160.00
2053,4085,6,25,36,1,4174.00,4174.00
2053,4086,3,18,25,1,3439.00,3439.00
2053,4087,4,21,34,1,4898.00,4898.00
2054,4088,3,18,21,1,2172.00,2172.00
2055,4089,4,21,31,1,4589.00,4589.00
2055,4090,1,7,5,1,4249.00,4249.00
2055,4091,3,19,23,1,2500.00,2500.00
2056,4092,3,18,24,1,3663.00,3663.00
2056,4093,2,11,15,2,989.00,1978.00
2057,4094,4,20,32,1,1845.00,1845.00
2057,4095,4,22,30,1,4036.00,4036.00
2058,4096,4,21,33,1,2396.00,2396.00
2058,4097,3,18,29,1,4679.00,4679.00
2059,4098,4,20,31,1,3153.00,3153.00
2059,4099,1,1,10,1,1603.00,1603.00
2060,4100,4,20,31,1,797.00,797.00
2061,4101,2,11,12,2,3002.00,6004.00
2061,4102,1,10,5,1,3430.00,3430.00
2061,4103,3,18,26,1,5583.00,5583.00
2062,4104,6,24,36,1,3103.00,3103.00
2062,4105,3,18,19,1,2604.00,2604.00
2062,4106,6,25,36,1,932.00,932.00
2063,4107,6,25,36,1,4576.00,4576.00
2063,4108,4,21,35,1,2862.00,2862.00
2064,4109,6,24,36,1,5965.00,5965.00
2064,4110,2,15,14,2,6843.00,13686.00
2065,4111,4,21,34,1,3025.00,3025.00
2065,4112,3,19,26,1,6282.00,6282.00
2066,4113,6,25,36,1,750.00,750.00
2066,4114,4,21,30,1,2364.00,2364.00
2066,4115,1,9,1,1,1906.00,1906.00
2067,4116,6,24,36,1,4154.00,4154.00
2067,4117,4,20,33,1,4371.00,4371.00
2067,4118,6,25,36,1,3175.00,3175.00
2068,4119,6,25,36,1,2968.00,2968.00
2069,4120,2,16,17,2,4243.00,8486.00
2069,4121,2,16,18,2,2033.00,4066.00
2069,4122,3,19,27,1,5491.00,5491.00
2070,4123,3,19,22,1,4983.00,4983.00
2070,4124,2,13,14,2,5433.00,10866.00
2070,4125,2,11,17,2,2337.00,4674.00
2071,4126,6,24,36,1,4451.00,4451.00
2072,4127,1,7,8,1,4208.00,4208.00
2073,4128,4,22,33,1,4596.00,4596.00
2073,4129,1,3,1,1,6919.00,6919.00
2073,4130,1,5,10,1,5757.00,5757.00
2074,4131,6,24,36,1,1792.00,1792.00
2075,4132,6,24,36,1,3632.00,3632.00
2075,4133,6,25,36,1,2812.00,2812.00
2076,4134,2,13,17,2,1063.00,2126.00
2076,4135,1,7,5,1,5366.00,5366.00
2077,4136,2,12,14,2,928.00,1856.00
2077,4137,6,24,36,1,1840.00,1840.00
2078,4138,4,21,33,1,774.00,774.00
2078,4139,1,8,2,1,4149.00,4149.00
2078,4140,4,20,32,1,664.00,664.00
2079,4141,2,15,14,2,2099.00,4198.00
2079,4142,6,25,36,1,6371.00,6371.00
2079,4143,1,2,7,1,3426.00,3426.00
2080,4144,3,19,24,1,3848.00,3848.00
2081,4145,2,11,12,2,514.00,1028.00
2082,4146,3,18,23,1,735.00,735.00
2082,4147,4,20,32,1,6551.00,6551.00
2083,4148,2,11,16,2,3104.00,6208.00
2083,4149,1,6,8,1,2196.00,2196.00
2083,4150,2,11,14,2,3098.00,6196.00
2084,4151,2,14,18,2,6213.00,12426.00
2084,4152,6,24,36,1,2794.00,2794.00
2084,4153,3,18,29,1,3516.00,3516.00
2085,4154,6,24,36,1,4378.00,4378.00
2086,4155,2,12,14,2,4722.00,9444.00
2086,4156,4,20,34,1,3873.00,3873.00
2087,4157,4,22,35,1,3359.00,3359.00
2088,4158,2,12,17,2,2557.00,5114.00
2089,4159,4,20,32,1,3944.00,3944.00
2089,4160,2,17,14,2,6283.00,12566.00
2090,4161,4,20,33,1,6825.00,6825.00
2091,4162,6,24,36,1,5861.00,5861.00
2091,4163,3,18,23,1,1293.00,1293.00
2091,4164,6,25,36,1,3502.00,3502.00
2092,4165,6,25,36,1,2296.00,2296.00
2092,4166,2,13,17,2,6358.00,12716.00
2092,4167,2,12,17,2,5447.00,10894.00
2093,4168,4,22,32,1,5994.00,5994.00
2093,4169,1,8,8,1,813.00,813.00
2093,4170,4,20,31,1,6486.00,6486.00
2094,4171,1,2,4,1,1902.00,1902.00
2094,4172,1,1,6,1,510.00,510.00
2094,4173,1,1,10,1,6718.00,6718.00
2095,4174,6,24,36,1,2335.00,2335.00
2095,4175,1,2,5,1,5530.00,5530.00
2095,4176,4,21,34,1,5521.00,5521.00
2096,4177,6,25,36,1,3359.00,3359.00
2097,4178,6,24,36,1,5200.00,5200.00
2098,4179,3,18,26,1,5652.00,5652.00
2099,4180,3,18,24,1,4257.00,4257.00
2099,4181,3,19,25,1,5116.00,5116.00
2099,4182,6,25,36,1,773.00,773.00
2100,4183,4,21,34,1,1666.00,1666.00
2100,4184,4,22,30,1,877.00,877.00
2101,4185,3,18,21,1,4855.00,4855.00
2102,4186,6,25,36,1,3746.00,3746.00
2102,4187,3,18,27,1,2716.00,2716.00
2102,4188,2,11,13,2,2164.00,4328.00
2103,4189,2,16,16,2,2727.00,5454.00
2104,4190,6,25,36,1,4317.00,4317.00
2105,4191,1,7,11,1,5098.00,5098.00
2106,4192,4,21,35,1,2620.00,2620.00
2106,4193,1,2,2,1,3057.00,3057.00
2107,4194,3,18,28,1,6590.00,6590.00
2107,4195,3,19,19,1,4492.00,4492.00
2108,4196,1,9,7,1,5334.00,5334.00
2109,4197,1,7,4,1,513.00,513.00
2110,4198,6,25,36,1,5365.00,5365.00
2110,4199,4,22,31,1,2843.00,2843.00
2110,4200,3,18,24,1,4117.00,4117.00
2111,4201,2,14,17,2,5286.00,10572.00
2111,4202,2,16,16,2,5759.00,11518.00
2112,4203,3,18,21,1,701.00,701.00
2112,4204,1,2,11,1,6027.00,6027.00
2112,4205,6,24,36,1,5591.00,5591.00
2113,4206,2,11,16,2,6048.00,12096.00
2113,4207,4,20,31,1,1951.00,1951.00
2114,4208,1,2,4,1,4567.00,4567.00
2114,4209,6,25,36,1,2233.00,2233.00
2115,4210,2,15,12,2,6681.00,13362.00
2115,4211,3,18,22,1,1295.00,1295.00
2115,4212,3,18,29,1,1158.00,1158.00
2116,4213,6,24,36,1,7000.00,7000.00
2116,4214,1,1,10,1,576.00,576.00
2117,4215,4,20,30,1,1677.00,1677.00
2118,4216,1,5,7,1,6927.00,6927.00
2118,4217,6,24,36,1,6168.00,6168.00
2119,4218,6,25,36,1,1036.00,1036.00
2119,4219,3,18,29,1,1116.00,1116.00
2120,4220,3,18,27,1,4409.00,4409.00
2120,4221,2,13,15,2,3191.00,6382.00
2120,4222,3,19,23,1,4150.00,4150.00
2121,4223,3,18,27,1,931.00,931.00
2121,4224,4,21,30,1,1187.00,1187.00
2121,4225,1,2,2,1,4448.00,4448.00
2122,4226,6,25,36,1,2901.00,2901.00
2122,4227,1,8,4,1,934.00,934.00
2123,4228,4,21,32,1,2753.00,2753.00
2123,4229,6,25,36,1,3664.00,3664.00
2123,4230,2,14,18,2,1815.00,3630.00
2124,4231,4,21,30,1,1681.00,1681.00
2125,4232,1,2,1,1,5886.00,5886.00
2125,4233,2,15,14,2,5348.00,10696.00
2126,4234,6,25,36,1,6900.00,6900.00
2127,4235,1,4,1,1,5347.00,5347.00
2127,4236,3,18,24,1,2597.00,2597.00
2128,4237,1,1,3,1,6547.00,6547.00
2128,4238,1,4,5,1,4533.00,4533.00
2128,4239,4,22,31,1,5534.00,5534.00
2129,4240,3,19,22,1,5099.00,5099.00
2130,4241,2,11,17,2,3397.00,6794.00
2131,4242,3,18,25,1,5143.00,5143.00
2131,4243,3,19,24,1,6531.00,6531.00
2131,4244,4,22,30,1,3388.00,3388.00
2132,4245,2,12,15,2,3543.00,7086.00
2133,4246,4,20,34,1,6936.00,6936.00
2134,4247,3,18,23,1,3709.00,3709.00
2134,4248,4,20,34,1,4051.00,4051.00
2135,4249,3,18,21,1,3013.00,3013.00
2135,4250,4,20,33,1,5163.00,5163.00
2136,4251,6,25,36,1,2042.00,2042.00
2136,4252,3,19,21,1,5783.00,5783.00
2137,4253,1,9,9,1,6397.00,6397.00
2137,4254,6,24,36,1,2722.00,2722.00
2137,4255,3,19,24,1,3612.00,3612.00
2138,4256,6,24,36,1,4434.00,4434.00
2139,4257,6,24,36,1,1753.00,1753.00
2139,4258,2,12,13,2,5034.00,10068.00
2139,4259,2,13,13,2,1833.00,3666.00
2140,4260,6,25,36,1,831.00,831.00
2140,4261,4,22,33,1,5438.00,5438.00
2140,4262,3,19,29,1,4032.00,4032.00
2141,4263,6,25,36,1,2925.00,2925.00
2142,4264,2,14,12,2,3570.00,7140.00
2143,4265,6,25,36,1,1123.00,1123.00
2143,4266,1,3,10,1,5341.00,5341.00
2143,4267,4,22,32,1,1213.00,1213.00
2144,4268,4,22,31,1,1134.00,1134.00
2144,4269,1,5,9,1,4364.00,4364.00
2144,4270,3,19,29,1,6591.00,6591.00
2145,4271,1,10,2,1,1820.00,1820.00
2146,4272,3,19,24,1,2440.00,2440.00
2146,4273,6,25,36,1,6216.00,6216.00
2146,4274,2,16,12,2,3148.00,6296.00
2147,4275,4,20,33,1,6664.00,6664.00
2147,4276,6,24,36,1,3376.00,3376.00
2147,4277,2,13,13,2,3900.00,7800.00
2148,4278,2,16,12,2,4455.00,8910.00
2149,4279,1,5,8,1,1032.00,1032.00
2149,4280,2,12,17,2,3068.00,6136.00
2150,4281,1,8,11,1,4758.00,4758.00
2150,4282,1,1,4,1,3909.00,3909.00
2151,4283,4,21,33,1,6760.00,6760.00
2152,4284,4,20,31,1,794.00,794.00
2153,4285,1,6,9,1,6385.00,6385.00
2153,4286,6,24,36,1,5475.00,5475.00
2153,4287,3,19,28,1,677.00,677.00
2154,4288,6,25,36,1,2158.00,2158.00
2154,4289,1,9,11,1,661.00,661.00
2154,4290,4,21,32,1,3358.00,3358.00
2155,4291,1,2,5,1,3897.00,3897.00
2156,4292,6,24,36,1,2886.00,2886.00
2157,4293,2,15,14,2,4716.00,9432.00
2157,4294,6,24,36,1,4666.00,4666.00
2158,4295,6,24,36,1,3983.00,3983.00
2158,4296,3,18,28,1,3932.00,3932.00
2158,4297,2,11,16,2,2065.00,4130.00
2159,4298,6,24,36,1,1531.00,1531.00
2160,4299,4,22,35,1,1225.00,1225.00
2160,4300,2,13,12,2,3333.00,6666.00
2161,4301,6,24,36,1,999.00,999.00
2161,4302,2,13,13,2,3855.00,7710.00
2161,4303,4,21,33,1,1457.00,1457.00
2162,4304,1,5,6,1,1474.00,1474.00
2162,4305,3,19,24,1,3250.00,3250.00
2162,4306,2,11,18,2,5004.00,10008.00
2163,4307,3,19,22,1,6194.00,6194.00
2163,4308,1,4,2,1,4550.00,4550.00
2163,4309,1,5,10,1,2475.00,2475.00
2164,4310,1,6,6,1,1692.00,1692.00
2165,4311,4,21,33,1,4986.00,4986.00
2166,4312,1,3,9,1,6722.00,6722.00
2166,4313,3,19,25,1,1521.00,1521.00
2166,4314,1,5,3,1,1747.00,1747.00
2167,4315,2,12,13,2,1389.00,2778.00
2167,4316,2,15,18,2,5267.00,10534.00
2167,4317,3,19,23,1,4209.00,4209.00
2168,4318,6,24,36,1,2776.00,2776.00
2168,4319,1,7,2,1,4933.00,4933.00
2168,4320,1,4,11,1,4866.00,4866.00
2169,4321,2,17,13,2,5387.00,10774.00
2169,4322,3,19,23,1,2593.00,2593.00
2169,4323,1,9,11,1,1746.00,1746.00
2170,4324,6,24,36,1,3062.00,3062.00
2171,4325,1,2,11,1,2965.00,2965.00
2171,4326,1,5,3,1,1527.00,1527.00
2171,4327,6,25,36,1,1225.00,1225.00
2172,4328,4,21,30,1,3058.00,3058.00
2172,4329,1,7,7,1,4573.00,4573.00
2172,4330,2,15,17,2,6392.00,12784.00
2173,4331,3,18,20,1,5464.00,5464.00
2173,4332,6,25,36,1,5744.00,5744.00
2173,4333,3,19,21,1,971.00,971.00
2174,4334,4,21,34,1,1291.00,1291.00
2175,4335,2,11,17,2,2667.00,5334.00
2175,4336,4,22,33,1,1452.00,1452.00
2176,4337,2,13,14,2,5137.00,10274.00
2176,4338,2,16,16,2,5067.00,10134.00
2177,4339,2,16,16,2,6458.00,12916.00
2177,4340,4,22,31,1,6441.00,6441.00
2177,4341,1,8,9,1,1789.00,1789.00
2178,4342,1,1,3,1,1032.00,1032.00
2178,4343,2,13,15,2,4705.00,9410.00
2179,4344,2,16,18,2,1790.00,3580.00
2179,4345,2,17,14,2,4509.00,9018.00
2179,4346,2,16,15,2,2518.00,5036.00
2180,4347,1,1,6,1,589.00,589.00
2181,4348,4,21,32,1,1688.00,1688.00
2181,4349,4,22,34,1,5350.00,5350.00
2181,4350,3,18,19,1,743.00,743.00
2182,4351,6,24,36,1,1948.00,1948.00
2182,4352,2,14,17,2,5304.00,10608.00
2183,4353,3,19,27,1,4089.00,4089.00
2183,4354,4,20,33,1,3076.00,3076.00
2184,4355,1,4,11,1,6068.00,6068.00
2184,4356,4,20,32,1,5175.00,5175.00
2184,4357,2,15,16,2,1837.00,3674.00
2185,4358,3,18,23,1,3854.00,3854.00
2186,4359,1,2,9,1,6295.00,6295.00
2186,4360,1,8,11,1,1803.00,1803.00
2187,4361,1,6,5,1,6896.00,6896.00
2188,4362,2,16,12,2,5738.00,11476.00
2188,4363,1,5,7,1,6779.00,6779.00
2189,4364,2,12,14,2,3930.00,7860.00
2189,4365,3,19,19,1,4152.00,4152.00
2189,4366,1,10,6,1,5817.00,5817.00
2190,4367,2,11,13,2,1324.00,2648.00
2190,4368,1,10,8,1,907.00,907.00
2191,4369,4,20,32,1,5549.00,5549.00
2191,4370,2,12,12,2,3680.00,7360.00
2192,4371,2,14,12,2,6686.00,13372.00
2192,4372,4,21,34,1,3993.00,3993.00
2193,4373,6,24,36,1,4502.00,4502.00
2194,4374,3,19,19,1,5601.00,5601.00
2194,4375,6,25,36,1,6910.00,6910.00
2195,4376,2,15,13,2,6192.00,12384.00
2196,4377,3,18,20,1,4076.00,4076.00
2196,4378,2,16,17,2,4625.00,9250.00
2196,4379,3,18,25,1,4994.00,4994.00
2197,4380,1,3,3,1,4714.00,4714.00
2198,4381,6,24,36,1,4661.00,4661.00
2199,4382,1,9,1,1,3497.00,3497.00
2199,4383,2,15,15,2,4893.00,9786.00
2199,4384,6,24,36,1,682.00,682.00
2200,4385,2,17,18,2,783.00,1566.00
2201,4386,1,6,7,1,5318.00,5318.00
2201,4387,4,22,35,1,2271.00,2271.00
2202,4388,1,8,2,1,5239.00,5239.00
2202,4389,3,18,21,1,1288.00,1288.00
2203,4390,4,22,31,1,4754.00,4754.00
2204,4391,2,17,15,2,6861.00,13722.00
2204,4392,6,25,36,1,1261.00,1261.00
2204,4393,2,16,17,2,2426.00,4852.00
2205,4394,3,19,24,1,5910.00,5910.00
2205,4395,6,25,36,1,4751.00,4751.00
2206,4396,2,12,14,2,3730.00,7460.00
2206,4397,3,19,29,1,592.00,592.00
2207,4398,3,19,21,1,3138.00,3138.00
2207,4399,1,2,4,1,6891.00,6891.00
2208,4400,4,22,32,1,999.00,999.00
2208,4401,2,11,18,2,3613.00,7226.00
2208,4402,4,22,32,1,6640.00,6640.00
2209,4403,1,2,9,1,3730.00,3730.00
2209,4404,1,5,4,1,4997.00,4997.00
2209,4405,2,14,14,2,4282.00,8564.00
2210,4406,1,8,2,1,812.00,812.00
2210,4407,1,5,7,1,6588.00,6588.00
2210,4408,3,19,29,1,4670.00,4670.00
2211,4409,4,21,35,1,2657.00,2657.00
2212,4410,2,14,12,2,5357.00,10714.00
2212,4411,1,10,10,1,2001.00,2001.00
2212,4412,6,24,36,1,1868.00,1868.00
2213,4413,1,7,7,1,4121.00,4121.00
2214,4414,3,18,27,1,5648.00,5648.00
2214,4415,2,12,16,2,1303.00,2606.00
2214,4416,1,3,9,1,3244.00,3244.00
2215,4417,4,21,34,1,2356.00,2356.00
2215,4418,1,9,3,1,1341.00,1341.00
2215,4419,2,15,16,2,4924.00,9848.00
2216,4420,4,22,32,1,4657.00,4657.00
2216,4421,6,25,36,1,1270.00,1270.00
2216,4422,1,9,10,1,6522.00,6522.00
2217,4423,3,18,19,1,3760.00,3760.00
2217,4424,4,22,32,1,6762.00,6762.00
2217,4425,1,8,10,1,2868.00,2868.00
2218,4426,2,14,15,2,5185.00,10370.00
2219,4427,1,1,1,1,3224.00,3224.00
2219,4428,3,19,25,1,3928.00,3928.00
2219,4429,4,21,33,1,5919.00,5919.00
2220,4430,2,16,16,2,3964.00,7928.00
2220,4431,3,19,25,1,6422.00,6422.00
2221,4432,2,17,12,2,4318.00,8636.00
2222,4433,3,19,23,1,575.00,575.00
2223,4434,1,1,9,1,5905.00,5905.00
2224,4435,6,25,36,1,2836.00,2836.00
2224,4436,4,20,34,1,1786.00,1786.00
2225,4437,1,8,9,1,5420.00,5420.00
2226,4438,4,21,30,1,1481.00,1481.00
2227,4439,3,19,21,1,5507.00,5507.00
2227,4440,1,7,11,1,864.00,864.00
2228,4441,3,18,29,1,1778.00,1778.00
2228,4442,4,21,35,1,6175.00,6175.00
2228,4443,2,15,17,2,5800.00,11600.00
2229,4444,6,24,36,1,6870.00,6870.00
2229,4445,2,14,18,2,5334.00,10668.00
2229,4446,4,22,30,1,5955.00,5955.00
2230,4447,1,1,10,1,4784.00,4784.00
2230,4448,2,13,13,2,1639.00,3278.00
2231,4449,1,9,11,1,6417.00,6417.00
2232,4450,2,13,15,2,4264.00,8528.00
2232,4451,6,25,36,1,2186.00,2186.00
2232,4452,1,6,10,1,5947.00,5947.00
2233,4453,3,19,25,1,4898.00,4898.00
2233,4454,6,25,36,1,3588.00,3588.00
2234,4455,1,7,10,1,4279.00,4279.00
2235,4456,6,25,36,1,4523.00,4523.00
2235,4457,1,1,7,1,4846.00,4846.00
2236,4458,6,24,36,1,6889.00,6889.00
2237,4459,3,18,20,1,5349.00,5349.00
2237,4460,3,18,25,1,792.00,792.00
2238,4461,6,25,36,1,6261.00,6261.00
2239,4462,3,19,26,1,4847.00,4847.00
2239,4463,6,24,36,1,1043.00,1043.00
2239,4464,2,17,16,2,6592.00,13184.00
2240,4465,4,20,35,1,1696.00,1696.00
2241,4466,3,18,26,1,1407.00,1407.00
2241,4467,6,25,36,1,2828.00,2828.00
2242,4468,6,25,36,1,2415.00,2415.00
2243,4469,3,19,23,1,2502.00,2502.00
2243,4470,4,21,31,1,1066.00,1066.00
2244,4471,4,20,31,1,2291.00,2291.00
2244,4472,3,19,21,1,5386.00,5386.00
2245,4473,4,20,31,1,6439.00,6439.00
2245,4474,3,18,20,1,5791.00,5791.00
2245,4475,4,20,31,1,5671.00,5671.00
2246,4476,2,11,13,2,593.00,1186.00
2246,4477,1,8,9,1,3903.00,3903.00
2246,4478,4,21,30,1,6232.00,6232.00
2247,4479,2,15,16,2,3303.00,6606.00
2247,4480,2,16,16,2,6168.00,12336.00
2248,4481,2,17,16,2,3903.00,7806.00
2249,4482,1,6,8,1,4558.00,4558.00
2250,4483,2,16,16,2,1166.00,2332.00
2251,4484,2,13,17,2,5394.00,10788.00
2251,4485,1,5,5,1,2630.00,2630.00
2251,4486,1,9,1,1,1491.00,1491.00
2252,4487,6,25,36,1,1779.00,1779.00
2252,4488,6,24,36,1,2829.00,2829.00
2253,4489,2,15,15,2,4112.00,8224.00
2254,4490,4,21,33,1,2724.00,2724.00
2255,4491,2,14,15,2,5176.00,10352.00
2255,4492,4,20,34,1,3265.00,3265.00
2256,4493,2,14,18,2,2515.00,5030.00
2256,4494,4,20,32,1,6833.00,6833.00
2256,4495,6,25,36,1,5991.00,5991.00
2257,4496,1,10,4,1,1053.00,1053.00
2257,4497,6,25,36,1,581.00,581.00
2258,4498,1,10,2,1,4624.00,4624.00
2259,4499,3,18,27,1,5292.00,5292.00
2260,4500,2,14,13,2,2711.00,5422.00
2260,4501,1,10,10,1,3813.00,3813.00
2261,4502,6,25,36,1,6866.00,6866.00
2262,4503,4,21,35,1,3150.00,3150.00
2263,4504,1,10,5,1,5365.00,5365.00
2263,4505,2,11,18,2,1202.00,2404.00
2264,4506,2,13,13,2,2072.00,4144.00
2265,4507,2,11,14,2,2797.00,5594.00
2265,4508,4,22,34,1,2305.00,2305.00
2266,4509,1,6,4,1,6070.00,6070.00
2266,4510,3,18,29,1,2983.00,2983.00
2267,4511,2,12,17,2,3968.00,7936.00
2267,4512,6,25,36,1,1874.00,1874.00
2268,4513,3,18,26,1,4968.00,4968.00
2269,4514,1,2,7,1,831.00,831.00
2269,4515,1,2,8,1,2900.00,2900.00
2269,4516,6,25,36,1,951.00,951.00
2270,4517,1,3,3,1,2755.00,2755.00
2271,4518,4,20,34,1,1460.00,1460.00
2271,4519,6,25,36,1,800.00,800.00
2271,4520,2,15,16,2,1233.00,2466.00
2272,4521,4,20,34,1,4748.00,4748.00
2273,4522,2,16,12,2,6274.00,12548.00
2274,4523,4,21,33,1,5266.00,5266.00
2275,4524,2,15,18,2,3085.00,6170.00
2276,4525,6,25,36,1,6077.00,6077.00
2276,4526,6,24,36,1,5917.00,5917.00
2277,4527,6,25,36,1,3435.00,3435.00
2278,4528,2,11,14,2,3132.00,6264.00
2278,4529,1,5,9,1,6734.00,6734.00
2279,4530,3,19,22,1,4946.00,4946.00
2279,4531,2,12,15,2,2988.00,5976.00
2280,4532,3,19,29,1,2013.00,2013.00
2281,4533,6,25,36,1,3965.00,3965.00
2282,4534,3,18,28,1,6905.00,6905.00
2282,4535,1,2,3,1,3160.00,3160.00
2282,4536,3,18,19,1,5250.00,5250.00
2283,4537,3,18,26,1,5436.00,5436.00
2283,4538,1,6,7,1,6288.00,6288.00
2284,4539,3,18,21,1,3933.00,3933.00
2284,4540,2,11,12,2,3312.00,6624.00
2285,4541,2,13,17,2,4499.00,8998.00
2285,4542,6,24,36,1,4104.00,4104.00
2286,4543,2,17,12,2,5672.00,11344.00
2286,4544,2,12,14,2,6134.00,12268.00
2287,4545,3,19,26,1,5052.00,5052.00
2287,4546,3,18,27,1,6882.00,6882.00
2288,4547,6,24,36,1,2128.00,2128.00
2288,4548,6,25,36,1,5287.00,5287.00
2288,4549,2,16,13,2,3771.00,7542.00
2289,4550,2,13,14,2,6203.00,12406.00
2290,4551,1,1,6,1,6792.00,6792.00
2290,4552,2,16,17,2,3702.00,7404.00
2290,4553,1,5,11,1,2797.00,2797.00
2291,4554,1,9,9,1,3905.00,3905.00
2291,4555,4,22,33,1,6325.00,6325.00
2291,4556,4,21,35,1,5097.00,5097.00
2292,4557,6,25,36,1,1567.00,1567.00
2293,4558,6,25,36,1,5713.00,5713.00
2293,4559,1,10,8,1,1244.00,1244.00
2294,4560,3,19,23,1,5825.00,5825.00
2294,4561,2,12,13,2,6619.00,13238.00
2295,4562,3,19,26,1,5162.00,5162.00
2295,4563,6,25,36,1,5967.00,5967.00
2295,4564,2,13,13,2,3260.00,6520.00
2296,4565,4,20,33,1,4910.00,4910.00
2297,4566,6,24,36,1,2580.00,2580.00
2297,4567,1,8,1,1,5785.00,5785.00
2297,4568,3,19,24,1,862.00,862.00
2298,4569,6,25,36,1,3930.00,3930.00
2298,4570,2,14,12,2,518.00,1036.00
2299,4571,1,10,9,1,4327.00,4327.00
2299,4572,1,4,3,1,3193.00,3193.00
2299,4573,1,8,6,1,2566.00,2566.00
2300,4574,3,19,28,1,1200.00,1200.00
2300,4575,4,20,35,1,5771.00,5771.00
2301,4576,2,15,18,2,4933.00,9866.00
2302,4577,1,6,4,1,3506.00,3506.00
2302,4578,6,24,36,1,5251.00,5251.00
2302,4579,3,19,26,1,4258.00,4258.00
2303,4580,3,18,26,1,6002.00,6002.00
2304,4581,1,3,4,1,4512.00,4512.00
2304,4582,3,18,23,1,1921.00,1921.00
2304,4583,2,11,15,2,4364.00,8728.00
2305,4584,4,21,30,1,5373.00,5373.00
2306,4585,2,13,14,2,3646.00,7292.00
2306,4586,4,22,32,1,1615.00,1615.00
2306,4587,3,19,27,1,1705.00,1705.00
2307,4588,2,12,13,2,3393.00,6786.00
2308,4589,6,24,36,1,850.00,850.00
2309,4590,4,21,35,1,2426.00,2426.00
2309,4591,6,25,36,1,3681.00,3681.00
2310,4592,3,18,19,1,4790.00,4790.00
2311,4593,6,24,36,1,6752.00,6752.00
2311,4594,6,24,36,1,962.00,962.00
2311,4595,1,3,2,1,4883.00,4883.00
2312,4596,4,22,32,1,5687.00,5687.00
2312,4597,4,20,33,1,1625.00,1625.00
2312,4598,6,24,36,1,2181.00,2181.00
2313,4599,1,7,6,1,6119.00,6119.00
2313,4600,2,14,14,2,1828.00,3656.00
2313,4601,3,19,24,1,2887.00,2887.00
2314,4602,2,15,13,2,4086.00,8172.00
2314,4603,1,7,5,1,6880.00,6880.00
2314,4604,1,4,6,1,4301.00,4301.00
2315,4605,2,11,14,2,3676.00,7352.00
2315,4606,3,18,20,1,6134.00,6134.00
2316,4607,1,7,2,1,1019.00,1019.00
2316,4608,4,21,30,1,5719.00,5719.00
2317,4609,3,19,21,1,1291.00,1291.00
2317,4610,6,25,36,1,2762.00,2762.00
2318,4611,4,20,31,1,1067.00,1067.00
2318,4612,1,5,10,1,1450.00,1450.00
2319,4613,2,14,14,2,4642.00,9284.00
2319,4614,2,15,15,2,4725.00,9450.00
2319,4615,3,19,28,1,1727.00,1727.00
2320,4616,2,16,12,2,3136.00,6272.00
2320,4617,1,7,11,1,2615.00,2615.00
2321,4618,1,6,9,1,6683.00,6683.00
2321,4619,6,25,36,1,2075.00,2075.00
2321,4620,1,1,7,1,4059.00,4059.00
2322,4621,1,3,5,1,1676.00,1676.00
2323,4622,6,24,36,1,948.00,948.00
2323,4623,2,17,12,2,1579.00,3158.00
2323,4624,1,9,3,1,5375.00,5375.00
2324,4625,2,13,18,2,1604.00,3208.00
2324,4626,4,20,30,1,2159.00,2159.00
2324,4627,2,13,17,2,1308.00,2616.00
2325,4628,4,22,33,1,4013.00,4013.00
2325,4629,4,21,32,1,6157.00,6157.00
2326,4630,3,18,25,1,3517.00,3517.00
2326,4631,2,14,14,2,6370.00,12740.00
2327,4632,6,24,36,1,6915.00,6915.00
2327,4633,1,10,8,1,3661.00,3661.00
2328,4634,3,19,29,1,3102.00,3102.00
2329,4635,4,22,34,1,2924.00,2924.00
2330,4636,3,19,25,1,648.00,648.00
2330,4637,3,19,22,1,6496.00,6496.00
2331,4638,6,24,36,1,5411.00,5411.00
2331,4639,2,11,16,2,2926.00,5852.00
2332,4640,4,20,34,1,4243.00,4243.00
2332,4641,3,18,23,1,1352.00,1352.00
2332,4642,3,19,28,1,6033.00,6033.00
2333,4643,4,21,30,1,4416.00,4416.00
2333,4644,4,20,35,1,4570.00,4570.00
2334,4645,3,18,28,1,1750.00,1750.00
2335,4646,4,21,33,1,729.00,729.00
2336,4647,3,18,24,1,3020.00,3020.00
2336,4648,1,9,11,1,1257.00,1257.00
2336,4649,2,17,14,2,6046.00,12092.00
2337,4650,6,24,36,1,5131.00,5131.00
2337,4651,4,21,33,1,5749.00,5749.00
2337,4652,3,18,26,1,6496.00,6496.00
2338,4653,3,18,19,1,770.00,770.00
2339,4654,1,7,9,1,5720.00,5720.00
2339,4655,1,3,1,1,6904.00,6904.00
2340,4656,1,8,11,1,650.00,650.00
2341,4657,4,21,32,1,2053.00,2053.00
2342,4658,4,20,31,1,3065.00,3065.00
2342,4659,6,25,36,1,5244.00,5244.00
2343,4660,3,19,25,1,6241.00,6241.00
2343,4661,3,19,27,1,3125.00,3125.00
2344,4662,1,3,2,1,5213.00,5213.00
2345,4663,1,5,6,1,1299.00,1299.00
2346,4664,1,7,1,1,869.00,869.00
2346,4665,6,25,36,1,2718.00,2718.00
2346,4666,3,19,21,1,3334.00,3334.00
2347,4667,3,18,21,1,1518.00,1518.00
2348,4668,2,13,18,2,2066.00,4132.00
2348,4669,4,20,31,1,6596.00,6596.00
2349,4670,4,20,35,1,3089.00,3089.00
2350,4671,2,15,17,2,870.00,1740.00
2350,4672,4,21,33,1,5621.00,5621.00
2350,4673,6,24,36,1,6623.00,6623.00
2351,4674,1,6,10,1,1377.00,1377.00
2351,4675,6,24,36,1,6653.00,6653.00
2352,4676,3,19,25,1,576.00,576.00
2352,4677,3,19,26,1,6749.00,6749.00
2353,4678,3,18,21,1,2595.00,2595.00
2353,4679,2,11,18,2,6014.00,12028.00
2353,4680,4,21,33,1,3453.00,3453.00
2354,4681,6,24,36,1,2577.00,2577.00
2354,4682,6,25,36,1,5760.00,5760.00
2355,4683,2,11,12,2,634.00,1268.00
2355,4684,3,18,26,1,1865.00,1865.00
2356,4685,6,24,36,1,4795.00,4795.00
2356,4686,4,21,30,1,1000.00,1000.00
2357,4687,3,18,23,1,6839.00,6839.00
2358,4688,1,1,5,1,1618.00,1618.00
2359,4689,4,20,34,1,6812.00,6812.00
2359,4690,3,18,23,1,4990.00,4990.00
2359,4691,2,13,16,2,5002.00,10004.00
2360,4692,2,12,12,2,2843.00,5686.00
2361,4693,6,25,36,1,2181.00,2181.00
2362,4694,3,18,28,1,4632.00,4632.00
2362,4695,3,18,27,1,6379.00,6379.00
2363,4696,2,12,16,2,4783.00,9566.00
2363,4697,1,8,8,1,1800.00,1800.00
2363,4698,4,21,34,1,6817.00,6817.00
2364,4699,6,25,36,1,2091.00,2091.00
2364,4700,3,19,24,1,1017.00,1017.00
2364,4701,4,22,30,1,1261.00,1261.00
2365,4702,6,25,36,1,4988.00,4988.00
2365,4703,6,24,36,1,5780.00,5780.00
2366,4704,6,25,36,1,1307.00,1307.00
2366,4705,2,15,18,2,5772.00,11544.00
2367,4706,1,2,3,1,2982.00,2982.00
2367,4707,6,25,36,1,5207.00,5207.00
2367,4708,3,19,19,1,1350.00,1350.00
2368,4709,3,19,28,1,1066.00,1066.00
2368,4710,3,18,27,1,4727.00,4727.00
2369,4711,6,24,36,1,6422.00,6422.00
2369,4712,6,24,36,1,3506.00,3506.00
2369,4713,4,22,34,1,683.00,683.00
2370,4714,4,22,35,1,6399.00,6399.00
2370,4715,1,10,6,1,6900.00,6900.00
2371,4716,2,12,17,2,6931.00,13862.00
2371,4717,3,19,26,1,2758.00,2758.00
2372,4718,2,11,16,2,4467.00,8934.00
2373,4719,3,18,25,1,3093.00,3093.00
2373,4720,1,8,8,1,3232.00,3232.00
2373,4721,6,25,36,1,6892.00,6892.00
2374,4722,6,25,36,1,1711.00,1711.00
2374,4723,1,3,8,1,4772.00,4772.00
2374,4724,2,17,14,2,599.00,1198.00
2375,4725,2,12,17,2,684.00,1368.00
2375,4726,3,19,25,1,4688.00,4688.00
2376,4727,1,5,8,1,3560.00,3560.00
2376,4728,6,25,36,1,2196.00,2196.00
2376,4729,2,11,12,2,835.00,1670.00
2377,4730,3,19,28,1,5026.00,5026.00
2378,4731,3,18,20,1,1557.00,1557.00
2378,4732,2,13,16,2,1085.00,2170.00
2378,4733,3,18,24,1,3413.00,3413.00
2379,4734,1,9,6,1,1856.00,1856.00
2379,4735,3,18,25,1,3579.00,3579.00
2379,4736,3,18,29,1,6731.00,6731.00
2380,4737,1,7,7,1,2491.00,2491.00
2381,4738,3,18,29,1,2514.00,2514.00
2382,4739,3,18,20,1,1789.00,1789.00
2382,4740,4,21,33,1,2108.00,2108.00
2383,4741,2,17,14,2,1580.00,3160.00
2383,4742,6,24,36,1,3105.00,3105.00
2384,4743,3,19,23,1,3099.00,3099.00
2384,4744,1,8,11,1,2457.00,2457.00
2384,4745,1,3,6,1,5206.00,5206.00
2385,4746,2,15,16,2,1236.00,2472.00
2385,4747,6,24,36,1,2140.00,2140.00
2385,4748,6,24,36,1,2244.00,2244.00
2386,4749,2,17,14,2,3739.00,7478.00
2386,4750,2,13,13,2,2368.00,4736.00
2386,4751,3,19,22,1,1096.00,1096.00
2387,4752,4,20,30,1,501.00,501.00
2387,4753,6,24,36,1,2073.00,2073.00
2387,4754,6,25,36,1,4868.00,4868.00
2388,4755,1,8,1,1,6820.00,6820.00
2389,4756,4,20,31,1,1318.00,1318.00
2390,4757,1,2,10,1,1500.00,1500.00
2391,4758,3,18,20,1,4333.00,4333.00
2391,4759,4,22,32,1,1284.00,1284.00
2392,4760,3,19,19,1,3993.00,3993.00
2392,4761,6,25,36,1,3777.00,3777.00
2392,4762,2,16,12,2,6454.00,12908.00
2393,4763,2,17,16,2,4443.00,8886.00
2394,4764,4,22,33,1,1359.00,1359.00
2394,4765,6,24,36,1,2905.00,2905.00
2394,4766,1,5,8,1,3457.00,3457.00
2395,4767,6,25,36,1,582.00,582.00
2395,4768,3,18,21,1,1257.00,1257.00
2395,4769,2,16,12,2,2525.00,5050.00
2396,4770,4,20,30,1,4787.00,4787.00
2396,4771,2,13,16,2,3270.00,6540.00
2396,4772,4,21,33,1,6116.00,6116.00
2397,4773,1,1,2,1,6070.00,6070.00
2398,4774,2,14,12,2,6813.00,13626.00
2398,4775,1,4,10,1,5339.00,5339.00
2399,4776,3,19,25,1,709.00,709.00
2400,4777,2,11,14,2,2462.00,4924.00
2401,4778,4,22,32,1,4986.00,4986.00
2401,4779,4,20,31,1,4941.00,4941.00
2402,4780,1,9,5,1,4589.00,4589.00
2403,4781,2,14,13,2,2753.00,5506.00
2403,4782,6,25,36,1,3479.00,3479.00
2404,4783,4,20,33,1,5602.00,5602.00
2404,4784,6,25,36,1,911.00,911.00
2405,4785,3,18,20,1,6499.00,6499.00
2405,4786,4,21,31,1,4195.00,4195.00
2405,4787,2,13,17,2,2741.00,5482.00
2406,4788,6,24,36,1,3153.00,3153.00
2406,4789,2,15,12,2,6927.00,13854.00
2406,4790,6,24,36,1,2713.00,2713.00
2407,4791,4,22,32,1,661.00,661.00
2407,4792,1,5,10,1,2899.00,2899.00
2408,4793,1,5,5,1,5039.00,5039.00
2408,4794,4,20,34,1,3087.00,3087.00
2409,4795,3,18,24,1,5488.00,5488.00
2409,4796,3,18,19,1,835.00,835.00
2409,4797,3,19,26,1,5600.00,5600.00
2410,4798,4,20,32,1,4477.00,4477.00
2411,4799,6,25,36,1,4288.00,4288.00
2411,4800,3,18,29,1,5683.00,5683.00
2412,4801,3,18,21,1,3130.00,3130.00
2412,4802,6,24,36,1,4698.00,4698.00
2413,4803,2,13,17,2,3879.00,7758.00
2413,4804,6,25,36,1,3030.00,3030.00
2413,4805,1,2,10,1,6997.00,6997.00
2414,4806,2,16,13,2,5856.00,11712.00
2414,4807,6,25,36,1,3428.00,3428.00
2415,4808,2,16,12,2,858.00,1716.00
2416,4809,1,8,1,1,3095.00,3095.00
2416,4810,1,3,9,1,728.00,728.00
2416,4811,6,25,36,1,1844.00,1844.00
2417,4812,1,5,4,1,2319.00,2319.00
2417,4813,1,7,10,1,1884.00,1884.00
2418,4814,1,8,7,1,4595.00,4595.00
2418,4815,3,19,26,1,4843.00,4843.00
2418,4816,3,19,23,1,2552.00,2552.00
2419,4817,2,12,16,2,3781.00,7562.00
2419,4818,2,14,12,2,1539.00,3078.00
2419,4819,2,14,14,2,1266.00,2532.00
2420,4820,6,24,36,1,1926.00,1926.00
2420,4821,2,17,18,2,4329.00,8658.00
2420,4822,3,19,27,1,1405.00,1405.00
2421,4823,4,20,33,1,1946.00,1946.00
2421,4824,2,15,12,2,5889.00,11778.00
2421,4825,1,3,1,1,1912.00,1912.00
2422,4826,3,19,25,1,6237.00,6237.00
2422,4827,4,20,31,1,537.00,537.00
2423,4828,4,22,34,1,6751.00,6751.00
2423,4829,2,11,16,2,2334.00,4668.00
2423,4830,4,22,32,1,4389.00,4389.00
2424,4831,2,13,15,2,6898.00,13796.00
2425,4832,3,18,21,1,4941.00,4941.00
2425,4833,1,1,10,1,1092.00,1092.00
2425,4834,1,4,7,1,4678.00,4678.00
2426,4835,1,10,11,1,3158.00,3158.00
2427,4836,4,20,31,1,4355.00,4355.00
2428,4837,6,25,36,1,637.00,637.00
2429,4838,2,15,14,2,913.00,1826.00
2430,4839,3,18,26,1,4206.00,4206.00
2430,4840,1,4,10,1,2538.00,2538.00
2431,4841,4,22,35,1,1611.00,1611.00
2431,4842,2,16,16,2,3700.00,7400.00
2432,4843,3,19,24,1,4127.00,4127.00
2432,4844,3,18,25,1,4117.00,4117.00
2432,4845,4,20,34,1,3835.00,3835.00
2433,4846,1,5,5,1,2400.00,2400.00
2433,4847,3,18,24,1,4258.00,4258.00
2434,4848,6,24,36,1,642.00,642.00
2435,4849,1,3,5,1,5806.00,5806.00
2435,4850,6,25,36,1,4124.00,4124.00
2435,4851,1,3,6,1,2767.00,2767.00
2436,4852,1,2,7,1,6786.00,6786.00
2436,4853,3,18,20,1,5403.00,5403.00
2436,4854,6,24,36,1,5944.00,5944.00
2437,4855,2,15,16,2,5191.00,10382.00
2438,4856,4,20,35,1,1502.00,1502.00
2439,4857,2,11,14,2,5716.00,11432.00
2439,4858,3,19,25,1,2453.00,2453.00
2439,4859,3,19,22,1,5880.00,5880.00
2440,4860,2,17,12,2,5408.00,10816.00
2440,4861,6,25,36,1,546.00,546.00
2440,4862,1,9,2,1,6360.00,6360.00
2441,4863,3,19,27,1,2229.00,2229.00
2441,4864,3,19,26,1,6747.00,6747.00
2441,4865,1,7,8,1,4298.00,4298.00
2442,4866,1,10,6,1,2777.00,2777.00
2442,4867,4,22,32,1,3200.00,3200.00
2443,4868,2,17,12,2,3929.00,7858.00
2443,4869,6,24,36,1,895.00,895.00
2443,4870,2,11,18,2,1638.00,3276.00
2444,4871,4,22,35,1,4991.00,4991.00
2444,4872,2,13,15,2,2533.00,5066.00
2445,4873,1,1,9,1,2168.00,2168.00
2445,4874,4,21,33,1,6520.00,6520.00
2445,4875,2,16,15,2,5933.00,11866.00
2446,4876,4,20,33,1,6754.00,6754.00
2446,4877,6,25,36,1,1015.00,1015.00
2446,4878,2,15,14,2,3175.00,6350.00
2447,4879,4,21,33,1,6733.00,6733.00
2447,4880,1,1,10,1,674.00,674.00
2448,4881,3,18,24,1,6364.00,6364.00
2448,4882,6,24,36,1,6698.00,6698.00
2448,4883,6,24,36,1,6220.00,6220.00
2449,4884,1,10,10,1,6724.00,6724.00
2449,4885,1,10,1,1,1786.00,1786.00
2449,4886,1,3,4,1,4681.00,4681.00
2450,4887,2,13,18,2,6620.00,13240.00
2450,4888,6,24,36,1,5974.00,5974.00
2450,4889,6,25,36,1,5004.00,5004.00
2451,4890,4,20,32,1,2813.00,2813.00
2451,4891,2,13,15,2,4293.00,8586.00
2452,4892,1,9,5,1,5311.00,5311.00
2453,4893,6,25,36,1,5670.00,5670.00
2453,4894,4,21,30,1,5708.00,5708.00
2453,4895,3,19,27,1,3553.00,3553.00
2454,4896,6,24,36,1,3009.00,3009.00
2454,4897,2,15,15,2,5420.00,10840.00
2454,4898,6,25,36,1,5875.00,5875.00
2455,4899,6,25,36,1,1693.00,1693.00
2455,4900,2,11,16,2,6402.00,12804.00
2455,4901,3,18,29,1,6310.00,6310.00
2456,4902,2,12,16,2,2902.00,5804.00
2456,4903,4,21,35,1,3767.00,3767.00
2456,4904,3,18,19,1,6520.00,6520.00
2457,4905,2,12,18,2,1395.00,2790.00
2457,4906,1,1,7,1,2664.00,2664.00
2458,4907,3,18,29,1,1218.00,1218.00
2458,4908,4,22,35,1,6548.00,6548.00
2459,4909,3,19,27,1,4775.00,4775.00
2460,4910,6,24,36,1,2271.00,2271.00
2461,4911,1,4,10,1,1227.00,1227.00
2461,4912,1,7,7,1,4328.00,4328.00
2462,4913,2,11,12,2,5292.00,10584.00
2462,4914,3,18,24,1,6126.00,6126.00
2463,4915,2,15,14,2,6825.00,13650.00
2463,4916,2,12,17,2,3263.00,6526.00
2464,4917,1,4,5,1,2658.00,2658.00
2464,4918,1,10,11,1,5549.00,5549.00
2464,4919,3,19,24,1,5814.00,5814.00
2465,4920,6,25,36,1,1940.00,1940.00
2466,4921,2,17,17,2,3569.00,7138.00
2466,4922,2,11,17,2,4247.00,8494.00
2466,4923,6,24,36,1,3932.00,3932.00
2467,4924,3,18,29,1,2959.00,2959.00
2468,4925,4,21,35,1,4865.00,4865.00
2468,4926,4,21,33,1,825.00,825.00
2468,4927,2,15,18,2,3240.00,6480.00
2469,4928,1,6,1,1,1973.00,1973.00
2469,4929,4,22,35,1,1698.00,1698.00
2469,4930,2,15,14,2,1707.00,3414.00
2470,4931,4,21,33,1,5501.00,5501.00
2471,4932,1,1,6,1,5451.00,5451.00
2471,4933,4,20,33,1,4606.00,4606.00
2471,4934,3,19,27,1,4099.00,4099.00
2472,4935,2,17,18,2,6796.00,13592.00
2472,4936,3,18,20,1,3365.00,3365.00
2472,4937,6,25,36,1,5268.00,5268.00
2473,4938,6,25,36,1,3604.00,3604.00
2473,4939,3,18,27,1,3021.00,3021.00
2473,4940,6,25,36,1,6691.00,6691.00
2474,4941,4,22,34,1,3578.00,3578.00
2475,4942,6,24,36,1,3474.00,3474.00
2475,4943,6,25,36,1,6094.00,6094.00
2476,4944,1,10,6,1,3204.00,3204.00
2476,4945,3,18,26,1,2216.00,2216.00
2477,4946,6,25,36,1,2709.00,2709.00
2477,4947,4,21,32,1,3291.00,3291.00
2477,4948,1,2,2,1,2812.00,2812.00
2478,4949,6,25,36,1,775.00,775.00
2479,4950,1,8,5,1,1238.00,1238.00
2479,4951,3,19,19,1,5961.00,5961.00
2480,4952,6,24,36,1,5781.00,5781.00
2481,4953,4,21,35,1,2986.00,2986.00
2481,4954,4,20,31,1,6126.00,6126.00
2481,4955,1,2,10,1,6388.00,6388.00
2482,4956,4,21,30,1,1950.00,1950.00
2482,4957,2,13,12,2,611.00,1222.00
2482,4958,3,19,23,1,6242.00,6242.00
2483,4959,1,6,8,1,2730.00,2730.00
2483,4960,3,19,22,1,1009.00,1009.00
2483,4961,2,12,15,2,2081.00,4162.00
2484,4962,6,24,36,1,4178.00,4178.00
2484,4963,1,5,1,1,1832.00,1832.00
2484,4964,2,13,17,2,1283.00,2566.00
2485,4965,4,21,30,1,4974.00,4974.00
2485,4966,1,4,5,1,6823.00,6823.00
2486,4967,3,19,26,1,6989.00,6989.00
2486,4968,3,19,20,1,4580.00,4580.00
2486,4969,2,12,15,2,5191.00,10382.00
2487,4970,4,21,32,1,6527.00,6527.00
2487,4971,3,18,29,1,1586.00,1586.00
2487,4972,3,18,24,1,5569.00,5569.00
2488,4973,1,2,7,1,802.00,802.00
2489,4974,2,17,16,2,3615.00,7230.00
2489,4975,1,9,1,1,2649.00,2649.00
2490,4976,6,24,36,1,4644.00,4644.00
2490,4977,1,7,3,1,1127.00,1127.00
2490,4978,3,19,24,1,6100.00,6100.00
2491,4979,6,24,36,1,5064.00,5064.00
2491,4980,3,18,28,1,2011.00,2011.00
2492,4981,2,16,15,2,2441.00,4882.00
2492,4982,6,24,36,1,1160.00,1160.00
2492,4983,4,22,35,1,1227.00,1227.00
2493,4984,4,22,35,1,1446.00,1446.00
2493,4985,4,21,35,1,2967.00,2967.00
2493,4986,2,17,16,2,6236.00,12472.00
2494,4987,2,17,18,2,6506.00,13012.00
2495,4988,6,24,36,1,4030.00,4030.00
2496,4989,6,25,36,1,5965.00,5965.00
2496,4990,6,25,36,1,5688.00,5688.00
2496,4991,2,11,13,2,3024.00,6048.00
2497,4992,2,16,12,2,4835.00,9670.00
2497,4993,2,13,18,2,4591.00,9182.00
2497,4994,4,22,33,1,4805.00,4805.00
2498,4995,3,18,22,1,3128.00,3128.00
2499,4996,4,20,35,1,6706.00,6706.00
2499,4997,4,20,30,1,5266.00,5266.00
2499,4998,2,16,18,2,4096.00,8192.00
2500,4999,6,25,36,1,6129.00,6129.00
2500,5000,6,24,36,1,5830.00,5830.00
2501,5001,4,21,35,1,1920.00,1920.00
2501,5002,4,22,34,1,3823.00,3823.00
2502,5003,3,18,20,1,4750.00,4750.00
2502,5004,4,21,33,1,2698.00,2698.00
2502,5005,6,25,36,1,2443.00,2443.00
2503,5006,1,9,11,1,3637.00,3637.00
2503,5007,4,22,31,1,2218.00,2218.00
2503,5008,1,8,9,1,6038.00,6038.00
2504,5009,3,18,28,1,5580.00,5580.00
2505,5010,3,19,26,1,3025.00,3025.00
2505,5011,1,3,8,1,3685.00,3685.00
2505,5012,3,18,23,1,6141.00,6141.00
2506,5013,4,21,30,1,5554.00,5554.00
2507,5014,1,7,11,1,3368.00,3368.00
2508,5015,3,19,23,1,6886.00,6886.00
2508,5016,6,24,36,1,2130.00,2130.00
2508,5017,6,25,36,1,6491.00,6491.00
2509,5018,2,12,17,2,2095.00,4190.00
2509,5019,3,18,19,1,6552.00,6552.00
2510,5020,2,11,12,2,2511.00,5022.00
2510,5021,6,24,36,1,5159.00,5159.00
2510,5022,6,25,36,1,6188.00,6188.00
2511,5023,1,7,10,1,6445.00,6445.00
2511,5024,1,5,5,1,2166.00,2166.00
2511,5025,4,22,31,1,2699.00,2699.00
2512,5026,1,5,6,1,3161.00,3161.00
2513,5027,2,16,14,2,6200.00,12400.00
2513,5028,3,19,21,1,5874.00,5874.00
2514,5029,3,19,19,1,2688.00,2688.00
2515,5030,6,24,36,1,1900.00,1900.00
2516,5031,3,18,24,1,1149.00,1149.00
2516,5032,1,2,7,1,980.00,980.00
2516,5033,2,12,15,2,2972.00,5944.00
2517,5034,4,20,34,1,3089.00,3089.00
2517,5035,2,14,13,2,4152.00,8304.00
2517,5036,6,25,36,1,2175.00,2175.00
2518,5037,3,18,22,1,6801.00,6801.00
2518,5038,4,22,34,1,6522.00,6522.00
2519,5039,2,12,17,2,6989.00,13978.00
2520,5040,2,13,13,2,6438.00,12876.00
2520,5041,4,21,30,1,5409.00,5409.00
2520,5042,4,20,30,1,4881.00,4881.00
2521,5043,3,18,19,1,575.00,575.00
2521,5044,3,19,19,1,4322.00,4322.00
2522,5045,6,24,36,1,532.00,532.00
2522,5046,1,9,4,1,2728.00,2728.00
2522,5047,3,18,19,1,2595.00,2595.00
2523,5048,6,25,36,1,4272.00,4272.00
2523,5049,2,13,18,2,6939.00,13878.00
2523,5050,4,21,35,1,4400.00,4400.00
2524,5051,3,18,26,1,5163.00,5163.00
2525,5052,3,19,23,1,6717.00,6717.00
2525,5053,1,1,10,1,5358.00,5358.00
2526,5054,4,20,35,1,5298.00,5298.00
2527,5055,4,22,34,1,1782.00,1782.00
2527,5056,2,14,12,2,2830.00,5660.00
2527,5057,4,21,32,1,4992.00,4992.00
2528,5058,6,24,36,1,3488.00,3488.00
2528,5059,6,25,36,1,1600.00,1600.00
2529,5060,4,22,34,1,808.00,808.00
2529,5061,6,24,36,1,6817.00,6817.00
2530,5062,2,15,16,2,1476.00,2952.00
2531,5063,3,19,22,1,6772.00,6772.00
2531,5064,4,20,34,1,2781.00,2781.00
2532,5065,1,6,5,1,4317.00,4317.00
2532,5066,2,11,14,2,4107.00,8214.00
2533,5067,1,2,4,1,1924.00,1924.00
2534,5068,1,9,10,1,1716.00,1716.00
2534,5069,3,19,26,1,2094.00,2094.00
2535,5070,1,8,7,1,3256.00,3256.00
2535,5071,4,20,31,1,1820.00,1820.00
2535,5072,6,24,36,1,3938.00,3938.00
2536,5073,1,6,6,1,6870.00,6870.00
2536,5074,4,22,33,1,3627.00,3627.00
2537,5075,6,24,36,1,513.00,513.00
2538,5076,3,19,25,1,2697.00,2697.00
2538,5077,4,22,31,1,1961.00,1961.00
2539,5078,6,25,36,1,2910.00,2910.00
2540,5079,3,19,20,1,5014.00,5014.00
2540,5080,4,20,30,1,6332.00,6332.00
2541,5081,3,19,24,1,1117.00,1117.00
2541,5082,4,22,33,1,2427.00,2427.00
2541,5083,4,20,35,1,2240.00,2240.00
2542,5084,4,20,30,1,998.00,998.00
2543,5085,3,19,22,1,5666.00,5666.00
2543,5086,1,9,9,1,847.00,847.00
2543,5087,6,24,36,1,6064.00,6064.00
2544,5088,6,24,36,1,4584.00,4584.00
2545,5089,4,21,33,1,3319.00,3319.00
2545,5090,2,16,16,2,6233.00,12466.00
2545,5091,2,15,17,2,2939.00,5878.00
2546,5092,2,16,17,2,4074.00,8148.00
2547,5093,6,25,36,1,2114.00,2114.00
2547,5094,6,25,36,1,3656.00,3656.00
2548,5095,2,17,15,2,2543.00,5086.00
2549,5096,4,21,30,1,3722.00,3722.00
2549,5097,6,24,36,1,4067.00,4067.00
2550,5098,1,4,11,1,6708.00,6708.00
2551,5099,3,18,22,1,6163.00,6163.00
2551,5100,2,11,14,2,6206.00,12412.00
2552,5101,4,20,34,1,2823.00,2823.00
2552,5102,6,25,36,1,5371.00,5371.00
2552,5103,3,18,29,1,1866.00,1866.00
2553,5104,4,20,35,1,2914.00,2914.00
2553,5105,6,24,36,1,2031.00,2031.00
2553,5106,3,18,20,1,6126.00,6126.00
2554,5107,6,25,36,1,4760.00,4760.00
2554,5108,6,25,36,1,6685.00,6685.00
2555,5109,6,24,36,1,2862.00,2862.00
2556,5110,4,22,34,1,1519.00,1519.00
2557,5111,6,25,36,1,4012.00,4012.00
2557,5112,3,18,21,1,4513.00,4513.00
2557,5113,3,19,25,1,3056.00,3056.00
2558,5114,4,20,31,1,2206.00,2206.00
2559,5115,6,24,36,1,6504.00,6504.00
2559,5116,3,18,22,1,3349.00,3349.00
2560,5117,6,25,36,1,536.00,536.00
2561,5118,4,21,33,1,3761.00,3761.00
2561,5119,2,17,14,2,1548.00,3096.00
2561,5120,2,11,18,2,4558.00,9116.00
2562,5121,2,11,16,2,666.00,1332.00
2562,5122,2,14,14,2,4690.00,9380.00
2562,5123,6,24,36,1,4281.00,4281.00
2563,5124,6,25,36,1,1846.00,1846.00
2564,5125,2,13,16,2,3048.00,6096.00
2564,5126,4,22,31,1,3082.00,3082.00
2564,5127,3,18,25,1,6528.00,6528.00
2565,5128,6,24,36,1,6590.00,6590.00
2566,5129,3,18,21,1,6562.00,6562.00
2566,5130,6,25,36,1,4656.00,4656.00
2567,5131,2,11,17,2,3665.00,7330.00
2567,5132,4,22,34,1,3153.00,3153.00
2567,5133,3,19,21,1,6844.00,6844.00
2568,5134,3,19,27,1,922.00,922.00
2569,5135,6,25,36,1,2158.00,2158.00
2569,5136,6,25,36,1,4109.00,4109.00
2570,5137,2,13,15,2,3384.00,6768.00
2570,5138,3,19,27,1,1065.00,1065.00
2571,5139,2,16,18,2,3102.00,6204.00
2572,5140,1,9,8,1,5340.00,5340.00
2573,5141,1,2,1,1,4892.00,4892.00
2574,5142,3,19,23,1,6582.00,6582.00
2574,5143,1,9,4,1,1367.00,1367.00
2575,5144,3,19,20,1,5106.00,5106.00
2575,5145,6,24,36,1,3105.00,3105.00
2576,5146,3,18,28,1,2556.00,2556.00
2576,5147,1,9,11,1,6523.00,6523.00
2576,5148,3,18,25,1,2665.00,2665.00
2577,5149,1,1,11,1,3245.00,3245.00
2578,5150,3,19,26,1,2915.00,2915.00
2579,5151,1,3,2,1,1346.00,1346.00
2579,5152,3,19,22,1,1730.00,1730.00
2580,5153,2,12,13,2,4515.00,9030.00
2581,5154,3,18,23,1,1000.00,1000.00
2581,5155,3,19,22,1,1123.00,1123.00
2582,5156,2,16,16,2,5260.00,10520.00
2582,5157,1,6,6,1,3133.00,3133.00
2583,5158,2,14,17,2,6554.00,13108.00
2584,5159,3,19,29,1,5523.00,5523.00
2584,5160,4,22,33,1,3999.00,3999.00
2585,5161,4,21,33,1,6399.00,6399.00
2585,5162,1,2,9,1,826.00,826.00
2586,5163,2,17,14,2,3871.00,7742.00
2587,5164,3,19,21,1,6499.00,6499.00
2587,5165,3,19,29,1,1333.00,1333.00
2587,5166,4,21,31,1,1739.00,1739.00
2588,5167,1,1,6,1,3912.00,3912.00
2588,5168,6,25,36,1,5877.00,5877.00
2589,5169,6,25,36,1,1675.00,1675.00
2589,5170,6,25,36,1,3711.00,3711.00
2590,5171,4,21,31,1,5301.00,5301.00
2591,5172,1,6,2,1,4644.00,4644.00
2591,5173,4,21,34,1,1090.00,1090.00
2591,5174,3,18,19,1,630.00,630.00
2592,5175,1,8,10,1,2504.00,2504.00
2592,5176,3,19,26,1,4303.00,4303.00
2593,5177,1,8,1,1,1477.00,1477.00
2593,5178,3,18,28,1,6970.00,6970.00
2593,5179,4,21,32,1,2374.00,2374.00
2594,5180,6,25,36,1,3198.00,3198.00
2594,5181,3,19,23,1,5259.00,5259.00
2595,5182,1,2,3,1,3822.00,3822.00
2595,5183,2,16,14,2,1774.00,3548.00
2595,5184,3,19,21,1,6170.00,6170.00
2596,5185,3,19,22,1,4452.00,4452.00
2596,5186,4,20,32,1,5669.00,5669.00
2597,5187,3,19,24,1,4664.00,4664.00
2597,5188,2,17,16,2,4581.00,9162.00
2598,5189,3,19,20,1,6363.00,6363.00
2598,5190,1,9,4,1,4325.00,4325.00
2598,5191,1,9,10,1,568.00,568.00
2599,5192,6,24,36,1,2566.00,2566.00
2599,5193,4,21,30,1,1773.00,1773.00
2599,5194,2,16,17,2,2218.00,4436.00
2600,5195,1,2,10,1,3878.00,3878.00
2601,5196,1,9,3,1,3865.00,3865.00
2601,5197,6,24,36,1,4529.00,4529.00
2601,5198,6,24,36,1,6957.00,6957.00
2602,5199,1,10,2,1,5374.00,5374.00
2603,5200,4,21,35,1,840.00,840.00
2603,5201,4,21,30,1,4072.00,4072.00
2603,5202,2,11,13,2,5476.00,10952.00
2604,5203,6,25,36,1,6976.00,6976.00
2604,5204,2,11,16,2,6096.00,12192.00
2604,5205,6,24,36,1,5978.00,5978.00
2605,5206,4,22,34,1,4679.00,4679.00
2605,5207,4,20,35,1,4614.00,4614.00
2605,5208,1,4,5,1,948.00,948.00
2606,5209,2,11,17,2,3836.00,7672.00
2606,5210,4,21,31,1,3254.00,3254.00
2606,5211,1,9,1,1,706.00,706.00
2607,5212,1,8,3,1,5034.00,5034.00
2608,5213,1,8,9,1,4666.00,4666.00
2609,5214,4,22,31,1,6152.00,6152.00
2609,5215,3,19,29,1,6227.00,6227.00
2609,5216,2,12,17,2,1621.00,3242.00
2610,5217,2,13,18,2,3080.00,6160.00
2610,5218,6,25,36,1,6994.00,6994.00
2611,5219,2,11,15,2,1903.00,3806.00
2611,5220,3,18,23,1,4049.00,4049.00
2611,5221,2,17,14,2,2048.00,4096.00
2612,5222,2,15,14,2,2842.00,5684.00
2612,5223,6,24,36,1,3955.00,3955.00
2613,5224,2,14,17,2,1181.00,2362.00
2613,5225,4,21,34,1,1736.00,1736.00
2614,5226,1,8,9,1,6166.00,6166.00
2614,5227,4,22,32,1,1866.00,1866.00
2615,5228,1,9,1,1,5067.00,5067.00
2615,5229,1,6,8,1,6487.00,6487.00
2615,5230,3,19,28,1,2927.00,2927.00
2616,5231,1,1,11,1,6073.00,6073.00
2617,5232,1,10,8,1,3547.00,3547.00
2617,5233,3,19,26,1,6339.00,6339.00
2618,5234,3,19,20,1,2300.00,2300.00
2618,5235,3,18,20,1,1086.00,1086.00
2618,5236,6,25,36,1,5717.00,5717.00
2619,5237,3,18,27,1,1718.00,1718.00
2620,5238,3,18,27,1,6357.00,6357.00
2620,5239,6,25,36,1,4164.00,4164.00
2620,5240,2,16,14,2,5169.00,10338.00
2621,5241,3,19,25,1,1020.00,1020.00
2622,5242,1,8,9,1,906.00,906.00
2623,5243,4,22,31,1,1759.00,1759.00
2623,5244,4,22,31,1,2799.00,2799.00
2623,5245,2,11,18,2,6246.00,12492.00
2624,5246,6,25,36,1,5947.00,5947.00
2625,5247,4,21,30,1,2939.00,2939.00
2625,5248,1,3,8,1,5730.00,5730.00
2625,5249,6,25,36,1,5763.00,5763.00
2626,5250,1,6,8,1,2041.00,2041.00
2626,5251,6,24,36,1,3088.00,3088.00
2626,5252,3,19,25,1,2704.00,2704.00
2627,5253,3,19,19,1,3591.00,3591.00
2628,5254,2,11,13,2,1512.00,3024.00
2628,5255,6,25,36,1,2495.00,2495.00
2629,5256,6,24,36,1,3674.00,3674.00
2629,5257,2,16,12,2,6921.00,13842.00
2629,5258,1,6,4,1,1044.00,1044.00
2630,5259,1,9,3,1,1322.00,1322.00
2630,5260,4,21,35,1,2579.00,2579.00
2631,5261,6,24,36,1,3723.00,3723.00
2632,5262,1,1,9,1,5361.00,5361.00
2632,5263,4,20,35,1,5285.00,5285.00
2632,5264,6,25,36,1,5028.00,5028.00
2633,5265,1,6,9,1,5245.00,5245.00
2634,5266,2,14,13,2,2475.00,4950.00
2635,5267,1,1,2,1,4861.00,4861.00
2635,5268,3,18,27,1,1010.00,1010.00
2636,5269,4,22,33,1,4848.00,4848.00
2637,5270,6,25,36,1,1105.00,1105.00
2637,5271,4,22,32,1,5429.00,5429.00
2637,5272,2,12,18,2,6207.00,12414.00
2638,5273,6,25,36,1,6823.00,6823.00
2638,5274,1,8,8,1,920.00,920.00
2638,5275,6,25,36,1,6725.00,6725.00
2639,5276,3,18,23,1,525.00,525.00
2639,5277,6,24,36,1,2483.00,2483.00
2639,5278,4,20,32,1,4591.00,4591.00
2640,5279,4,21,35,1,5335.00,5335.00
2640,5280,4,20,31,1,4813.00,4813.00
2641,5281,4,22,30,1,2996.00,2996.00
2641,5282,4,21,35,1,3531.00,3531.00
2641,5283,2,12,18,2,3390.00,6780.00
2642,5284,4,21,31,1,2911.00,2911.00
2643,5285,4,21,34,1,2294.00,2294.00
2643,5286,6,25,36,1,5365.00,5365.00
2643,5287,2,15,16,2,1691.00,3382.00
2644,5288,2,11,13,2,5229.00,10458.00
2644,5289,3,19,19,1,1577.00,1577.00
2645,5290,6,25,36,1,6115.00,6115.00
2645,5291,2,12,12,2,6057.00,12114.00
2646,5292,1,4,9,1,4245.00,4245.00
2646,5293,3,19,28,1,5014.00,5014.00
2647,5294,6,25,36,1,3159.00,3159.00
2647,5295,4,20,31,1,6516.00,6516.00
2648,5296,4,21,32,1,4756.00,4756.00
2648,5297,6,25,36,1,5976.00,5976.00
2648,5298,2,17,17,2,4137.00,8274.00
2649,5299,3,19,20,1,6237.00,6237.00
2649,5300,2,12,18,2,2655.00,5310.00
2649,5301,1,2,10,1,4028.00,4028.00
2650,5302,1,2,9,1,4739.00,4739.00
2651,5303,2,15,17,2,6446.00,12892.00
2652,5304,3,18,29,1,6806.00,6806.00
2652,5305,2,17,15,2,6635.00,13270.00
2652,5306,6,25,36,1,1897.00,1897.00
2653,5307,1,3,2,1,5674.00,5674.00
2653,5308,2,14,13,2,2099.00,4198.00
2654,5309,3,19,27,1,1125.00,1125.00
2654,5310,6,24,36,1,6027.00,6027.00
2655,5311,1,9,8,1,1553.00,1553.00
2655,5312,4,22,35,1,3842.00,3842.00
2655,5313,1,5,11,1,3336.00,3336.00
2656,5314,3,18,29,1,802.00,802.00
2656,5315,2,14,14,2,6043.00,12086.00
2656,5316,1,1,4,1,6148.00,6148.00
2657,5317,2,11,16,2,5408.00,10816.00
2657,5318,1,4,3,1,1453.00,1453.00
2657,5319,4,20,35,1,1430.00,1430.00
2658,5320,4,20,34,1,6123.00,6123.00
2658,5321,3,19,21,1,4888.00,4888.00
2659,5322,1,10,1,1,3186.00,3186.00
2659,5323,4,21,35,1,5189.00,5189.00
2660,5324,3,19,20,1,3842.00,3842.00
2660,5325,6,24,36,1,1457.00,1457.00
2661,5326,2,14,16,2,1740.00,3480.00
2661,5327,1,5,11,1,2852.00,2852.00
2662,5328,3,18,23,1,5560.00,5560.00
2662,5329,2,12,12,2,5692.00,11384.00
2662,5330,4,21,31,1,5859.00,5859.00
2663,5331,2,14,18,2,1921.00,3842.00
2664,5332,2,13,18,2,2137.00,4274.00
2664,5333,2,16,17,2,6010.00,12020.00
2664,5334,1,10,9,1,5882.00,5882.00
2665,5335,2,13,15,2,4439.00,8878.00
2665,5336,4,21,33,1,6774.00,6774.00
2666,5337,3,19,29,1,996.00,996.00
2666,5338,3,19,29,1,4288.00,4288.00
2667,5339,4,20,32,1,4474.00,4474.00
2668,5340,4,20,33,1,2510.00,2510.00
2668,5341,6,25,36,1,5988.00,5988.00
2668,5342,6,25,36,1,6203.00,6203.00
2669,5343,2,12,14,2,3607.00,7214.00
2669,5344,2,14,17,2,6782.00,13564.00
2669,5345,3,19,20,1,554.00,554.00
2670,5346,3,18,29,1,4054.00,4054.00
2670,5347,4,20,31,1,2003.00,2003.00
2670,5348,3,18,24,1,2105.00,2105.00
2671,5349,2,12,16,2,1513.00,3026.00
2672,5350,4,20,34,1,2449.00,2449.00
2672,5351,6,24,36,1,3798.00,3798.00
2672,5352,1,1,1,1,3362.00,3362.00
2673,5353,6,25,36,1,3937.00,3937.00
2673,5354,4,20,35,1,3836.00,3836.00
2673,5355,6,24,36,1,5747.00,5747.00
2674,5356,3,19,29,1,1466.00,1466.00
2675,5357,3,19,27,1,2328.00,2328.00
2675,5358,4,20,33,1,1256.00,1256.00
2676,5359,1,9,11,1,2872.00,2872.00
2676,5360,1,3,11,1,5664.00,5664.00
2677,5361,2,14,12,2,4330.00,8660.00
2677,5362,4,21,31,1,4026.00,4026.00
2678,5363,3,18,25,1,740.00,740.00
2678,5364,2,13,18,2,6724.00,13448.00
2678,5365,2,12,13,2,4925.00,9850.00
2679,5366,6,25,36,1,1811.00,1811.00
2679,5367,4,20,30,1,957.00,957.00
2679,5368,3,19,24,1,6486.00,6486.00
2680,5369,1,1,9,1,2002.00,2002.00
2680,5370,3,19,25,1,4109.00,4109.00
2680,5371,3,19,19,1,4105.00,4105.00
2681,5372,1,10,1,1,5027.00,5027.00
2681,5373,4,22,34,1,3717.00,3717.00
2682,5374,1,5,5,1,6001.00,6001.00
2683,5375,1,7,7,1,949.00,949.00
2684,5376,4,20,34,1,2568.00,2568.00
2684,5377,6,25,36,1,6408.00,6408.00
2685,5378,6,24,36,1,1395.00,1395.00
2686,5379,3,18,28,1,4109.00,4109.00
2686,5380,1,9,4,1,5860.00,5860.00
2687,5381,3,18,29,1,2695.00,2695.00
2687,5382,2,17,18,2,2084.00,4168.00
2687,5383,2,17,13,2,4601.00,9202.00
2688,5384,1,2,1,1,1971.00,1971.00
2688,5385,1,7,10,1,3237.00,3237.00
2689,5386,2,15,12,2,6301.00,12602.00
2689,5387,4,22,31,1,6836.00,6836.00
2689,5388,4,22,34,1,2011.00,2011.00
2690,5389,6,25,36,1,1198.00,1198.00
2690,5390,1,6,1,1,1926.00,1926.00
2690,5391,2,16,17,2,5448.00,10896.00
2691,5392,3,18,26,1,3751.00,3751.00
2692,5393,3,18,25,1,1077.00,1077.00
2692,5394,4,22,30,1,4709.00,4709.00
2693,5395,2,15,14,2,5816.00,11632.00
2694,5396,4,20,30,1,6849.00,6849.00
2694,5397,1,5,4,1,3301.00,3301.00
2694,5398,2,12,14,2,1779.00,3558.00
2695,5399,1,5,5,1,5792.00,5792.00
2696,5400,1,5,8,1,2390.00,2390.00
2697,5401,2,16,17,2,2154.00,4308.00
2697,5402,6,24,36,1,1332.00,1332.00
2697,5403,2,11,18,2,4531.00,9062.00
2698,5404,2,16,12,2,3313.00,6626.00
2698,5405,6,25,36,1,1604.00,1604.00
2698,5406,2,15,17,2,5971.00,11942.00
2699,5407,2,11,17,2,6345.00,12690.00
2699,5408,3,19,25,1,6534.00,6534.00
2700,5409,4,20,35,1,2265.00,2265.00
2701,5410,2,11,15,2,6031.00,12062.00
2701,5411,1,5,4,1,3852.00,3852.00
2702,5412,2,15,15,2,3709.00,7418.00
2702,5413,3,18,29,1,6066.00,6066.00
2702,5414,6,24,36,1,3589.00,3589.00
2703,5415,4,20,33,1,6681.00,6681.00
2704,5416,6,25,36,1,1328.00,1328.00
2704,5417,6,25,36,1,1981.00,1981.00
2704,5418,4,21,31,1,4880.00,4880.00
2705,5419,1,3,1,1,6210.00,6210.00
2706,5420,3,19,19,1,6379.00,6379.00
2706,5421,4,20,35,1,4198.00,4198.00
2707,5422,4,20,32,1,1313.00,1313.00
2707,5423,4,22,32,1,5405.00,5405.00
2707,5424,1,8,9,1,3200.00,3200.00
2708,5425,4,21,30,1,3557.00,3557.00
2709,5426,3,18,25,1,2079.00,2079.00
2709,5427,3,18,21,1,6270.00,6270.00
2710,5428,2,11,14,2,1301.00,2602.00
2710,5429,1,7,4,1,1798.00,1798.00
2710,5430,3,19,23,1,6776.00,6776.00
2711,5431,3,19,23,1,990.00,990.00
2711,5432,1,5,4,1,2557.00,2557.00
2711,5433,6,25,36,1,1155.00,1155.00
2712,5434,6,25,36,1,3091.00,3091.00
2712,5435,6,25,36,1,6182.00,6182.00
2712,5436,1,1,2,1,4590.00,4590.00
2713,5437,1,8,10,1,3996.00,3996.00
2713,5438,6,25,36,1,3861.00,3861.00
2714,5439,4,22,33,1,3780.00,3780.00
2714,5440,1,3,1,1,634.00,634.00
2714,5441,3,19,21,1,3992.00,3992.00
2715,5442,3,18,24,1,2038.00,2038.00
2716,5443,6,25,36,1,5039.00,5039.00
2716,5444,2,12,17,2,4642.00,9284.00
2717,5445,4,20,35,1,2618.00,2618.00
2718,5446,6,24,36,1,3552.00,3552.00
2719,5447,6,24,36,1,4321.00,4321.00
2719,5448,3,18,23,1,1624.00,1624.00
2720,5449,2,14,12,2,3313.00,6626.00
2720,5450,2,11,15,2,4127.00,8254.00
2721,5451,1,2,6,1,2473.00,2473.00
2721,5452,1,6,10,1,5025.00,5025.00
2722,5453,3,18,22,1,6580.00,6580.00
2723,5454,3,19,21,1,3534.00,3534.00
2723,5455,3,19,24,1,636.00,636.00
2724,5456,3,18,25,1,3709.00,3709.00
2725,5457,6,24,36,1,531.00,531.00
2725,5458,3,18,27,1,4857.00,4857.00
2726,5459,6,25,36,1,2220.00,2220.00
2727,5460,6,24,36,1,1759.00,1759.00
2727,5461,4,20,32,1,744.00,744.00
2727,5462,4,22,30,1,4367.00,4367.00
2728,5463,4,20,34,1,5861.00,5861.00
2729,5464,3,18,21,1,4959.00,4959.00
2730,5465,1,2,5,1,3402.00,3402.00
2731,5466,2,16,15,2,6298.00,12596.00
2731,5467,6,25,36,1,2792.00,2792.00
2732,5468,3,19,19,1,2916.00,2916.00
2732,5469,2,11,17,2,3218.00,6436.00
2732,5470,4,20,31,1,6216.00,6216.00
2733,5471,1,3,6,1,4867.00,4867.00
2733,5472,6,25,36,1,1903.00,1903.00
2733,5473,1,8,1,1,881.00,881.00
2734,5474,1,7,8,1,871.00,871.00
2734,5475,1,2,5,1,6980.00,6980.00
2734,5476,1,4,2,1,4699.00,4699.00
2735,5477,2,11,15,2,1661.00,3322.00
2736,5478,3,18,24,1,1310.00,1310.00
2736,5479,3,18,27,1,1134.00,1134.00
2737,5480,2,13,13,2,1858.00,3716.00
2737,5481,6,25,36,1,3490.00,3490.00
2737,5482,6,24,36,1,854.00,854.00
2738,5483,4,22,30,1,1689.00,1689.00
2738,5484,4,21,32,1,5927.00,5927.00
2739,5485,6,24,36,1,5129.00,5129.00
2739,5486,3,19,25,1,2724.00,2724.00
2739,5487,6,24,36,1,3726.00,3726.00
2740,5488,6,25,36,1,2347.00,2347.00
2741,5489,4,22,33,1,5345.00,5345.00
2741,5490,6,24,36,1,2860.00,2860.00
2741,5491,4,20,32,1,6958.00,6958.00
2742,5492,4,22,33,1,3409.00,3409.00
2742,5493,4,20,31,1,1224.00,1224.00
2742,5494,3,18,28,1,1810.00,1810.00
2743,5495,3,19,21,1,3240.00,3240.00
2743,5496,3,18,26,1,3279.00,3279.00
2744,5497,1,7,9,1,5015.00,5015.00
2744,5498,1,5,2,1,6667.00,6667.00
2745,5499,4,22,31,1,4749.00,4749.00
2746,5500,6,24,36,1,5187.00,5187.00
2747,5501,2,14,16,2,3276.00,6552.00
2747,5502,4,21,34,1,2151.00,2151.00
2747,5503,6,25,36,1,6358.00,6358.00
2748,5504,3,18,28,1,6932.00,6932.00
2748,5505,3,19,22,1,2599.00,2599.00
2749,5506,1,9,3,1,3806.00,3806.00
2750,5507,4,21,33,1,4687.00,4687.00
2751,5508,3,18,24,1,4235.00,4235.00
2751,5509,1,9,1,1,3138.00,3138.00
2751,5510,1,5,8,1,1550.00,1550.00
2752,5511,6,24,36,1,3480.00,3480.00
2753,5512,4,21,31,1,957.00,957.00
2753,5513,1,1,5,1,1762.00,1762.00
2754,5514,2,14,14,2,711.00,1422.00
2754,5515,3,19,29,1,4946.00,4946.00
2755,5516,2,17,13,2,933.00,1866.00
2756,5517,1,1,5,1,1465.00,1465.00
2756,5518,6,25,36,1,1224.00,1224.00
2756,5519,3,18,25,1,4173.00,4173.00
2757,5520,4,21,34,1,1745.00,1745.00
2757,5521,2,11,14,2,3242.00,6484.00
2758,5522,3,18,27,1,3317.00,3317.00
2758,5523,4,22,34,1,4934.00,4934.00
2759,5524,1,10,4,1,5505.00,5505.00
2759,5525,2,13,18,2,5133.00,10266.00
2760,5526,1,3,4,1,4060.00,4060.00
2760,5527,6,25,36,1,5349.00,5349.00
2761,5528,6,25,36,1,3716.00,3716.00
2761,5529,4,20,30,1,5224.00,5224.00
2762,5530,1,2,1,1,4375.00,4375.00
2763,5531,1,2,7,1,4493.00,4493.00
2763,5532,6,25,36,1,1681.00,1681.00
2763,5533,1,9,10,1,6474.00,6474.00
2764,5534,2,15,12,2,4106.00,8212.00
2764,5535,2,15,13,2,6963.00,13926.00
2765,5536,6,25,36,1,3341.00,3341.00
2765,5537,4,21,35,1,6391.00,6391.00
2766,5538,1,3,2,1,1851.00,1851.00
2766,5539,3,19,25,1,3063.00,3063.00
2767,5540,4,21,31,1,4342.00,4342.00
2768,5541,6,24,36,1,6115.00,6115.00
2768,5542,1,7,6,1,4437.00,4437.00
2769,5543,2,14,16,2,3718.00,7436.00
2769,5544,4,20,34,1,1123.00,1123.00
2770,5545,2,17,13,2,1057.00,2114.00
2770,5546,4,21,30,1,6671.00,6671.00
2770,5547,1,4,3,1,2424.00,2424.00
2771,5548,1,10,5,1,6779.00,6779.00
2772,5549,2,14,17,2,4344.00,8688.00
2772,5550,6,25,36,1,4117.00,4117.00
2773,5551,1,8,3,1,4416.00,4416.00
2774,5552,4,20,35,1,6545.00,6545.00
2774,5553,4,22,32,1,4932.00,4932.00
2774,5554,6,24,36,1,2271.00,2271.00
2775,5555,4,21,35,1,3019.00,3019.00
2775,5556,2,13,15,2,4271.00,8542.00
2776,5557,4,21,30,1,4995.00,4995.00
2776,5558,6,25,36,1,4128.00,4128.00
2777,5559,3,19,21,1,3992.00,3992.00
2777,5560,1,7,4,1,1994.00,1994.00
2777,5561,2,17,17,2,1562.00,3124.00
2778,5562,3,19,21,1,2631.00,2631.00
2778,5563,1,7,6,1,4898.00,4898.00
2779,5564,3,18,29,1,1354.00,1354.00
2779,5565,3,18,23,1,3744.00,3744.00
2780,5566,1,5,11,1,6181.00,6181.00
2780,5567,4,22,35,1,6228.00,6228.00
2780,5568,6,25,36,1,6608.00,6608.00
2781,5569,6,25,36,1,3088.00,3088.00
2781,5570,4,21,30,1,5889.00,5889.00
2782,5571,1,9,4,1,3652.00,3652.00
2782,5572,3,19,19,1,5088.00,5088.00
2782,5573,3,18,28,1,3450.00,3450.00
2783,5574,2,11,16,2,6916.00,13832.00
2783,5575,1,10,5,1,5312.00,5312.00
2784,5576,4,21,34,1,1119.00,1119.00
2784,5577,6,25,36,1,5022.00,5022.00
2784,5578,4,21,30,1,6084.00,6084.00
2785,5579,6,24,36,1,3517.00,3517.00
2785,5580,3,18,25,1,2701.00,2701.00
2786,5581,2,16,14,2,6521.00,13042.00
2786,5582,3,19,21,1,1997.00,1997.00
2787,5583,3,19,27,1,944.00,944.00
2787,5584,1,6,2,1,4791.00,4791.00
2787,5585,1,8,8,1,6382.00,6382.00
2788,5586,4,22,33,1,5456.00,5456.00
2789,5587,4,21,35,1,6523.00,6523.00
2789,5588,3,19,26,1,3121.00,3121.00
2789,5589,6,24,36,1,6210.00,6210.00
2790,5590,2,12,15,2,3182.00,6364.00
2790,5591,1,1,6,1,5299.00,5299.00
2790,5592,2,17,16,2,5006.00,10012.00
2791,5593,6,24,36,1,5955.00,5955.00
2791,5594,2,15,13,2,6567.00,13134.00
2791,5595,6,24,36,1,6425.00,6425.00
2792,5596,3,18,29,1,3859.00,3859.00
2793,5597,3,18,24,1,1668.00,1668.00
2793,5598,3,19,26,1,5879.00,5879.00
2794,5599,6,25,36,1,4012.00,4012.00
2794,5600,6,25,36,1,5766.00,5766.00
2794,5601,3,19,25,1,2168.00,2168.00
2795,5602,2,16,12,2,1631.00,3262.00
2795,5603,1,5,8,1,6586.00,6586.00
2796,5604,2,15,17,2,2667.00,5334.00
2797,5605,3,19,24,1,6798.00,6798.00
2797,5606,3,19,19,1,5903.00,5903.00
2797,5607,1,9,3,1,4257.00,4257.00
2798,5608,4,21,32,1,3264.00,3264.00
2799,5609,3,18,27,1,1549.00,1549.00
2799,5610,3,18,27,1,2211.00,2211.00
2800,5611,3,18,20,1,1959.00,1959.00
2801,5612,6,25,36,1,6609.00,6609.00
2801,5613,1,1,3,1,3857.00,3857.00
2802,5614,1,9,1,1,4067.00,4067.00
2803,5615,2,13,15,2,2365.00,4730.00
2803,5616,6,25,36,1,1045.00,1045.00
2803,5617,4,21,31,1,6060.00,6060.00
2804,5618,1,9,4,1,5528.00,5528.00
2804,5619,1,2,6,1,6228.00,6228.00
2804,5620,2,11,17,2,2050.00,4100.00
2805,5621,6,24,36,1,1857.00,1857.00
2806,5622,2,16,18,2,1347.00,2694.00
2806,5623,4,21,30,1,4003.00,4003.00
2807,5624,3,19,23,1,5513.00,5513.00
2807,5625,1,8,3,1,3253.00,3253.00
2808,5626,1,6,5,1,6825.00,6825.00
2808,5627,4,22,31,1,1985.00,1985.00
2809,5628,1,5,3,1,2409.00,2409.00
2810,5629,2,15,17,2,3445.00,6890.00
2811,5630,6,25,36,1,5262.00,5262.00
2812,5631,6,24,36,1,5503.00,5503.00
2812,5632,6,25,36,1,3109.00,3109.00
2812,5633,4,22,33,1,6171.00,6171.00
2813,5634,6,24,36,1,5289.00,5289.00
2814,5635,1,4,3,1,1963.00,1963.00
2814,5636,6,25,36,1,2190.00,2190.00
2815,5637,2,13,12,2,4072.00,8144.00
2815,5638,3,19,25,1,6060.00,6060.00
2815,5639,2,13,14,2,2838.00,5676.00
2816,5640,4,20,30,1,6847.00,6847.00
2817,5641,2,17,15,2,3663.00,7326.00
2818,5642,1,2,11,1,4419.00,4419.00
2818,5643,6,25,36,1,846.00,846.00
2819,5644,1,4,1,1,4993.00,4993.00
2819,5645,2,12,13,2,5385.00,10770.00
2820,5646,1,3,4,1,1535.00,1535.00
2820,5647,4,22,30,1,4403.00,4403.00
2821,5648,4,20,30,1,1312.00,1312.00
2822,5649,6,24,36,1,1453.00,1453.00
2822,5650,2,13,16,2,1238.00,2476.00
2823,5651,1,10,4,1,3969.00,3969.00
2823,5652,2,11,18,2,4778.00,9556.00
2823,5653,6,25,36,1,1696.00,1696.00
2824,5654,3,19,28,1,6983.00,6983.00
2824,5655,2,14,12,2,1983.00,3966.00
2824,5656,4,22,35,1,2595.00,2595.00
2825,5657,1,2,7,1,2129.00,2129.00
2826,5658,1,1,8,1,4180.00,4180.00
2826,5659,3,19,26,1,1858.00,1858.00
2826,5660,6,25,36,1,977.00,977.00
2827,5661,2,15,15,2,1985.00,3970.00
2827,5662,3,19,25,1,4275.00,4275.00
2827,5663,1,9,1,1,4208.00,4208.00
2828,5664,1,10,2,1,754.00,754.00
2829,5665,2,16,18,2,5068.00,10136.00
2829,5666,3,19,22,1,1012.00,1012.00
2829,5667,1,10,11,1,6909.00,6909.00
2830,5668,3,19,23,1,1036.00,1036.00
2830,5669,2,13,17,2,1863.00,3726.00
2830,5670,2,12,15,2,3346.00,6692.00
2831,5671,2,11,18,2,4895.00,9790.00
2831,5672,3,18,27,1,5753.00,5753.00
2832,5673,1,2,10,1,5658.00,5658.00
2832,5674,3,19,23,1,3736.00,3736.00
2833,5675,1,5,5,1,3029.00,3029.00
2834,5676,2,13,17,2,3388.00,6776.00
2834,5677,1,3,5,1,6982.00,6982.00
2834,5678,2,16,16,2,5605.00,11210.00
2835,5679,6,24,36,1,3369.00,3369.00
2835,5680,4,20,33,1,2560.00,2560.00
2835,5681,2,17,16,2,5339.00,10678.00
2836,5682,1,2,8,1,2827.00,2827.00
2836,5683,2,15,18,2,5153.00,10306.00
2836,5684,6,25,36,1,5896.00,5896.00
2837,5685,6,25,36,1,3492.00,3492.00
2837,5686,4,21,30,1,5946.00,5946.00
2837,5687,4,20,30,1,3466.00,3466.00
2838,5688,4,21,31,1,3842.00,3842.00
2838,5689,3,19,23,1,6492.00,6492.00
2838,5690,1,6,6,1,5499.00,5499.00
2839,5691,4,21,34,1,647.00,647.00
2839,5692,2,13,17,2,4987.00,9974.00
2840,5693,6,25,36,1,2850.00,2850.00
2841,5694,3,18,25,1,2922.00,2922.00
2841,5695,2,16,18,2,3521.00,7042.00
2841,5696,3,19,24,1,3669.00,3669.00
2842,5697,1,2,10,1,6842.00,6842.00
2842,5698,3,18,29,1,2120.00,2120.00
2842,5699,6,24,36,1,611.00,611.00
2843,5700,4,20,33,1,6971.00,6971.00
2843,5701,2,14,18,2,3280.00,6560.00
2843,5702,4,20,32,1,2269.00,2269.00
2844,5703,6,24,36,1,4777.00,4777.00
2844,5704,4,21,31,1,5694.00,5694.00
2844,5705,6,25,36,1,2420.00,2420.00
2845,5706,4,21,35,1,6515.00,6515.00
2846,5707,2,12,17,2,601.00,1202.00
2846,5708,4,21,35,1,582.00,582.00
2846,5709,6,25,36,1,4162.00,4162.00
2847,5710,6,24,36,1,6980.00,6980.00
2847,5711,2,12,17,2,2588.00,5176.00
2848,5712,1,1,5,1,3278.00,3278.00
2848,5713,6,24,36,1,4911.00,4911.00
2848,5714,4,21,34,1,4454.00,4454.00
2849,5715,2,17,17,2,3729.00,7458.00
2849,5716,1,4,2,1,2803.00,2803.00
2849,5717,2,12,16,2,4599.00,9198.00
2850,5718,3,18,24,1,985.00,985.00
2850,5719,6,24,36,1,5617.00,5617.00
2851,5720,4,22,33,1,1535.00,1535.00
2852,5721,3,19,25,1,4666.00,4666.00
2852,5722,1,10,11,1,2923.00,2923.00
2852,5723,3,19,20,1,6306.00,6306.00
2853,5724,6,25,36,1,5187.00,5187.00
2853,5725,2,14,18,2,2234.00,4468.00
2854,5726,2,12,16,2,1006.00,2012.00
2855,5727,4,21,31,1,5939.00,5939.00
2856,5728,1,10,6,1,5235.00,5235.00
2857,5729,4,20,32,1,5051.00,5051.00
2857,5730,3,19,26,1,6062.00,6062.00
2857,5731,2,17,18,2,5214.00,10428.00
2858,5732,2,11,16,2,3943.00,7886.00
2858,5733,2,17,16,2,3978.00,7956.00
2858,5734,2,17,12,2,6329.00,12658.00
2859,5735,3,18,22,1,5795.00,5795.00
2859,5736,2,12,18,2,5267.00,10534.00
2859,5737,1,8,2,1,4421.00,4421.00
2860,5738,4,20,34,1,1891.00,1891.00
2860,5739,1,4,9,1,2873.00,2873.00
2860,5740,3,18,24,1,6448.00,6448.00
2861,5741,3,18,24,1,3479.00,3479.00
2861,5742,3,19,19,1,5658.00,5658.00
2861,5743,3,19,26,1,934.00,934.00
2862,5744,1,3,7,1,2663.00,2663.00
2863,5745,4,21,30,1,4246.00,4246.00
2864,5746,3,19,23,1,4692.00,4692.00
2864,5747,4,21,30,1,6830.00,6830.00
2865,5748,4,22,31,1,5148.00,5148.00
2865,5749,2,14,14,2,1225.00,2450.00
2865,5750,1,4,8,1,5794.00,5794.00
2866,5751,2,12,14,2,2041.00,4082.00
2866,5752,2,14,15,2,5241.00,10482.00
2866,5753,6,24,36,1,2468.00,2468.00
2867,5754,3,19,28,1,2141.00,2141.00
2868,5755,1,4,5,1,6012.00,6012.00
2868,5756,6,24,36,1,3052.00,3052.00
2868,5757,4,20,34,1,2040.00,2040.00
2869,5758,4,21,34,1,2119.00,2119.00
2869,5759,1,5,6,1,5860.00,5860.00
2870,5760,2,12,17,2,3411.00,6822.00
2871,5761,3,18,20,1,5940.00,5940.00
2871,5762,1,9,8,1,1188.00,1188.00
2872,5763,6,24,36,1,764.00,764.00
2873,5764,1,3,7,1,1175.00,1175.00
2874,5765,6,24,36,1,1692.00,1692.00
2874,5766,1,1,7,1,3838.00,3838.00
2874,5767,1,6,11,1,1644.00,1644.00
2875,5768,6,24,36,1,6330.00,6330.00
2875,5769,6,24,36,1,1442.00,1442.00
2875,5770,4,21,34,1,3326.00,3326.00
2876,5771,2,12,18,2,3510.00,7020.00
2876,5772,4,20,35,1,4972.00,4972.00
2877,5773,4,21,32,1,3830.00,3830.00
2877,5774,6,25,36,1,6086.00,6086.00
2877,5775,2,12,13,2,2637.00,5274.00
2878,5776,2,14,13,2,6115.00,12230.00
2878,5777,6,25,36,1,3497.00,3497.00
2879,5778,1,7,10,1,5967.00,5967.00
2879,5779,6,24,36,1,742.00,742.00
2879,5780,3,19,29,1,1019.00,1019.00
2880,5781,2,12,15,2,3868.00,7736.00
2881,5782,3,19,20,1,3653.00,3653.00
2881,5783,1,6,7,1,6867.00,6867.00
2881,5784,2,17,12,2,6011.00,12022.00
2882,5785,2,17,18,2,2618.00,5236.00
2883,5786,1,7,10,1,5019.00,5019.00
2883,5787,4,20,33,1,2102.00,2102.00
2884,5788,1,9,1,1,713.00,713.00
2884,5789,1,2,2,1,4911.00,4911.00
2884,5790,4,20,34,1,611.00,611.00
2885,5791,4,20,33,1,3124.00,3124.00
2886,5792,6,24,36,1,2106.00,2106.00
2887,5793,4,20,33,1,4771.00,4771.00
2887,5794,6,24,36,1,5108.00,5108.00
2887,5795,4,22,33,1,3941.00,3941.00
2888,5796,3,19,22,1,6424.00,6424.00
2889,5797,6,24,36,1,6901.00,6901.00
2889,5798,4,20,32,1,3642.00,3642.00
2889,5799,4,22,31,1,1487.00,1487.00
2890,5800,1,6,7,1,6509.00,6509.00
2891,5801,4,20,31,1,4932.00,4932.00
2891,5802,6,25,36,1,6284.00,6284.00
2891,5803,2,12,12,2,4280.00,8560.00
2892,5804,4,21,30,1,886.00,886.00
2893,5805,3,19,26,1,3935.00,3935.00
2894,5806,6,24,36,1,5593.00,5593.00
2894,5807,1,8,9,1,1592.00,1592.00
2894,5808,1,3,11,1,2343.00,2343.00
2895,5809,6,25,36,1,4599.00,4599.00
2895,5810,4,20,31,1,6848.00,6848.00
2895,5811,4,21,35,1,4568.00,4568.00
2896,5812,1,9,9,1,5936.00,5936.00
2897,5813,4,22,35,1,1933.00,1933.00
2897,5814,4,22,30,1,2214.00,2214.00
2897,5815,1,5,10,1,3055.00,3055.00
2898,5816,1,1,7,1,1225.00,1225.00
2898,5817,6,24,36,1,4355.00,4355.00
2899,5818,2,17,16,2,5121.00,10242.00
2899,5819,4,21,33,1,1404.00,1404.00
2899,5820,1,5,6,1,5147.00,5147.00
2900,5821,1,10,1,1,3003.00,3003.00
2900,5822,1,8,8,1,6879.00,6879.00
2901,5823,4,22,35,1,5111.00,5111.00
2901,5824,4,22,34,1,1995.00,1995.00
2902,5825,3,19,25,1,3569.00,3569.00
2903,5826,1,1,4,1,2559.00,2559.00
2903,5827,6,25,36,1,6300.00,6300.00
2903,5828,1,5,6,1,2650.00,2650.00
2904,5829,2,12,18,2,4371.00,8742.00
2904,5830,2,16,13,2,1806.00,3612.00
2905,5831,2,14,18,2,1422.00,2844.00
2906,5832,4,22,31,1,3845.00,3845.00
2906,5833,1,5,3,1,2418.00,2418.00
2907,5834,6,25,36,1,1318.00,1318.00
2907,5835,2,16,12,2,6609.00,13218.00
2907,5836,6,24,36,1,6686.00,6686.00
2908,5837,2,14,13,2,3192.00,6384.00
2908,5838,2,11,17,2,1963.00,3926.00
2908,5839,1,5,10,1,5482.00,5482.00
2909,5840,2,12,18,2,3851.00,7702.00
2909,5841,1,3,7,1,575.00,575.00
2910,5842,1,5,9,1,6464.00,6464.00
2910,5843,2,12,18,2,2782.00,5564.00
2910,5844,1,1,11,1,5892.00,5892.00
2911,5845,3,18,26,1,848.00,848.00
2912,5846,2,15,15,2,797.00,1594.00
2912,5847,4,20,32,1,4051.00,4051.00
2912,5848,1,7,5,1,3916.00,3916.00
2913,5849,2,12,12,2,6984.00,13968.00
2913,5850,4,20,31,1,2342.00,2342.00
2913,5851,3,18,27,1,4608.00,4608.00
2914,5852,2,17,13,2,6166.00,12332.00
2914,5853,3,19,28,1,6936.00,6936.00
2915,5854,2,15,17,2,2228.00,4456.00
2916,5855,1,3,3,1,2008.00,2008.00
2916,5856,1,9,1,1,2668.00,2668.00
2916,5857,4,21,35,1,3173.00,3173.00
2917,5858,3,19,20,1,1385.00,1385.00
2918,5859,1,9,10,1,1177.00,1177.00
2918,5860,2,17,13,2,614.00,1228.00
2918,5861,1,10,2,1,1386.00,1386.00
2919,5862,3,19,19,1,5828.00,5828.00
2920,5863,4,20,30,1,4686.00,4686.00
2920,5864,4,21,33,1,730.00,730.00
2920,5865,2,15,13,2,5069.00,10138.00
2921,5866,6,25,36,1,5457.00,5457.00
2921,5867,3,18,19,1,3457.00,3457.00
2921,5868,6,25,36,1,6390.00,6390.00
2922,5869,2,13,13,2,2371.00,4742.00
2922,5870,2,16,14,2,4475.00,8950.00
2922,5871,2,16,14,2,5697.00,11394.00
2923,5872,6,25,36,1,1927.00,1927.00
2923,5873,4,20,33,1,1477.00,1477.00
2924,5874,2,14,17,2,4688.00,9376.00
2924,5875,4,21,32,1,1452.00,1452.00
2924,5876,1,3,5,1,1369.00,1369.00
2925,5877,2,17,14,2,5138.00,10276.00
2926,5878,2,11,13,2,5715.00,11430.00
2927,5879,1,3,11,1,5877.00,5877.00
2927,5880,2,12,15,2,3749.00,7498.00
2928,5881,6,24,36,1,5694.00,5694.00
2929,5882,2,16,12,2,4210.00,8420.00
2929,5883,4,22,31,1,2502.00,2502.00
2930,5884,1,8,1,1,6569.00,6569.00
2931,5885,4,20,34,1,3534.00,3534.00
2932,5886,3,19,27,1,6948.00,6948.00
2932,5887,4,21,33,1,1421.00,1421.00
2932,5888,6,24,36,1,4769.00,4769.00
2933,5889,3,19,22,1,3597.00,3597.00
2933,5890,3,19,22,1,5843.00,5843.00
2934,5891,2,14,12,2,1056.00,2112.00
2935,5892,6,24,36,1,5427.00,5427.00
2935,5893,1,10,2,1,3480.00,3480.00
2935,5894,2,13,16,2,3870.00,7740.00
2936,5895,3,19,20,1,1014.00,1014.00
2937,5896,1,10,5,1,6506.00,6506.00
2937,5897,6,24,36,1,2764.00,2764.00
2938,5898,2,11,17,2,2395.00,4790.00
2939,5899,1,1,7,1,3234.00,3234.00
2939,5900,3,18,27,1,6900.00,6900.00
2939,5901,2,17,13,2,2458.00,4916.00
2940,5902,6,25,36,1,5880.00,5880.00
2940,5903,2,12,17,2,1785.00,3570.00
2941,5904,4,22,35,1,3351.00,3351.00
2941,5905,4,22,35,1,3954.00,3954.00
2941,5906,6,25,36,1,1134.00,1134.00
2942,5907,3,18,28,1,4945.00,4945.00
2943,5908,6,24,36,1,4463.00,4463.00
2943,5909,3,19,20,1,6305.00,6305.00
2943,5910,2,13,14,2,1147.00,2294.00
2944,5911,1,6,6,1,1966.00,1966.00
2944,5912,2,17,16,2,4952.00,9904.00
2944,5913,2,12,13,2,786.00,1572.00
2945,5914,1,5,3,1,2241.00,2241.00
2945,5915,1,10,1,1,815.00,815.00
2946,5916,3,19,24,1,545.00,545.00
2947,5917,2,14,13,2,3037.00,6074.00
2947,5918,6,25,36,1,3963.00,3963.00
2948,5919,3,18,22,1,2513.00,2513.00
2948,5920,4,21,30,1,6974.00,6974.00
2949,5921,4,20,32,1,1188.00,1188.00
2949,5922,6,24,36,1,6554.00,6554.00
2949,5923,6,24,36,1,2041.00,2041.00
2950,5924,3,18,21,1,6328.00,6328.00
2950,5925,1,3,9,1,2742.00,2742.00
2951,5926,6,25,36,1,4853.00,4853.00
2952,5927,6,24,36,1,2116.00,2116.00
2952,5928,3,18,24,1,4916.00,4916.00
2952,5929,3,18,23,1,6754.00,6754.00
2953,5930,4,21,34,1,5018.00,5018.00
2953,5931,1,6,4,1,4340.00,4340.00
2954,5932,1,3,11,1,4722.00,4722.00
2954,5933,1,5,9,1,4173.00,4173.00
2954,5934,3,18,29,1,6095.00,6095.00
2955,5935,4,21,31,1,2350.00,2350.00
2956,5936,2,12,17,2,5113.00,10226.00
2957,5937,1,7,4,1,6527.00,6527.00
2957,5938,1,2,1,1,3785.00,3785.00
2957,5939,1,9,5,1,4561.00,4561.00
2958,5940,3,19,19,1,5014.00,5014.00
2959,5941,1,8,5,1,5500.00,5500.00
2959,5942,6,24,36,1,781.00,781.00
2960,5943,6,24,36,1,1787.00,1787.00
2960,5944,2,16,18,2,6219.00,12438.00
2960,5945,3,19,24,1,5797.00,5797.00
2961,5946,1,4,10,1,6433.00,6433.00
2961,5947,6,24,36,1,5231.00,5231.00
2961,5948,6,24,36,1,4771.00,4771.00
2962,5949,3,19,26,1,2591.00,2591.00
2962,5950,4,22,33,1,1734.00,1734.00
2963,5951,4,20,30,1,5094.00,5094.00
2963,5952,6,24,36,1,4722.00,4722.00
2963,5953,2,12,17,2,5927.00,11854.00
2964,5954,6,25,36,1,1540.00,1540.00
2965,5955,3,19,20,1,6443.00,6443.00
2966,5956,3,19,19,1,3236.00,3236.00
2966,5957,1,3,2,1,4927.00,4927.00
2967,5958,1,3,3,1,6993.00,6993.00
2968,5959,3,19,29,1,1976.00,1976.00
2969,5960,6,24,36,1,5845.00,5845.00
2969,5961,2,13,15,2,3077.00,6154.00
2970,5962,1,5,5,1,4521.00,4521.00
2970,5963,4,21,33,1,5235.00,5235.00
2970,5964,4,21,32,1,5304.00,5304.00
2971,5965,4,20,35,1,6464.00,6464.00
2971,5966,3,19,26,1,1058.00,1058.00
2971,5967,1,2,6,1,3669.00,3669.00
2972,5968,6,25,36,1,889.00,889.00
2972,5969,6,25,36,1,5808.00,5808.00
2973,5970,6,24,36,1,4733.00,4733.00
2974,5971,6,24,36,1,1183.00,1183.00
2974,5972,6,25,36,1,1433.00,1433.00
2975,5973,6,24,36,1,6897.00,6897.00
2975,5974,4,22,32,1,5892.00,5892.00
2976,5975,6,25,36,1,2996.00,2996.00
2976,5976,2,14,15,2,6483.00,12966.00
2977,5977,3,18,22,1,2476.00,2476.00
2977,5978,4,22,33,1,3931.00,3931.00
2977,5979,4,21,30,1,6577.00,6577.00
2978,5980,2,12,13,2,5384.00,10768.00
2978,5981,1,1,9,1,1588.00,1588.00
2978,5982,4,20,34,1,1739.00,1739.00
2979,5983,3,19,24,1,5243.00,5243.00
2979,5984,2,15,14,2,4111.00,8222.00
2979,5985,2,17,13,2,3912.00,7824.00
2980,5986,4,20,31,1,2846.00,2846.00
2980,5987,3,18,25,1,4837.00,4837.00
2980,5988,2,16,15,2,6554.00,13108.00
2981,5989,4,20,35,1,3813.00,3813.00
2981,5990,2,15,13,2,6406.00,12812.00
2981,5991,3,19,25,1,3401.00,3401.00
2982,5992,6,24,36,1,2408.00,2408.00
2982,5993,4,22,31,1,2537.00,2537.00
2982,5994,4,20,32,1,4892.00,4892.00
2983,5995,3,19,20,1,961.00,961.00
2984,5996,1,8,9,1,1504.00,1504.00
2985,5997,2,12,12,2,1341.00,2682.00
2985,5998,2,13,18,2,4548.00,9096.00
2986,5999,1,6,10,1,3772.00,3772.00
2986,6000,2,14,16,2,4545.00,9090.00
2986,6001,1,3,9,1,1680.00,1680.00
2987,6002,2,13,14,2,3182.00,6364.00
2988,6003,6,24,36,1,1081.00,1081.00
2988,6004,3,19,26,1,1454.00,1454.00
2988,6005,3,18,24,1,2825.00,2825.00
2989,6006,6,25,36,1,2721.00,2721.00
2990,6007,4,20,35,1,3354.00,3354.00
2991,6008,2,16,18,2,6750.00,13500.00
2992,6009,1,9,8,1,1445.00,1445.00
2993,6010,3,18,26,1,4727.00,4727.00
2993,6011,4,22,34,1,6711.00,6711.00
2993,6012,2,12,13,2,4866.00,9732.00
2994,6013,1,2,9,1,6218.00,6218.00
2994,6014,3,18,24,1,5754.00,5754.00
2994,6015,3,19,23,1,6743.00,6743.00
2995,6016,6,24,36,1,3618.00,3618.00
2995,6017,2,17,17,2,3986.00,7972.00
2995,6018,6,25,36,1,5912.00,5912.00
2996,6019,2,13,12,2,856.00,1712.00
2996,6020,1,1,1,1,2132.00,2132.00
2996,6021,3,19,27,1,5529.00,5529.00
2997,6022,2,14,16,2,3001.00,6002.00
2997,6023,6,24,36,1,544.00,544.00
2998,6024,6,25,36,1,4334.00,4334.00
2998,6025,6,25,36,1,6386.00,6386.00
2999,6026,4,20,33,1,501.00,501.00
3000,6027,4,21,35,1,3825.00,3825.00
3000,6028,6,25,36,1,5195.00,5195.00
3000,6029,4,20,35,1,5464.00,5464.00
3001,6030,2,15,12,2,6219.00,12438.00
3001,6031,6,24,36,1,5770.00,5770.00
3002,6032,4,21,31,1,782.00,782.00
3003,6033,6,24,36,1,662.00,662.00
3003,6034,4,22,32,1,5781.00,5781.00
3004,6035,6,24,36,1,1467.00,1467.00
3004,6036,2,13,16,2,6085.00,12170.00
3004,6037,1,10,3,1,4126.00,4126.00
3005,6038,3,18,27,1,1436.00,1436.00
3005,6039,4,22,35,1,1078.00,1078.00
3005,6040,3,19,23,1,4136.00,4136.00
3006,6041,6,24,36,1,4096.00,4096.00
3007,6042,2,15,17,2,1128.00,2256.00
3007,6043,6,25,36,1,2856.00,2856.00
3008,6044,1,9,11,1,3885.00,3885.00
3009,6045,4,22,33,1,4778.00,4778.00
3010,6046,2,11,16,2,994.00,1988.00
3010,6047,2,12,12,2,5415.00,10830.00
3010,6048,4,22,33,1,5541.00,5541.00
3011,6049,6,24,36,1,3318.00,3318.00
3011,6050,2,17,16,2,1432.00,2864.00
3012,6051,2,17,12,2,3180.00,6360.00
3012,6052,3,18,26,1,6969.00,6969.00
3012,6053,3,18,25,1,1127.00,1127.00
3013,6054,4,20,35,1,5514.00,5514.00
3013,6055,3,18,25,1,3006.00,3006.00
3013,6056,4,20,35,1,6824.00,6824.00
3014,6057,4,22,34,1,5696.00,5696.00
3014,6058,6,24,36,1,5595.00,5595.00
3015,6059,6,24,36,1,1213.00,1213.00
3015,6060,6,24,36,1,5263.00,5263.00
3015,6061,6,25,36,1,5669.00,5669.00
3016,6062,2,14,14,2,6435.00,12870.00
3016,6063,6,24,36,1,5914.00,5914.00
3016,6064,2,12,16,2,2802.00,5604.00
3017,6065,6,24,36,1,4865.00,4865.00
3018,6066,6,25,36,1,4725.00,4725.00
3019,6067,1,2,5,1,5894.00,5894.00
3019,6068,3,19,27,1,5989.00,5989.00
3020,6069,3,18,24,1,1517.00,1517.00
3021,6070,3,19,28,1,5828.00,5828.00
3021,6071,6,25,36,1,2480.00,2480.00
3021,6072,3,18,25,1,4210.00,4210.00
3022,6073,6,24,36,1,1250.00,1250.00
3022,6074,6,24,36,1,4536.00,4536.00
3023,6075,6,24,36,1,6166.00,6166.00
3023,6076,4,20,35,1,851.00,851.00
3024,6077,1,8,1,1,5540.00,5540.00
3024,6078,3,19,27,1,1149.00,1149.00
3024,6079,1,4,10,1,1443.00,1443.00
3025,6080,6,24,36,1,4177.00,4177.00
3025,6081,2,13,16,2,1116.00,2232.00
3025,6082,3,18,27,1,2859.00,2859.00
3026,6083,2,15,17,2,4071.00,8142.00
3026,6084,3,18,24,1,6560.00,6560.00
3027,6085,2,16,14,2,4101.00,8202.00
3028,6086,1,7,10,1,2176.00,2176.00
3028,6087,3,19,28,1,5274.00,5274.00
3028,6088,1,1,8,1,2929.00,2929.00
3029,6089,3,18,21,1,2721.00,2721.00
3030,6090,1,6,4,1,5619.00,5619.00
3030,6091,1,7,1,1,4943.00,4943.00
3030,6092,4,21,33,1,1114.00,1114.00
3031,6093,3,19,29,1,668.00,668.00
3031,6094,6,25,36,1,3554.00,3554.00
3031,6095,3,18,28,1,6637.00,6637.00
3032,6096,2,11,13,2,1947.00,3894.00
3033,6097,2,13,14,2,2581.00,5162.00
3033,6098,3,18,23,1,890.00,890.00
3033,6099,4,20,31,1,5226.00,5226.00
3034,6100,4,20,31,1,3657.00,3657.00
3034,6101,6,24,36,1,6137.00,6137.00
3034,6102,1,4,3,1,4346.00,4346.00
3035,6103,6,25,36,1,4819.00,4819.00
3036,6104,2,15,16,2,2563.00,5126.00
3036,6105,2,16,18,2,4495.00,8990.00
3037,6106,4,21,34,1,2796.00,2796.00
3037,6107,1,10,11,1,1646.00,1646.00
3038,6108,6,25,36,1,3013.00,3013.00
3039,6109,3,19,26,1,604.00,604.00
3040,6110,2,17,12,2,5259.00,10518.00
3040,6111,4,21,34,1,1521.00,1521.00
3040,6112,1,7,3,1,6466.00,6466.00
3041,6113,4,22,31,1,1157.00,1157.00
3041,6114,2,12,14,2,2196.00,4392.00
3042,6115,2,13,18,2,2425.00,4850.00
3043,6116,6,24,36,1,1012.00,1012.00
3044,6117,3,19,26,1,5876.00,5876.00
3045,6118,4,21,35,1,621.00,621.00
3045,6119,4,22,30,1,3926.00,3926.00
3046,6120,4,22,32,1,1780.00,1780.00
3046,6121,1,10,4,1,5272.00,5272.00
3046,6122,6,25,36,1,1040.00,1040.00
3047,6123,2,13,12,2,6788.00,13576.00
3047,6124,1,10,7,1,2348.00,2348.00
3047,6125,3,18,21,1,821.00,821.00
3048,6126,4,22,34,1,4164.00,4164.00
3048,6127,6,25,36,1,1959.00,1959.00
3049,6128,3,19,24,1,5433.00,5433.00
3049,6129,3,18,22,1,3610.00,3610.00
3049,6130,3,18,27,1,2855.00,2855.00
3050,6131,2,14,15,2,4253.00,8506.00
3050,6132,2,17,12,2,671.00,1342.00
3051,6133,3,18,24,1,5846.00,5846.00
3051,6134,2,12,18,2,5582.00,11164.00
3051,6135,2,15,14,2,6079.00,12158.00
3052,6136,2,12,12,2,6999.00,13998.00
3052,6137,4,21,30,1,3242.00,3242.00
3053,6138,4,21,33,1,4351.00,4351.00
3053,6139,1,1,5,1,4046.00,4046.00
3054,6140,6,25,36,1,1408.00,1408.00
3055,6141,1,8,4,1,1207.00,1207.00
3055,6142,1,5,7,1,4075.00,4075.00
3056,6143,6,24,36,1,2466.00,2466.00
3057,6144,3,18,19,1,3880.00,3880.00
3057,6145,3,19,19,1,2786.00,2786.00
3058,6146,1,7,9,1,6560.00,6560.00
3058,6147,4,22,35,1,2812.00,2812.00
3058,6148,3,18,22,1,3855.00,3855.00
3059,6149,3,18,24,1,1737.00,1737.00
3059,6150,1,9,11,1,547.00,547.00
3059,6151,6,25,36,1,1654.00,1654.00
3060,6152,2,17,16,2,6880.00,13760.00
3061,6153,3,19,23,1,5327.00,5327.00
3061,6154,6,25,36,1,4001.00,4001.00
3062,6155,2,15,13,2,5310.00,10620.00
3063,6156,4,21,35,1,6216.00,6216.00
3064,6157,3,18,23,1,2875.00,2875.00
3064,6158,3,19,21,1,5642.00,5642.00
3064,6159,2,17,12,2,1621.00,3242.00
3065,6160,2,13,15,2,6906.00,13812.00
3065,6161,1,9,3,1,3968.00,3968.00
3066,6162,6,24,36,1,3576.00,3576.00
3067,6163,2,12,12,2,1702.00,3404.00
3068,6164,2,16,15,2,3920.00,7840.00
3068,6165,3,18,28,1,3510.00,3510.00
3069,6166,1,8,7,1,3990.00,3990.00
3070,6167,2,12,12,2,5694.00,11388.00
3070,6168,6,24,36,1,4038.00,4038.00
3070,6169,4,22,32,1,2243.00,2243.00
3071,6170,3,18,27,1,5622.00,5622.00
3072,6171,2,11,16,2,4554.00,9108.00
3072,6172,1,10,2,1,4448.00,4448.00
3072,6173,2,12,15,2,632.00,1264.00
3073,6174,3,19,29,1,980.00,980.00
3073,6175,4,20,35,1,4156.00,4156.00
3074,6176,4,20,34,1,6954.00,6954.00
3074,6177,4,20,33,1,6908.00,6908.00
3075,6178,3,19,25,1,6664.00,6664.00
3076,6179,1,3,11,1,4315.00,4315.00
3076,6180,1,5,11,1,4384.00,4384.00
3076,6181,2,17,13,2,3348.00,6696.00
3077,6182,3,19,26,1,5725.00,5725.00
3077,6183,4,21,34,1,1260.00,1260.00
3078,6184,4,22,31,1,6228.00,6228.00
3079,6185,1,7,3,1,5423.00,5423.00
3080,6186,6,24,36,1,2977.00,2977.00
3081,6187,3,18,23,1,5750.00,5750.00
3081,6188,3,19,26,1,1498.00,1498.00
3081,6189,4,21,32,1,896.00,896.00
3082,6190,4,22,32,1,3090.00,3090.00
3082,6191,4,21,30,1,2074.00,2074.00
3083,6192,2,15,15,2,4912.00,9824.00
3084,6193,6,25,36,1,3625.00,3625.00
3084,6194,6,25,36,1,1740.00,1740.00
3084,6195,1,7,10,1,2204.00,2204.00
3085,6196,1,4,4,1,2343.00,2343.00
3085,6197,6,25,36,1,3222.00,3222.00
3086,6198,3,18,28,1,1850.00,1850.00
3086,6199,1,5,9,1,1163.00,1163.00
3087,6200,4,22,31,1,2077.00,2077.00
3087,6201,1,4,7,1,4002.00,4002.00
3087,6202,4,20,30,1,2520.00,2520.00
3088,6203,1,2,9,1,596.00,596.00
3088,6204,2,13,16,2,2329.00,4658.00
3089,6205,2,16,18,2,2041.00,4082.00
3090,6206,6,25,36,1,4613.00,4613.00
3091,6207,1,6,7,1,2056.00,2056.00
3092,6208,6,24,36,1,3944.00,3944.00
3092,6209,6,24,36,1,3847.00,3847.00
3093,6210,4,22,30,1,2340.00,2340.00
3093,6211,1,1,4,1,6501.00,6501.00
3094,6212,6,25,36,1,5896.00,5896.00
3095,6213,3,18,29,1,2448.00,2448.00
3095,6214,6,25,36,1,5435.00,5435.00
3095,6215,6,24,36,1,4334.00,4334.00
3096,6216,3,19,20,1,841.00,841.00
3096,6217,2,12,17,2,1408.00,2816.00
3097,6218,3,18,26,1,941.00,941.00
3098,6219,3,19,25,1,3048.00,3048.00
3098,6220,4,20,33,1,1323.00,1323.00
3098,6221,4,22,34,1,2037.00,2037.00
3099,6222,6,24,36,1,5948.00,5948.00
3099,6223,3,19,27,1,2828.00,2828.00
3099,6224,4,20,30,1,840.00,840.00
3100,6225,1,10,6,1,4152.00,4152.00
3100,6226,1,7,7,1,2538.00,2538.00
3100,6227,3,18,27,1,4215.00,4215.00
3101,6228,3,18,29,1,5462.00,5462.00
3102,6229,2,13,14,2,1433.00,2866.00
3103,6230,2,14,15,2,5940.00,11880.00
3103,6231,6,24,36,1,3796.00,3796.00
3103,6232,4,20,34,1,3803.00,3803.00
3104,6233,6,25,36,1,1396.00,1396.00
3105,6234,3,18,19,1,5482.00,5482.00
3105,6235,1,5,1,1,1271.00,1271.00
3105,6236,4,22,35,1,6727.00,6727.00
3106,6237,4,21,30,1,5640.00,5640.00
3106,6238,1,9,11,1,6378.00,6378.00
3106,6239,3,19,28,1,5229.00,5229.00
3107,6240,3,18,21,1,5486.00,5486.00
3107,6241,6,25,36,1,6988.00,6988.00
3107,6242,2,17,13,2,1445.00,2890.00
3108,6243,4,20,33,1,779.00,779.00
3109,6244,2,13,12,2,5991.00,11982.00
3109,6245,1,5,4,1,3903.00,3903.00
3109,6246,3,18,29,1,3003.00,3003.00
3110,6247,4,21,33,1,1954.00,1954.00
3111,6248,3,18,24,1,3988.00,3988.00
3111,6249,2,16,17,2,2814.00,5628.00
3111,6250,3,19,23,1,1462.00,1462.00
3112,6251,1,5,3,1,6842.00,6842.00
3112,6252,3,19,29,1,1482.00,1482.00
3113,6253,6,25,36,1,3321.00,3321.00
3113,6254,3,18,20,1,4435.00,4435.00
3114,6255,2,17,15,2,5417.00,10834.00
3114,6256,2,13,15,2,4247.00,8494.00
3114,6257,6,25,36,1,5098.00,5098.00
3115,6258,3,18,21,1,1855.00,1855.00
3116,6259,3,18,27,1,6278.00,6278.00
3116,6260,1,1,7,1,4510.00,4510.00
3117,6261,4,20,30,1,4827.00,4827.00
3117,6262,4,21,35,1,753.00,753.00
3118,6263,3,19,21,1,4720.00,4720.00
3118,6264,4,21,30,1,4591.00,4591.00
3119,6265,3,18,24,1,3706.00,3706.00
3119,6266,2,17,16,2,6369.00,12738.00
3119,6267,1,5,6,1,6315.00,6315.00
3120,6268,4,20,30,1,1501.00,1501.00
3121,6269,4,22,32,1,4505.00,4505.00
3121,6270,6,25,36,1,4879.00,4879.00
3121,6271,6,24,36,1,1876.00,1876.00
3122,6272,6,24,36,1,2916.00,2916.00
3122,6273,2,12,14,2,2196.00,4392.00
3123,6274,3,19,23,1,5310.00,5310.00
3123,6275,6,25,36,1,2871.00,2871.00
3123,6276,3,18,25,1,1129.00,1129.00
3124,6277,1,5,11,1,5001.00,5001.00
3125,6278,6,25,36,1,6664.00,6664.00
3125,6279,3,18,20,1,6311.00,6311.00
3125,6280,2,14,14,2,3319.00,6638.00
3126,6281,4,21,32,1,3999.00,3999.00
3126,6282,1,1,11,1,6478.00,6478.00
3126,6283,2,16,13,2,2787.00,5574.00
3127,6284,3,18,25,1,1249.00,1249.00
3127,6285,1,6,1,1,2596.00,2596.00
3127,6286,2,13,14,2,5242.00,10484.00
3128,6287,3,19,19,1,5905.00,5905.00
3129,6288,4,22,35,1,1681.00,1681.00
3129,6289,2,11,13,2,1698.00,3396.00
3129,6290,2,12,15,2,3403.00,6806.00
3130,6291,1,6,5,1,3905.00,3905.00
3130,6292,3,18,19,1,6597.00,6597.00
3130,6293,2,11,17,2,3009.00,6018.00
3131,6294,2,11,14,2,778.00,1556.00
3131,6295,4,21,34,1,1875.00,1875.00
3132,6296,6,24,36,1,2535.00,2535.00
3132,6297,3,18,25,1,505.00,505.00
3133,6298,1,9,3,1,6526.00,6526.00
3133,6299,1,10,8,1,5715.00,5715.00
3134,6300,4,22,34,1,2649.00,2649.00
3134,6301,3,18,26,1,3412.00,3412.00
3134,6302,6,24,36,1,6069.00,6069.00
3135,6303,3,19,23,1,726.00,726.00
3136,6304,3,18,27,1,1614.00,1614.00
3136,6305,1,8,8,1,1676.00,1676.00
3136,6306,3,19,29,1,2184.00,2184.00
3137,6307,6,25,36,1,601.00,601.00
3137,6308,4,21,35,1,5469.00,5469.00
3137,6309,1,9,4,1,1079.00,1079.00
3138,6310,2,16,15,2,5418.00,10836.00
3139,6311,3,18,27,1,3787.00,3787.00
3140,6312,6,24,36,1,6494.00,6494.00
3140,6313,6,25,36,1,4702.00,4702.00
3140,6314,3,18,23,1,3692.00,3692.00
3141,6315,3,18,21,1,2006.00,2006.00
3142,6316,2,12,16,2,2167.00,4334.00
3143,6317,1,7,2,1,2471.00,2471.00
3143,6318,3,18,27,1,5466.00,5466.00
3143,6319,3,18,22,1,3367.00,3367.00
3144,6320,4,20,30,1,1378.00,1378.00
3145,6321,2,12,14,2,3047.00,6094.00
3146,6322,6,25,36,1,6583.00,6583.00
3147,6323,4,20,32,1,1098.00,1098.00
3148,6324,2,13,13,2,5804.00,11608.00
3148,6325,4,20,35,1,2364.00,2364.00
3149,6326,3,18,24,1,1749.00,1749.00
3149,6327,1,8,11,1,5582.00,5582.00
3150,6328,2,17,13,2,6305.00,12610.00
3150,6329,4,22,32,1,1522.00,1522.00
3150,6330,3,19,19,1,4058.00,4058.00
3151,6331,3,18,29,1,3600.00,3600.00
3151,6332,6,24,36,1,6381.00,6381.00
3152,6333,6,24,36,1,5364.00,5364.00
3152,6334,1,2,8,1,1782.00,1782.00
3153,6335,4,21,35,1,5602.00,5602.00
3154,6336,6,25,36,1,1673.00,1673.00
3154,6337,4,22,30,1,6443.00,6443.00
3154,6338,1,6,8,1,5383.00,5383.00
3155,6339,2,14,17,2,6215.00,12430.00
3155,6340,1,2,4,1,5393.00,5393.00
3155,6341,2,16,13,2,2459.00,4918.00
3156,6342,1,6,10,1,2923.00,2923.00
3157,6343,1,1,10,1,1991.00,1991.00
3157,6344,1,5,1,1,6422.00,6422.00
3157,6345,4,21,32,1,6226.00,6226.00
3158,6346,6,24,36,1,2057.00,2057.00
3159,6347,2,17,16,2,6154.00,12308.00
3159,6348,3,19,21,1,3227.00,3227.00
3159,6349,4,20,31,1,1126.00,1126.00
3160,6350,6,25,36,1,1749.00,1749.00
3160,6351,4,20,30,1,5531.00,5531.00
3161,6352,3,19,22,1,2959.00,2959.00
3161,6353,1,2,4,1,5170.00,5170.00
3161,6354,6,25,36,1,522.00,522.00
3162,6355,6,25,36,1,2104.00,2104.00
3162,6356,3,19,22,1,4813.00,4813.00
3162,6357,4,21,31,1,6861.00,6861.00
3163,6358,2,13,17,2,1883.00,3766.00
3164,6359,1,4,9,1,599.00,599.00
3164,6360,2,14,18,2,576.00,1152.00
3165,6361,2,16,18,2,4412.00,8824.00
3166,6362,3,19,27,1,3349.00,3349.00
3167,6363,6,25,36,1,3257.00,3257.00
3167,6364,1,2,10,1,5049.00,5049.00
3167,6365,2,11,14,2,2126.00,4252.00
3168,6366,4,20,32,1,1462.00,1462.00
3168,6367,2,12,14,2,6951.00,13902.00
3169,6368,4,20,33,1,3739.00,3739.00
3169,6369,6,25,36,1,5571.00,5571.00
3170,6370,1,10,8,1,4991.00,4991.00
3170,6371,3,18,29,1,1014.00,1014.00
3171,6372,2,13,16,2,2314.00,4628.00
3172,6373,2,12,18,2,5704.00,11408.00
3173,6374,6,24,36,1,5334.00,5334.00
3173,6375,1,4,11,1,5270.00,5270.00
3173,6376,3,18,28,1,1765.00,1765.00
3174,6377,3,18,21,1,6694.00,6694.00
3174,6378,6,24,36,1,2178.00,2178.00
3174,6379,6,24,36,1,2390.00,2390.00
3175,6380,3,19,27,1,6587.00,6587.00
3175,6381,4,20,34,1,1013.00,1013.00
3176,6382,3,19,19,1,1975.00,1975.00
3176,6383,2,14,17,2,2473.00,4946.00
3176,6384,3,18,26,1,2319.00,2319.00
3177,6385,2,12,16,2,3291.00,6582.00
3177,6386,2,13,18,2,1485.00,2970.00
3177,6387,6,25,36,1,5090.00,5090.00
3178,6388,3,19,28,1,4101.00,4101.00
3178,6389,6,25,36,1,5657.00,5657.00
3179,6390,1,2,10,1,5586.00,5586.00
3180,6391,4,22,30,1,3272.00,3272.00
3180,6392,4,22,35,1,4361.00,4361.00
3180,6393,4,20,32,1,1348.00,1348.00
3181,6394,4,22,33,1,6624.00,6624.00
3182,6395,1,8,2,1,1110.00,1110.00
3182,6396,6,24,36,1,4687.00,4687.00
3182,6397,2,17,12,2,1049.00,2098.00
3183,6398,3,18,28,1,5628.00,5628.00
3183,6399,1,4,9,1,4924.00,4924.00
3184,6400,4,20,34,1,1486.00,1486.00
3184,6401,6,25,36,1,5159.00,5159.00
3184,6402,2,13,18,2,3165.00,6330.00
3185,6403,1,2,11,1,4302.00,4302.00
3186,6404,3,19,25,1,5852.00,5852.00
3186,6405,3,18,19,1,3789.00,3789.00
3186,6406,4,20,32,1,5661.00,5661.00
3187,6407,2,11,14,2,2329.00,4658.00
3187,6408,2,14,18,2,3332.00,6664.00
3187,6409,4,21,34,1,3934.00,3934.00
3188,6410,4,22,31,1,4060.00,4060.00
3189,6411,3,19,23,1,2513.00,2513.00
3189,6412,1,1,1,1,1649.00,1649.00
3189,6413,2,16,16,2,2363.00,4726.00
3190,6414,2,13,16,2,4586.00,9172.00
3190,6415,4,20,32,1,5137.00,5137.00
3191,6416,6,25,36,1,4332.00,4332.00
3191,6417,3,18,19,1,6012.00,6012.00
3192,6418,4,22,34,1,4719.00,4719.00
3193,6419,6,24,36,1,2579.00,2579.00
3193,6420,6,25,36,1,6291.00,6291.00
3194,6421,3,18,22,1,2130.00,2130.00
3194,6422,3,18,20,1,1252.00,1252.00
3194,6423,2,17,13,2,3718.00,7436.00
3195,6424,6,25,36,1,6028.00,6028.00
3196,6425,3,18,22,1,5314.00,5314.00
3196,6426,3,18,24,1,4716.00,4716.00
3197,6427,6,24,36,1,3289.00,3289.00
3197,6428,2,17,14,2,5830.00,11660.00
3198,6429,1,10,3,1,2586.00,2586.00
3198,6430,6,25,36,1,5932.00,5932.00
3199,6431,6,25,36,1,5515.00,5515.00
3200,6432,6,24,36,1,4709.00,4709.00
3201,6433,2,11,16,2,3595.00,7190.00
3201,6434,6,25,36,1,5640.00,5640.00
3202,6435,6,25,36,1,4038.00,4038.00
3203,6436,2,11,17,2,649.00,1298.00
3203,6437,3,18,19,1,5883.00,5883.00
3204,6438,6,24,36,1,6789.00,6789.00
3204,6439,2,15,18,2,1879.00,3758.00
3205,6440,6,24,36,1,3692.00,3692.00
3205,6441,4,20,33,1,5704.00,5704.00
3205,6442,6,24,36,1,4559.00,4559.00
3206,6443,2,16,17,2,2411.00,4822.00
3206,6444,2,16,14,2,3231.00,6462.00
3207,6445,6,25,36,1,5745.00,5745.00
3207,6446,3,19,24,1,4781.00,4781.00
3207,6447,2,17,12,2,3277.00,6554.00
3208,6448,3,18,23,1,3051.00,3051.00
3208,6449,3,19,20,1,3762.00,3762.00
3208,6450,4,21,34,1,984.00,984.00
3209,6451,6,24,36,1,2259.00,2259.00
3210,6452,3,19,24,1,6906.00,6906.00
3210,6453,4,20,31,1,6157.00,6157.00
3211,6454,2,17,16,2,1172.00,2344.00
3212,6455,2,14,13,2,4091.00,8182.00
3212,6456,6,25,36,1,504.00,504.00
3213,6457,4,21,35,1,538.00,538.00
3213,6458,3,19,24,1,4963.00,4963.00
3214,6459,2,16,17,2,3938.00,7876.00
3214,6460,2,12,17,2,4444.00,8888.00
3214,6461,3,19,29,1,5892.00,5892.00
3215,6462,2,14,13,2,860.00,1720.00
3216,6463,3,19,25,1,2545.00,2545.00
3217,6464,1,2,9,1,5925.00,5925.00
3217,6465,3,19,21,1,1607.00,1607.00
3218,6466,4,22,35,1,4032.00,4032.00
3219,6467,4,22,32,1,657.00,657.00
3220,6468,2,14,13,2,1000.00,2000.00
3220,6469,2,15,15,2,3185.00,6370.00
3220,6470,4,20,35,1,4640.00,4640.00
3221,6471,6,25,36,1,1099.00,1099.00
3221,6472,6,24,36,1,1572.00,1572.00
3222,6473,4,20,35,1,4018.00,4018.00
3222,6474,6,25,36,1,591.00,591.00
3223,6475,4,20,35,1,996.00,996.00
3223,6476,1,6,6,1,3091.00,3091.00
3223,6477,3,18,23,1,3310.00,3310.00
3224,6478,3,19,28,1,3598.00,3598.00
3225,6479,2,11,15,2,1904.00,3808.00
3225,6480,1,6,8,1,6970.00,6970.00
3226,6481,4,20,35,1,4382.00,4382.00
3226,6482,4,20,31,1,4459.00,4459.00
3226,6483,2,13,15,2,1123.00,2246.00
3227,6484,6,24,36,1,1221.00,1221.00
3228,6485,4,20,32,1,4371.00,4371.00
3228,6486,6,25,36,1,5206.00,5206.00
3229,6487,6,24,36,1,6100.00,6100.00
3229,6488,2,14,13,2,3717.00,7434.00
3230,6489,6,24,36,1,3433.00,3433.00
3230,6490,1,2,10,1,3441.00,3441.00
3231,6491,4,22,30,1,1419.00,1419.00
3231,6492,3,19,25,1,1899.00,1899.00
3231,6493,1,7,6,1,1063.00,1063.00
3232,6494,3,19,29,1,3708.00,3708.00
3232,6495,4,21,35,1,997.00,997.00
3232,6496,3,19,25,1,2457.00,2457.00
3233,6497,6,24,36,1,4661.00,4661.00
3233,6498,6,25,36,1,6408.00,6408.00
3234,6499,1,7,8,1,6218.00,6218.00
3235,6500,1,10,4,1,2066.00,2066.00
3235,6501,4,20,32,1,711.00,711.00
3235,6502,1,2,9,1,4640.00,4640.00
3236,6503,2,16,17,2,3107.00,6214.00
3237,6504,4,21,32,1,6536.00,6536.00
3238,6505,1,5,8,1,6056.00,6056.00
3238,6506,4,20,30,1,3718.00,3718.00
3239,6507,3,18,20,1,2427.00,2427.00
3239,6508,3,19,22,1,4194.00,4194.00
3240,6509,2,13,16,2,3808.00,7616.00
3240,6510,6,24,36,1,1510.00,1510.00
3240,6511,1,4,8,1,6580.00,6580.00
3241,6512,3,19,26,1,2511.00,2511.00
3242,6513,6,24,36,1,2097.00,2097.00
3242,6514,4,21,30,1,5655.00,5655.00
3242,6515,4,20,32,1,6071.00,6071.00
3243,6516,4,20,35,1,4739.00,4739.00
3244,6517,4,22,34,1,6055.00,6055.00
3245,6518,1,6,9,1,6242.00,6242.00
3245,6519,2,11,14,2,5514.00,11028.00
3246,6520,2,17,14,2,3624.00,7248.00
3247,6521,2,16,12,2,4425.00,8850.00
3248,6522,2,11,15,2,4686.00,9372.00
3248,6523,3,18,23,1,4339.00,4339.00
3248,6524,1,6,6,1,599.00,599.00
3249,6525,2,13,13,2,2889.00,5778.00
3249,6526,1,4,7,1,3508.00,3508.00
3250,6527,1,9,8,1,6825.00,6825.00
3251,6528,2,15,18,2,3898.00,7796.00
3251,6529,6,25,36,1,4549.00,4549.00
3252,6530,2,14,17,2,3689.00,7378.00
3252,6531,1,5,3,1,2274.00,2274.00
3252,6532,6,24,36,1,3840.00,3840.00
3253,6533,2,14,14,2,5966.00,11932.00
3253,6534,1,8,10,1,4221.00,4221.00
3253,6535,2,16,17,2,4596.00,9192.00
3254,6536,4,22,32,1,3406.00,3406.00
3255,6537,1,5,5,1,1953.00,1953.00
3256,6538,3,19,27,1,6803.00,6803.00
3256,6539,1,10,2,1,1527.00,1527.00
3257,6540,6,25,36,1,1845.00,1845.00
3258,6541,1,6,6,1,930.00,930.00
3258,6542,2,15,17,2,2110.00,4220.00
3258,6543,4,21,30,1,1128.00,1128.00
3259,6544,2,12,17,2,780.00,1560.00
3259,6545,2,16,15,2,715.00,1430.00
3260,6546,6,25,36,1,4882.00,4882.00
3260,6547,1,8,10,1,6349.00,6349.00
3261,6548,2,11,18,2,4637.00,9274.00
3262,6549,1,5,6,1,2672.00,2672.00
3263,6550,1,2,4,1,3421.00,3421.00
3263,6551,2,13,16,2,1024.00,2048.00
3263,6552,3,19,21,1,5853.00,5853.00
3264,6553,3,18,23,1,5070.00,5070.00
3265,6554,6,25,36,1,4332.00,4332.00
3265,6555,2,12,17,2,6706.00,13412.00
3265,6556,1,8,1,1,6684.00,6684.00
3266,6557,1,8,5,1,1915.00,1915.00
3266,6558,3,19,24,1,1592.00,1592.00
3266,6559,1,3,8,1,3246.00,3246.00
3267,6560,1,6,1,1,5091.00,5091.00
3267,6561,3,19,22,1,3318.00,3318.00
3267,6562,6,25,36,1,1428.00,1428.00
3268,6563,6,25,36,1,5619.00,5619.00
3269,6564,3,18,25,1,4359.00,4359.00
3269,6565,4,22,34,1,3752.00,3752.00
3270,6566,4,20,33,1,6137.00,6137.00
3270,6567,6,25,36,1,1586.00,1586.00
3270,6568,3,18,21,1,2619.00,2619.00
3271,6569,1,10,7,1,3994.00,3994.00
3272,6570,6,24,36,1,3071.00,3071.00
3273,6571,6,24,36,1,5138.00,5138.00
3273,6572,6,25,36,1,6621.00,6621.00
3274,6573,3,18,29,1,3729.00,3729.00
3274,6574,1,5,6,1,1773.00,1773.00
3275,6575,6,25,36,1,6643.00,6643.00
3275,6576,4,21,31,1,4596.00,4596.00
3275,6577,2,13,13,2,984.00,1968.00
3276,6578,1,10,3,1,4878.00,4878.00
3277,6579,1,7,6,1,3901.00,3901.00
3278,6580,3,19,23,1,4104.00,4104.00
3278,6581,6,24,36,1,5558.00,5558.00
3278,6582,4,21,34,1,1235.00,1235.00
3279,6583,2,17,13,2,4882.00,9764.00
3280,6584,2,15,17,2,3551.00,7102.00
3280,6585,3,19,21,1,4486.00,4486.00
3281,6586,1,9,5,1,5781.00,5781.00
3282,6587,2,17,14,2,3364.00,6728.00
3282,6588,3,18,25,1,2059.00,2059.00
3282,6589,1,9,2,1,6537.00,6537.00
3283,6590,3,19,19,1,1689.00,1689.00
3283,6591,1,7,4,1,684.00,684.00
3283,6592,4,21,32,1,5599.00,5599.00
3284,6593,3,18,23,1,5767.00,5767.00
3284,6594,2,13,13,2,2106.00,4212.00
3284,6595,2,17,16,2,2927.00,5854.00
3285,6596,2,11,12,2,3482.00,6964.00
3285,6597,6,24,36,1,1405.00,1405.00
3285,6598,2,17,17,2,3904.00,7808.00
3286,6599,1,1,7,1,5557.00,5557.00
3287,6600,3,18,26,1,5464.00,5464.00
3287,6601,6,25,36,1,6901.00,6901.00
3288,6602,4,21,32,1,4059.00,4059.00
3288,6603,4,22,31,1,1454.00,1454.00
3289,6604,1,6,1,1,3203.00,3203.00
3289,6605,3,18,22,1,651.00,651.00
3290,6606,4,21,35,1,3960.00,3960.00
3290,6607,1,9,8,1,5421.00,5421.00
3290,6608,2,11,13,2,2099.00,4198.00
3291,6609,3,18,27,1,2161.00,2161.00
3292,6610,2,15,17,2,3352.00,6704.00
3293,6611,2,11,16,2,4962.00,9924.00
3294,6612,1,6,2,1,838.00,838.00
3294,6613,3,19,26,1,2086.00,2086.00
3295,6614,1,2,9,1,6500.00,6500.00
3296,6615,6,25,36,1,6412.00,6412.00
3296,6616,3,19,27,1,6745.00,6745.00
3296,6617,3,19,19,1,5572.00,5572.00
3297,6618,4,21,33,1,6909.00,6909.00
3298,6619,3,19,23,1,6525.00,6525.00
3298,6620,1,4,5,1,4676.00,4676.00
3298,6621,3,19,27,1,4329.00,4329.00
3299,6622,1,6,8,1,5097.00,5097.00
3300,6623,1,5,4,1,6911.00,6911.00
3301,6624,2,17,17,2,1169.00,2338.00
3301,6625,6,24,36,1,2480.00,2480.00
3302,6626,3,18,21,1,2789.00,2789.00
3303,6627,6,24,36,1,3820.00,3820.00
3303,6628,3,19,20,1,4098.00,4098.00
3304,6629,4,22,32,1,6853.00,6853.00
3305,6630,2,17,15,2,4353.00,8706.00
3306,6631,6,24,36,1,2099.00,2099.00
3306,6632,6,25,36,1,4400.00,4400.00
3307,6633,6,24,36,1,6659.00,6659.00
3308,6634,2,16,15,2,2191.00,4382.00
3309,6635,2,11,18,2,5583.00,11166.00
3309,6636,6,24,36,1,1415.00,1415.00
3309,6637,6,25,36,1,5742.00,5742.00
3310,6638,3,19,24,1,6074.00,6074.00
3310,6639,4,22,32,1,6162.00,6162.00
3311,6640,4,22,34,1,4697.00,4697.00
3311,6641,4,20,33,1,6953.00,6953.00
3311,6642,2,17,12,2,5982.00,11964.00
3312,6643,6,25,36,1,2448.00,2448.00
3312,6644,3,18,26,1,4557.00,4557.00
3312,6645,2,15,13,2,6370.00,12740.00
3313,6646,6,24,36,1,4945.00,4945.00
3313,6647,4,22,31,1,4550.00,4550.00
3313,6648,2,12,18,2,5380.00,10760.00
3314,6649,2,11,16,2,4734.00,9468.00
3315,6650,2,16,12,2,2137.00,4274.00
3315,6651,1,1,4,1,854.00,854.00
3316,6652,4,21,34,1,2989.00,2989.00
3316,6653,1,3,3,1,1898.00,1898.00
3316,6654,2,11,17,2,5463.00,10926.00
3317,6655,4,21,34,1,2536.00,2536.00
3317,6656,3,19,24,1,3128.00,3128.00
3318,6657,2,14,14,2,5612.00,11224.00
3318,6658,4,21,34,1,4746.00,4746.00
3319,6659,2,16,14,2,918.00,1836.00
3320,6660,6,25,36,1,6693.00,6693.00
3321,6661,1,1,6,1,4241.00,4241.00
3321,6662,4,20,30,1,1195.00,1195.00
3322,6663,4,20,35,1,5240.00,5240.00
3322,6664,6,25,36,1,3694.00,3694.00
3322,6665,6,24,36,1,2264.00,2264.00
3323,6666,2,11,18,2,4777.00,9554.00
3323,6667,6,25,36,1,3713.00,3713.00
3323,6668,6,24,36,1,6212.00,6212.00
3324,6669,1,9,2,1,6173.00,6173.00
3324,6670,1,2,2,1,1339.00,1339.00
3325,6671,4,22,35,1,2735.00,2735.00
3326,6672,4,22,34,1,6014.00,6014.00
3326,6673,3,18,26,1,4178.00,4178.00
3326,6674,4,22,34,1,3250.00,3250.00
3327,6675,1,10,1,1,6417.00,6417.00
3328,6676,3,19,23,1,5000.00,5000.00
3328,6677,3,18,28,1,559.00,559.00
3328,6678,6,25,36,1,6024.00,6024.00
3329,6679,2,13,13,2,835.00,1670.00
3330,6680,2,13,13,2,6903.00,13806.00
3330,6681,6,25,36,1,5076.00,5076.00
3331,6682,1,7,5,1,1442.00,1442.00
3332,6683,3,18,21,1,4270.00,4270.00
3332,6684,4,22,33,1,2194.00,2194.00
3333,6685,6,25,36,1,1422.00,1422.00
3333,6686,1,3,7,1,2698.00,2698.00
3333,6687,6,25,36,1,5704.00,5704.00
3334,6688,3,18,25,1,1538.00,1538.00
3334,6689,3,19,25,1,3390.00,3390.00
3335,6690,1,3,10,1,6607.00,6607.00
3335,6691,3,18,20,1,1193.00,1193.00
3335,6692,3,19,24,1,6900.00,6900.00
3336,6693,3,19,19,1,4703.00,4703.00
3336,6694,3,18,24,1,3507.00,3507.00
3336,6695,6,25,36,1,6515.00,6515.00
3337,6696,3,19,19,1,3014.00,3014.00
3337,6697,1,1,11,1,1251.00,1251.00
3338,6698,4,22,35,1,4613.00,4613.00
3339,6699,6,24,36,1,2270.00,2270.00
3339,6700,4,22,32,1,3769.00,3769.00
3340,6701,2,11,14,2,2391.00,4782.00
3340,6702,3,19,23,1,4002.00,4002.00
3340,6703,3,19,25,1,3644.00,3644.00
3341,6704,6,24,36,1,5980.00,5980.00
3342,6705,4,20,31,1,1305.00,1305.00
3342,6706,6,25,36,1,993.00,993.00
3343,6707,4,20,32,1,1665.00,1665.00
3344,6708,1,1,8,1,923.00,923.00
3344,6709,1,5,7,1,6825.00,6825.00
3344,6710,3,18,21,1,1135.00,1135.00
3345,6711,6,24,36,1,4026.00,4026.00
3345,6712,3,19,22,1,1349.00,1349.00
3345,6713,3,19,19,1,3400.00,3400.00
3346,6714,3,18,19,1,902.00,902.00
3346,6715,6,25,36,1,5985.00,5985.00
3346,6716,3,18,25,1,1905.00,1905.00
3347,6717,6,25,36,1,1086.00,1086.00
3347,6718,4,20,31,1,6913.00,6913.00
3348,6719,3,18,25,1,4760.00,4760.00
3349,6720,3,18,19,1,719.00,719.00
3350,6721,3,18,22,1,5308.00,5308.00
3351,6722,2,15,18,2,6708.00,13416.00
3352,6723,2,14,13,2,3885.00,7770.00
3352,6724,6,24,36,1,1065.00,1065.00
3352,6725,1,2,9,1,6395.00,6395.00
3353,6726,2,11,12,2,868.00,1736.00
3353,6727,3,18,27,1,5433.00,5433.00
3354,6728,1,3,2,1,5881.00,5881.00
3354,6729,1,10,10,1,5398.00,5398.00
3355,6730,1,8,3,1,5126.00,5126.00
3355,6731,3,18,27,1,1059.00,1059.00
3355,6732,3,19,20,1,3244.00,3244.00
3356,6733,4,22,34,1,5325.00,5325.00
3357,6734,1,6,2,1,5705.00,5705.00
3357,6735,1,4,1,1,3778.00,3778.00
3357,6736,4,20,33,1,2257.00,2257.00
3358,6737,3,19,25,1,5649.00,5649.00
3358,6738,2,17,12,2,6831.00,13662.00
3359,6739,3,18,22,1,4418.00,4418.00
3359,6740,1,1,2,1,4743.00,4743.00
3360,6741,4,20,34,1,5585.00,5585.00
3360,6742,3,18,21,1,3828.00,3828.00
3361,6743,2,14,18,2,1671.00,3342.00
3361,6744,3,19,21,1,5967.00,5967.00
3361,6745,6,24,36,1,1159.00,1159.00
3362,6746,2,14,16,2,5011.00,10022.00
3362,6747,2,17,15,2,1721.00,3442.00
3362,6748,4,20,34,1,1718.00,1718.00
3363,6749,4,20,35,1,4259.00,4259.00
3363,6750,6,25,36,1,3321.00,3321.00
3363,6751,4,22,31,1,1587.00,1587.00
3364,6752,4,21,34,1,4445.00,4445.00
3364,6753,2,15,13,2,5897.00,11794.00
3364,6754,6,25,36,1,2261.00,2261.00
3365,6755,3,19,20,1,3790.00,3790.00
3366,6756,2,13,18,2,998.00,1996.00
3366,6757,1,8,9,1,2320.00,2320.00
3367,6758,3,19,25,1,2409.00,2409.00
3367,6759,2,13,12,2,4539.00,9078.00
3368,6760,4,20,30,1,5802.00,5802.00
3368,6761,2,16,18,2,2377.00,4754.00
3369,6762,4,21,33,1,701.00,701.00
3370,6763,3,18,28,1,3149.00,3149.00
3370,6764,6,24,36,1,5299.00,5299.00
3370,6765,4,20,32,1,1861.00,1861.00
3371,6766,2,13,12,2,1503.00,3006.00
3372,6767,4,20,31,1,2092.00,2092.00
3372,6768,2,11,12,2,4865.00,9730.00
3373,6769,4,21,34,1,4145.00,4145.00
3373,6770,6,25,36,1,5420.00,5420.00
3373,6771,6,24,36,1,5111.00,5111.00
3374,6772,4,20,31,1,4570.00,4570.00
3375,6773,3,19,21,1,2729.00,2729.00
3376,6774,6,24,36,1,1081.00,1081.00
3376,6775,2,17,17,2,6086.00,12172.00
3377,6776,3,19,20,1,520.00,520.00
3377,6777,6,25,36,1,6715.00,6715.00
3378,6778,4,22,33,1,6957.00,6957.00
3379,6779,2,16,16,2,5780.00,11560.00
3380,6780,2,17,12,2,6497.00,12994.00
3381,6781,2,17,13,2,2013.00,4026.00
3381,6782,1,2,7,1,6218.00,6218.00
3381,6783,4,21,33,1,6248.00,6248.00
3382,6784,1,10,8,1,1021.00,1021.00
3383,6785,6,25,36,1,2755.00,2755.00
3383,6786,4,22,33,1,5743.00,5743.00
3384,6787,6,24,36,1,2882.00,2882.00
3384,6788,3,19,28,1,6390.00,6390.00
3385,6789,1,1,5,1,3351.00,3351.00
3385,6790,1,8,8,1,5593.00,5593.00
3386,6791,4,22,31,1,4379.00,4379.00
3387,6792,1,10,11,1,1660.00,1660.00
3388,6793,6,24,36,1,4474.00,4474.00
3388,6794,2,13,15,2,902.00,1804.00
3389,6795,6,24,36,1,1615.00,1615.00
3389,6796,4,21,32,1,5128.00,5128.00
3389,6797,2,14,12,2,2320.00,4640.00
3390,6798,1,7,4,1,1932.00,1932.00
3390,6799,4,20,30,1,1404.00,1404.00
3391,6800,3,19,26,1,6191.00,6191.00
3391,6801,6,25,36,1,2922.00,2922.00
3392,6802,1,6,7,1,3725.00,3725.00
3393,6803,1,9,5,1,3306.00,3306.00
3393,6804,3,18,26,1,4786.00,4786.00
3394,6805,4,22,35,1,5756.00,5756.00
3394,6806,2,12,13,2,1269.00,2538.00
3394,6807,4,22,33,1,3894.00,3894.00
3395,6808,4,21,32,1,2435.00,2435.00
3395,6809,4,20,32,1,4054.00,4054.00
3396,6810,3,19,21,1,1283.00,1283.00
3396,6811,4,22,34,1,1001.00,1001.00
3396,6812,1,1,5,1,3070.00,3070.00
3397,6813,2,16,14,2,3872.00,7744.00
3397,6814,6,25,36,1,5694.00,5694.00
3397,6815,6,25,36,1,3267.00,3267.00
3398,6816,2,16,13,2,6131.00,12262.00
3399,6817,1,3,5,1,1500.00,1500.00
3399,6818,2,14,13,2,3847.00,7694.00
3399,6819,6,25,36,1,6422.00,6422.00
3400,6820,1,6,2,1,3735.00,3735.00
3400,6821,3,18,24,1,3118.00,3118.00
3401,6822,3,19,25,1,5844.00,5844.00
3401,6823,6,25,36,1,4528.00,4528.00
3402,6824,6,24,36,1,2356.00,2356.00
3402,6825,4,21,33,1,3740.00,3740.00
3402,6826,3,19,29,1,3956.00,3956.00
3403,6827,4,20,35,1,4232.00,4232.00
3403,6828,6,24,36,1,5730.00,5730.00
3404,6829,2,16,16,2,782.00,1564.00
3404,6830,1,6,5,1,2264.00,2264.00
3405,6831,2,14,12,2,4131.00,8262.00
3405,6832,6,25,36,1,689.00,689.00
3406,6833,4,22,32,1,2116.00,2116.00
3406,6834,4,20,33,1,5573.00,5573.00
3407,6835,4,20,31,1,6847.00,6847.00
3407,6836,4,22,35,1,6471.00,6471.00
3408,6837,1,4,8,1,5487.00,5487.00
3409,6838,1,5,2,1,6708.00,6708.00
3409,6839,3,18,29,1,4217.00,4217.00
3410,6840,2,16,12,2,5251.00,10502.00
3410,6841,4,21,35,1,3564.00,3564.00
3410,6842,3,19,29,1,5885.00,5885.00
3411,6843,6,24,36,1,5408.00,5408.00
3411,6844,6,25,36,1,5497.00,5497.00
3412,6845,2,13,15,2,6025.00,12050.00
3413,6846,6,25,36,1,6841.00,6841.00
3414,6847,6,25,36,1,6474.00,6474.00
3414,6848,2,16,12,2,649.00,1298.00
3415,6849,2,17,17,2,2612.00,5224.00
3415,6850,1,6,7,1,6161.00,6161.00
3416,6851,2,11,17,2,4498.00,8996.00
3417,6852,6,24,36,1,6047.00,6047.00
3417,6853,3,19,19,1,3656.00,3656.00
3418,6854,1,4,5,1,3057.00,3057.00
3419,6855,3,19,20,1,4463.00,4463.00
3420,6856,1,6,4,1,4549.00,4549.00
3420,6857,6,25,36,1,2812.00,2812.00
3420,6858,3,19,24,1,3073.00,3073.00
3421,6859,4,22,31,1,1321.00,1321.00
3421,6860,1,10,2,1,3750.00,3750.00
3421,6861,1,6,7,1,677.00,677.00
3422,6862,2,14,18,2,4637.00,9274.00
3422,6863,4,22,35,1,1771.00,1771.00
3423,6864,4,20,34,1,734.00,734.00
3424,6865,6,24,36,1,4755.00,4755.00
3425,6866,4,22,31,1,4511.00,4511.00
3425,6867,4,22,32,1,6203.00,6203.00
3426,6868,1,4,6,1,4487.00,4487.00
3427,6869,3,18,25,1,6315.00,6315.00
3428,6870,6,24,36,1,4646.00,4646.00
3428,6871,1,8,6,1,4260.00,4260.00
3429,6872,2,13,12,2,4582.00,9164.00
3429,6873,1,8,7,1,897.00,897.00
3430,6874,2,13,15,2,2856.00,5712.00
3430,6875,1,7,8,1,6854.00,6854.00
3430,6876,4,21,35,1,1140.00,1140.00
3431,6877,6,24,36,1,2693.00,2693.00
3431,6878,4,20,30,1,6100.00,6100.00
3431,6879,1,1,3,1,5335.00,5335.00
3432,6880,2,17,17,2,4185.00,8370.00
3433,6881,3,18,23,1,2535.00,2535.00
3434,6882,4,22,35,1,4986.00,4986.00
3434,6883,1,9,9,1,1133.00,1133.00
3435,6884,3,18,19,1,4715.00,4715.00
3435,6885,6,25,36,1,5689.00,5689.00
3435,6886,1,1,5,1,6843.00,6843.00
3436,6887,2,13,13,2,4168.00,8336.00
3437,6888,3,18,22,1,4595.00,4595.00
3437,6889,2,11,18,2,4577.00,9154.00
3437,6890,1,3,10,1,6522.00,6522.00
3438,6891,3,18,25,1,3207.00,3207.00
3439,6892,4,21,31,1,4500.00,4500.00
3439,6893,1,5,6,1,4982.00,4982.00
3440,6894,1,3,3,1,4690.00,4690.00
3440,6895,6,25,36,1,5684.00,5684.00
3440,6896,3,19,25,1,722.00,722.00
3441,6897,4,20,35,1,5128.00,5128.00
3441,6898,1,8,8,1,6108.00,6108.00
3441,6899,3,19,29,1,2535.00,2535.00
3442,6900,6,24,36,1,6189.00,6189.00
3443,6901,4,22,34,1,2596.00,2596.00
3443,6902,4,21,30,1,6591.00,6591.00
3444,6903,3,18,28,1,1717.00,1717.00
3444,6904,6,24,36,1,2969.00,2969.00
3444,6905,4,21,30,1,2641.00,2641.00
3445,6906,4,20,30,1,6738.00,6738.00
3445,6907,4,20,32,1,2280.00,2280.00
3445,6908,6,25,36,1,2813.00,2813.00
3446,6909,1,4,9,1,5448.00,5448.00
3446,6910,6,25,36,1,778.00,778.00
3447,6911,2,12,12,2,758.00,1516.00
3448,6912,6,24,36,1,4435.00,4435.00
3449,6913,6,25,36,1,2526.00,2526.00
3450,6914,6,24,36,1,3304.00,3304.00
3450,6915,4,21,35,1,6366.00,6366.00
3450,6916,3,18,29,1,919.00,919.00
3451,6917,2,16,13,2,967.00,1934.00
3451,6918,2,11,16,2,2346.00,4692.00
3451,6919,1,1,8,1,6714.00,6714.00
3452,6920,6,25,36,1,523.00,523.00
3452,6921,6,25,36,1,2538.00,2538.00
3452,6922,3,19,26,1,4706.00,4706.00
3453,6923,6,25,36,1,1695.00,1695.00
3453,6924,3,19,24,1,5330.00,5330.00
3453,6925,4,21,35,1,2178.00,2178.00
3454,6926,4,21,30,1,4255.00,4255.00
3454,6927,1,3,10,1,3080.00,3080.00
3454,6928,4,22,33,1,819.00,819.00
3455,6929,2,17,15,2,5335.00,10670.00
3455,6930,4,21,30,1,4456.00,4456.00
3455,6931,3,18,23,1,1711.00,1711.00
3456,6932,2,13,16,2,6567.00,13134.00
3456,6933,3,19,29,1,4624.00,4624.00
3457,6934,2,14,16,2,3841.00,7682.00
3458,6935,6,25,36,1,6326.00,6326.00
3458,6936,6,24,36,1,6192.00,6192.00
3458,6937,3,18,20,1,3526.00,3526.00
3459,6938,3,19,21,1,3494.00,3494.00
3459,6939,2,11,15,2,5947.00,11894.00
3459,6940,1,10,9,1,706.00,706.00
3460,6941,4,22,30,1,4550.00,4550.00
3460,6942,2,14,13,2,6883.00,13766.00
3460,6943,2,14,15,2,6363.00,12726.00
3461,6944,6,24,36,1,5280.00,5280.00
3461,6945,6,24,36,1,4732.00,4732.00
3462,6946,3,19,28,1,6270.00,6270.00
3463,6947,3,18,20,1,2034.00,2034.00
3463,6948,3,19,25,1,1053.00,1053.00
3463,6949,3,18,23,1,6315.00,6315.00
3464,6950,4,20,31,1,6153.00,6153.00
3464,6951,3,19,26,1,6849.00,6849.00
3464,6952,3,18,25,1,4409.00,4409.00
3465,6953,6,25,36,1,1421.00,1421.00
3465,6954,6,24,36,1,4016.00,4016.00
3465,6955,1,4,11,1,2818.00,2818.00
3466,6956,4,22,33,1,4573.00,4573.00
3467,6957,3,19,20,1,5058.00,5058.00
3468,6958,3,19,28,1,4165.00,4165.00
3468,6959,3,18,21,1,6855.00,6855.00
3468,6960,6,24,36,1,3205.00,3205.00
3469,6961,1,4,9,1,3924.00,3924.00
3469,6962,3,19,19,1,2016.00,2016.00
3470,6963,3,19,25,1,6935.00,6935.00
3470,6964,1,4,2,1,2148.00,2148.00
3470,6965,6,24,36,1,5732.00,5732.00
3471,6966,1,7,2,1,6439.00,6439.00
3471,6967,2,15,13,2,5534.00,11068.00
3471,6968,1,7,2,1,5476.00,5476.00
3472,6969,4,20,30,1,2684.00,2684.00
3472,6970,1,9,4,1,3644.00,3644.00
3473,6971,3,18,23,1,4950.00,4950.00
3474,6972,1,5,3,1,6915.00,6915.00
3474,6973,3,18,27,1,4197.00,4197.00
3474,6974,3,19,20,1,643.00,643.00
3475,6975,1,8,4,1,1258.00,1258.00
3476,6976,4,21,34,1,3936.00,3936.00
3476,6977,1,8,1,1,1687.00,1687.00
3477,6978,6,24,36,1,4010.00,4010.00
3477,6979,1,7,9,1,5970.00,5970.00
3477,6980,2,16,13,2,2115.00,4230.00
3478,6981,2,16,14,2,3682.00,7364.00
3478,6982,2,17,16,2,1656.00,3312.00
3478,6983,2,15,16,2,4245.00,8490.00
3479,6984,1,8,3,1,3874.00,3874.00
3479,6985,6,25,36,1,1703.00,1703.00
3480,6986,2,11,17,2,2785.00,5570.00
3481,6987,4,21,35,1,4804.00,4804.00
3481,6988,1,6,7,1,3629.00,3629.00
3481,6989,6,24,36,1,683.00,683.00
3482,6990,4,21,31,1,4926.00,4926.00
3483,6991,4,21,31,1,4475.00,4475.00
3484,6992,2,12,14,2,4036.00,8072.00
3485,6993,1,5,5,1,1568.00,1568.00
3485,6994,1,5,3,1,4226.00,4226.00
3485,6995,3,19,25,1,4320.00,4320.00
3486,6996,4,21,35,1,4472.00,4472.00
3486,6997,2,14,18,2,3089.00,6178.00
3487,6998,4,21,31,1,3704.00,3704.00
3487,6999,4,22,32,1,1793.00,1793.00
3487,7000,2,16,12,2,6866.00,13732.00
3488,7001,3,19,20,1,6168.00,6168.00
3488,7002,6,24,36,1,4190.00,4190.00
3488,7003,6,25,36,1,1979.00,1979.00
3489,7004,6,25,36,1,5507.00,5507.00
3489,7005,4,20,30,1,5061.00,5061.00
3489,7006,6,24,36,1,2901.00,2901.00
3490,7007,4,22,30,1,3005.00,3005.00
3491,7008,1,8,3,1,2306.00,2306.00
3491,7009,6,25,36,1,3702.00,3702.00
3492,7010,1,8,1,1,4491.00,4491.00
3492,7011,1,2,9,1,5328.00,5328.00
3492,7012,6,25,36,1,1296.00,1296.00
3493,7013,1,9,8,1,3839.00,3839.00
3494,7014,2,15,16,2,4501.00,9002.00
3495,7015,6,25,36,1,3047.00,3047.00
3495,7016,6,24,36,1,926.00,926.00
3496,7017,2,12,17,2,6547.00,13094.00
3497,7018,6,24,36,1,4543.00,4543.00
3497,7019,2,12,15,2,3630.00,7260.00
3497,7020,6,24,36,1,5075.00,5075.00
3498,7021,4,22,34,1,3544.00,3544.00
3498,7022,1,10,6,1,5643.00,5643.00
3498,7023,2,17,15,2,2642.00,5284.00
3499,7024,3,19,25,1,3628.00,3628.00
3499,7025,4,21,30,1,3533.00,3533.00
3500,7026,3,19,23,1,2075.00,2075.00
3500,7027,2,14,14,2,4332.00,8664.00
3500,7028,4,22,34,1,4704.00,4704.00
3501,7029,2,17,12,2,5064.00,10128.00
3501,7030,6,24,36,1,4734.00,4734.00
3501,7031,3,19,22,1,2703.00,2703.00
3502,7032,2,14,12,2,4060.00,8120.00
3502,7033,2,15,16,2,3457.00,6914.00
3502,7034,6,25,36,1,5170.00,5170.00
3503,7035,1,9,7,1,3038.00,3038.00
3503,7036,3,19,23,1,3496.00,3496.00
3504,7037,4,21,30,1,3275.00,3275.00
3504,7038,1,10,7,1,3221.00,3221.00
3505,7039,6,24,36,1,4783.00,4783.00
3505,7040,1,2,10,1,3659.00,3659.00
3506,7041,6,25,36,1,2519.00,2519.00
3507,7042,2,16,14,2,920.00,1840.00
3508,7043,3,18,25,1,6992.00,6992.00
3508,7044,2,14,14,2,3706.00,7412.00
3509,7045,2,11,17,2,3922.00,7844.00
3509,7046,6,25,36,1,5016.00,5016.00
3510,7047,3,18,24,1,1542.00,1542.00
3510,7048,4,22,30,1,4772.00,4772.00
3511,7049,6,25,36,1,1653.00,1653.00
3511,7050,2,11,12,2,5196.00,10392.00
3512,7051,4,22,32,1,5751.00,5751.00
3513,7052,2,12,16,2,4813.00,9626.00
3513,7053,2,14,16,2,4358.00,8716.00
3513,7054,2,13,12,2,3217.00,6434.00
3514,7055,1,4,9,1,3284.00,3284.00
3514,7056,4,20,33,1,1791.00,1791.00
3515,7057,1,10,10,1,2430.00,2430.00
3516,7058,2,12,18,2,515.00,1030.00
3517,7059,1,6,2,1,6963.00,6963.00
3517,7060,4,22,31,1,3088.00,3088.00
3517,7061,2,11,17,2,1397.00,2794.00
3518,7062,4,21,31,1,2877.00,2877.00
3518,7063,3,19,29,1,5574.00,5574.00
3518,7064,3,18,20,1,5836.00,5836.00
3519,7065,3,19,20,1,5811.00,5811.00
3519,7066,4,21,35,1,3750.00,3750.00
3519,7067,1,6,4,1,4750.00,4750.00
3520,7068,2,14,18,2,5156.00,10312.00
3520,7069,2,12,13,2,4866.00,9732.00
3520,7070,1,2,9,1,1955.00,1955.00
3521,7071,6,25,36,1,2449.00,2449.00
3522,7072,1,4,9,1,1955.00,1955.00
3522,7073,3,19,21,1,4783.00,4783.00
3523,7074,3,19,22,1,4069.00,4069.00
3524,7075,2,11,17,2,3886.00,7772.00
3524,7076,2,17,16,2,657.00,1314.00
3524,7077,1,8,1,1,2495.00,2495.00
3525,7078,1,10,10,1,1997.00,1997.00
3525,7079,1,2,4,1,4528.00,4528.00
3526,7080,3,18,23,1,6764.00,6764.00
3527,7081,1,7,9,1,2666.00,2666.00
3527,7082,1,2,3,1,5949.00,5949.00
3528,7083,6,25,36,1,1297.00,1297.00
3528,7084,3,18,25,1,4357.00,4357.00
3529,7085,6,25,36,1,6206.00,6206.00
3529,7086,2,16,15,2,4562.00,9124.00
3530,7087,3,19,26,1,5978.00,5978.00
3531,7088,4,21,35,1,5592.00,5592.00
3531,7089,6,24,36,1,6375.00,6375.00
3532,7090,6,24,36,1,3445.00,3445.00
3533,7091,1,6,10,1,3541.00,3541.00
3533,7092,3,19,25,1,4055.00,4055.00
3533,7093,3,19,28,1,1465.00,1465.00
3534,7094,2,14,17,2,1793.00,3586.00
3535,7095,4,20,34,1,5444.00,5444.00
3535,7096,2,11,12,2,5019.00,10038.00
3535,7097,1,2,5,1,5700.00,5700.00
3536,7098,2,17,16,2,5502.00,11004.00
3537,7099,4,20,33,1,3921.00,3921.00
3537,7100,6,25,36,1,6224.00,6224.00
3538,7101,4,20,33,1,3977.00,3977.00
3538,7102,3,18,21,1,5487.00,5487.00
3538,7103,6,25,36,1,5622.00,5622.00
3539,7104,3,19,26,1,6218.00,6218.00
3539,7105,1,1,4,1,2163.00,2163.00
3539,7106,3,19,21,1,612.00,612.00
3540,7107,6,25,36,1,4910.00,4910.00
3540,7108,6,25,36,1,2031.00,2031.00
3540,7109,1,4,8,1,6689.00,6689.00
3541,7110,2,13,18,2,4283.00,8566.00
3542,7111,3,19,27,1,1451.00,1451.00
3543,7112,4,21,34,1,4212.00,4212.00
3543,7113,4,20,35,1,5935.00,5935.00
3544,7114,4,21,31,1,4128.00,4128.00
3545,7115,2,13,15,2,3023.00,6046.00
3545,7116,3,19,20,1,2845.00,2845.00
3546,7117,4,22,30,1,503.00,503.00
3546,7118,3,19,29,1,1199.00,1199.00
3546,7119,6,24,36,1,3639.00,3639.00
3547,7120,4,20,30,1,2437.00,2437.00
3547,7121,6,25,36,1,1946.00,1946.00
3547,7122,6,24,36,1,5886.00,5886.00
3548,7123,3,18,27,1,5518.00,5518.00
3548,7124,1,9,4,1,6191.00,6191.00
3548,7125,2,13,18,2,6923.00,13846.00
3549,7126,3,18,19,1,2226.00,2226.00
3549,7127,1,9,4,1,1576.00,1576.00
3550,7128,4,21,33,1,5407.00,5407.00
3550,7129,1,9,3,1,6929.00,6929.00
3551,7130,4,22,30,1,4853.00,4853.00
3551,7131,1,4,8,1,3328.00,3328.00
3552,7132,3,19,23,1,2419.00,2419.00
3552,7133,3,19,24,1,6300.00,6300.00
3553,7134,6,24,36,1,6543.00,6543.00
3553,7135,3,18,26,1,6187.00,6187.00
3554,7136,3,18,24,1,2463.00,2463.00
3555,7137,4,21,34,1,5108.00,5108.00
3555,7138,6,24,36,1,2082.00,2082.00
3555,7139,2,13,13,2,1344.00,2688.00
3556,7140,3,19,22,1,4897.00,4897.00
3556,7141,6,25,36,1,3643.00,3643.00
3556,7142,4,22,30,1,6129.00,6129.00
3557,7143,4,21,34,1,6948.00,6948.00
3557,7144,1,10,4,1,5375.00,5375.00
3557,7145,4,22,31,1,1739.00,1739.00
3558,7146,6,25,36,1,6906.00,6906.00
3558,7147,1,5,3,1,4511.00,4511.00
3558,7148,3,18,24,1,2722.00,2722.00
3559,7149,1,2,3,1,6624.00,6624.00
3559,7150,1,5,9,1,5500.00,5500.00
3560,7151,3,18,25,1,4232.00,4232.00
3560,7152,2,12,16,2,1321.00,2642.00
3561,7153,6,25,36,1,1300.00,1300.00
3561,7154,3,18,25,1,3125.00,3125.00
3562,7155,3,19,23,1,5768.00,5768.00
3562,7156,6,25,36,1,3830.00,3830.00
3562,7157,4,20,30,1,2534.00,2534.00
3563,7158,3,19,21,1,2450.00,2450.00
3563,7159,6,24,36,1,613.00,613.00
3563,7160,1,2,8,1,3203.00,3203.00
3564,7161,4,21,30,1,6633.00,6633.00
3564,7162,6,24,36,1,5252.00,5252.00
3564,7163,2,14,16,2,3442.00,6884.00
3565,7164,4,21,33,1,3969.00,3969.00
3566,7165,3,18,20,1,1242.00,1242.00
3566,7166,3,18,26,1,3692.00,3692.00
3567,7167,3,18,25,1,3797.00,3797.00
3568,7168,6,25,36,1,4683.00,4683.00
3568,7169,2,17,15,2,3029.00,6058.00
3569,7170,4,20,32,1,6640.00,6640.00
3569,7171,3,19,20,1,6094.00,6094.00
3569,7172,6,24,36,1,6793.00,6793.00
3570,7173,1,7,5,1,5275.00,5275.00
3570,7174,4,22,31,1,3874.00,3874.00
3570,7175,6,24,36,1,5557.00,5557.00
3571,7176,3,19,29,1,3395.00,3395.00
3571,7177,4,21,32,1,1163.00,1163.00
3571,7178,3,19,20,1,6713.00,6713.00
3572,7179,4,21,34,1,1217.00,1217.00
3572,7180,6,25,36,1,1481.00,1481.00
3572,7181,4,22,30,1,4729.00,4729.00
3573,7182,4,20,32,1,4502.00,4502.00
3574,7183,1,8,1,1,1820.00,1820.00
3575,7184,3,18,19,1,4556.00,4556.00
3576,7185,6,24,36,1,1530.00,1530.00
3576,7186,4,22,32,1,3321.00,3321.00
3576,7187,1,1,9,1,1608.00,1608.00
3577,7188,6,24,36,1,5103.00,5103.00
3578,7189,6,24,36,1,1999.00,1999.00
3578,7190,4,21,30,1,5449.00,5449.00
3578,7191,1,10,6,1,4196.00,4196.00
3579,7192,3,18,25,1,657.00,657.00
3580,7193,1,1,6,1,6746.00,6746.00
3581,7194,6,24,36,1,6980.00,6980.00
3581,7195,3,18,27,1,5722.00,5722.00
3582,7196,4,21,30,1,4393.00,4393.00
3582,7197,3,18,29,1,1013.00,1013.00
3583,7198,3,19,25,1,3540.00,3540.00
3583,7199,2,14,14,2,5862.00,11724.00
3584,7200,2,17,15,2,2887.00,5774.00
3585,7201,6,24,36,1,808.00,808.00
3586,7202,6,25,36,1,5742.00,5742.00
3586,7203,2,13,13,2,1926.00,3852.00
3587,7204,2,16,13,2,6486.00,12972.00
3588,7205,4,21,30,1,5000.00,5000.00
3589,7206,4,22,31,1,1483.00,1483.00
3589,7207,4,20,35,1,5291.00,5291.00
3589,7208,4,20,30,1,3509.00,3509.00
3590,7209,2,17,18,2,3633.00,7266.00
3591,7210,3,19,22,1,1117.00,1117.00
3592,7211,1,9,6,1,4798.00,4798.00
3592,7212,6,25,36,1,1435.00,1435.00
3592,7213,3,19,20,1,5799.00,5799.00
3593,7214,4,20,33,1,6254.00,6254.00
3593,7215,2,14,17,2,5749.00,11498.00
3594,7216,1,6,3,1,4096.00,4096.00
3594,7217,1,6,5,1,1350.00,1350.00
3594,7218,6,24,36,1,2831.00,2831.00
3595,7219,3,19,23,1,1549.00,1549.00
3595,7220,3,18,19,1,3942.00,3942.00
3595,7221,2,15,17,2,2242.00,4484.00
3596,7222,2,17,18,2,1565.00,3130.00
3596,7223,4,21,33,1,1920.00,1920.00
3597,7224,3,19,28,1,4483.00,4483.00
3597,7225,4,21,32,1,6952.00,6952.00
3597,7226,3,19,28,1,5816.00,5816.00
3598,7227,1,6,5,1,4716.00,4716.00
3598,7228,6,24,36,1,6372.00,6372.00
3598,7229,2,11,17,2,6136.00,12272.00
3599,7230,1,1,7,1,5914.00,5914.00
3599,7231,3,19,28,1,1984.00,1984.00
3600,7232,4,21,33,1,6675.00,6675.00
3601,7233,1,9,6,1,6399.00,6399.00
3602,7234,6,24,36,1,3209.00,3209.00
3602,7235,6,25,36,1,5005.00,5005.00
3602,7236,1,6,10,1,1141.00,1141.00
3603,7237,2,11,18,2,3643.00,7286.00
3603,7238,6,24,36,1,2664.00,2664.00
3604,7239,4,20,30,1,3424.00,3424.00
3605,7240,3,18,28,1,4184.00,4184.00
3605,7241,6,24,36,1,4312.00,4312.00
3605,7242,4,20,33,1,1244.00,1244.00
3606,7243,6,25,36,1,3804.00,3804.00
3606,7244,1,4,9,1,3327.00,3327.00
3606,7245,3,19,23,1,5438.00,5438.00
3607,7246,3,19,23,1,1964.00,1964.00
3607,7247,1,5,2,1,3198.00,3198.00
3608,7248,4,22,35,1,1139.00,1139.00
3609,7249,4,22,35,1,3046.00,3046.00
3610,7250,6,24,36,1,2824.00,2824.00
3611,7251,3,18,28,1,4040.00,4040.00
3611,7252,3,18,22,1,3611.00,3611.00
3611,7253,2,14,18,2,4104.00,8208.00
3612,7254,4,21,31,1,3937.00,3937.00
3613,7255,4,21,30,1,6855.00,6855.00
3614,7256,2,11,17,2,6309.00,12618.00
3615,7257,2,12,14,2,5839.00,11678.00
3615,7258,1,4,9,1,2245.00,2245.00
3616,7259,4,21,35,1,5508.00,5508.00
3617,7260,1,2,2,1,1074.00,1074.00
3617,7261,4,22,35,1,2380.00,2380.00
3618,7262,1,10,2,1,2322.00,2322.00
3619,7263,1,6,6,1,5638.00,5638.00
3619,7264,6,25,36,1,2436.00,2436.00
3619,7265,4,21,33,1,6256.00,6256.00
3620,7266,6,25,36,1,6091.00,6091.00
3620,7267,6,25,36,1,3979.00,3979.00
3620,7268,6,24,36,1,6561.00,6561.00
3621,7269,4,20,35,1,2848.00,2848.00
3621,7270,1,8,7,1,3127.00,3127.00
3621,7271,4,21,33,1,1618.00,1618.00
3622,7272,2,15,17,2,5801.00,11602.00
3623,7273,3,19,24,1,2833.00,2833.00
3623,7274,2,16,16,2,1207.00,2414.00
3623,7275,1,7,4,1,812.00,812.00
3624,7276,2,12,17,2,6943.00,13886.00
3625,7277,3,18,22,1,1761.00,1761.00
3625,7278,2,17,18,2,3296.00,6592.00
3625,7279,3,19,28,1,6084.00,6084.00
3626,7280,3,18,25,1,3452.00,3452.00
3626,7281,2,14,13,2,5521.00,11042.00
3626,7282,6,24,36,1,3765.00,3765.00
3627,7283,1,8,7,1,3726.00,3726.00
3628,7284,6,24,36,1,1075.00,1075.00
3628,7285,2,17,13,2,5996.00,11992.00
3628,7286,6,24,36,1,4779.00,4779.00
3629,7287,4,20,30,1,3492.00,3492.00
3629,7288,1,9,7,1,2612.00,2612.00
3629,7289,2,15,16,2,4319.00,8638.00
3630,7290,4,20,33,1,696.00,696.00
3630,7291,3,18,21,1,668.00,668.00
3630,7292,2,17,12,2,1450.00,2900.00
3631,7293,6,25,36,1,789.00,789.00
3632,7294,1,8,4,1,991.00,991.00
3632,7295,4,20,34,1,4605.00,4605.00
3633,7296,2,11,14,2,6990.00,13980.00
3634,7297,6,25,36,1,5775.00,5775.00
3635,7298,2,12,18,2,1687.00,3374.00
3636,7299,4,20,30,1,862.00,862.00
3637,7300,4,21,31,1,2178.00,2178.00
3637,7301,1,5,6,1,6689.00,6689.00
3637,7302,1,3,10,1,6409.00,6409.00
3638,7303,1,9,6,1,2290.00,2290.00
3638,7304,6,25,36,1,3853.00,3853.00
3638,7305,6,25,36,1,5729.00,5729.00
3639,7306,6,24,36,1,2692.00,2692.00
3640,7307,3,19,24,1,867.00,867.00
3640,7308,6,25,36,1,3575.00,3575.00
3640,7309,4,21,33,1,3185.00,3185.00
3641,7310,2,14,17,2,5375.00,10750.00
3641,7311,4,22,33,1,1445.00,1445.00
3641,7312,3,18,26,1,2219.00,2219.00
3642,7313,2,15,14,2,1551.00,3102.00
3642,7314,2,12,13,2,1938.00,3876.00
3643,7315,2,17,18,2,4261.00,8522.00
3644,7316,6,25,36,1,3906.00,3906.00
3644,7317,3,18,27,1,6078.00,6078.00
3644,7318,4,21,34,1,4115.00,4115.00
3645,7319,3,18,22,1,5983.00,5983.00
3645,7320,6,24,36,1,3796.00,3796.00
3646,7321,6,25,36,1,3163.00,3163.00
3646,7322,6,25,36,1,770.00,770.00
3647,7323,6,24,36,1,772.00,772.00
3648,7324,4,21,34,1,3228.00,3228.00
3649,7325,4,22,33,1,6010.00,6010.00
3650,7326,6,24,36,1,3290.00,3290.00
3650,7327,2,11,13,2,5454.00,10908.00
3650,7328,6,24,36,1,3699.00,3699.00
3651,7329,4,22,31,1,2662.00,2662.00
3652,7330,1,5,11,1,2828.00,2828.00
3652,7331,3,18,25,1,3711.00,3711.00
3652,7332,6,24,36,1,5207.00,5207.00
3653,7333,2,14,16,2,626.00,1252.00
3653,7334,1,10,7,1,2072.00,2072.00
3653,7335,3,19,29,1,5677.00,5677.00
3654,7336,3,19,28,1,4573.00,4573.00
3655,7337,4,22,32,1,2187.00,2187.00
3655,7338,2,13,15,2,3127.00,6254.00
3656,7339,3,18,26,1,4786.00,4786.00
3657,7340,2,13,15,2,1609.00,3218.00
3657,7341,4,21,30,1,5982.00,5982.00
3657,7342,1,4,5,1,1301.00,1301.00
3658,7343,1,1,1,1,3461.00,3461.00
3659,7344,2,12,16,2,5277.00,10554.00
3659,7345,2,13,18,2,2054.00,4108.00
3660,7346,6,25,36,1,4674.00,4674.00
3660,7347,1,9,6,1,5160.00,5160.00
3660,7348,1,6,5,1,6145.00,6145.00
3661,7349,1,3,9,1,1158.00,1158.00
3662,7350,2,17,12,2,2405.00,4810.00
3663,7351,1,9,2,1,5787.00,5787.00
3663,7352,2,16,17,2,2388.00,4776.00
3664,7353,2,12,13,2,6171.00,12342.00
3664,7354,4,22,30,1,6804.00,6804.00
3664,7355,6,24,36,1,6737.00,6737.00
3665,7356,4,20,30,1,5495.00,5495.00
3666,7357,2,11,13,2,590.00,1180.00
3666,7358,2,17,15,2,2475.00,4950.00
3666,7359,6,24,36,1,2622.00,2622.00
3667,7360,4,21,35,1,4144.00,4144.00
3668,7361,2,11,12,2,2285.00,4570.00
3669,7362,2,17,16,2,1523.00,3046.00
3669,7363,6,24,36,1,1220.00,1220.00
3669,7364,6,24,36,1,3623.00,3623.00
3670,7365,1,5,1,1,5449.00,5449.00
3670,7366,2,11,15,2,4349.00,8698.00
3671,7367,1,2,4,1,804.00,804.00
3672,7368,3,19,21,1,4133.00,4133.00
3672,7369,6,24,36,1,5803.00,5803.00
3672,7370,6,24,36,1,3171.00,3171.00
3673,7371,4,22,33,1,3479.00,3479.00
3673,7372,1,5,5,1,5029.00,5029.00
3673,7373,3,18,19,1,2782.00,2782.00
3674,7374,1,1,2,1,4637.00,4637.00
3674,7375,6,24,36,1,2507.00,2507.00
3675,7376,4,22,31,1,6577.00,6577.00
3675,7377,2,17,15,2,5709.00,11418.00
3675,7378,2,14,17,2,4701.00,9402.00
3676,7379,3,18,25,1,5842.00,5842.00
3676,7380,2,14,17,2,1420.00,2840.00
3676,7381,4,20,30,1,5588.00,5588.00
3677,7382,2,15,16,2,4030.00,8060.00
3678,7383,4,20,31,1,3258.00,3258.00
3678,7384,2,17,18,2,6010.00,12020.00
3679,7385,6,25,36,1,1798.00,1798.00
3679,7386,4,21,30,1,3619.00,3619.00
3679,7387,2,13,16,2,5847.00,11694.00
3680,7388,6,25,36,1,5265.00,5265.00
3680,7389,1,8,11,1,1368.00,1368.00
3680,7390,1,5,9,1,5878.00,5878.00
3681,7391,2,16,17,2,2931.00,5862.00
3681,7392,6,25,36,1,616.00,616.00
3681,7393,3,19,25,1,2123.00,2123.00
3682,7394,2,13,13,2,6206.00,12412.00
3683,7395,6,25,36,1,4868.00,4868.00
3683,7396,6,25,36,1,5727.00,5727.00
3683,7397,4,21,33,1,6618.00,6618.00
3684,7398,1,10,11,1,3072.00,3072.00
3684,7399,1,3,9,1,761.00,761.00
3684,7400,6,25,36,1,4772.00,4772.00
3685,7401,2,11,17,2,5906.00,11812.00
3685,7402,4,20,32,1,5991.00,5991.00
3685,7403,1,5,11,1,2622.00,2622.00
3686,7404,2,16,17,2,2523.00,5046.00
3686,7405,4,20,34,1,5867.00,5867.00
3686,7406,1,5,11,1,4160.00,4160.00
3687,7407,6,25,36,1,722.00,722.00
3688,7408,4,22,35,1,1976.00,1976.00
3689,7409,6,25,36,1,1686.00,1686.00
3690,7410,3,18,19,1,4636.00,4636.00
3691,7411,4,21,30,1,1670.00,1670.00
3691,7412,3,18,28,1,677.00,677.00
3691,7413,3,19,23,1,1821.00,1821.00
3692,7414,6,25,36,1,6504.00,6504.00
3693,7415,2,11,14,2,2670.00,5340.00
3694,7416,4,22,34,1,5331.00,5331.00
3694,7417,6,24,36,1,5304.00,5304.00
3694,7418,1,6,10,1,5891.00,5891.00
3695,7419,6,24,36,1,1101.00,1101.00
3695,7420,6,24,36,1,2100.00,2100.00
3695,7421,2,14,18,2,5474.00,10948.00
3696,7422,6,25,36,1,5384.00,5384.00
3696,7423,2,13,18,2,2161.00,4322.00
3697,7424,4,20,32,1,2324.00,2324.00
3698,7425,2,17,15,2,1106.00,2212.00
3699,7426,3,19,26,1,6955.00,6955.00
3700,7427,4,21,30,1,1707.00,1707.00
3701,7428,2,13,18,2,3001.00,6002.00
3701,7429,2,15,13,2,3918.00,7836.00
3701,7430,4,22,35,1,4452.00,4452.00
3702,7431,3,18,29,1,5410.00,5410.00
3703,7432,4,21,33,1,1961.00,1961.00
3703,7433,3,19,20,1,2654.00,2654.00
3703,7434,3,19,24,1,4883.00,4883.00
3704,7435,6,25,36,1,6951.00,6951.00
3704,7436,1,8,1,1,1131.00,1131.00
3704,7437,1,2,4,1,3171.00,3171.00
3705,7438,1,1,3,1,2283.00,2283.00
3705,7439,6,24,36,1,6279.00,6279.00
3705,7440,2,15,15,2,1392.00,2784.00
3706,7441,1,2,8,1,6463.00,6463.00
3707,7442,6,24,36,1,2042.00,2042.00
3707,7443,3,18,23,1,4800.00,4800.00
3708,7444,1,6,9,1,4571.00,4571.00
3709,7445,6,24,36,1,3151.00,3151.00
3709,7446,6,25,36,1,4277.00,4277.00
3709,7447,2,13,14,2,3282.00,6564.00
3710,7448,6,24,36,1,5452.00,5452.00
3711,7449,3,19,20,1,6662.00,6662.00
3712,7450,2,14,13,2,3510.00,7020.00
3712,7451,3,19,29,1,2945.00,2945.00
3712,7452,6,25,36,1,515.00,515.00
3713,7453,2,16,17,2,1481.00,2962.00
3714,7454,6,24,36,1,4750.00,4750.00
3715,7455,2,13,13,2,1631.00,3262.00
3715,7456,1,6,8,1,6355.00,6355.00
3715,7457,4,20,30,1,3378.00,3378.00
3716,7458,1,1,5,1,2305.00,2305.00
3716,7459,2,17,17,2,5136.00,10272.00
3717,7460,6,24,36,1,2228.00,2228.00
3718,7461,4,22,32,1,3038.00,3038.00
3719,7462,3,18,28,1,5814.00,5814.00
3720,7463,3,18,19,1,4157.00,4157.00
3721,7464,3,19,20,1,6819.00,6819.00
3721,7465,1,5,10,1,6148.00,6148.00
3722,7466,4,20,35,1,5402.00,5402.00
3722,7467,6,24,36,1,6769.00,6769.00
3723,7468,4,20,32,1,2321.00,2321.00
3724,7469,4,20,33,1,3633.00,3633.00
3724,7470,6,24,36,1,3663.00,3663.00
3725,7471,4,20,35,1,1346.00,1346.00
3726,7472,2,11,12,2,4981.00,9962.00
3726,7473,2,14,18,2,4319.00,8638.00
3727,7474,2,16,14,2,5893.00,11786.00
3727,7475,4,21,34,1,1326.00,1326.00
3728,7476,6,25,36,1,2677.00,2677.00
3728,7477,3,19,24,1,5779.00,5779.00
3728,7478,6,25,36,1,4802.00,4802.00
3729,7479,2,12,13,2,3475.00,6950.00
3729,7480,2,12,13,2,3530.00,7060.00
3730,7481,6,24,36,1,2174.00,2174.00
3731,7482,6,25,36,1,5306.00,5306.00
3732,7483,3,19,22,1,4335.00,4335.00
3733,7484,4,20,31,1,6206.00,6206.00
3733,7485,1,3,7,1,1317.00,1317.00
3734,7486,6,24,36,1,5282.00,5282.00
3734,7487,1,3,7,1,5003.00,5003.00
3734,7488,4,20,35,1,1984.00,1984.00
3735,7489,6,25,36,1,6181.00,6181.00
3735,7490,2,13,15,2,4025.00,8050.00
3735,7491,4,22,34,1,5867.00,5867.00
3736,7492,4,22,33,1,3585.00,3585.00
3737,7493,6,24,36,1,1712.00,1712.00
3738,7494,3,19,28,1,2780.00,2780.00
3738,7495,2,14,15,2,802.00,1604.00
3739,7496,3,19,25,1,3790.00,3790.00
3739,7497,3,19,21,1,4510.00,4510.00
3740,7498,3,19,20,1,2147.00,2147.00
3741,7499,3,19,29,1,2401.00,2401.00
3741,7500,1,4,3,1,6184.00,6184.00
3741,7501,6,25,36,1,2114.00,2114.00
3742,7502,3,19,24,1,1283.00,1283.00
3742,7503,4,21,31,1,3428.00,3428.00
3743,7504,2,11,12,2,4765.00,9530.00
3743,7505,1,3,5,1,6415.00,6415.00
3743,7506,3,18,29,1,639.00,639.00
3744,7507,3,18,20,1,3385.00,3385.00
3744,7508,3,18,25,1,1809.00,1809.00
3745,7509,1,6,1,1,6115.00,6115.00
3746,7510,3,18,19,1,3701.00,3701.00
3746,7511,4,21,35,1,3346.00,3346.00
3746,7512,6,25,36,1,2215.00,2215.00
3747,7513,3,18,26,1,1097.00,1097.00
3747,7514,3,18,24,1,4179.00,4179.00
3747,7515,4,21,34,1,548.00,548.00
3748,7516,3,19,29,1,5899.00,5899.00
3749,7517,2,17,17,2,1046.00,2092.00
3749,7518,6,24,36,1,6564.00,6564.00
3750,7519,3,19,29,1,5703.00,5703.00
3750,7520,4,22,33,1,1403.00,1403.00
3751,7521,6,25,36,1,6467.00,6467.00
3752,7522,6,25,36,1,2622.00,2622.00
3753,7523,6,24,36,1,2780.00,2780.00
3753,7524,3,18,29,1,6618.00,6618.00
3753,7525,4,20,31,1,5729.00,5729.00
3754,7526,3,19,21,1,5340.00,5340.00
3755,7527,4,22,35,1,5899.00,5899.00
3755,7528,2,17,15,2,4370.00,8740.00
3755,7529,1,1,9,1,1118.00,1118.00
3756,7530,3,19,28,1,4376.00,4376.00
3756,7531,4,20,32,1,1195.00,1195.00
3756,7532,2,12,18,2,5583.00,11166.00
3757,7533,4,21,34,1,6270.00,6270.00
3757,7534,2,16,16,2,6475.00,12950.00
3757,7535,4,20,31,1,5125.00,5125.00
3758,7536,3,19,22,1,1944.00,1944.00
3758,7537,4,21,33,1,2365.00,2365.00
3759,7538,2,17,15,2,913.00,1826.00
3760,7539,3,18,22,1,5143.00,5143.00
3760,7540,4,20,35,1,1820.00,1820.00
3761,7541,1,4,1,1,5047.00,5047.00
3761,7542,3,19,24,1,3190.00,3190.00
3761,7543,3,19,29,1,2463.00,2463.00
3762,7544,6,24,36,1,862.00,862.00
3762,7545,1,4,9,1,2811.00,2811.00
3762,7546,3,19,20,1,2422.00,2422.00
3763,7547,3,18,19,1,4639.00,4639.00
3763,7548,2,16,14,2,6670.00,13340.00
3763,7549,4,22,35,1,2529.00,2529.00
3764,7550,2,16,14,2,2117.00,4234.00
3764,7551,2,13,13,2,1348.00,2696.00
3764,7552,2,14,15,2,2650.00,5300.00
3765,7553,2,14,13,2,3023.00,6046.00
3765,7554,6,25,36,1,4322.00,4322.00
3766,7555,4,20,35,1,4846.00,4846.00
3767,7556,6,25,36,1,3065.00,3065.00
3767,7557,1,2,1,1,2363.00,2363.00
3768,7558,6,24,36,1,3472.00,3472.00
3768,7559,6,25,36,1,3970.00,3970.00
3768,7560,1,1,10,1,1056.00,1056.00
3769,7561,6,25,36,1,3222.00,3222.00
3769,7562,2,17,13,2,2829.00,5658.00
3769,7563,2,13,13,2,730.00,1460.00
3770,7564,3,19,25,1,6508.00,6508.00
3770,7565,2,11,14,2,3937.00,7874.00
3770,7566,3,18,27,1,4590.00,4590.00
3771,7567,1,1,10,1,3513.00,3513.00
3771,7568,4,21,34,1,1739.00,1739.00
3771,7569,2,16,13,2,568.00,1136.00
3772,7570,6,24,36,1,2840.00,2840.00
3773,7571,6,24,36,1,4566.00,4566.00
3773,7572,1,7,3,1,6700.00,6700.00
3774,7573,6,24,36,1,3743.00,3743.00
3774,7574,2,13,17,2,4152.00,8304.00
3775,7575,2,13,12,2,4094.00,8188.00
3775,7576,6,24,36,1,2591.00,2591.00
3775,7577,3,19,19,1,1732.00,1732.00
3776,7578,6,24,36,1,5913.00,5913.00
3776,7579,2,17,17,2,678.00,1356.00
3777,7580,3,19,26,1,5066.00,5066.00
3777,7581,6,25,36,1,2727.00,2727.00
3777,7582,4,22,31,1,6351.00,6351.00
3778,7583,3,18,19,1,6890.00,6890.00
3778,7584,2,14,12,2,6660.00,13320.00
3778,7585,1,2,6,1,3961.00,3961.00
3779,7586,2,15,17,2,1480.00,2960.00
3780,7587,6,25,36,1,6310.00,6310.00
3780,7588,6,24,36,1,4546.00,4546.00
3780,7589,2,14,13,2,5620.00,11240.00
3781,7590,6,24,36,1,2967.00,2967.00
3781,7591,4,20,34,1,976.00,976.00
3781,7592,2,16,17,2,5880.00,11760.00
3782,7593,2,16,18,2,6447.00,12894.00
3782,7594,1,8,9,1,2593.00,2593.00
3782,7595,3,18,26,1,2607.00,2607.00
3783,7596,4,20,35,1,3039.00,3039.00
3783,7597,1,2,1,1,1082.00,1082.00
3784,7598,4,21,34,1,4143.00,4143.00
3785,7599,1,3,4,1,4574.00,4574.00
3785,7600,4,22,34,1,5015.00,5015.00
3786,7601,3,18,19,1,5060.00,5060.00
3786,7602,6,24,36,1,3813.00,3813.00
3787,7603,1,5,5,1,3950.00,3950.00
3787,7604,3,18,29,1,4175.00,4175.00
3787,7605,2,14,18,2,5967.00,11934.00
3788,7606,3,19,26,1,4863.00,4863.00
3789,7607,3,19,21,1,4074.00,4074.00
3789,7608,4,20,30,1,4141.00,4141.00
3790,7609,3,18,19,1,3629.00,3629.00
3790,7610,3,19,27,1,6868.00,6868.00
3790,7611,3,18,20,1,3139.00,3139.00
3791,7612,2,14,12,2,5526.00,11052.00
3791,7613,4,20,34,1,6955.00,6955.00
3791,7614,3,19,21,1,760.00,760.00
3792,7615,4,22,33,1,1925.00,1925.00
3793,7616,4,21,32,1,4205.00,4205.00
3794,7617,1,5,4,1,1689.00,1689.00
3794,7618,6,25,36,1,1281.00,1281.00
3794,7619,6,24,36,1,960.00,960.00
3795,7620,2,14,16,2,2717.00,5434.00
3795,7621,2,17,16,2,938.00,1876.00
3795,7622,1,9,6,1,3564.00,3564.00
3796,7623,3,18,21,1,2565.00,2565.00
3796,7624,2,13,17,2,2072.00,4144.00
3797,7625,6,25,36,1,5764.00,5764.00
3797,7626,6,25,36,1,1497.00,1497.00
3797,7627,4,21,33,1,3839.00,3839.00
3798,7628,4,22,34,1,1771.00,1771.00
3798,7629,4,21,30,1,4792.00,4792.00
3798,7630,3,19,29,1,6930.00,6930.00
3799,7631,3,18,25,1,3412.00,3412.00
3799,7632,2,17,14,2,5058.00,10116.00
3800,7633,6,25,36,1,6348.00,6348.00
3801,7634,2,14,18,2,4889.00,9778.00
3801,7635,1,2,1,1,3367.00,3367.00
3802,7636,4,20,32,1,2959.00,2959.00
3803,7637,1,3,2,1,4884.00,4884.00
3804,7638,4,22,33,1,1760.00,1760.00
3805,7639,3,18,28,1,2183.00,2183.00
3805,7640,3,19,23,1,1752.00,1752.00
3805,7641,6,25,36,1,3822.00,3822.00
3806,7642,4,20,33,1,2559.00,2559.00
3807,7643,1,4,10,1,1263.00,1263.00
3808,7644,2,13,12,2,884.00,1768.00
3808,7645,3,18,24,1,5713.00,5713.00
3808,7646,4,20,35,1,4657.00,4657.00
3809,7647,2,16,13,2,5198.00,10396.00
3809,7648,2,13,13,2,5386.00,10772.00
3810,7649,3,18,29,1,3569.00,3569.00
3811,7650,4,22,30,1,5894.00,5894.00
3811,7651,3,19,26,1,5545.00,5545.00
3812,7652,1,4,7,1,3672.00,3672.00
3812,7653,6,25,36,1,5970.00,5970.00
3813,7654,3,19,22,1,3657.00,3657.00
3813,7655,1,4,4,1,6022.00,6022.00
3813,7656,1,3,5,1,769.00,769.00
3814,7657,1,5,7,1,6321.00,6321.00
3814,7658,4,22,32,1,4646.00,4646.00
3815,7659,6,25,36,1,2473.00,2473.00
3815,7660,2,16,15,2,5397.00,10794.00
3815,7661,4,21,31,1,3222.00,3222.00
3816,7662,4,20,35,1,5627.00,5627.00
3817,7663,1,4,11,1,903.00,903.00
3817,7664,6,25,36,1,6141.00,6141.00
3817,7665,3,19,20,1,6890.00,6890.00
3818,7666,3,18,26,1,3559.00,3559.00
3819,7667,3,18,20,1,3187.00,3187.00
3819,7668,6,24,36,1,5404.00,5404.00
3820,7669,6,25,36,1,3477.00,3477.00
3820,7670,4,22,31,1,6959.00,6959.00
3821,7671,4,20,35,1,4122.00,4122.00
3821,7672,4,22,32,1,3830.00,3830.00
3821,7673,1,4,2,1,5773.00,5773.00
3822,7674,2,11,17,2,5870.00,11740.00
3823,7675,3,19,22,1,4837.00,4837.00
3824,7676,4,20,31,1,3742.00,3742.00
3824,7677,2,11,13,2,1697.00,3394.00
3824,7678,4,21,31,1,6708.00,6708.00
3825,7679,4,22,31,1,6929.00,6929.00
3826,7680,3,18,24,1,2529.00,2529.00
3826,7681,6,25,36,1,4346.00,4346.00
3827,7682,1,5,6,1,4201.00,4201.00
3828,7683,4,22,31,1,3146.00,3146.00
3828,7684,1,1,8,1,5609.00,5609.00
3829,7685,1,1,5,1,5173.00,5173.00
3829,7686,6,24,36,1,7000.00,7000.00
3830,7687,6,24,36,1,3774.00,3774.00
3830,7688,3,19,25,1,6984.00,6984.00
3831,7689,6,24,36,1,3206.00,3206.00
3831,7690,2,16,14,2,3620.00,7240.00
3832,7691,3,19,26,1,2640.00,2640.00
3833,7692,6,25,36,1,829.00,829.00
3833,7693,3,19,24,1,5179.00,5179.00
3834,7694,4,20,35,1,3150.00,3150.00
3835,7695,6,24,36,1,6264.00,6264.00
3835,7696,3,19,24,1,6109.00,6109.00
3835,7697,4,20,31,1,4057.00,4057.00
3836,7698,1,8,9,1,2855.00,2855.00
3836,7699,3,18,20,1,3734.00,3734.00
3837,7700,2,14,17,2,2381.00,4762.00
3838,7701,4,22,33,1,6807.00,6807.00
3838,7702,3,18,21,1,6370.00,6370.00
3838,7703,4,20,33,1,5081.00,5081.00
3839,7704,1,3,9,1,2618.00,2618.00
3839,7705,3,18,24,1,5920.00,5920.00
3839,7706,3,19,27,1,3851.00,3851.00
3840,7707,3,19,19,1,5480.00,5480.00
3841,7708,3,19,24,1,1123.00,1123.00
3841,7709,1,2,3,1,3669.00,3669.00
3842,7710,6,25,36,1,3979.00,3979.00
3842,7711,3,19,20,1,2283.00,2283.00
3842,7712,4,21,31,1,894.00,894.00
3843,7713,1,6,10,1,5004.00,5004.00
3843,7714,1,5,6,1,4322.00,4322.00
3844,7715,1,2,9,1,2013.00,2013.00
3844,7716,6,25,36,1,5475.00,5475.00
3844,7717,6,24,36,1,2798.00,2798.00
3845,7718,1,1,4,1,4282.00,4282.00
3845,7719,6,24,36,1,6566.00,6566.00
3846,7720,6,25,36,1,5066.00,5066.00
3847,7721,4,22,35,1,2702.00,2702.00
3847,7722,4,21,33,1,1988.00,1988.00
3847,7723,3,18,22,1,2750.00,2750.00
3848,7724,6,24,36,1,2139.00,2139.00
3848,7725,1,10,9,1,2352.00,2352.00
3848,7726,6,24,36,1,4994.00,4994.00
3849,7727,6,25,36,1,1118.00,1118.00
3849,7728,2,11,13,2,1233.00,2466.00
3849,7729,6,24,36,1,1587.00,1587.00
3850,7730,6,25,36,1,3836.00,3836.00
3850,7731,6,24,36,1,4528.00,4528.00
3851,7732,6,25,36,1,3586.00,3586.00
3852,7733,3,19,27,1,2254.00,2254.00
3853,7734,3,18,29,1,4807.00,4807.00
3854,7735,3,19,27,1,3494.00,3494.00
3855,7736,3,19,24,1,5749.00,5749.00
3855,7737,6,25,36,1,5012.00,5012.00
3856,7738,1,9,3,1,6219.00,6219.00
3856,7739,3,18,28,1,3775.00,3775.00
3857,7740,1,7,11,1,3369.00,3369.00
3858,7741,4,20,35,1,5163.00,5163.00
3858,7742,2,11,16,2,4849.00,9698.00
3858,7743,4,21,32,1,2682.00,2682.00
3859,7744,2,16,15,2,6980.00,13960.00
3859,7745,4,22,33,1,4232.00,4232.00
3859,7746,6,24,36,1,2677.00,2677.00
3860,7747,6,25,36,1,1781.00,1781.00
3860,7748,3,18,28,1,4862.00,4862.00
3860,7749,2,14,16,2,3654.00,7308.00
3861,7750,3,18,24,1,1286.00,1286.00
3861,7751,2,13,14,2,2309.00,4618.00
3861,7752,4,20,34,1,6782.00,6782.00
3862,7753,1,3,6,1,6652.00,6652.00
3862,7754,1,7,5,1,3050.00,3050.00
3863,7755,3,18,29,1,6225.00,6225.00
3863,7756,6,24,36,1,5300.00,5300.00
3864,7757,6,25,36,1,3084.00,3084.00
3864,7758,3,18,28,1,6963.00,6963.00
3864,7759,1,5,8,1,5785.00,5785.00
3865,7760,4,21,31,1,5002.00,5002.00
3865,7761,3,18,27,1,4991.00,4991.00
3866,7762,3,18,28,1,2057.00,2057.00
3866,7763,2,11,12,2,5246.00,10492.00
3866,7764,3,18,22,1,6386.00,6386.00
3867,7765,6,25,36,1,4723.00,4723.00
3867,7766,4,20,30,1,4628.00,4628.00
3867,7767,3,19,28,1,5048.00,5048.00
3868,7768,4,22,32,1,3259.00,3259.00
3868,7769,6,25,36,1,4035.00,4035.00
3869,7770,4,22,33,1,6580.00,6580.00
3869,7771,1,9,3,1,3603.00,3603.00
3869,7772,1,5,11,1,3730.00,3730.00
3870,7773,6,25,36,1,519.00,519.00
3871,7774,4,21,31,1,3139.00,3139.00
3872,7775,4,21,31,1,2590.00,2590.00
3873,7776,2,17,14,2,2592.00,5184.00
3873,7777,3,18,23,1,3667.00,3667.00
3873,7778,3,18,28,1,4425.00,4425.00
3874,7779,4,22,32,1,2490.00,2490.00
3875,7780,2,16,13,2,2832.00,5664.00
3875,7781,1,1,1,1,2191.00,2191.00
3875,7782,2,13,16,2,1057.00,2114.00
3876,7783,3,18,27,1,5381.00,5381.00
3876,7784,2,17,13,2,1748.00,3496.00
3877,7785,2,11,17,2,6274.00,12548.00
3878,7786,6,25,36,1,4248.00,4248.00
3878,7787,4,21,30,1,2485.00,2485.00
3879,7788,1,1,3,1,5245.00,5245.00
3880,7789,4,22,35,1,6080.00,6080.00
3881,7790,4,22,32,1,3677.00,3677.00
3881,7791,4,20,30,1,3465.00,3465.00
3882,7792,1,8,8,1,569.00,569.00
3882,7793,2,15,13,2,2820.00,5640.00
3882,7794,6,24,36,1,3208.00,3208.00
3883,7795,6,25,36,1,6545.00,6545.00
3883,7796,3,18,20,1,5404.00,5404.00
3883,7797,3,18,29,1,4266.00,4266.00
3884,7798,3,19,28,1,6669.00,6669.00
3884,7799,6,25,36,1,502.00,502.00
3885,7800,2,13,14,2,2879.00,5758.00
3886,7801,2,17,18,2,5786.00,11572.00
3886,7802,2,12,17,2,4663.00,9326.00
3886,7803,4,20,31,1,2504.00,2504.00
3887,7804,6,24,36,1,5813.00,5813.00
3888,7805,3,18,20,1,554.00,554.00
3888,7806,6,25,36,1,3019.00,3019.00
3889,7807,6,24,36,1,6484.00,6484.00
3890,7808,3,19,24,1,5794.00,5794.00
3890,7809,2,11,15,2,3935.00,7870.00
3890,7810,3,18,24,1,4118.00,4118.00
3891,7811,6,24,36,1,6648.00,6648.00
3891,7812,4,22,30,1,1712.00,1712.00
3892,7813,4,20,34,1,6336.00,6336.00
3892,7814,3,19,20,1,2013.00,2013.00
3892,7815,3,19,28,1,2208.00,2208.00
3893,7816,3,19,22,1,4701.00,4701.00
3893,7817,6,24,36,1,1080.00,1080.00
3893,7818,3,19,28,1,5983.00,5983.00
3894,7819,1,1,6,1,2881.00,2881.00
3894,7820,3,19,20,1,6195.00,6195.00
3895,7821,2,16,13,2,2145.00,4290.00
3896,7822,6,24,36,1,4874.00,4874.00
3896,7823,6,24,36,1,3835.00,3835.00
3897,7824,3,18,24,1,4686.00,4686.00
3897,7825,1,2,9,1,4884.00,4884.00
3898,7826,3,18,22,1,5285.00,5285.00
3899,7827,3,19,28,1,3515.00,3515.00
3900,7828,6,25,36,1,4702.00,4702.00
3900,7829,2,17,14,2,4399.00,8798.00
3901,7830,4,22,32,1,4857.00,4857.00
3901,7831,3,18,23,1,6486.00,6486.00
3901,7832,4,21,33,1,1037.00,1037.00
3902,7833,4,22,35,1,3455.00,3455.00
3902,7834,3,18,28,1,2875.00,2875.00
3903,7835,3,18,29,1,3460.00,3460.00
3903,7836,2,13,17,2,1575.00,3150.00
3903,7837,4,20,31,1,4340.00,4340.00
3904,7838,2,15,12,2,1603.00,3206.00
3904,7839,4,22,35,1,6173.00,6173.00
3905,7840,1,1,1,1,4129.00,4129.00
3906,7841,3,19,21,1,1162.00,1162.00
3907,7842,1,3,4,1,3012.00,3012.00
3907,7843,1,1,11,1,2014.00,2014.00
3908,7844,2,16,12,2,5159.00,10318.00
3908,7845,6,25,36,1,3856.00,3856.00
3909,7846,3,19,23,1,2277.00,2277.00
3909,7847,2,11,13,2,4484.00,8968.00
3909,7848,3,18,26,1,6767.00,6767.00
3910,7849,2,17,16,2,4895.00,9790.00
3911,7850,1,8,8,1,6380.00,6380.00
3912,7851,3,18,25,1,5692.00,5692.00
3912,7852,4,21,31,1,1967.00,1967.00
3912,7853,2,16,12,2,2540.00,5080.00
3913,7854,1,10,5,1,3067.00,3067.00
3914,7855,4,21,31,1,1434.00,1434.00
3914,7856,2,16,17,2,6175.00,12350.00
3915,7857,1,5,5,1,577.00,577.00
3916,7858,2,14,12,2,1691.00,3382.00
3916,7859,4,20,33,1,1331.00,1331.00
3917,7860,4,22,30,1,2365.00,2365.00
3917,7861,3,18,28,1,4621.00,4621.00
3917,7862,6,25,36,1,5084.00,5084.00
3918,7863,3,19,19,1,5407.00,5407.00
3919,7864,1,4,7,1,646.00,646.00
3919,7865,4,22,35,1,2894.00,2894.00
3919,7866,4,22,32,1,4186.00,4186.00
3920,7867,2,15,12,2,5692.00,11384.00
3921,7868,2,15,17,2,1192.00,2384.00
3922,7869,3,18,21,1,6095.00,6095.00
3923,7870,6,24,36,1,5341.00,5341.00
3923,7871,4,21,34,1,5093.00,5093.00
3924,7872,4,22,35,1,6313.00,6313.00
3925,7873,2,12,17,2,6281.00,12562.00
3926,7874,3,19,19,1,6639.00,6639.00
3926,7875,2,17,16,2,5190.00,10380.00
3927,7876,2,16,12,2,1078.00,2156.00
3927,7877,6,24,36,1,6221.00,6221.00
3928,7878,3,18,21,1,4391.00,4391.00
3929,7879,2,13,16,2,639.00,1278.00
3929,7880,2,16,13,2,2058.00,4116.00
3929,7881,6,24,36,1,3876.00,3876.00
3930,7882,6,25,36,1,721.00,721.00
3930,7883,2,12,17,2,1009.00,2018.00
3930,7884,6,25,36,1,4663.00,4663.00
3931,7885,1,6,9,1,1496.00,1496.00
3932,7886,2,16,16,2,6910.00,13820.00
3932,7887,4,20,31,1,3063.00,3063.00
3932,7888,4,22,35,1,3972.00,3972.00
3933,7889,3,18,23,1,2123.00,2123.00
3933,7890,6,24,36,1,6868.00,6868.00
3933,7891,4,21,32,1,943.00,943.00
3934,7892,1,10,9,1,4904.00,4904.00
3935,7893,4,22,31,1,2613.00,2613.00
3936,7894,1,2,11,1,6499.00,6499.00
3937,7895,6,25,36,1,6706.00,6706.00
3937,7896,3,19,21,1,2510.00,2510.00
3938,7897,1,1,2,1,3337.00,3337.00
3939,7898,2,16,16,2,3206.00,6412.00
3939,7899,4,20,35,1,5672.00,5672.00
3940,7900,3,18,21,1,5219.00,5219.00
3940,7901,6,24,36,1,2583.00,2583.00
3940,7902,1,3,2,1,6590.00,6590.00
3941,7903,6,24,36,1,1913.00,1913.00
3941,7904,3,19,28,1,2870.00,2870.00
3941,7905,4,21,34,1,934.00,934.00
3942,7906,3,18,20,1,2688.00,2688.00
3942,7907,6,24,36,1,2677.00,2677.00
3942,7908,1,2,3,1,5502.00,5502.00
3943,7909,6,24,36,1,1649.00,1649.00
3944,7910,4,22,34,1,1509.00,1509.00
3945,7911,2,17,16,2,3037.00,6074.00
3946,7912,4,21,32,1,1745.00,1745.00
3947,7913,4,21,32,1,1496.00,1496.00
3947,7914,2,15,14,2,2452.00,4904.00
3947,7915,3,19,21,1,1431.00,1431.00
3948,7916,6,25,36,1,3509.00,3509.00
3948,7917,1,6,10,1,3098.00,3098.00
3949,7918,1,5,4,1,1512.00,1512.00
3950,7919,2,13,13,2,5097.00,10194.00
3951,7920,4,20,30,1,5884.00,5884.00
3951,7921,3,19,24,1,3166.00,3166.00
3951,7922,3,18,29,1,4439.00,4439.00
3952,7923,1,3,6,1,5610.00,5610.00
3952,7924,6,24,36,1,4441.00,4441.00
3952,7925,3,18,29,1,1002.00,1002.00
3953,7926,1,8,9,1,4284.00,4284.00
3954,7927,1,1,8,1,1757.00,1757.00
3954,7928,6,24,36,1,3263.00,3263.00
3954,7929,1,9,7,1,4492.00,4492.00
3955,7930,6,25,36,1,1907.00,1907.00
3955,7931,2,17,12,2,5180.00,10360.00
3956,7932,1,6,11,1,5730.00,5730.00
3956,7933,4,21,34,1,4512.00,4512.00
3957,7934,4,20,30,1,5719.00,5719.00
3957,7935,2,16,17,2,2835.00,5670.00
3957,7936,3,19,19,1,6875.00,6875.00
3958,7937,1,10,6,1,3213.00,3213.00
3958,7938,1,3,5,1,3382.00,3382.00
3959,7939,2,12,13,2,4710.00,9420.00
3959,7940,6,25,36,1,4599.00,4599.00
3959,7941,1,4,9,1,5456.00,5456.00
3960,7942,6,24,36,1,2577.00,2577.00
3960,7943,2,17,12,2,4969.00,9938.00
3961,7944,6,25,36,1,2148.00,2148.00
3962,7945,6,25,36,1,5778.00,5778.00
3963,7946,6,24,36,1,5194.00,5194.00
3963,7947,6,24,36,1,6114.00,6114.00
3963,7948,1,3,6,1,5072.00,5072.00
3964,7949,1,2,9,1,3876.00,3876.00
3964,7950,3,19,21,1,4551.00,4551.00
3965,7951,4,20,33,1,1193.00,1193.00
3966,7952,6,25,36,1,2007.00,2007.00
3967,7953,4,21,34,1,3326.00,3326.00
3968,7954,2,15,14,2,1976.00,3952.00
3968,7955,6,24,36,1,2790.00,2790.00
3969,7956,3,18,29,1,2067.00,2067.00
3969,7957,2,12,15,2,2117.00,4234.00
3970,7958,4,22,31,1,1329.00,1329.00
3970,7959,6,25,36,1,3021.00,3021.00
3970,7960,2,15,14,2,1908.00,3816.00
3971,7961,6,25,36,1,4698.00,4698.00
3972,7962,2,14,18,2,929.00,1858.00
3973,7963,2,14,16,2,3474.00,6948.00
3973,7964,6,25,36,1,3810.00,3810.00
3974,7965,4,21,33,1,5195.00,5195.00
3974,7966,1,8,9,1,4552.00,4552.00
3975,7967,2,12,13,2,1557.00,3114.00
3975,7968,3,18,20,1,1639.00,1639.00
3975,7969,3,19,20,1,1687.00,1687.00
3976,7970,4,20,35,1,1381.00,1381.00
3976,7971,6,25,36,1,5758.00,5758.00
3977,7972,4,22,34,1,3382.00,3382.00
3977,7973,1,4,11,1,3261.00,3261.00
3978,7974,4,20,30,1,6338.00,6338.00
3979,7975,6,24,36,1,1227.00,1227.00
3979,7976,2,12,12,2,3991.00,7982.00
3979,7977,3,19,20,1,2835.00,2835.00
3980,7978,6,24,36,1,1636.00,1636.00
3980,7979,4,21,33,1,4489.00,4489.00
3981,7980,3,19,19,1,3750.00,3750.00
3981,7981,6,25,36,1,2140.00,2140.00
3981,7982,6,24,36,1,6422.00,6422.00
3982,7983,4,22,30,1,5669.00,5669.00
3982,7984,1,7,5,1,4991.00,4991.00
3983,7985,3,19,19,1,2615.00,2615.00
3983,7986,4,22,30,1,2710.00,2710.00
3983,7987,6,25,36,1,5928.00,5928.00
3984,7988,1,1,5,1,2335.00,2335.00
3985,7989,3,19,24,1,671.00,671.00
3985,7990,4,21,32,1,3610.00,3610.00
3985,7991,2,17,15,2,5818.00,11636.00
3986,7992,2,11,16,2,3174.00,6348.00
3986,7993,6,24,36,1,1671.00,1671.00
3986,7994,4,22,31,1,5037.00,5037.00
3987,7995,1,6,10,1,4223.00,4223.00
3988,7996,4,21,30,1,1595.00,1595.00
3988,7997,4,22,32,1,3075.00,3075.00
3988,7998,1,6,10,1,4514.00,4514.00
3989,7999,2,11,12,2,1216.00,2432.00
3989,8000,2,14,12,2,3820.00,7640.00
3989,8001,4,20,31,1,5106.00,5106.00
3990,8002,1,1,6,1,2088.00,2088.00
3991,8003,1,5,1,1,3416.00,3416.00
3992,8004,2,13,16,2,2654.00,5308.00
3993,8005,6,25,36,1,4272.00,4272.00
3993,8006,6,25,36,1,1970.00,1970.00
3993,8007,3,18,25,1,3334.00,3334.00
3994,8008,2,16,16,2,4384.00,8768.00
3995,8009,6,24,36,1,744.00,744.00
3995,8010,4,20,31,1,2455.00,2455.00
3996,8011,4,22,33,1,1848.00,1848.00
3997,8012,4,21,34,1,2218.00,2218.00
3997,8013,3,19,23,1,1477.00,1477.00
3997,8014,4,21,31,1,3149.00,3149.00
3998,8015,4,21,31,1,6758.00,6758.00
3998,8016,6,25,36,1,3432.00,3432.00
3999,8017,6,24,36,1,4544.00,4544.00
3999,8018,6,24,36,1,5398.00,5398.00
4000,8019,4,20,32,1,6908.00,6908.00
4001,8020,2,11,17,2,3631.00,7262.00
4001,8021,6,24,36,1,5060.00,5060.00
4002,8022,2,12,14,2,4205.00,8410.00
4002,8023,3,18,24,1,1124.00,1124.00
4003,8024,3,19,20,1,6283.00,6283.00
4004,8025,6,25,36,1,946.00,946.00
4004,8026,2,13,14,2,2821.00,5642.00
4005,8027,4,20,32,1,5319.00,5319.00
4005,8028,2,14,12,2,5248.00,10496.00
4006,8029,1,6,1,1,2712.00,2712.00
4007,8030,1,4,4,1,6776.00,6776.00
4008,8031,2,13,14,2,4866.00,9732.00
4008,8032,2,16,15,2,6419.00,12838.00
4008,8033,3,19,29,1,4782.00,4782.00
4009,8034,2,15,13,2,6242.00,12484.00
4009,8035,4,21,33,1,1380.00,1380.00
4009,8036,1,3,6,1,6854.00,6854.00
4010,8037,2,12,18,2,6274.00,12548.00
4010,8038,1,10,11,1,805.00,805.00
4011,8039,2,13,17,2,6243.00,12486.00
4011,8040,3,18,25,1,5807.00,5807.00
4011,8041,2,12,13,2,6255.00,12510.00
4012,8042,2,15,14,2,948.00,1896.00
4013,8043,4,21,31,1,676.00,676.00
4014,8044,3,18,25,1,1387.00,1387.00
4014,8045,3,18,21,1,518.00,518.00
4015,8046,3,19,26,1,3569.00,3569.00
4015,8047,4,20,33,1,2968.00,2968.00
4016,8048,4,22,33,1,4043.00,4043.00
4017,8049,3,19,25,1,3880.00,3880.00
4018,8050,1,3,8,1,2735.00,2735.00
4019,8051,1,7,8,1,5116.00,5116.00
4019,8052,3,18,25,1,2293.00,2293.00
4019,8053,6,24,36,1,4230.00,4230.00
4020,8054,3,19,29,1,6161.00,6161.00
4020,8055,6,24,36,1,6610.00,6610.00
4020,8056,2,13,17,2,6730.00,13460.00
4021,8057,6,24,36,1,625.00,625.00
4021,8058,3,18,19,1,1891.00,1891.00
4022,8059,1,7,7,1,3716.00,3716.00
4022,8060,4,20,31,1,3873.00,3873.00
4023,8061,1,2,3,1,6907.00,6907.00
4023,8062,1,8,6,1,5738.00,5738.00
4024,8063,2,17,18,2,2077.00,4154.00
4025,8064,3,18,26,1,3946.00,3946.00
4025,8065,6,25,36,1,6316.00,6316.00
4026,8066,2,17,17,2,4989.00,9978.00
4027,8067,2,16,12,2,962.00,1924.00
4027,8068,4,21,32,1,5966.00,5966.00
4027,8069,4,22,30,1,4228.00,4228.00
4028,8070,6,24,36,1,1853.00,1853.00
4028,8071,4,22,31,1,6694.00,6694.00
4028,8072,1,1,9,1,2040.00,2040.00
4029,8073,3,19,28,1,5971.00,5971.00
4029,8074,6,25,36,1,912.00,912.00
4030,8075,6,24,36,1,6212.00,6212.00
4031,8076,3,19,24,1,1182.00,1182.00
4031,8077,2,16,18,2,3514.00,7028.00
4032,8078,3,19,19,1,2838.00,2838.00
4032,8079,6,24,36,1,3606.00,3606.00
4033,8080,4,22,32,1,5904.00,5904.00
4033,8081,1,5,10,1,3648.00,3648.00
4034,8082,1,7,3,1,3215.00,3215.00
4035,8083,6,24,36,1,5908.00,5908.00
4035,8084,4,22,33,1,681.00,681.00
4035,8085,3,19,21,1,1589.00,1589.00
4036,8086,4,21,30,1,2327.00,2327.00
4037,8087,6,25,36,1,955.00,955.00
4037,8088,6,25,36,1,2856.00,2856.00
4037,8089,4,22,30,1,1690.00,1690.00
4038,8090,6,24,36,1,2358.00,2358.00
4039,8091,3,18,20,1,2132.00,2132.00
4040,8092,3,19,19,1,2980.00,2980.00
4040,8093,2,13,17,2,2087.00,4174.00
4040,8094,6,24,36,1,1231.00,1231.00
4041,8095,6,24,36,1,4905.00,4905.00
4041,8096,1,5,6,1,5321.00,5321.00
4041,8097,1,7,9,1,3917.00,3917.00
4042,8098,2,13,12,2,6639.00,13278.00
4042,8099,4,21,32,1,4646.00,4646.00
4042,8100,2,15,15,2,5796.00,11592.00
4043,8101,1,1,4,1,946.00,946.00
4043,8102,1,8,2,1,4041.00,4041.00
4044,8103,1,4,1,1,4831.00,4831.00
4044,8104,1,9,9,1,5558.00,5558.00
4045,8105,2,14,16,2,2109.00,4218.00
4045,8106,2,14,15,2,2497.00,4994.00
4045,8107,3,19,29,1,3773.00,3773.00
4046,8108,2,11,16,2,3008.00,6016.00
4047,8109,1,7,8,1,4608.00,4608.00
4047,8110,3,18,19,1,684.00,684.00
4048,8111,1,9,8,1,4600.00,4600.00
4048,8112,6,25,36,1,3957.00,3957.00
4049,8113,6,24,36,1,4618.00,4618.00
4050,8114,4,22,35,1,4468.00,4468.00
4050,8115,2,16,17,2,4702.00,9404.00
4051,8116,4,20,30,1,1503.00,1503.00
4052,8117,3,18,29,1,3930.00,3930.00
4052,8118,3,18,28,1,626.00,626.00
4053,8119,2,12,15,2,6701.00,13402.00
4054,8120,2,17,12,2,4957.00,9914.00
4054,8121,2,15,16,2,2746.00,5492.00
4055,8122,1,2,3,1,3388.00,3388.00
4055,8123,3,19,27,1,3927.00,3927.00
4056,8124,6,24,36,1,3012.00,3012.00
4056,8125,4,22,34,1,4779.00,4779.00
4056,8126,2,16,17,2,5736.00,11472.00
4057,8127,3,19,24,1,4338.00,4338.00
4057,8128,1,8,10,1,1044.00,1044.00
4058,8129,3,18,19,1,4400.00,4400.00
4059,8130,3,19,24,1,1374.00,1374.00
4060,8131,6,25,36,1,2983.00,2983.00
4060,8132,6,25,36,1,1343.00,1343.00
4061,8133,2,11,13,2,3349.00,6698.00
4061,8134,6,25,36,1,3786.00,3786.00
4062,8135,3,18,25,1,5854.00,5854.00
4062,8136,1,5,9,1,1305.00,1305.00
4062,8137,4,20,30,1,3190.00,3190.00
4063,8138,4,22,30,1,614.00,614.00
4063,8139,6,25,36,1,1705.00,1705.00
4064,8140,1,5,3,1,960.00,960.00
4065,8141,1,7,1,1,2528.00,2528.00
4065,8142,4,20,35,1,6268.00,6268.00
4065,8143,2,12,14,2,2266.00,4532.00
4066,8144,1,1,8,1,4105.00,4105.00
4066,8145,4,22,31,1,2781.00,2781.00
4066,8146,3,18,28,1,1498.00,1498.00
4067,8147,2,13,18,2,3807.00,7614.00
4068,8148,1,1,2,1,4630.00,4630.00
4068,8149,6,24,36,1,5323.00,5323.00
4069,8150,4,22,33,1,5933.00,5933.00
4069,8151,1,5,4,1,6178.00,6178.00
4070,8152,4,22,31,1,6016.00,6016.00
4071,8153,6,24,36,1,4775.00,4775.00
4071,8154,2,15,18,2,2972.00,5944.00
4071,8155,3,19,25,1,4101.00,4101.00
4072,8156,2,14,14,2,6166.00,12332.00
4072,8157,2,17,16,2,6825.00,13650.00
4072,8158,2,17,15,2,965.00,1930.00
4073,8159,6,25,36,1,2227.00,2227.00
4073,8160,2,11,15,2,3857.00,7714.00
4073,8161,2,15,17,2,3230.00,6460.00
4074,8162,6,25,36,1,3356.00,3356.00
4075,8163,6,24,36,1,649.00,649.00
4075,8164,3,19,29,1,3407.00,3407.00
4075,8165,3,18,29,1,3660.00,3660.00
4076,8166,6,25,36,1,5491.00,5491.00
4076,8167,2,12,16,2,3809.00,7618.00
4077,8168,1,1,10,1,3274.00,3274.00
4077,8169,2,12,16,2,3392.00,6784.00
4078,8170,2,11,15,2,3801.00,7602.00
4078,8171,3,19,24,1,5781.00,5781.00
4079,8172,1,2,3,1,861.00,861.00
4080,8173,1,7,4,1,6341.00,6341.00
4081,8174,6,25,36,1,5278.00,5278.00
4082,8175,6,24,36,1,3506.00,3506.00
4082,8176,1,9,7,1,6241.00,6241.00
4082,8177,3,19,21,1,5922.00,5922.00
4083,8178,4,22,32,1,3326.00,3326.00
4084,8179,1,7,1,1,779.00,779.00
4085,8180,3,19,27,1,5890.00,5890.00
4085,8181,3,18,29,1,4434.00,4434.00
4086,8182,1,5,6,1,5066.00,5066.00
4086,8183,1,4,1,1,4583.00,4583.00
4087,8184,4,20,33,1,4631.00,4631.00
4087,8185,3,18,26,1,2389.00,2389.00
4088,8186,6,25,36,1,6193.00,6193.00
4089,8187,6,25,36,1,3000.00,3000.00
4090,8188,2,13,12,2,4995.00,9990.00
4091,8189,1,7,3,1,2707.00,2707.00
4091,8190,6,25,36,1,5499.00,5499.00
4091,8191,4,21,33,1,3783.00,3783.00
4092,8192,1,5,9,1,2922.00,2922.00
4092,8193,1,7,8,1,3557.00,3557.00
4093,8194,1,1,1,1,1470.00,1470.00
4093,8195,4,20,30,1,1281.00,1281.00
4094,8196,1,6,9,1,5262.00,5262.00
4094,8197,6,25,36,1,6450.00,6450.00
4094,8198,6,25,36,1,6797.00,6797.00
4095,8199,2,15,14,2,2343.00,4686.00
4095,8200,2,16,17,2,1781.00,3562.00
4096,8201,6,24,36,1,2746.00,2746.00
4096,8202,3,19,22,1,6192.00,6192.00
4097,8203,1,9,11,1,6252.00,6252.00
4098,8204,1,2,11,1,806.00,806.00
4098,8205,6,25,36,1,6243.00,6243.00
4098,8206,2,12,17,2,4579.00,9158.00
4099,8207,6,24,36,1,1949.00,1949.00
4100,8208,2,14,14,2,6029.00,12058.00
4101,8209,6,25,36,1,3290.00,3290.00
4102,8210,3,19,28,1,6999.00,6999.00
4103,8211,3,19,22,1,1674.00,1674.00
4103,8212,6,24,36,1,3354.00,3354.00
4104,8213,3,18,25,1,2804.00,2804.00
4105,8214,4,22,31,1,4288.00,4288.00
4106,8215,3,18,28,1,6125.00,6125.00
4106,8216,2,16,12,2,2868.00,5736.00
4106,8217,4,22,30,1,2213.00,2213.00
4107,8218,1,5,8,1,5603.00,5603.00
4107,8219,3,18,29,1,6742.00,6742.00
4107,8220,4,21,30,1,6608.00,6608.00
4108,8221,4,22,35,1,2744.00,2744.00
4108,8222,4,22,33,1,3291.00,3291.00
4108,8223,4,20,34,1,4238.00,4238.00
4109,8224,4,22,35,1,516.00,516.00
4110,8225,1,2,3,1,6335.00,6335.00
4110,8226,4,21,30,1,6137.00,6137.00
4111,8227,1,7,5,1,5737.00,5737.00
4111,8228,4,22,30,1,3159.00,3159.00
4112,8229,6,25,36,1,1388.00,1388.00
4113,8230,2,16,17,2,5342.00,10684.00
4113,8231,4,21,30,1,2587.00,2587.00
4113,8232,3,19,23,1,2863.00,2863.00
4114,8233,1,10,7,1,6993.00,6993.00
4114,8234,1,6,9,1,6673.00,6673.00
4114,8235,3,19,26,1,1636.00,1636.00
4115,8236,4,22,30,1,3073.00,3073.00
4115,8237,6,25,36,1,3513.00,3513.00
4116,8238,2,11,17,2,2962.00,5924.00
4117,8239,6,25,36,1,4442.00,4442.00
4118,8240,6,24,36,1,6909.00,6909.00
4118,8241,6,24,36,1,2368.00,2368.00
4118,8242,1,3,10,1,5268.00,5268.00
4119,8243,1,7,2,1,4922.00,4922.00
4120,8244,3,18,20,1,860.00,860.00
4120,8245,4,22,30,1,6723.00,6723.00
4121,8246,3,18,26,1,4925.00,4925.00
4122,8247,4,20,33,1,5676.00,5676.00
4123,8248,6,24,36,1,5869.00,5869.00
4123,8249,4,20,32,1,784.00,784.00
4123,8250,2,13,15,2,3715.00,7430.00
4124,8251,6,25,36,1,6583.00,6583.00
4124,8252,4,22,33,1,5078.00,5078.00
4125,8253,3,18,20,1,5479.00,5479.00
4125,8254,2,12,15,2,5996.00,11992.00
4126,8255,4,22,33,1,2607.00,2607.00
4127,8256,4,22,33,1,5030.00,5030.00
4127,8257,6,25,36,1,2750.00,2750.00
4127,8258,1,7,10,1,5323.00,5323.00
4128,8259,3,19,23,1,3558.00,3558.00
4129,8260,3,19,26,1,1449.00,1449.00
4130,8261,2,11,15,2,1312.00,2624.00
4130,8262,3,18,24,1,3303.00,3303.00
4130,8263,4,20,33,1,2730.00,2730.00
4131,8264,6,25,36,1,3066.00,3066.00
4131,8265,1,10,10,1,5648.00,5648.00
4132,8266,6,24,36,1,1947.00,1947.00
4132,8267,4,21,30,1,4866.00,4866.00
4132,8268,1,8,8,1,1798.00,1798.00
4133,8269,2,14,16,2,6062.00,12124.00
4133,8270,6,24,36,1,3475.00,3475.00
4134,8271,3,19,28,1,767.00,767.00
4135,8272,1,4,6,1,793.00,793.00
4136,8273,1,2,7,1,4904.00,4904.00
4136,8274,1,5,11,1,1416.00,1416.00
4136,8275,4,22,31,1,3260.00,3260.00
4137,8276,4,21,32,1,5452.00,5452.00
4138,8277,2,17,15,2,3101.00,6202.00
4139,8278,4,20,35,1,3590.00,3590.00
4139,8279,1,3,1,1,3095.00,3095.00
4139,8280,3,19,26,1,3615.00,3615.00
4140,8281,2,13,15,2,2816.00,5632.00
4141,8282,1,8,9,1,2462.00,2462.00
4142,8283,4,20,30,1,1762.00,1762.00
4142,8284,2,14,15,2,1054.00,2108.00
4142,8285,6,25,36,1,5448.00,5448.00
4143,8286,6,25,36,1,1651.00,1651.00
4143,8287,1,2,9,1,4163.00,4163.00
4143,8288,3,19,27,1,3656.00,3656.00
4144,8289,1,8,6,1,1274.00,1274.00
4144,8290,6,25,36,1,3439.00,3439.00
4144,8291,1,2,2,1,2447.00,2447.00
4145,8292,4,20,30,1,2721.00,2721.00
4145,8293,4,21,35,1,4809.00,4809.00
4145,8294,6,24,36,1,1059.00,1059.00
4146,8295,3,19,27,1,1907.00,1907.00
4146,8296,4,20,35,1,1185.00,1185.00
4147,8297,1,9,8,1,1883.00,1883.00
4148,8298,1,1,10,1,779.00,779.00
4148,8299,3,19,21,1,3372.00,3372.00
4149,8300,3,19,21,1,2288.00,2288.00
4149,8301,1,1,5,1,3420.00,3420.00
4150,8302,1,2,9,1,3580.00,3580.00
4151,8303,1,9,1,1,3175.00,3175.00
4151,8304,2,13,16,2,2025.00,4050.00
4151,8305,1,4,4,1,6184.00,6184.00
4152,8306,6,25,36,1,5703.00,5703.00
4152,8307,1,9,5,1,5384.00,5384.00
4152,8308,3,18,20,1,4922.00,4922.00
4153,8309,6,24,36,1,4110.00,4110.00
4153,8310,3,18,19,1,756.00,756.00
4154,8311,6,25,36,1,3835.00,3835.00
4155,8312,6,25,36,1,1940.00,1940.00
4155,8313,4,22,32,1,2863.00,2863.00
4155,8314,4,20,32,1,2155.00,2155.00
4156,8315,6,24,36,1,6641.00,6641.00
4156,8316,1,6,3,1,3702.00,3702.00
4157,8317,2,11,14,2,3820.00,7640.00
4157,8318,3,18,19,1,5599.00,5599.00
4158,8319,4,21,32,1,6998.00,6998.00
4159,8320,6,24,36,1,4104.00,4104.00
4159,8321,2,13,17,2,2487.00,4974.00
4160,8322,4,22,34,1,5240.00,5240.00
4160,8323,3,18,20,1,2796.00,2796.00
4161,8324,3,18,21,1,5771.00,5771.00
4161,8325,6,24,36,1,1474.00,1474.00
4161,8326,6,25,36,1,6168.00,6168.00
4162,8327,4,22,31,1,4583.00,4583.00
4162,8328,6,25,36,1,6801.00,6801.00
4163,8329,2,13,14,2,2464.00,4928.00
4164,8330,6,25,36,1,4904.00,4904.00
4164,8331,2,16,17,2,6173.00,12346.00
4165,8332,2,14,12,2,2649.00,5298.00
4165,8333,1,1,11,1,6941.00,6941.00
4165,8334,1,9,1,1,3558.00,3558.00
4166,8335,2,11,15,2,6989.00,13978.00
4166,8336,2,17,12,2,6977.00,13954.00
4167,8337,4,20,32,1,5231.00,5231.00
4167,8338,4,20,35,1,4977.00,4977.00
4167,8339,6,25,36,1,2908.00,2908.00
4168,8340,4,22,30,1,560.00,560.00
4169,8341,3,18,23,1,4255.00,4255.00
4170,8342,1,7,1,1,4961.00,4961.00
4170,8343,2,14,13,2,994.00,1988.00
4170,8344,2,15,13,2,2485.00,4970.00
4171,8345,3,19,20,1,1205.00,1205.00
4172,8346,4,22,34,1,4241.00,4241.00
4172,8347,2,14,17,2,5825.00,11650.00
4172,8348,6,25,36,1,3062.00,3062.00
4173,8349,2,12,15,2,2315.00,4630.00
4173,8350,4,22,32,1,980.00,980.00
4174,8351,2,13,12,2,1897.00,3794.00
4174,8352,2,15,13,2,1088.00,2176.00
4175,8353,3,18,19,1,5672.00,5672.00
4175,8354,2,16,15,2,1885.00,3770.00
4175,8355,1,9,4,1,3275.00,3275.00
4176,8356,6,24,36,1,5703.00,5703.00
4176,8357,1,7,6,1,1913.00,1913.00
4177,8358,3,18,25,1,6892.00,6892.00
4177,8359,2,11,18,2,6118.00,12236.00
4178,8360,1,2,10,1,6590.00,6590.00
4179,8361,4,20,35,1,6625.00,6625.00
4179,8362,6,25,36,1,4204.00,4204.00
4179,8363,1,10,1,1,5611.00,5611.00
4180,8364,4,21,34,1,4634.00,4634.00
4180,8365,2,12,16,2,4831.00,9662.00
4181,8366,3,19,25,1,2917.00,2917.00
4181,8367,4,21,31,1,5746.00,5746.00
4182,8368,3,18,25,1,1148.00,1148.00
4183,8369,2,16,13,2,5412.00,10824.00
4183,8370,3,18,27,1,4291.00,4291.00
4184,8371,1,1,8,1,5167.00,5167.00
4184,8372,3,18,24,1,2772.00,2772.00
4185,8373,4,22,35,1,6738.00,6738.00
4186,8374,3,19,23,1,5815.00,5815.00
4186,8375,1,3,8,1,523.00,523.00
4187,8376,6,25,36,1,2985.00,2985.00
4188,8377,4,22,31,1,6181.00,6181.00
4188,8378,2,13,15,2,6273.00,12546.00
4189,8379,3,19,28,1,2696.00,2696.00
4190,8380,1,9,7,1,2358.00,2358.00
4190,8381,3,19,28,1,1238.00,1238.00
4190,8382,2,16,17,2,1679.00,3358.00
4191,8383,1,6,8,1,3224.00,3224.00
4192,8384,2,11,15,2,6120.00,12240.00
4192,8385,2,11,13,2,4787.00,9574.00
4192,8386,6,25,36,1,3023.00,3023.00
4193,8387,4,22,31,1,853.00,853.00
4193,8388,6,25,36,1,3876.00,3876.00
4193,8389,4,21,34,1,5801.00,5801.00
4194,8390,4,20,35,1,6491.00,6491.00
4194,8391,6,24,36,1,2970.00,2970.00
4194,8392,2,12,13,2,6878.00,13756.00
4195,8393,6,24,36,1,738.00,738.00
4196,8394,1,2,6,1,4199.00,4199.00
4196,8395,4,22,32,1,4712.00,4712.00
4196,8396,2,11,18,2,2732.00,5464.00
4197,8397,2,11,14,2,3588.00,7176.00
4198,8398,4,21,32,1,6845.00,6845.00
4198,8399,3,19,20,1,3503.00,3503.00
4198,8400,1,9,7,1,5737.00,5737.00
4199,8401,6,24,36,1,962.00,962.00
4199,8402,1,7,5,1,4052.00,4052.00
4200,8403,3,18,20,1,6966.00,6966.00
4201,8404,3,18,21,1,2354.00,2354.00
4202,8405,3,19,21,1,1509.00,1509.00
4202,8406,6,24,36,1,5990.00,5990.00
4203,8407,3,19,22,1,3046.00,3046.00
4204,8408,4,22,34,1,2826.00,2826.00
4204,8409,1,8,4,1,4372.00,4372.00
4204,8410,1,6,9,1,2693.00,2693.00
4205,8411,6,24,36,1,5538.00,5538.00
4205,8412,3,18,24,1,4411.00,4411.00
4206,8413,3,19,19,1,3602.00,3602.00
4206,8414,4,21,31,1,1417.00,1417.00
4206,8415,4,20,33,1,2328.00,2328.00
4207,8416,4,21,31,1,6578.00,6578.00
4208,8417,1,10,4,1,6543.00,6543.00
4209,8418,1,1,2,1,2547.00,2547.00
4209,8419,6,24,36,1,6180.00,6180.00
4210,8420,1,4,3,1,4531.00,4531.00
4210,8421,3,19,28,1,851.00,851.00
4210,8422,2,11,15,2,4263.00,8526.00
4211,8423,6,25,36,1,2412.00,2412.00
4211,8424,3,18,29,1,4682.00,4682.00
4211,8425,6,24,36,1,858.00,858.00
4212,8426,1,8,5,1,964.00,964.00
4212,8427,1,1,3,1,1974.00,1974.00
4213,8428,3,19,23,1,6519.00,6519.00
4213,8429,4,22,33,1,6612.00,6612.00
4213,8430,3,19,21,1,3514.00,3514.00
4214,8431,2,16,13,2,4382.00,8764.00
4215,8432,4,20,34,1,2564.00,2564.00
4215,8433,3,18,19,1,6334.00,6334.00
4216,8434,2,11,13,2,6517.00,13034.00
4216,8435,1,9,2,1,2513.00,2513.00
4216,8436,6,25,36,1,6437.00,6437.00
4217,8437,1,1,2,1,5317.00,5317.00
4218,8438,2,16,14,2,3439.00,6878.00
4218,8439,6,25,36,1,5023.00,5023.00
4218,8440,3,19,29,1,1463.00,1463.00
4219,8441,1,7,3,1,6892.00,6892.00
4219,8442,6,25,36,1,5442.00,5442.00
4219,8443,2,11,18,2,4783.00,9566.00
4220,8444,6,24,36,1,6050.00,6050.00
4220,8445,2,13,14,2,1904.00,3808.00
4220,8446,3,19,28,1,3425.00,3425.00
4221,8447,1,4,3,1,1082.00,1082.00
4221,8448,2,17,16,2,4947.00,9894.00
4222,8449,3,18,23,1,5077.00,5077.00
4223,8450,4,22,30,1,1960.00,1960.00
4223,8451,3,19,25,1,1460.00,1460.00
4224,8452,2,14,14,2,6082.00,12164.00
4224,8453,6,24,36,1,5097.00,5097.00
4224,8454,4,21,32,1,4683.00,4683.00
4225,8455,6,24,36,1,3142.00,3142.00
4226,8456,1,2,8,1,669.00,669.00
4226,8457,4,21,31,1,5348.00,5348.00
4227,8458,1,4,3,1,6245.00,6245.00
4227,8459,6,24,36,1,2218.00,2218.00
4227,8460,3,19,25,1,4275.00,4275.00
4228,8461,4,21,32,1,2552.00,2552.00
4228,8462,3,19,29,1,5651.00,5651.00
4229,8463,6,24,36,1,1018.00,1018.00
4229,8464,2,13,18,2,666.00,1332.00
4229,8465,6,24,36,1,1812.00,1812.00
4230,8466,3,18,27,1,6348.00,6348.00
4231,8467,2,14,17,2,2943.00,5886.00
4231,8468,3,19,24,1,3851.00,3851.00
4231,8469,3,18,19,1,620.00,620.00
4232,8470,2,12,17,2,3883.00,7766.00
4233,8471,6,25,36,1,652.00,652.00
4233,8472,4,22,30,1,3252.00,3252.00
4233,8473,4,20,32,1,5137.00,5137.00
4234,8474,3,19,21,1,5699.00,5699.00
4234,8475,2,14,15,2,2884.00,5768.00
4235,8476,6,25,36,1,2789.00,2789.00
4235,8477,1,2,10,1,6687.00,6687.00
4236,8478,2,14,18,2,1575.00,3150.00
4236,8479,2,17,16,2,2354.00,4708.00
4236,8480,3,19,22,1,3009.00,3009.00
4237,8481,4,20,31,1,5488.00,5488.00
4237,8482,1,2,5,1,3894.00,3894.00
4237,8483,1,3,9,1,4428.00,4428.00
4238,8484,1,10,2,1,2317.00,2317.00
4238,8485,4,20,31,1,4499.00,4499.00
4238,8486,2,14,16,2,4748.00,9496.00
4239,8487,4,22,35,1,2783.00,2783.00
4239,8488,6,24,36,1,4060.00,4060.00
4240,8489,6,24,36,1,3638.00,3638.00
4240,8490,1,3,5,1,1482.00,1482.00
4240,8491,6,24,36,1,6078.00,6078.00
4241,8492,6,25,36,1,2530.00,2530.00
4241,8493,2,14,17,2,6814.00,13628.00
4242,8494,3,19,28,1,2041.00,2041.00
4243,8495,4,20,31,1,2250.00,2250.00
4243,8496,3,18,22,1,2666.00,2666.00
4243,8497,1,8,6,1,6628.00,6628.00
4244,8498,2,12,14,2,638.00,1276.00
4244,8499,2,15,15,2,2806.00,5612.00
4244,8500,1,6,7,1,5478.00,5478.00
4245,8501,3,18,22,1,3915.00,3915.00
4245,8502,4,20,32,1,2839.00,2839.00
4245,8503,3,18,22,1,6033.00,6033.00
4246,8504,6,25,36,1,5791.00,5791.00
4247,8505,4,20,34,1,1887.00,1887.00
4247,8506,1,6,11,1,1182.00,1182.00
4247,8507,3,18,21,1,6292.00,6292.00
4248,8508,3,19,20,1,4750.00,4750.00
4248,8509,2,11,13,2,1978.00,3956.00
4249,8510,3,18,27,1,3293.00,3293.00
4250,8511,2,13,16,2,1472.00,2944.00
4250,8512,6,24,36,1,3645.00,3645.00
4250,8513,4,22,35,1,4301.00,4301.00
4251,8514,4,22,33,1,1063.00,1063.00
4252,8515,4,22,30,1,1726.00,1726.00
4252,8516,1,10,8,1,3881.00,3881.00
4253,8517,4,22,33,1,1333.00,1333.00
4253,8518,6,24,36,1,6580.00,6580.00
4254,8519,6,25,36,1,5181.00,5181.00
4254,8520,4,20,35,1,3865.00,3865.00
4254,8521,3,19,27,1,2334.00,2334.00
4255,8522,3,18,27,1,3290.00,3290.00
4256,8523,4,22,35,1,6070.00,6070.00
4257,8524,4,22,34,1,5885.00,5885.00
4257,8525,3,18,23,1,4493.00,4493.00
4257,8526,4,21,30,1,871.00,871.00
4258,8527,3,19,22,1,2347.00,2347.00
4258,8528,6,25,36,1,636.00,636.00
4258,8529,6,24,36,1,1982.00,1982.00
4259,8530,1,6,1,1,5805.00,5805.00
4259,8531,3,19,27,1,1605.00,1605.00
4259,8532,3,18,24,1,3056.00,3056.00
4260,8533,4,22,32,1,1203.00,1203.00
4260,8534,4,22,30,1,2419.00,2419.00
4261,8535,2,12,18,2,4894.00,9788.00
4261,8536,6,24,36,1,6045.00,6045.00
4262,8537,4,21,32,1,3807.00,3807.00
4263,8538,4,22,34,1,3822.00,3822.00
4263,8539,2,11,13,2,679.00,1358.00
4263,8540,6,25,36,1,4540.00,4540.00
4264,8541,4,20,33,1,6257.00,6257.00
4264,8542,1,9,8,1,4490.00,4490.00
4265,8543,6,24,36,1,3236.00,3236.00
4265,8544,2,14,15,2,6975.00,13950.00
4266,8545,3,18,20,1,1408.00,1408.00
4267,8546,1,6,3,1,2327.00,2327.00
4268,8547,6,25,36,1,5950.00,5950.00
4268,8548,6,24,36,1,6298.00,6298.00
4269,8549,6,24,36,1,4120.00,4120.00
4269,8550,2,11,12,2,5510.00,11020.00
4269,8551,4,20,32,1,1401.00,1401.00
4270,8552,2,17,13,2,6050.00,12100.00
4270,8553,2,11,17,2,6798.00,13596.00
4270,8554,6,25,36,1,6046.00,6046.00
4271,8555,4,21,33,1,5150.00,5150.00
4271,8556,1,2,11,1,6359.00,6359.00
4271,8557,2,17,15,2,3201.00,6402.00
4272,8558,2,16,14,2,1469.00,2938.00
4272,8559,1,6,6,1,1607.00,1607.00
4273,8560,2,13,17,2,4275.00,8550.00
4273,8561,4,22,34,1,1470.00,1470.00
4273,8562,4,22,34,1,722.00,722.00
4274,8563,2,11,14,2,707.00,1414.00
4274,8564,3,19,19,1,6168.00,6168.00
4274,8565,1,3,8,1,5139.00,5139.00
4275,8566,3,18,21,1,3355.00,3355.00
4275,8567,3,18,27,1,2651.00,2651.00
4276,8568,1,1,10,1,6490.00,6490.00
4276,8569,6,24,36,1,4786.00,4786.00
4276,8570,3,18,28,1,4320.00,4320.00
4277,8571,2,15,17,2,3676.00,7352.00
4278,8572,1,3,5,1,3835.00,3835.00
4278,8573,1,7,9,1,944.00,944.00
4279,8574,6,25,36,1,3073.00,3073.00
4279,8575,6,24,36,1,5924.00,5924.00
4279,8576,4,21,30,1,4717.00,4717.00
4280,8577,1,8,4,1,878.00,878.00
4280,8578,3,18,26,1,3079.00,3079.00
4281,8579,4,22,33,1,3981.00,3981.00
4282,8580,6,24,36,1,1763.00,1763.00
4283,8581,3,18,26,1,5200.00,5200.00
4284,8582,3,19,28,1,6709.00,6709.00
4284,8583,6,25,36,1,1878.00,1878.00
4284,8584,3,18,24,1,1160.00,1160.00
4285,8585,6,25,36,1,3138.00,3138.00
4285,8586,6,25,36,1,3966.00,3966.00
4285,8587,6,25,36,1,5575.00,5575.00
4286,8588,2,15,18,2,4592.00,9184.00
4287,8589,2,14,18,2,6078.00,12156.00
4287,8590,4,20,31,1,564.00,564.00
4287,8591,3,19,26,1,6410.00,6410.00
4288,8592,6,24,36,1,1340.00,1340.00
4288,8593,4,21,34,1,1563.00,1563.00
4288,8594,6,24,36,1,3034.00,3034.00
4289,8595,4,22,32,1,2714.00,2714.00
4289,8596,4,20,31,1,2375.00,2375.00
4289,8597,1,2,3,1,3637.00,3637.00
4290,8598,3,18,23,1,6571.00,6571.00
4291,8599,4,20,32,1,2468.00,2468.00
4292,8600,1,1,4,1,821.00,821.00
4292,8601,2,15,17,2,6708.00,13416.00
4292,8602,3,18,21,1,4612.00,4612.00
4293,8603,3,18,29,1,5725.00,5725.00
4293,8604,1,3,10,1,4641.00,4641.00
4293,8605,3,19,27,1,3849.00,3849.00
4294,8606,2,11,17,2,2975.00,5950.00
4294,8607,2,13,13,2,1115.00,2230.00
4294,8608,4,20,30,1,3599.00,3599.00
4295,8609,6,24,36,1,4519.00,4519.00
4296,8610,2,14,12,2,3874.00,7748.00
4296,8611,6,25,36,1,5046.00,5046.00
4296,8612,1,9,8,1,5438.00,5438.00
4297,8613,1,1,5,1,4731.00,4731.00
4297,8614,6,25,36,1,4430.00,4430.00
4298,8615,3,18,29,1,4194.00,4194.00
4298,8616,3,18,22,1,3488.00,3488.00
4298,8617,6,25,36,1,636.00,636.00
4299,8618,4,20,33,1,5917.00,5917.00
4299,8619,2,16,18,2,4147.00,8294.00
4300,8620,4,22,31,1,4422.00,4422.00
4300,8621,1,3,7,1,4309.00,4309.00
4300,8622,2,14,13,2,3271.00,6542.00
4301,8623,6,25,36,1,1046.00,1046.00
4302,8624,4,22,34,1,2338.00,2338.00
4302,8625,2,14,18,2,5173.00,10346.00
4302,8626,3,19,22,1,6535.00,6535.00
4303,8627,4,22,33,1,4612.00,4612.00
4303,8628,3,18,24,1,4949.00,4949.00
4303,8629,4,22,33,1,1825.00,1825.00
4304,8630,1,8,7,1,811.00,811.00
4304,8631,4,20,30,1,3351.00,3351.00
4304,8632,2,15,16,2,5276.00,10552.00
4305,8633,6,24,36,1,2196.00,2196.00
4305,8634,3,19,23,1,649.00,649.00
4306,8635,6,25,36,1,4268.00,4268.00
4306,8636,6,25,36,1,5144.00,5144.00
4306,8637,2,16,13,2,4620.00,9240.00
4307,8638,3,18,27,1,5341.00,5341.00
4307,8639,3,19,24,1,1966.00,1966.00
4308,8640,2,13,15,2,5139.00,10278.00
4308,8641,1,3,5,1,1530.00,1530.00
4308,8642,3,19,22,1,5496.00,5496.00
4309,8643,1,7,9,1,5632.00,5632.00
4309,8644,4,22,31,1,1809.00,1809.00
4310,8645,6,25,36,1,1046.00,1046.00
4310,8646,3,19,23,1,981.00,981.00
4310,8647,1,6,3,1,5561.00,5561.00
4311,8648,6,25,36,1,935.00,935.00
4311,8649,2,13,16,2,6833.00,13666.00
4311,8650,6,25,36,1,3083.00,3083.00
4312,8651,2,15,18,2,3258.00,6516.00
4312,8652,2,12,15,2,1802.00,3604.00
4312,8653,1,4,8,1,1595.00,1595.00
4313,8654,2,17,12,2,1080.00,2160.00
4313,8655,3,19,23,1,4255.00,4255.00
4313,8656,2,16,12,2,2038.00,4076.00
4314,8657,4,22,34,1,5133.00,5133.00
4314,8658,6,24,36,1,4683.00,4683.00
4314,8659,3,19,25,1,2920.00,2920.00
4315,8660,6,24,36,1,2563.00,2563.00
4315,8661,2,17,15,2,3730.00,7460.00
4315,8662,1,4,2,1,5943.00,5943.00
4316,8663,1,4,10,1,4373.00,4373.00
4316,8664,3,18,23,1,1579.00,1579.00
4317,8665,4,22,30,1,5975.00,5975.00
4317,8666,1,6,8,1,3927.00,3927.00
4317,8667,4,20,35,1,6938.00,6938.00
4318,8668,4,22,33,1,2336.00,2336.00
4318,8669,6,24,36,1,2899.00,2899.00
4319,8670,1,10,7,1,2425.00,2425.00
4319,8671,2,12,17,2,6311.00,12622.00
4319,8672,6,25,36,1,5121.00,5121.00
4320,8673,1,5,7,1,1297.00,1297.00
4321,8674,2,15,15,2,6253.00,12506.00
4322,8675,3,18,22,1,5935.00,5935.00
4322,8676,3,18,27,1,3551.00,3551.00
4323,8677,3,18,24,1,1215.00,1215.00
4323,8678,3,19,25,1,778.00,778.00
4323,8679,6,25,36,1,4140.00,4140.00
4324,8680,3,18,28,1,6750.00,6750.00
4324,8681,2,16,13,2,4154.00,8308.00
4324,8682,6,24,36,1,6393.00,6393.00
4325,8683,1,4,9,1,1187.00,1187.00
4326,8684,4,20,30,1,4295.00,4295.00
4327,8685,3,19,19,1,3817.00,3817.00
4327,8686,1,4,9,1,5791.00,5791.00
4327,8687,4,21,32,1,2128.00,2128.00
4328,8688,3,18,20,1,3238.00,3238.00
4329,8689,2,15,12,2,4852.00,9704.00
4330,8690,4,21,30,1,6204.00,6204.00
4330,8691,3,19,22,1,4902.00,4902.00
4331,8692,6,25,36,1,1914.00,1914.00
4332,8693,3,18,23,1,6223.00,6223.00
4332,8694,3,19,27,1,4845.00,4845.00
4333,8695,3,18,29,1,4870.00,4870.00
4333,8696,2,14,13,2,5869.00,11738.00
4334,8697,6,24,36,1,5053.00,5053.00
4335,8698,6,25,36,1,6404.00,6404.00
4335,8699,3,19,29,1,3066.00,3066.00
4336,8700,2,12,18,2,2518.00,5036.00
4337,8701,1,5,6,1,4185.00,4185.00
4337,8702,1,7,3,1,3345.00,3345.00
4337,8703,1,4,9,1,2081.00,2081.00
4338,8704,1,3,3,1,4887.00,4887.00
4338,8705,2,13,14,2,5436.00,10872.00
4339,8706,2,14,18,2,4349.00,8698.00
4340,8707,3,18,26,1,638.00,638.00
4341,8708,6,24,36,1,6441.00,6441.00
4341,8709,1,3,6,1,4841.00,4841.00
4342,8710,1,10,8,1,1968.00,1968.00
4342,8711,2,15,13,2,5965.00,11930.00
4343,8712,4,22,34,1,1896.00,1896.00
4344,8713,6,24,36,1,2065.00,2065.00
4344,8714,2,11,13,2,4957.00,9914.00
4345,8715,1,4,5,1,6792.00,6792.00
4345,8716,1,9,1,1,1012.00,1012.00
4345,8717,1,2,11,1,1545.00,1545.00
4346,8718,6,24,36,1,6679.00,6679.00
4347,8719,6,24,36,1,6173.00,6173.00
4348,8720,6,24,36,1,4246.00,4246.00
4348,8721,3,19,23,1,4607.00,4607.00
4348,8722,4,20,35,1,6812.00,6812.00
4349,8723,2,16,16,2,2360.00,4720.00
4349,8724,2,15,14,2,5531.00,11062.00
4349,8725,2,17,18,2,939.00,1878.00
4350,8726,1,9,5,1,6393.00,6393.00
4350,8727,4,20,32,1,1769.00,1769.00
4351,8728,6,24,36,1,4672.00,4672.00
4352,8729,3,19,25,1,2439.00,2439.00
4352,8730,2,13,13,2,3495.00,6990.00
4352,8731,1,6,6,1,5502.00,5502.00
4353,8732,6,25,36,1,1558.00,1558.00
4353,8733,3,19,22,1,5637.00,5637.00
4354,8734,1,9,2,1,697.00,697.00
4355,8735,6,25,36,1,5078.00,5078.00
4356,8736,2,16,18,2,1382.00,2764.00
4357,8737,6,24,36,1,3889.00,3889.00
4358,8738,3,19,20,1,4447.00,4447.00
4358,8739,3,19,26,1,6130.00,6130.00
4359,8740,3,19,24,1,1612.00,1612.00
4359,8741,2,12,13,2,6569.00,13138.00
4359,8742,6,25,36,1,644.00,644.00
4360,8743,2,14,17,2,6024.00,12048.00
4360,8744,4,21,31,1,656.00,656.00
4361,8745,4,21,32,1,1168.00,1168.00
4362,8746,4,22,34,1,1651.00,1651.00
4363,8747,1,9,1,1,2985.00,2985.00
4363,8748,6,24,36,1,2358.00,2358.00
4363,8749,2,13,14,2,2749.00,5498.00
4364,8750,2,16,18,2,4549.00,9098.00
4364,8751,3,18,21,1,2254.00,2254.00
4364,8752,2,11,18,2,4699.00,9398.00
4365,8753,1,3,2,1,1010.00,1010.00
4365,8754,3,18,21,1,2014.00,2014.00
4366,8755,6,25,36,1,5932.00,5932.00
4366,8756,1,2,6,1,2576.00,2576.00
4367,8757,2,16,15,2,3400.00,6800.00
4368,8758,1,1,4,1,5008.00,5008.00
4368,8759,1,1,11,1,1555.00,1555.00
4369,8760,6,24,36,1,2890.00,2890.00
4370,8761,6,24,36,1,6218.00,6218.00
4371,8762,6,24,36,1,6969.00,6969.00
4372,8763,6,24,36,1,3454.00,3454.00
4372,8764,3,18,23,1,4266.00,4266.00
4373,8765,6,25,36,1,6695.00,6695.00
4373,8766,4,22,33,1,2463.00,2463.00
4374,8767,3,18,24,1,6939.00,6939.00
4375,8768,2,13,12,2,3756.00,7512.00
4375,8769,2,15,18,2,2434.00,4868.00
4376,8770,2,17,18,2,6006.00,12012.00
4377,8771,1,5,9,1,3174.00,3174.00
4377,8772,2,13,13,2,2278.00,4556.00
4378,8773,3,18,27,1,6216.00,6216.00
4378,8774,6,25,36,1,1421.00,1421.00
4379,8775,6,25,36,1,554.00,554.00
4379,8776,2,12,12,2,6200.00,12400.00
4379,8777,1,1,10,1,2423.00,2423.00
4380,8778,3,19,19,1,1285.00,1285.00
4381,8779,6,25,36,1,1204.00,1204.00
4381,8780,2,17,15,2,562.00,1124.00
4381,8781,1,4,10,1,1992.00,1992.00
4382,8782,1,6,8,1,4518.00,4518.00
4382,8783,6,25,36,1,4627.00,4627.00
4382,8784,1,6,11,1,4182.00,4182.00
4383,8785,3,19,22,1,4859.00,4859.00
4383,8786,4,22,31,1,5544.00,5544.00
4384,8787,2,15,15,2,4216.00,8432.00
4384,8788,1,6,4,1,3290.00,3290.00
4385,8789,1,1,11,1,3766.00,3766.00
4385,8790,2,12,12,2,5757.00,11514.00
4385,8791,3,19,28,1,1181.00,1181.00
4386,8792,6,24,36,1,2830.00,2830.00
4386,8793,6,24,36,1,6064.00,6064.00
4386,8794,6,25,36,1,3169.00,3169.00
4387,8795,2,13,15,2,6960.00,13920.00
4387,8796,2,12,13,2,1412.00,2824.00
4387,8797,2,11,14,2,6276.00,12552.00
4388,8798,6,24,36,1,539.00,539.00
4388,8799,6,24,36,1,6650.00,6650.00
4389,8800,4,22,35,1,6880.00,6880.00
4389,8801,6,24,36,1,5881.00,5881.00
4390,8802,1,8,3,1,6854.00,6854.00
4390,8803,4,22,32,1,5561.00,5561.00
4390,8804,1,7,8,1,2063.00,2063.00
4391,8805,4,22,32,1,1283.00,1283.00
4391,8806,4,21,35,1,2747.00,2747.00
4392,8807,3,18,21,1,2945.00,2945.00
4393,8808,4,22,35,1,726.00,726.00
4393,8809,2,16,15,2,5022.00,10044.00
4393,8810,2,12,12,2,5730.00,11460.00
4394,8811,6,25,36,1,870.00,870.00
4394,8812,3,18,24,1,6805.00,6805.00
4395,8813,4,22,31,1,4644.00,4644.00
4396,8814,2,14,14,2,5798.00,11596.00
4396,8815,3,18,27,1,2813.00,2813.00
4396,8816,1,9,5,1,3323.00,3323.00
4397,8817,2,11,14,2,3177.00,6354.00
4397,8818,2,12,13,2,6387.00,12774.00
4398,8819,3,19,24,1,5978.00,5978.00
4398,8820,1,9,2,1,4663.00,4663.00
4398,8821,3,19,19,1,6808.00,6808.00
4399,8822,6,25,36,1,3368.00,3368.00
4400,8823,6,24,36,1,6331.00,6331.00
4400,8824,3,18,19,1,4529.00,4529.00
4400,8825,3,19,29,1,3694.00,3694.00
4401,8826,6,25,36,1,5649.00,5649.00
4401,8827,2,16,12,2,3932.00,7864.00
4401,8828,6,25,36,1,2144.00,2144.00
4402,8829,4,21,34,1,3857.00,3857.00
4402,8830,4,21,35,1,5236.00,5236.00
4402,8831,3,18,24,1,637.00,637.00
4403,8832,1,9,9,1,3426.00,3426.00
4403,8833,1,2,4,1,3946.00,3946.00
4404,8834,2,17,16,2,3662.00,7324.00
4404,8835,2,15,12,2,1318.00,2636.00
4405,8836,2,11,15,2,6868.00,13736.00
4405,8837,3,19,26,1,5289.00,5289.00
4406,8838,6,25,36,1,1136.00,1136.00
4406,8839,6,24,36,1,6428.00,6428.00
4407,8840,1,5,9,1,3106.00,3106.00
4407,8841,2,17,18,2,2226.00,4452.00
4408,8842,3,19,24,1,6735.00,6735.00
4408,8843,4,21,34,1,4105.00,4105.00
4409,8844,3,18,20,1,6309.00,6309.00
4409,8845,6,24,36,1,3285.00,3285.00
4410,8846,6,24,36,1,1993.00,1993.00
4411,8847,4,21,30,1,6410.00,6410.00
4412,8848,1,8,9,1,2945.00,2945.00
4412,8849,2,13,12,2,3338.00,6676.00
4412,8850,6,24,36,1,3305.00,3305.00
4413,8851,2,14,15,2,6366.00,12732.00
4414,8852,6,25,36,1,5199.00,5199.00
4415,8853,1,7,11,1,3036.00,3036.00
4416,8854,4,20,35,1,5242.00,5242.00
4416,8855,2,12,12,2,6822.00,13644.00
4416,8856,6,25,36,1,6440.00,6440.00
4417,8857,4,20,34,1,4350.00,4350.00
4417,8858,6,24,36,1,1563.00,1563.00
4418,8859,2,12,12,2,3303.00,6606.00
4419,8860,4,20,33,1,1692.00,1692.00
4420,8861,4,21,30,1,6082.00,6082.00
4420,8862,1,10,8,1,1100.00,1100.00
4421,8863,1,2,5,1,5591.00,5591.00
4422,8864,1,1,2,1,6093.00,6093.00
4422,8865,4,22,32,1,3754.00,3754.00
4422,8866,3,18,23,1,1085.00,1085.00
4423,8867,1,9,7,1,5645.00,5645.00
4423,8868,4,22,31,1,5863.00,5863.00
4424,8869,4,22,33,1,5449.00,5449.00
4424,8870,1,8,9,1,2303.00,2303.00
4424,8871,6,24,36,1,4318.00,4318.00
4425,8872,2,15,12,2,2583.00,5166.00
4426,8873,2,15,18,2,2257.00,4514.00
4427,8874,4,20,30,1,2410.00,2410.00
4427,8875,6,25,36,1,3946.00,3946.00
4427,8876,2,15,13,2,912.00,1824.00
4428,8877,2,11,12,2,3242.00,6484.00
4428,8878,3,18,29,1,6126.00,6126.00
4428,8879,6,24,36,1,2588.00,2588.00
4429,8880,1,10,4,1,1225.00,1225.00
4429,8881,6,25,36,1,5160.00,5160.00
4429,8882,6,24,36,1,6620.00,6620.00
4430,8883,4,21,31,1,3987.00,3987.00
4430,8884,1,6,4,1,1383.00,1383.00
4431,8885,2,14,13,2,3608.00,7216.00
4431,8886,4,20,35,1,2282.00,2282.00
4431,8887,1,3,10,1,4191.00,4191.00
4432,8888,2,17,16,2,1068.00,2136.00
4432,8889,3,19,28,1,2646.00,2646.00
4433,8890,2,15,12,2,1002.00,2004.00
4433,8891,6,25,36,1,1843.00,1843.00
4434,8892,3,19,28,1,2211.00,2211.00
4434,8893,6,24,36,1,1290.00,1290.00
4434,8894,4,22,32,1,5260.00,5260.00
4435,8895,3,18,22,1,2390.00,2390.00
4435,8896,1,5,1,1,5752.00,5752.00
4435,8897,1,7,11,1,5269.00,5269.00
4436,8898,2,15,12,2,958.00,1916.00
4436,8899,6,24,36,1,5787.00,5787.00
4437,8900,4,22,35,1,1879.00,1879.00
4437,8901,1,4,4,1,2539.00,2539.00
4438,8902,2,13,14,2,5851.00,11702.00
4439,8903,6,25,36,1,3609.00,3609.00
4440,8904,1,7,8,1,3558.00,3558.00
4441,8905,4,21,30,1,2910.00,2910.00
4441,8906,2,15,16,2,5031.00,10062.00
4441,8907,1,8,8,1,4867.00,4867.00
4442,8908,2,16,18,2,4637.00,9274.00
4442,8909,2,12,18,2,2339.00,4678.00
4442,8910,3,18,21,1,1870.00,1870.00
4443,8911,6,24,36,1,6557.00,6557.00
4443,8912,1,4,8,1,6415.00,6415.00
4444,8913,4,21,35,1,1434.00,1434.00
4444,8914,3,18,27,1,3457.00,3457.00
4444,8915,3,18,20,1,6101.00,6101.00
4445,8916,1,3,5,1,4487.00,4487.00
4445,8917,3,19,22,1,2706.00,2706.00
4446,8918,4,22,32,1,6996.00,6996.00
4446,8919,3,18,21,1,2403.00,2403.00
4446,8920,1,6,4,1,3973.00,3973.00
4447,8921,6,24,36,1,4157.00,4157.00
4447,8922,1,6,6,1,5331.00,5331.00
4447,8923,4,20,35,1,2465.00,2465.00
4448,8924,4,20,34,1,820.00,820.00
4448,8925,6,25,36,1,3103.00,3103.00
4449,8926,6,24,36,1,6311.00,6311.00
4450,8927,6,25,36,1,1446.00,1446.00
4450,8928,4,22,35,1,2924.00,2924.00
4450,8929,6,24,36,1,5242.00,5242.00
4451,8930,2,14,18,2,1166.00,2332.00
4451,8931,4,22,30,1,5351.00,5351.00
4451,8932,1,9,2,1,6443.00,6443.00
4452,8933,1,7,5,1,1260.00,1260.00
4452,8934,1,8,7,1,1623.00,1623.00
4452,8935,6,24,36,1,6049.00,6049.00
4453,8936,4,22,31,1,2964.00,2964.00
4453,8937,1,5,7,1,562.00,562.00
4454,8938,2,14,14,2,6977.00,13954.00
4454,8939,4,20,34,1,3749.00,3749.00
4454,8940,6,25,36,1,6242.00,6242.00
4455,8941,4,22,34,1,973.00,973.00
4455,8942,6,25,36,1,6462.00,6462.00
4455,8943,4,20,31,1,3048.00,3048.00
4456,8944,6,25,36,1,5665.00,5665.00
4456,8945,2,17,14,2,4763.00,9526.00
4456,8946,4,20,34,1,2517.00,2517.00
4457,8947,1,4,8,1,3632.00,3632.00
4457,8948,1,9,11,1,2926.00,2926.00
4457,8949,4,22,32,1,5247.00,5247.00
4458,8950,4,20,33,1,1510.00,1510.00
4459,8951,6,24,36,1,4274.00,4274.00
4460,8952,1,2,10,1,3000.00,3000.00
4461,8953,6,24,36,1,5865.00,5865.00
4461,8954,2,11,18,2,6514.00,13028.00
4461,8955,2,15,17,2,4279.00,8558.00
4462,8956,3,18,23,1,5591.00,5591.00
4462,8957,6,25,36,1,1823.00,1823.00
4463,8958,1,3,3,1,579.00,579.00
4464,8959,2,12,12,2,6626.00,13252.00
4464,8960,2,11,15,2,4203.00,8406.00
4465,8961,3,19,28,1,3718.00,3718.00
4465,8962,6,25,36,1,4338.00,4338.00
4465,8963,3,19,25,1,2268.00,2268.00
4466,8964,3,18,26,1,716.00,716.00
4466,8965,3,19,19,1,5675.00,5675.00
4466,8966,1,10,8,1,4506.00,4506.00
4467,8967,4,21,30,1,578.00,578.00
4467,8968,6,25,36,1,1435.00,1435.00
4468,8969,3,18,24,1,4490.00,4490.00
4468,8970,1,3,4,1,3289.00,3289.00
4469,8971,6,25,36,1,849.00,849.00
4469,8972,3,19,25,1,4971.00,4971.00
4469,8973,1,10,11,1,2710.00,2710.00
4470,8974,2,15,15,2,3656.00,7312.00
4470,8975,1,1,5,1,2491.00,2491.00
4470,8976,4,21,34,1,5359.00,5359.00
4471,8977,6,25,36,1,4306.00,4306.00
4472,8978,6,24,36,1,3010.00,3010.00
4473,8979,3,18,20,1,869.00,869.00
4473,8980,4,20,33,1,645.00,645.00
4473,8981,6,24,36,1,3494.00,3494.00
4474,8982,6,25,36,1,4312.00,4312.00
4474,8983,3,19,27,1,606.00,606.00
4474,8984,4,22,31,1,6029.00,6029.00
4475,8985,4,21,35,1,4388.00,4388.00
4476,8986,2,16,13,2,938.00,1876.00
4476,8987,6,25,36,1,6818.00,6818.00
4477,8988,6,24,36,1,6510.00,6510.00
4478,8989,6,24,36,1,5526.00,5526.00
4478,8990,3,18,19,1,6537.00,6537.00
4478,8991,6,24,36,1,2617.00,2617.00
4479,8992,2,16,14,2,5349.00,10698.00
4479,8993,1,9,5,1,4260.00,4260.00
4480,8994,6,25,36,1,3576.00,3576.00
4480,8995,3,19,29,1,3178.00,3178.00
4481,8996,1,9,11,1,1629.00,1629.00
4482,8997,2,12,12,2,3042.00,6084.00
4482,8998,6,25,36,1,5618.00,5618.00
4482,8999,2,17,13,2,4675.00,9350.00
4483,9000,3,19,22,1,5170.00,5170.00
4483,9001,4,21,35,1,3842.00,3842.00
4483,9002,6,24,36,1,4879.00,4879.00
4484,9003,4,20,30,1,1526.00,1526.00
4484,9004,1,2,7,1,3737.00,3737.00
4484,9005,2,15,13,2,3515.00,7030.00
4485,9006,4,20,32,1,6497.00,6497.00
4485,9007,1,1,6,1,1303.00,1303.00
4486,9008,3,19,29,1,2507.00,2507.00
4487,9009,2,12,17,2,5503.00,11006.00
4488,9010,2,13,13,2,6491.00,12982.00
4488,9011,4,20,34,1,1068.00,1068.00
4489,9012,4,20,30,1,1786.00,1786.00
4490,9013,6,25,36,1,4132.00,4132.00
4490,9014,6,25,36,1,6620.00,6620.00
4491,9015,2,15,13,2,898.00,1796.00
4492,9016,1,9,9,1,3551.00,3551.00
4492,9017,2,11,12,2,3697.00,7394.00
4492,9018,3,18,25,1,5154.00,5154.00
4493,9019,2,16,12,2,3455.00,6910.00
4493,9020,2,12,15,2,6447.00,12894.00
4493,9021,3,18,29,1,2068.00,2068.00
4494,9022,4,21,33,1,2327.00,2327.00
4494,9023,6,24,36,1,5907.00,5907.00
4495,9024,1,3,7,1,3458.00,3458.00
4495,9025,3,19,26,1,2381.00,2381.00
4495,9026,6,25,36,1,5178.00,5178.00
4496,9027,2,13,15,2,3037.00,6074.00
4496,9028,1,8,1,1,3192.00,3192.00
4496,9029,2,15,14,2,5060.00,10120.00
4497,9030,2,11,12,2,1439.00,2878.00
4497,9031,1,10,10,1,6263.00,6263.00
4498,9032,6,25,36,1,539.00,539.00
4498,9033,6,25,36,1,1658.00,1658.00
4499,9034,2,14,16,2,5341.00,10682.00
4499,9035,6,24,36,1,3782.00,3782.00
4500,9036,6,24,36,1,3897.00,3897.00
4500,9037,3,18,29,1,3917.00,3917.00
4501,9038,6,24,36,1,5647.00,5647.00
4501,9039,6,25,36,1,2251.00,2251.00
4501,9040,1,6,7,1,2767.00,2767.00
4502,9041,4,20,33,1,6968.00,6968.00
4502,9042,3,18,19,1,4723.00,4723.00
4503,9043,4,21,30,1,3994.00,3994.00
4503,9044,1,5,6,1,3072.00,3072.00
4503,9045,6,25,36,1,2473.00,2473.00
4504,9046,2,16,13,2,4327.00,8654.00
4504,9047,4,21,33,1,991.00,991.00
4505,9048,2,15,18,2,4459.00,8918.00
4505,9049,3,18,21,1,6920.00,6920.00
4505,9050,6,24,36,1,4858.00,4858.00
4506,9051,2,13,18,2,2535.00,5070.00
4506,9052,4,22,35,1,1372.00,1372.00
4506,9053,4,20,32,1,1290.00,1290.00
4507,9054,1,8,8,1,6916.00,6916.00
4507,9055,2,11,15,2,4722.00,9444.00
4507,9056,1,2,11,1,4375.00,4375.00
4508,9057,1,10,1,1,1777.00,1777.00
4509,9058,1,10,3,1,4131.00,4131.00
4509,9059,3,19,19,1,2535.00,2535.00
4509,9060,1,5,6,1,3986.00,3986.00
4510,9061,2,17,12,2,3383.00,6766.00
4511,9062,3,18,29,1,6847.00,6847.00
4512,9063,4,22,32,1,5980.00,5980.00
4512,9064,4,21,34,1,6917.00,6917.00
4513,9065,1,6,3,1,2749.00,2749.00
4513,9066,1,7,7,1,4100.00,4100.00
4514,9067,3,18,24,1,947.00,947.00
4514,9068,6,24,36,1,5981.00,5981.00
4515,9069,4,20,31,1,5693.00,5693.00
4516,9070,2,11,16,2,5889.00,11778.00
4516,9071,6,25,36,1,2788.00,2788.00
4516,9072,6,25,36,1,5390.00,5390.00
4517,9073,3,19,26,1,6679.00,6679.00
4518,9074,3,18,25,1,6865.00,6865.00
4519,9075,6,25,36,1,1819.00,1819.00
4519,9076,6,25,36,1,1521.00,1521.00
4519,9077,2,11,12,2,5759.00,11518.00
4520,9078,6,24,36,1,6347.00,6347.00
4520,9079,4,22,32,1,619.00,619.00
4520,9080,3,19,24,1,4362.00,4362.00
4521,9081,3,18,25,1,6624.00,6624.00
4521,9082,3,18,24,1,3087.00,3087.00
4522,9083,6,24,36,1,1603.00,1603.00
4523,9084,3,18,29,1,3348.00,3348.00
4523,9085,1,4,8,1,4089.00,4089.00
4523,9086,4,21,34,1,6005.00,6005.00
4524,9087,2,17,17,2,3942.00,7884.00
4524,9088,1,1,6,1,3160.00,3160.00
4525,9089,4,21,35,1,1856.00,1856.00
4526,9090,2,11,17,2,5996.00,11992.00
4526,9091,2,14,18,2,4585.00,9170.00
4526,9092,2,11,17,2,6985.00,13970.00
4527,9093,3,18,27,1,4132.00,4132.00
4527,9094,6,24,36,1,3889.00,3889.00
4527,9095,6,24,36,1,3815.00,3815.00
4528,9096,6,25,36,1,4251.00,4251.00
4528,9097,3,18,25,1,2634.00,2634.00
4528,9098,1,1,9,1,4420.00,4420.00
4529,9099,6,24,36,1,5081.00,5081.00
4529,9100,3,19,22,1,632.00,632.00
4529,9101,3,18,29,1,3284.00,3284.00
4530,9102,6,25,36,1,5521.00,5521.00
4530,9103,3,18,20,1,6604.00,6604.00
4530,9104,1,4,11,1,536.00,536.00
4531,9105,6,24,36,1,794.00,794.00
4531,9106,1,1,10,1,2544.00,2544.00
4532,9107,3,19,23,1,4796.00,4796.00
4533,9108,6,25,36,1,4284.00,4284.00
4533,9109,2,15,13,2,3470.00,6940.00
4534,9110,2,14,18,2,2575.00,5150.00
4534,9111,6,25,36,1,2026.00,2026.00
4535,9112,1,4,6,1,564.00,564.00
4535,9113,4,20,33,1,767.00,767.00
4536,9114,4,22,35,1,3752.00,3752.00
4537,9115,1,7,6,1,6903.00,6903.00
4537,9116,2,13,13,2,1363.00,2726.00
4538,9117,1,7,1,1,1321.00,1321.00
4538,9118,2,16,14,2,4895.00,9790.00
4539,9119,6,25,36,1,4265.00,4265.00
4539,9120,4,21,32,1,1035.00,1035.00
4540,9121,6,25,36,1,5072.00,5072.00
4540,9122,3,18,25,1,3130.00,3130.00
4541,9123,4,20,35,1,4224.00,4224.00
4542,9124,4,22,35,1,1947.00,1947.00
4542,9125,2,17,15,2,2161.00,4322.00
4542,9126,6,25,36,1,3325.00,3325.00
4543,9127,3,18,24,1,3658.00,3658.00
4543,9128,4,22,33,1,1664.00,1664.00
4544,9129,6,24,36,1,6745.00,6745.00
4544,9130,4,22,33,1,805.00,805.00
4544,9131,3,19,20,1,2575.00,2575.00
4545,9132,6,24,36,1,2863.00,2863.00
4546,9133,3,19,22,1,2945.00,2945.00
4547,9134,2,13,18,2,2356.00,4712.00
4547,9135,3,19,21,1,4339.00,4339.00
4548,9136,2,14,14,2,2992.00,5984.00
4549,9137,4,21,34,1,2941.00,2941.00
4550,9138,2,15,16,2,1018.00,2036.00
4550,9139,3,18,22,1,5857.00,5857.00
4551,9140,1,9,8,1,5042.00,5042.00
4551,9141,4,20,34,1,3612.00,3612.00
4552,9142,3,19,26,1,4931.00,4931.00
4552,9143,6,25,36,1,3855.00,3855.00
4552,9144,3,18,23,1,3989.00,3989.00
4553,9145,6,24,36,1,1864.00,1864.00
4553,9146,6,25,36,1,6595.00,6595.00
4554,9147,4,22,30,1,1939.00,1939.00
4554,9148,4,22,35,1,3234.00,3234.00
4555,9149,4,21,35,1,2567.00,2567.00
4555,9150,6,25,36,1,4062.00,4062.00
4556,9151,6,25,36,1,3951.00,3951.00
4556,9152,2,12,14,2,6447.00,12894.00
4557,9153,6,24,36,1,5053.00,5053.00
4558,9154,1,2,9,1,1145.00,1145.00
4558,9155,6,24,36,1,1730.00,1730.00
4559,9156,1,8,5,1,5023.00,5023.00
4560,9157,3,19,21,1,2902.00,2902.00
4560,9158,2,14,16,2,4955.00,9910.00
4560,9159,1,6,6,1,748.00,748.00
4561,9160,3,18,21,1,793.00,793.00
4561,9161,1,7,6,1,1601.00,1601.00
4562,9162,4,20,30,1,1198.00,1198.00
4562,9163,4,22,35,1,5880.00,5880.00
4562,9164,4,20,33,1,604.00,604.00
4563,9165,6,24,36,1,6943.00,6943.00
4563,9166,4,20,32,1,3237.00,3237.00
4564,9167,6,25,36,1,1499.00,1499.00
4565,9168,3,18,28,1,2728.00,2728.00
4565,9169,2,11,14,2,2583.00,5166.00
4565,9170,1,2,5,1,2558.00,2558.00
4566,9171,4,22,35,1,1555.00,1555.00
4567,9172,6,24,36,1,6183.00,6183.00
4567,9173,2,17,13,2,2737.00,5474.00
4567,9174,4,22,33,1,6524.00,6524.00
4568,9175,6,25,36,1,4327.00,4327.00
4568,9176,4,20,35,1,2793.00,2793.00
4569,9177,1,9,10,1,1265.00,1265.00
4569,9178,4,21,34,1,1234.00,1234.00
4569,9179,4,22,31,1,2938.00,2938.00
4570,9180,1,7,4,1,4006.00,4006.00
4570,9181,2,13,15,2,3256.00,6512.00
4570,9182,4,21,34,1,1293.00,1293.00
4571,9183,3,19,21,1,2416.00,2416.00
4572,9184,6,25,36,1,6618.00,6618.00
4573,9185,2,16,17,2,2423.00,4846.00
4573,9186,1,9,6,1,3680.00,3680.00
4573,9187,2,14,18,2,3423.00,6846.00
4574,9188,1,6,4,1,4730.00,4730.00
4574,9189,3,18,22,1,5324.00,5324.00
4575,9190,3,19,26,1,2961.00,2961.00
4575,9191,4,20,32,1,1629.00,1629.00
4575,9192,4,20,32,1,2202.00,2202.00
4576,9193,4,21,30,1,851.00,851.00
4576,9194,6,24,36,1,2233.00,2233.00
4577,9195,3,18,20,1,4430.00,4430.00
4578,9196,3,18,23,1,4151.00,4151.00
4578,9197,6,25,36,1,1112.00,1112.00
4579,9198,4,21,33,1,772.00,772.00
4579,9199,1,5,4,1,5013.00,5013.00
4580,9200,3,19,26,1,5089.00,5089.00
4581,9201,3,19,27,1,5382.00,5382.00
4582,9202,3,19,22,1,5018.00,5018.00
4582,9203,4,22,30,1,3387.00,3387.00
4583,9204,4,20,32,1,5709.00,5709.00
4584,9205,1,3,4,1,1491.00,1491.00
4584,9206,4,21,34,1,4527.00,4527.00
4585,9207,2,16,13,2,5289.00,10578.00
4585,9208,4,22,35,1,5966.00,5966.00
4586,9209,4,21,31,1,1063.00,1063.00
4587,9210,3,18,22,1,6787.00,6787.00
4587,9211,1,1,8,1,1642.00,1642.00
4588,9212,1,2,9,1,2904.00,2904.00
4588,9213,2,14,18,2,4423.00,8846.00
4589,9214,1,5,2,1,2460.00,2460.00
4589,9215,4,22,33,1,6451.00,6451.00
4590,9216,4,21,35,1,3991.00,3991.00
4590,9217,6,25,36,1,4482.00,4482.00
4590,9218,2,11,15,2,2190.00,4380.00
4591,9219,4,20,32,1,6153.00,6153.00
4592,9220,1,8,5,1,2558.00,2558.00
4593,9221,2,11,12,2,2302.00,4604.00
4594,9222,6,24,36,1,2852.00,2852.00
4594,9223,6,24,36,1,1154.00,1154.00
4595,9224,1,5,4,1,778.00,778.00
4595,9225,1,8,10,1,3274.00,3274.00
4595,9226,3,19,29,1,1930.00,1930.00
4596,9227,1,10,11,1,4001.00,4001.00
4596,9228,4,22,33,1,4010.00,4010.00
4597,9229,6,24,36,1,2556.00,2556.00
4597,9230,1,6,8,1,6105.00,6105.00
4598,9231,4,21,33,1,3896.00,3896.00
4598,9232,3,18,20,1,4638.00,4638.00
4598,9233,4,20,31,1,5043.00,5043.00
4599,9234,3,19,28,1,5892.00,5892.00
4599,9235,1,4,6,1,5238.00,5238.00
4600,9236,3,18,21,1,4029.00,4029.00
4600,9237,6,25,36,1,6853.00,6853.00
4600,9238,2,16,18,2,2362.00,4724.00
4601,9239,6,24,36,1,6709.00,6709.00
4601,9240,2,15,14,2,6332.00,12664.00
4601,9241,6,24,36,1,4776.00,4776.00
4602,9242,2,16,14,2,3313.00,6626.00
4603,9243,4,20,31,1,5772.00,5772.00
4603,9244,4,21,32,1,6931.00,6931.00
4603,9245,3,18,27,1,5101.00,5101.00
4604,9246,3,19,28,1,1375.00,1375.00
4604,9247,4,22,34,1,2173.00,2173.00
4604,9248,1,9,1,1,1922.00,1922.00
4605,9249,1,8,10,1,4632.00,4632.00
4606,9250,6,25,36,1,6265.00,6265.00
4607,9251,1,1,7,1,2006.00,2006.00
4607,9252,6,25,36,1,1308.00,1308.00
4608,9253,1,8,4,1,3123.00,3123.00
4608,9254,4,22,35,1,699.00,699.00
4609,9255,1,1,11,1,2899.00,2899.00
4609,9256,3,18,26,1,3972.00,3972.00
4609,9257,3,19,21,1,2365.00,2365.00
4610,9258,2,15,17,2,542.00,1084.00
4610,9259,2,17,14,2,6956.00,13912.00
4611,9260,6,25,36,1,5215.00,5215.00
4611,9261,6,25,36,1,5274.00,5274.00
4611,9262,6,25,36,1,6282.00,6282.00
4612,9263,3,19,19,1,1316.00,1316.00
4612,9264,3,18,27,1,5694.00,5694.00
4612,9265,2,16,17,2,3490.00,6980.00
4613,9266,1,4,7,1,2149.00,2149.00
4613,9267,1,8,4,1,5806.00,5806.00
4614,9268,1,10,7,1,5940.00,5940.00
4614,9269,2,12,13,2,3534.00,7068.00
4615,9270,2,15,12,2,1160.00,2320.00
4615,9271,1,6,3,1,6058.00,6058.00
4615,9272,1,2,8,1,6779.00,6779.00
4616,9273,1,4,9,1,5361.00,5361.00
4616,9274,6,24,36,1,3720.00,3720.00
4617,9275,3,18,29,1,6347.00,6347.00
4617,9276,2,14,12,2,4873.00,9746.00
4617,9277,2,16,15,2,596.00,1192.00
4618,9278,1,9,9,1,1706.00,1706.00
4618,9279,1,7,3,1,2965.00,2965.00
4619,9280,3,18,24,1,5409.00,5409.00
4619,9281,2,14,12,2,1127.00,2254.00
4620,9282,6,24,36,1,6468.00,6468.00
4620,9283,1,4,11,1,6812.00,6812.00
4621,9284,1,4,11,1,6545.00,6545.00
4621,9285,6,24,36,1,5810.00,5810.00
4621,9286,2,13,17,2,2229.00,4458.00
4622,9287,3,18,27,1,4802.00,4802.00
4623,9288,4,21,31,1,5349.00,5349.00
4623,9289,6,25,36,1,6032.00,6032.00
4624,9290,4,21,31,1,2143.00,2143.00
4625,9291,1,4,8,1,3816.00,3816.00
4626,9292,3,18,19,1,1189.00,1189.00
4626,9293,3,18,26,1,5352.00,5352.00
4627,9294,1,8,6,1,1526.00,1526.00
4627,9295,1,1,10,1,3099.00,3099.00
4627,9296,6,25,36,1,2038.00,2038.00
4628,9297,2,13,14,2,2818.00,5636.00
4629,9298,1,6,1,1,704.00,704.00
4630,9299,2,17,17,2,6070.00,12140.00
4631,9300,2,16,15,2,2040.00,4080.00
4632,9301,2,17,15,2,6626.00,13252.00
4632,9302,1,4,5,1,2921.00,2921.00
4632,9303,2,17,16,2,1487.00,2974.00
4633,9304,1,8,6,1,1867.00,1867.00
4634,9305,1,10,5,1,1215.00,1215.00
4635,9306,2,12,12,2,6816.00,13632.00
4635,9307,6,25,36,1,3216.00,3216.00
4635,9308,2,16,14,2,1800.00,3600.00
4636,9309,2,14,14,2,1060.00,2120.00
4636,9310,4,22,30,1,4850.00,4850.00
4636,9311,3,18,29,1,2025.00,2025.00
4637,9312,2,12,15,2,1708.00,3416.00
4637,9313,1,10,5,1,5479.00,5479.00
4638,9314,3,19,19,1,3757.00,3757.00
4638,9315,1,3,3,1,5591.00,5591.00
4639,9316,1,5,5,1,4763.00,4763.00
4639,9317,1,4,2,1,4779.00,4779.00
4640,9318,6,24,36,1,1185.00,1185.00
4640,9319,6,24,36,1,5828.00,5828.00
4641,9320,4,20,30,1,3478.00,3478.00
4642,9321,6,25,36,1,4220.00,4220.00
4642,9322,6,24,36,1,3049.00,3049.00
4642,9323,2,12,18,2,6553.00,13106.00
4643,9324,6,24,36,1,6752.00,6752.00
4643,9325,3,18,22,1,882.00,882.00
4643,9326,2,17,18,2,4852.00,9704.00
4644,9327,6,25,36,1,4069.00,4069.00
4644,9328,3,18,21,1,3015.00,3015.00
4645,9329,6,24,36,1,3268.00,3268.00
4645,9330,4,22,31,1,1193.00,1193.00
4646,9331,3,18,23,1,5370.00,5370.00
4646,9332,6,25,36,1,562.00,562.00
4647,9333,3,19,26,1,6367.00,6367.00
4647,9334,2,16,12,2,1365.00,2730.00
4648,9335,3,19,21,1,1218.00,1218.00
4648,9336,1,6,4,1,561.00,561.00
4649,9337,1,8,9,1,4195.00,4195.00
4649,9338,2,13,15,2,6118.00,12236.00
4649,9339,6,25,36,1,6867.00,6867.00
4650,9340,3,19,29,1,3511.00,3511.00
4650,9341,3,19,21,1,4637.00,4637.00
4651,9342,1,6,11,1,2287.00,2287.00
4651,9343,6,24,36,1,2547.00,2547.00
4651,9344,1,8,2,1,4785.00,4785.00
4652,9345,2,14,15,2,6660.00,13320.00
4652,9346,4,22,34,1,3288.00,3288.00
4652,9347,3,18,25,1,2979.00,2979.00
4653,9348,6,24,36,1,2581.00,2581.00
4653,9349,6,24,36,1,2282.00,2282.00
4653,9350,2,17,15,2,4153.00,8306.00
4654,9351,2,16,14,2,5393.00,10786.00
4654,9352,3,19,19,1,902.00,902.00
4655,9353,6,25,36,1,6786.00,6786.00
4655,9354,3,18,27,1,5022.00,5022.00
4656,9355,2,13,12,2,5613.00,11226.00
4656,9356,4,20,30,1,2749.00,2749.00
4656,9357,2,11,15,2,3658.00,7316.00
4657,9358,3,19,26,1,5871.00,5871.00
4657,9359,4,20,35,1,6566.00,6566.00
4658,9360,3,18,28,1,3149.00,3149.00
4658,9361,1,8,3,1,5890.00,5890.00
4658,9362,6,24,36,1,6860.00,6860.00
4659,9363,6,24,36,1,6025.00,6025.00
4659,9364,6,24,36,1,3527.00,3527.00
4659,9365,4,20,32,1,1355.00,1355.00
4660,9366,1,4,5,1,1813.00,1813.00
4661,9367,6,25,36,1,1846.00,1846.00
4661,9368,4,22,30,1,4592.00,4592.00
4662,9369,6,24,36,1,2364.00,2364.00
4662,9370,6,25,36,1,2893.00,2893.00
4662,9371,3,18,25,1,6196.00,6196.00
4663,9372,1,6,2,1,5791.00,5791.00
4663,9373,4,22,35,1,2230.00,2230.00
4663,9374,4,20,32,1,4321.00,4321.00
4664,9375,2,11,12,2,1648.00,3296.00
4664,9376,4,22,34,1,4729.00,4729.00
4664,9377,3,18,27,1,3322.00,3322.00
4665,9378,4,22,30,1,4486.00,4486.00
4665,9379,2,12,15,2,2957.00,5914.00
4665,9380,2,15,17,2,2476.00,4952.00
4666,9381,2,14,16,2,3331.00,6662.00
4666,9382,6,25,36,1,5605.00,5605.00
4667,9383,4,21,33,1,3598.00,3598.00
4667,9384,3,19,20,1,6731.00,6731.00
4667,9385,4,20,35,1,3731.00,3731.00
4668,9386,1,2,3,1,5744.00,5744.00
4669,9387,4,21,32,1,923.00,923.00
4669,9388,1,2,1,1,2481.00,2481.00
4670,9389,6,24,36,1,1932.00,1932.00
4671,9390,6,25,36,1,3537.00,3537.00
4671,9391,1,5,11,1,2363.00,2363.00
4671,9392,1,3,9,1,4205.00,4205.00
4672,9393,2,17,16,2,3275.00,6550.00
4673,9394,4,21,33,1,5804.00,5804.00
4673,9395,4,20,31,1,6083.00,6083.00
4674,9396,6,25,36,1,5474.00,5474.00
4674,9397,2,13,17,2,985.00,1970.00
4674,9398,1,4,3,1,1535.00,1535.00
4675,9399,6,25,36,1,3144.00,3144.00
4675,9400,4,20,30,1,5802.00,5802.00
4676,9401,4,20,33,1,3496.00,3496.00
4676,9402,6,24,36,1,1558.00,1558.00
4677,9403,2,17,18,2,2419.00,4838.00
4677,9404,4,22,33,1,6738.00,6738.00
4677,9405,6,25,36,1,3296.00,3296.00
4678,9406,6,25,36,1,1719.00,1719.00
4679,9407,4,20,32,1,5208.00,5208.00
4679,9408,1,8,10,1,5290.00,5290.00
4679,9409,4,21,30,1,4370.00,4370.00
4680,9410,3,19,22,1,4135.00,4135.00
4680,9411,1,10,8,1,3144.00,3144.00
4680,9412,4,21,33,1,3782.00,3782.00
4681,9413,3,19,29,1,4534.00,4534.00
4682,9414,2,17,16,2,3383.00,6766.00
4682,9415,3,18,20,1,6811.00,6811.00
4683,9416,6,24,36,1,5543.00,5543.00
4683,9417,2,15,16,2,5191.00,10382.00
4684,9418,3,18,27,1,2175.00,2175.00
4684,9419,3,18,23,1,6761.00,6761.00
4684,9420,6,24,36,1,1287.00,1287.00
4685,9421,6,24,36,1,3418.00,3418.00
4685,9422,1,9,8,1,4014.00,4014.00
4685,9423,2,17,16,2,732.00,1464.00
4686,9424,3,19,22,1,1845.00,1845.00
4686,9425,6,24,36,1,6072.00,6072.00
4686,9426,6,24,36,1,4296.00,4296.00
4687,9427,3,19,26,1,1397.00,1397.00
4687,9428,6,25,36,1,6363.00,6363.00
4688,9429,2,15,13,2,2993.00,5986.00
4688,9430,1,1,2,1,1808.00,1808.00
4688,9431,1,9,7,1,5290.00,5290.00
4689,9432,4,21,31,1,2018.00,2018.00
4689,9433,3,18,20,1,5925.00,5925.00
4690,9434,4,22,32,1,6291.00,6291.00
4690,9435,2,15,13,2,849.00,1698.00
4690,9436,4,21,31,1,1719.00,1719.00
4691,9437,1,1,10,1,3273.00,3273.00
4691,9438,6,25,36,1,982.00,982.00
4692,9439,4,20,34,1,2125.00,2125.00
4693,9440,1,4,1,1,2391.00,2391.00
4694,9441,3,19,25,1,664.00,664.00
4695,9442,6,24,36,1,5908.00,5908.00
4696,9443,1,10,6,1,5017.00,5017.00
4696,9444,6,25,36,1,3575.00,3575.00
4697,9445,1,7,9,1,6951.00,6951.00
4697,9446,2,15,12,2,3287.00,6574.00
4697,9447,4,22,30,1,6936.00,6936.00
4698,9448,4,20,32,1,2744.00,2744.00
4698,9449,2,11,15,2,6071.00,12142.00
4699,9450,3,18,28,1,1278.00,1278.00
4699,9451,6,24,36,1,4813.00,4813.00
4700,9452,1,8,4,1,6088.00,6088.00
4700,9453,6,25,36,1,1973.00,1973.00
4701,9454,4,21,30,1,545.00,545.00
4701,9455,1,3,10,1,3192.00,3192.00
4702,9456,4,22,30,1,6730.00,6730.00
4702,9457,1,7,9,1,6679.00,6679.00
4703,9458,3,18,25,1,4126.00,4126.00
4703,9459,6,25,36,1,4693.00,4693.00
4704,9460,3,18,25,1,4688.00,4688.00
4704,9461,1,10,3,1,3903.00,3903.00
4705,9462,4,22,35,1,5310.00,5310.00
4706,9463,6,25,36,1,6196.00,6196.00
4706,9464,3,18,20,1,1095.00,1095.00
4707,9465,1,8,2,1,6081.00,6081.00
4707,9466,3,19,27,1,6626.00,6626.00
4708,9467,1,1,7,1,1171.00,1171.00
4708,9468,1,9,3,1,5776.00,5776.00
4709,9469,3,18,27,1,2024.00,2024.00
4709,9470,6,24,36,1,3467.00,3467.00
4709,9471,1,9,3,1,820.00,820.00
4710,9472,4,22,35,1,4076.00,4076.00
4710,9473,4,22,30,1,6721.00,6721.00
4710,9474,6,24,36,1,4494.00,4494.00
4711,9475,6,25,36,1,1671.00,1671.00
4712,9476,1,4,3,1,6162.00,6162.00
4712,9477,3,19,23,1,6815.00,6815.00
4712,9478,3,19,26,1,1206.00,1206.00
4713,9479,1,2,5,1,847.00,847.00
4713,9480,4,20,32,1,4665.00,4665.00
4714,9481,4,22,32,1,5872.00,5872.00
4714,9482,3,18,28,1,4272.00,4272.00
4714,9483,3,19,29,1,2064.00,2064.00
4715,9484,3,18,20,1,3878.00,3878.00
4716,9485,4,20,30,1,5811.00,5811.00
4716,9486,6,24,36,1,6906.00,6906.00
4716,9487,4,21,32,1,5762.00,5762.00
4717,9488,2,14,18,2,6521.00,13042.00
4718,9489,4,22,30,1,4378.00,4378.00
4719,9490,2,17,15,2,5224.00,10448.00
4719,9491,4,21,30,1,3984.00,3984.00
4719,9492,1,9,2,1,2083.00,2083.00
4720,9493,1,7,1,1,2251.00,2251.00
4721,9494,1,2,11,1,4666.00,4666.00
4721,9495,2,17,15,2,3057.00,6114.00
4722,9496,2,14,13,2,3855.00,7710.00
4723,9497,3,19,24,1,3291.00,3291.00
4724,9498,1,9,9,1,2119.00,2119.00
4724,9499,3,19,23,1,4036.00,4036.00
4725,9500,1,9,1,1,1110.00,1110.00
4725,9501,4,21,32,1,907.00,907.00
4725,9502,3,19,20,1,6753.00,6753.00
4726,9503,1,6,6,1,3528.00,3528.00
4727,9504,6,24,36,1,2153.00,2153.00
4727,9505,6,24,36,1,6553.00,6553.00
4727,9506,6,25,36,1,1352.00,1352.00
4728,9507,2,14,15,2,726.00,1452.00
4729,9508,1,10,11,1,3846.00,3846.00
4729,9509,6,24,36,1,3633.00,3633.00
4730,9510,4,20,30,1,1026.00,1026.00
4731,9511,6,25,36,1,1517.00,1517.00
4731,9512,6,25,36,1,5134.00,5134.00
4732,9513,2,11,18,2,1427.00,2854.00
4732,9514,4,21,35,1,3219.00,3219.00
4733,9515,6,25,36,1,6486.00,6486.00
4734,9516,2,16,16,2,4777.00,9554.00
4735,9517,1,10,5,1,2370.00,2370.00
4735,9518,4,21,32,1,4574.00,4574.00
4735,9519,2,17,14,2,3114.00,6228.00
4736,9520,3,18,29,1,6972.00,6972.00
4736,9521,1,7,5,1,500.00,500.00
4737,9522,2,15,13,2,1571.00,3142.00
4738,9523,1,9,2,1,579.00,579.00
4738,9524,6,24,36,1,2614.00,2614.00
4738,9525,6,24,36,1,6436.00,6436.00
4739,9526,1,9,1,1,6640.00,6640.00
4739,9527,3,19,27,1,2963.00,2963.00
4740,9528,3,19,21,1,1562.00,1562.00
4740,9529,1,7,3,1,1691.00,1691.00
4741,9530,1,5,7,1,649.00,649.00
4742,9531,3,18,22,1,4578.00,4578.00
4743,9532,1,2,1,1,1715.00,1715.00
4744,9533,4,20,31,1,625.00,625.00
4745,9534,1,2,1,1,1010.00,1010.00
4746,9535,3,18,25,1,2308.00,2308.00
4747,9536,2,15,18,2,4630.00,9260.00
4747,9537,6,24,36,1,1767.00,1767.00
4747,9538,2,17,17,2,3029.00,6058.00
4748,9539,6,25,36,1,3247.00,3247.00
4749,9540,4,22,34,1,5400.00,5400.00
4749,9541,2,14,14,2,2387.00,4774.00
4749,9542,4,22,35,1,6174.00,6174.00
4750,9543,2,12,14,2,3933.00,7866.00
4750,9544,1,1,9,1,3490.00,3490.00
4750,9545,1,1,4,1,5876.00,5876.00
4751,9546,2,16,13,2,3797.00,7594.00
4752,9547,4,20,31,1,6919.00,6919.00
4752,9548,6,24,36,1,5024.00,5024.00
4752,9549,6,24,36,1,5270.00,5270.00
4753,9550,4,20,34,1,1671.00,1671.00
4753,9551,6,25,36,1,6217.00,6217.00
4753,9552,2,13,17,2,1842.00,3684.00
4754,9553,4,22,33,1,2631.00,2631.00
4754,9554,3,19,19,1,5040.00,5040.00
4755,9555,1,6,4,1,4651.00,4651.00
4756,9556,3,18,24,1,2660.00,2660.00
4756,9557,4,21,30,1,5981.00,5981.00
4756,9558,2,13,18,2,4800.00,9600.00
4757,9559,3,19,22,1,4316.00,4316.00
4757,9560,4,21,31,1,3065.00,3065.00
4757,9561,4,20,33,1,6548.00,6548.00
4758,9562,6,24,36,1,6055.00,6055.00
4758,9563,3,18,29,1,1486.00,1486.00
4759,9564,6,25,36,1,4850.00,4850.00
4759,9565,4,21,31,1,4284.00,4284.00
4759,9566,1,3,11,1,1499.00,1499.00
4760,9567,6,25,36,1,5871.00,5871.00
4760,9568,3,18,23,1,6549.00,6549.00
4760,9569,3,19,21,1,2694.00,2694.00
4761,9570,2,16,13,2,545.00,1090.00
4761,9571,1,8,6,1,6140.00,6140.00
4761,9572,3,18,26,1,2168.00,2168.00
4762,9573,6,24,36,1,6510.00,6510.00
4763,9574,4,20,33,1,6118.00,6118.00
4763,9575,4,22,31,1,1552.00,1552.00
4764,9576,1,9,6,1,2610.00,2610.00
4765,9577,4,22,35,1,1005.00,1005.00
4765,9578,4,22,35,1,3830.00,3830.00
4766,9579,2,11,14,2,3208.00,6416.00
4766,9580,3,18,25,1,3002.00,3002.00
4767,9581,6,25,36,1,5700.00,5700.00
4768,9582,2,16,17,2,5812.00,11624.00
4768,9583,6,25,36,1,3577.00,3577.00
4769,9584,2,15,15,2,866.00,1732.00
4769,9585,2,17,16,2,3013.00,6026.00
4769,9586,2,16,12,2,684.00,1368.00
4770,9587,3,19,28,1,5933.00,5933.00
4770,9588,6,24,36,1,1409.00,1409.00
4770,9589,3,18,19,1,2392.00,2392.00
4771,9590,1,7,7,1,6928.00,6928.00
4771,9591,4,20,34,1,1577.00,1577.00
4772,9592,3,19,24,1,4940.00,4940.00
4772,9593,4,20,34,1,4716.00,4716.00
4772,9594,4,20,34,1,5711.00,5711.00
4773,9595,1,9,9,1,6432.00,6432.00
4774,9596,4,21,34,1,939.00,939.00
4774,9597,3,19,19,1,4571.00,4571.00
4774,9598,2,14,13,2,5432.00,10864.00
4775,9599,2,11,15,2,755.00,1510.00
4776,9600,1,6,4,1,977.00,977.00
4777,9601,3,18,25,1,5875.00,5875.00
4777,9602,4,21,30,1,3778.00,3778.00
4778,9603,1,2,4,1,4900.00,4900.00
4778,9604,1,9,4,1,6643.00,6643.00
4778,9605,4,22,30,1,6042.00,6042.00
4779,9606,4,22,35,1,2854.00,2854.00
4780,9607,3,18,26,1,2952.00,2952.00
4781,9608,6,25,36,1,909.00,909.00
4782,9609,2,12,17,2,5795.00,11590.00
4783,9610,4,22,31,1,5491.00,5491.00
4784,9611,2,14,13,2,3790.00,7580.00
4784,9612,3,19,29,1,6475.00,6475.00
4784,9613,3,19,26,1,922.00,922.00
4785,9614,1,9,1,1,2978.00,2978.00
4786,9615,1,6,7,1,6060.00,6060.00
4787,9616,1,6,5,1,3700.00,3700.00
4787,9617,3,18,19,1,1225.00,1225.00
4787,9618,2,15,12,2,1297.00,2594.00
4788,9619,3,19,25,1,4933.00,4933.00
4788,9620,4,20,30,1,607.00,607.00
4789,9621,3,18,19,1,4233.00,4233.00
4790,9622,4,22,31,1,5762.00,5762.00
4790,9623,2,14,17,2,3333.00,6666.00
4790,9624,6,24,36,1,3755.00,3755.00
4791,9625,2,16,13,2,5307.00,10614.00
4792,9626,2,13,14,2,5661.00,11322.00
4792,9627,2,13,16,2,1986.00,3972.00
4792,9628,3,18,20,1,5430.00,5430.00
4793,9629,6,24,36,1,875.00,875.00
4793,9630,2,14,14,2,1149.00,2298.00
4793,9631,3,18,26,1,4423.00,4423.00
4794,9632,3,18,21,1,4348.00,4348.00
4795,9633,3,19,26,1,752.00,752.00
4795,9634,6,25,36,1,5982.00,5982.00
4796,9635,1,10,10,1,5522.00,5522.00
4796,9636,6,25,36,1,1038.00,1038.00
4797,9637,3,18,24,1,4637.00,4637.00
4797,9638,1,9,3,1,6991.00,6991.00
4797,9639,3,19,20,1,1236.00,1236.00
4798,9640,2,11,16,2,5183.00,10366.00
4798,9641,2,17,12,2,4525.00,9050.00
4798,9642,1,4,1,1,911.00,911.00
4799,9643,4,20,31,1,5814.00,5814.00
4799,9644,2,13,15,2,2812.00,5624.00
4800,9645,1,10,10,1,4833.00,4833.00
4801,9646,6,24,36,1,3715.00,3715.00
4802,9647,2,12,15,2,6363.00,12726.00
4802,9648,3,19,23,1,4679.00,4679.00
4803,9649,3,18,29,1,5379.00,5379.00
4804,9650,1,10,11,1,3365.00,3365.00
4804,9651,3,18,26,1,4536.00,4536.00
4804,9652,2,15,13,2,2407.00,4814.00
4805,9653,4,22,30,1,1147.00,1147.00
4805,9654,6,25,36,1,3986.00,3986.00
4806,9655,4,22,34,1,5547.00,5547.00
4806,9656,2,11,13,2,3863.00,7726.00
4806,9657,1,9,7,1,4106.00,4106.00
4807,9658,1,8,5,1,2534.00,2534.00
4807,9659,6,24,36,1,2737.00,2737.00
4808,9660,4,22,31,1,4003.00,4003.00
4809,9661,1,1,8,1,5413.00,5413.00
4810,9662,4,20,31,1,3549.00,3549.00
4811,9663,4,21,31,1,884.00,884.00
4811,9664,1,10,8,1,751.00,751.00
4811,9665,4,21,31,1,6757.00,6757.00
4812,9666,2,15,16,2,4409.00,8818.00
4812,9667,6,24,36,1,5415.00,5415.00
4812,9668,2,14,12,2,4627.00,9254.00
4813,9669,4,21,30,1,3817.00,3817.00
4813,9670,4,21,32,1,1679.00,1679.00
4813,9671,3,19,21,1,4688.00,4688.00
4814,9672,2,12,16,2,4616.00,9232.00
4814,9673,6,25,36,1,6389.00,6389.00
4815,9674,4,21,31,1,2967.00,2967.00
4816,9675,4,20,33,1,3820.00,3820.00
4816,9676,2,17,15,2,4514.00,9028.00
4816,9677,1,6,5,1,6472.00,6472.00
4817,9678,4,21,32,1,1323.00,1323.00
4818,9679,1,6,8,1,6980.00,6980.00
4818,9680,2,13,15,2,1165.00,2330.00
4819,9681,3,19,26,1,1220.00,1220.00
4819,9682,3,19,22,1,4044.00,4044.00
4819,9683,1,5,11,1,5515.00,5515.00
4820,9684,3,18,27,1,3130.00,3130.00
4820,9685,6,25,36,1,1401.00,1401.00
4820,9686,2,11,14,2,3091.00,6182.00
4821,9687,4,20,34,1,4974.00,4974.00
4822,9688,1,6,6,1,715.00,715.00
4822,9689,3,19,24,1,1087.00,1087.00
4823,9690,1,3,5,1,957.00,957.00
4823,9691,1,10,7,1,3463.00,3463.00
4823,9692,1,10,8,1,1375.00,1375.00
4824,9693,2,14,12,2,6126.00,12252.00
4824,9694,6,25,36,1,5079.00,5079.00
4824,9695,1,5,6,1,2935.00,2935.00
4825,9696,3,18,22,1,4858.00,4858.00
4825,9697,2,16,14,2,1881.00,3762.00
4826,9698,2,14,17,2,938.00,1876.00
4827,9699,6,25,36,1,1382.00,1382.00
4827,9700,6,24,36,1,6315.00,6315.00
4827,9701,2,15,14,2,707.00,1414.00
4828,9702,1,1,4,1,3107.00,3107.00
4829,9703,2,14,15,2,6779.00,13558.00
4830,9704,4,22,30,1,2860.00,2860.00
4831,9705,2,12,14,2,4587.00,9174.00
4832,9706,2,13,14,2,3054.00,6108.00
4833,9707,1,10,4,1,6281.00,6281.00
4834,9708,4,21,30,1,6849.00,6849.00
4835,9709,3,19,20,1,3991.00,3991.00
4835,9710,4,22,33,1,5276.00,5276.00
4835,9711,3,18,29,1,2102.00,2102.00
4836,9712,6,25,36,1,2735.00,2735.00
4836,9713,2,13,17,2,6493.00,12986.00
4837,9714,4,20,32,1,795.00,795.00
4838,9715,1,8,1,1,3287.00,3287.00
4839,9716,2,15,15,2,5170.00,10340.00
4840,9717,3,19,21,1,6218.00,6218.00
4840,9718,2,15,15,2,2811.00,5622.00
4840,9719,1,1,9,1,905.00,905.00
4841,9720,2,11,18,2,6912.00,13824.00
4841,9721,4,20,31,1,712.00,712.00
4841,9722,3,18,29,1,1524.00,1524.00
4842,9723,4,22,31,1,5222.00,5222.00
4842,9724,3,18,21,1,5289.00,5289.00
4843,9725,3,18,25,1,940.00,940.00
4844,9726,3,19,21,1,4817.00,4817.00
4845,9727,4,21,32,1,4911.00,4911.00
4845,9728,1,6,5,1,3672.00,3672.00
4846,9729,1,1,4,1,5194.00,5194.00
4847,9730,3,18,27,1,932.00,932.00
4847,9731,1,10,10,1,2725.00,2725.00
4848,9732,3,18,26,1,5041.00,5041.00
4848,9733,4,21,34,1,6254.00,6254.00
4848,9734,2,11,16,2,6429.00,12858.00
4849,9735,3,18,24,1,4410.00,4410.00
4850,9736,6,24,36,1,6912.00,6912.00
4850,9737,3,19,24,1,5043.00,5043.00
4851,9738,2,12,15,2,5554.00,11108.00
4852,9739,6,24,36,1,1241.00,1241.00
4852,9740,3,19,27,1,3158.00,3158.00
4852,9741,2,11,15,2,3642.00,7284.00
4853,9742,6,24,36,1,6998.00,6998.00
4854,9743,3,19,20,1,4544.00,4544.00
4855,9744,4,21,32,1,5762.00,5762.00
4856,9745,1,1,1,1,2286.00,2286.00
4856,9746,1,3,3,1,671.00,671.00
4856,9747,6,25,36,1,5022.00,5022.00
4857,9748,2,14,13,2,1494.00,2988.00
4857,9749,4,22,31,1,2183.00,2183.00
4858,9750,6,25,36,1,3246.00,3246.00
4858,9751,6,25,36,1,2215.00,2215.00
4859,9752,6,24,36,1,1242.00,1242.00
4859,9753,4,20,30,1,4185.00,4185.00
4859,9754,4,21,34,1,4657.00,4657.00
4860,9755,4,22,32,1,702.00,702.00
4861,9756,2,16,15,2,3905.00,7810.00
4862,9757,6,25,36,1,2147.00,2147.00
4862,9758,6,25,36,1,1251.00,1251.00
4862,9759,1,1,6,1,1555.00,1555.00
4863,9760,4,20,34,1,5917.00,5917.00
4863,9761,1,10,5,1,6239.00,6239.00
4864,9762,3,19,26,1,5564.00,5564.00
4865,9763,1,4,10,1,6685.00,6685.00
4865,9764,1,5,11,1,6610.00,6610.00
4866,9765,1,4,3,1,2435.00,2435.00
4867,9766,6,24,36,1,1825.00,1825.00
4868,9767,6,24,36,1,2896.00,2896.00
4869,9768,3,18,24,1,3285.00,3285.00
4869,9769,2,17,18,2,3037.00,6074.00
4869,9770,1,8,8,1,3933.00,3933.00
4870,9771,6,25,36,1,5695.00,5695.00
4871,9772,3,19,20,1,3776.00,3776.00
4872,9773,2,17,15,2,2004.00,4008.00
4872,9774,6,24,36,1,511.00,511.00
4873,9775,3,18,28,1,2832.00,2832.00
4873,9776,3,18,21,1,5653.00,5653.00
4874,9777,4,21,35,1,4644.00,4644.00
4874,9778,1,3,3,1,3170.00,3170.00
4874,9779,6,25,36,1,2105.00,2105.00
4875,9780,3,18,20,1,3408.00,3408.00
4875,9781,3,18,20,1,4781.00,4781.00
4875,9782,4,20,33,1,2938.00,2938.00
4876,9783,6,24,36,1,3963.00,3963.00
4877,9784,2,15,16,2,5115.00,10230.00
4877,9785,2,11,12,2,2803.00,5606.00
4878,9786,4,20,35,1,601.00,601.00
4879,9787,6,25,36,1,4980.00,4980.00
4880,9788,4,22,32,1,3989.00,3989.00
4880,9789,4,22,32,1,3222.00,3222.00
4881,9790,6,25,36,1,6194.00,6194.00
4881,9791,1,2,6,1,909.00,909.00
4882,9792,2,15,18,2,4677.00,9354.00
4882,9793,1,1,10,1,1930.00,1930.00
4882,9794,2,12,17,2,2641.00,5282.00
4883,9795,4,22,32,1,1139.00,1139.00
4884,9796,2,12,15,2,6642.00,13284.00
4884,9797,1,4,9,1,4038.00,4038.00
4885,9798,6,24,36,1,3623.00,3623.00
4886,9799,1,10,1,1,5444.00,5444.00
4886,9800,3,19,24,1,3228.00,3228.00
4886,9801,2,16,17,2,898.00,1796.00
4887,9802,1,4,2,1,4040.00,4040.00
4888,9803,1,5,11,1,834.00,834.00
4889,9804,1,2,6,1,5565.00,5565.00
4890,9805,2,13,12,2,6409.00,12818.00
4891,9806,1,2,8,1,5201.00,5201.00
4891,9807,6,24,36,1,5069.00,5069.00
4892,9808,1,5,7,1,4102.00,4102.00
4892,9809,2,16,17,2,5805.00,11610.00
4893,9810,6,25,36,1,5563.00,5563.00
4894,9811,3,19,29,1,727.00,727.00
4895,9812,4,21,34,1,6551.00,6551.00
4895,9813,1,2,5,1,2308.00,2308.00
4896,9814,3,18,26,1,575.00,575.00
4896,9815,4,22,33,1,6686.00,6686.00
4896,9816,1,2,5,1,603.00,603.00
4897,9817,6,24,36,1,903.00,903.00
4897,9818,1,8,9,1,5548.00,5548.00
4897,9819,2,11,16,2,1553.00,3106.00
4898,9820,6,24,36,1,2266.00,2266.00
4898,9821,3,18,26,1,5717.00,5717.00
4899,9822,4,20,34,1,6714.00,6714.00
4899,9823,2,12,12,2,6794.00,13588.00
4900,9824,1,6,3,1,5013.00,5013.00
4900,9825,6,24,36,1,5610.00,5610.00
4901,9826,3,18,24,1,6460.00,6460.00
4901,9827,1,5,4,1,2013.00,2013.00
4901,9828,1,9,8,1,882.00,882.00
4902,9829,3,19,26,1,5825.00,5825.00
4903,9830,3,19,29,1,673.00,673.00
4903,9831,1,5,1,1,6155.00,6155.00
4904,9832,3,18,21,1,5164.00,5164.00
4904,9833,2,15,14,2,3067.00,6134.00
4904,9834,3,18,21,1,6290.00,6290.00
4905,9835,2,12,13,2,1858.00,3716.00
4906,9836,2,11,15,2,5820.00,11640.00
4906,9837,4,20,33,1,5635.00,5635.00
4906,9838,2,14,18,2,1552.00,3104.00
4907,9839,1,5,10,1,776.00,776.00
4907,9840,3,19,22,1,5245.00,5245.00
4907,9841,4,22,35,1,4438.00,4438.00
4908,9842,1,7,11,1,3805.00,3805.00
4908,9843,3,18,25,1,3364.00,3364.00
4909,9844,1,4,7,1,1779.00,1779.00
4909,9845,6,25,36,1,2518.00,2518.00
4910,9846,2,11,17,2,638.00,1276.00
4910,9847,4,21,32,1,6290.00,6290.00
4911,9848,6,24,36,1,2050.00,2050.00
4912,9849,3,19,25,1,5138.00,5138.00
4912,9850,2,14,14,2,3633.00,7266.00
4912,9851,2,11,18,2,5251.00,10502.00
4913,9852,3,19,27,1,4077.00,4077.00
4913,9853,4,21,35,1,2779.00,2779.00
4914,9854,1,4,6,1,5363.00,5363.00
4914,9855,2,14,18,2,2544.00,5088.00
4914,9856,6,24,36,1,3950.00,3950.00
4915,9857,1,2,9,1,3245.00,3245.00
4915,9858,1,10,8,1,3547.00,3547.00
4916,9859,2,17,15,2,1726.00,3452.00
4916,9860,4,20,35,1,2949.00,2949.00
4917,9861,6,24,36,1,4553.00,4553.00
4917,9862,2,16,18,2,4280.00,8560.00
4917,9863,4,21,34,1,6958.00,6958.00
4918,9864,3,18,20,1,6605.00,6605.00
4918,9865,1,4,3,1,2262.00,2262.00
4919,9866,1,7,10,1,6581.00,6581.00
4919,9867,2,14,12,2,759.00,1518.00
4920,9868,4,21,33,1,2131.00,2131.00
4921,9869,2,14,14,2,6406.00,12812.00
4921,9870,1,5,6,1,4489.00,4489.00
4922,9871,3,18,25,1,4715.00,4715.00
4922,9872,3,18,19,1,1372.00,1372.00
4922,9873,3,18,23,1,2127.00,2127.00
4923,9874,6,25,36,1,5975.00,5975.00
4923,9875,1,7,4,1,6646.00,6646.00
4923,9876,4,20,31,1,5473.00,5473.00
4924,9877,2,14,17,2,1494.00,2988.00
4925,9878,3,19,28,1,5425.00,5425.00
4925,9879,1,2,3,1,3446.00,3446.00
4926,9880,6,24,36,1,6167.00,6167.00
4927,9881,1,5,5,1,4027.00,4027.00
4927,9882,4,22,30,1,3198.00,3198.00
4928,9883,2,12,16,2,3962.00,7924.00
4929,9884,4,20,32,1,6391.00,6391.00
4929,9885,2,17,16,2,652.00,1304.00
4929,9886,1,1,8,1,2669.00,2669.00
4930,9887,4,21,30,1,4651.00,4651.00
4930,9888,2,14,12,2,805.00,1610.00
4931,9889,3,18,19,1,1752.00,1752.00
4932,9890,6,25,36,1,6537.00,6537.00
4932,9891,4,22,35,1,5648.00,5648.00
4932,9892,4,20,35,1,1820.00,1820.00
4933,9893,1,8,8,1,6141.00,6141.00
4934,9894,6,24,36,1,2070.00,2070.00
4934,9895,4,22,34,1,5553.00,5553.00
4934,9896,3,18,23,1,2965.00,2965.00
4935,9897,4,22,30,1,2106.00,2106.00
4936,9898,3,19,19,1,3998.00,3998.00
4936,9899,2,11,13,2,4013.00,8026.00
4937,9900,1,2,1,1,4840.00,4840.00
4938,9901,4,22,30,1,5905.00,5905.00
4939,9902,4,20,31,1,6696.00,6696.00
4939,9903,6,24,36,1,6203.00,6203.00
4939,9904,3,18,22,1,2343.00,2343.00
4940,9905,4,22,34,1,2758.00,2758.00
4940,9906,6,25,36,1,1130.00,1130.00
4941,9907,1,4,4,1,5760.00,5760.00
4941,9908,3,19,24,1,6697.00,6697.00
4941,9909,4,21,35,1,1921.00,1921.00
4942,9910,2,16,16,2,4449.00,8898.00
4942,9911,2,16,18,2,6981.00,13962.00
4942,9912,4,20,35,1,3891.00,3891.00
4943,9913,6,24,36,1,3474.00,3474.00
4944,9914,1,1,10,1,3811.00,3811.00
4944,9915,1,6,1,1,2055.00,2055.00
4944,9916,1,6,2,1,2709.00,2709.00
4945,9917,4,21,35,1,620.00,620.00
4945,9918,1,6,4,1,2195.00,2195.00
4946,9919,3,18,25,1,4570.00,4570.00
4946,9920,3,18,24,1,4415.00,4415.00
4947,9921,3,18,24,1,3826.00,3826.00
4947,9922,2,13,18,2,1919.00,3838.00
4948,9923,3,18,21,1,6191.00,6191.00
4948,9924,4,20,35,1,6930.00,6930.00
4948,9925,1,1,2,1,4672.00,4672.00
4949,9926,1,5,11,1,851.00,851.00
4949,9927,2,17,15,2,5942.00,11884.00
4949,9928,6,25,36,1,1905.00,1905.00
4950,9929,2,16,16,2,6338.00,12676.00
4950,9930,2,17,15,2,3473.00,6946.00
4951,9931,1,1,7,1,5027.00,5027.00
4951,9932,6,24,36,1,6335.00,6335.00
4951,9933,3,19,26,1,6195.00,6195.00
4952,9934,6,24,36,1,6911.00,6911.00
4953,9935,6,24,36,1,5661.00,5661.00
4953,9936,1,9,2,1,1127.00,1127.00
4953,9937,4,22,34,1,5846.00,5846.00
4954,9938,4,22,33,1,5802.00,5802.00
4954,9939,6,25,36,1,4441.00,4441.00
4955,9940,2,16,14,2,5609.00,11218.00
4955,9941,4,20,34,1,6129.00,6129.00
4956,9942,3,19,22,1,810.00,810.00
4957,9943,2,13,17,2,1831.00,3662.00
4958,9944,4,20,33,1,1567.00,1567.00
4958,9945,2,16,16,2,5276.00,10552.00
4959,9946,4,22,32,1,4276.00,4276.00
4959,9947,6,24,36,1,6014.00,6014.00
4959,9948,1,5,9,1,6421.00,6421.00
4960,9949,4,21,34,1,3875.00,3875.00
4961,9950,6,24,36,1,6777.00,6777.00
4961,9951,4,20,33,1,1473.00,1473.00
4962,9952,2,15,16,2,5677.00,11354.00
4962,9953,2,15,18,2,4866.00,9732.00
4962,9954,2,12,18,2,3106.00,6212.00
4963,9955,1,3,10,1,3430.00,3430.00
4964,9956,6,24,36,1,4681.00,4681.00
4965,9957,3,19,27,1,6176.00,6176.00
4966,9958,2,13,12,2,3156.00,6312.00
4967,9959,4,22,30,1,782.00,782.00
4967,9960,2,13,18,2,539.00,1078.00
4968,9961,6,24,36,1,3036.00,3036.00
4968,9962,2,16,18,2,4445.00,8890.00
4968,9963,1,4,3,1,1763.00,1763.00
4969,9964,3,19,22,1,4292.00,4292.00
4969,9965,3,19,25,1,4966.00,4966.00
4970,9966,6,24,36,1,3095.00,3095.00
4971,9967,1,6,11,1,6357.00,6357.00
4972,9968,1,7,7,1,4405.00,4405.00
4972,9969,1,6,9,1,923.00,923.00
4972,9970,1,5,6,1,5083.00,5083.00
4973,9971,3,18,22,1,1217.00,1217.00
4973,9972,3,18,27,1,2910.00,2910.00
4974,9973,6,24,36,1,5874.00,5874.00
4975,9974,3,18,25,1,943.00,943.00
4975,9975,6,24,36,1,1682.00,1682.00
4976,9976,4,22,35,1,1873.00,1873.00
4977,9977,2,13,13,2,1784.00,3568.00
4977,9978,3,18,21,1,4733.00,4733.00
4978,9979,2,12,15,2,1008.00,2016.00
4978,9980,6,24,36,1,6030.00,6030.00
4978,9981,6,24,36,1,6379.00,6379.00
4979,9982,4,21,33,1,1728.00,1728.00
4979,9983,2,14,13,2,6714.00,13428.00
4979,9984,2,13,14,2,5885.00,11770.00
4980,9985,1,10,6,1,5386.00,5386.00
4981,9986,6,25,36,1,1009.00,1009.00
4981,9987,3,18,22,1,5894.00,5894.00
4982,9988,4,21,34,1,3429.00,3429.00
4982,9989,3,18,19,1,4839.00,4839.00
4982,9990,3,18,22,1,3567.00,3567.00
4983,9991,2,15,12,2,1797.00,3594.00
4984,9992,2,15,12,2,3287.00,6574.00
4984,9993,3,18,19,1,4862.00,4862.00
4985,9994,3,18,23,1,6403.00,6403.00
4985,9995,6,24,36,1,6437.00,6437.00
4986,9996,3,18,21,1,5389.00,5389.00
4986,9997,6,25,36,1,2089.00,2089.00
4986,9998,6,25,36,1,6187.00,6187.00
4987,9999,1,2,10,1,6232.00,6232.00
4987,10000,2,17,13,2,4751.00,9502.00
4988,10001,2,16,14,2,3821.00,7642.00
4988,10002,6,25,36,1,6153.00,6153.00
4988,10003,6,24,36,1,4045.00,4045.00
4989,10004,6,24,36,1,5592.00,5592.00
4990,10005,6,25,36,1,2903.00,2903.00
4991,10006,3,19,23,1,2352.00,2352.00
4992,10007,6,25,36,1,6909.00,6909.00
4993,10008,6,25,36,1,5100.00,5100.00
4994,10009,6,24,36,1,1320.00,1320.00
4994,10010,6,24,36,1,4529.00,4529.00
4995,10011,3,18,27,1,6711.00,6711.00
4996,10012,6,24,36,1,4630.00,4630.00
4996,10013,6,24,36,1,5672.00,5672.00
4996,10014,6,24,36,1,3427.00,3427.00
4997,10015,4,21,33,1,5071.00,5071.00
4998,10016,2,15,17,2,4669.00,9338.00
4998,10017,6,24,36,1,3564.00,3564.00
4999,10018,4,21,32,1,3344.00,3344.00
4999,10019,2,12,18,2,3369.00,6738.00
5000,10020,4,22,33,1,3403.00,3403.00
